Product Title,Product Link,Product Price,Rating,Number of Reviews,Frequently Bought Together
"HP 17.3"" FHD IPS Anti-Glare Laptop, Intel Core i3-1215U, 16GB RAM, 1TB PCIe SSD, Intel UHD Graphics, HD Webcam, Numpad, HP Fast Charge, Silver, Win 11 Pro, 32GB Hotface USB Card",https://www.amazon.ca/HP-17-3-Anti-Glare-i3-1215U-Graphics/dp/B0D12GK8P3/ref=sr_1_93?crid=1E63C3THFEGDP&dib=eyJ2IjoiMSJ9.akMDTOG5KBho4VWXJdqFI8EQq3zg3Tep4GghGuvoFQ_7cp8iETpMHFO4NgIhB7cnSrYyeL6kWqeyqJujKxZbY4WJ6OVWgaXZyQU9NMzTm12fRp0_aHi6oQPZpwiQK25c5hDtghNfY2TOPS5BUsVKzr-ao1Z4P9ayOzwNqtcGuCF1_Wr-4MGbjQfoKsthDqzJuhRB17snfwjjLfhNPI5qM4vhqmpTkz-oqSjWSUeKrSkfgOTYFC8cZ_1Vg-GClmy7ct76t8Or8SSxPTK0h_Lrzjb0-EHZnyWqZAIzlDe1_qs.iJtLNvn-8ETDI23NzMYzW-Nv16wHnFuQyS1MCrblk9k&dib_tag=se&keywords=laptop&qid=1729745479&sprefix=laptop%2Caps%2C128&sr=8-93,769.00,4.2,424,Not available
"MSI Thin A15 B7UC-057CA 15.6"" 144Hz Gaming Laptop AMD Ryzen R7 7735HS RTX 3050 16GB 1TB NVMe SSD Win11",https://www.amazon.ca/MSI-Thin-A15-B7UC-057CA-Gaming/dp/B0CRKQS256/ref=sr_1_92?crid=1E63C3THFEGDP&dib=eyJ2IjoiMSJ9.akMDTOG5KBho4VWXJdqFI8EQq3zg3Tep4GghGuvoFQ_7cp8iETpMHFO4NgIhB7cnSrYyeL6kWqeyqJujKxZbY4WJ6OVWgaXZyQU9NMzTm12fRp0_aHi6oQPZpwiQK25c5hDtghNfY2TOPS5BUsVKzr-ao1Z4P9ayOzwNqtcGuCF1_Wr-4MGbjQfoKsthDqzJuhRB17snfwjjLfhNPI5qM4vhqmpTkz-oqSjWSUeKrSkfgOTYFC8cZ_1Vg-GClmy7ct76t8Or8SSxPTK0h_Lrzjb0-EHZnyWqZAIzlDe1_qs.iJtLNvn-8ETDI23NzMYzW-Nv16wHnFuQyS1MCrblk9k&dib_tag=se&keywords=laptop&qid=1729745479&sprefix=laptop%2Caps%2C128&sr=8-92,"1,299.00",3.0,3,Not available
Dell Latitude E7250 Microsoft Renewed Laptop,https://www.amazon.ca/Dell-Latitude-i5-5300U-Certified-Refurbished/dp/B07FDHGH2R/ref=sr_1_90?crid=1E63C3THFEGDP&dib=eyJ2IjoiMSJ9.akMDTOG5KBho4VWXJdqFI8EQq3zg3Tep4GghGuvoFQ_7cp8iETpMHFO4NgIhB7cnSrYyeL6kWqeyqJujKxZbY4WJ6OVWgaXZyQU9NMzTm12fRp0_aHi6oQPZpwiQK25c5hDtghNfY2TOPS5BUsVKzr-ao1Z4P9ayOzwNqtcGuCF1_Wr-4MGbjQfoKsthDqzJuhRB17snfwjjLfhNPI5qM4vhqmpTkz-oqSjWSUeKrSkfgOTYFC8cZ_1Vg-GClmy7ct76t8Or8SSxPTK0h_Lrzjb0-EHZnyWqZAIzlDe1_qs.iJtLNvn-8ETDI23NzMYzW-Nv16wHnFuQyS1MCrblk9k&dib_tag=se&keywords=laptop&qid=1729745479&sprefix=laptop%2Caps%2C128&sr=8-90,188.66,4.1,404,Not available
"Lenovo IdeaPad Slim 5 Multimedia Laptop, 16"" WUXGA Touchscreen, AMD Ryzen 7 7730U 8 Cores, 16GB LPDDR4+ 512GB SSD, Win10 Home, HDMI 1.4, Wi-Fi 6, Fullsize Backlit Keyboard, Fingerprint Reader",https://www.amazon.ca/Lenovo-IdeaPad-Slim-Touchscreen-Fingerprint/dp/B0D4917VWZ/ref=sr_1_95?crid=1E63C3THFEGDP&dib=eyJ2IjoiMSJ9.akMDTOG5KBho4VWXJdqFI8EQq3zg3Tep4GghGuvoFQ_7cp8iETpMHFO4NgIhB7cnSrYyeL6kWqeyqJujKxZbY4WJ6OVWgaXZyQU9NMzTm12fRp0_aHi6oQPZpwiQK25c5hDtghNfY2TOPS5BUsVKzr-ao1Z4P9ayOzwNqtcGuCF1_Wr-4MGbjQfoKsthDqzJuhRB17snfwjjLfhNPI5qM4vhqmpTkz-oqSjWSUeKrSkfgOTYFC8cZ_1Vg-GClmy7ct76t8Or8SSxPTK0h_Lrzjb0-EHZnyWqZAIzlDe1_qs.iJtLNvn-8ETDI23NzMYzW-Nv16wHnFuQyS1MCrblk9k&dib_tag=se&keywords=laptop&qid=1729745479&sprefix=laptop%2Caps%2C128&sr=8-95,669.99,FREE delivery Oct 25 - 28 ,Only 1 left in stock.,Not available
No title available,https://www.amazon.ca/s?k=hp+laptop&ref=rsl_sug_0_0&pd_rd_w=h8iUZ&content-id=amzn1.sym.44e6e7c3-130a-4bef-a9b7-4368915a8293:amzn1.sym.44e6e7c3-130a-4bef-a9b7-4368915a8293&pf_rd_p=44e6e7c3-130a-4bef-a9b7-4368915a8293&pf_rd_r=3Q8EFX9D5NAM95VB0914&pd_rd_wg=qe7Bf&pd_rd_r=8cbb1743-1187-41c7-b950-7d61a6a6d190&qid=1729745479,Price not available,Rating not available,hp laptop,Not available
"Lenovo Ideapad i3 15.6"" FHD IPS Touchscreen Laptop, Intel i3-1115G4, 16GB RAM, 512GB PCIe SSD, Intel UHD Graphics, Numeric Keypad, HD Webcam, Wi-Fi 6, Windows 11, Gray, 32GB USB Card",https://www.amazon.ca/Ideapad-Touchscreen-i3-1115G4-Graphics-Numeric/dp/B0CN8B697S/ref=sr_1_91?crid=1E63C3THFEGDP&dib=eyJ2IjoiMSJ9.akMDTOG5KBho4VWXJdqFI8EQq3zg3Tep4GghGuvoFQ_7cp8iETpMHFO4NgIhB7cnSrYyeL6kWqeyqJujKxZbY4WJ6OVWgaXZyQU9NMzTm12fRp0_aHi6oQPZpwiQK25c5hDtghNfY2TOPS5BUsVKzr-ao1Z4P9ayOzwNqtcGuCF1_Wr-4MGbjQfoKsthDqzJuhRB17snfwjjLfhNPI5qM4vhqmpTkz-oqSjWSUeKrSkfgOTYFC8cZ_1Vg-GClmy7ct76t8Or8SSxPTK0h_Lrzjb0-EHZnyWqZAIzlDe1_qs.iJtLNvn-8ETDI23NzMYzW-Nv16wHnFuQyS1MCrblk9k&dib_tag=se&keywords=laptop&qid=1729745479&sprefix=laptop%2Caps%2C128&sr=8-91,639.00,4.3,"3,983",Not available
"ASUS Vivobook 15, Intel® Core™ i5-1235U Processor, ‎Intel UHD Graphics 620, 8GB DDR4, 512GB SSD, Wi-Fi 5, Windows 11, Quiet Blue, X1504ZA-BS55-CB",https://www.amazon.ca/Vivobook-i5-1235U-Processor-Graphics-X1504ZA-BS55-CB/dp/B0D5SXCKCD/ref=sr_1_89?crid=1E63C3THFEGDP&dib=eyJ2IjoiMSJ9.akMDTOG5KBho4VWXJdqFI8EQq3zg3Tep4GghGuvoFQ_7cp8iETpMHFO4NgIhB7cnSrYyeL6kWqeyqJujKxZbY4WJ6OVWgaXZyQU9NMzTm12fRp0_aHi6oQPZpwiQK25c5hDtghNfY2TOPS5BUsVKzr-ao1Z4P9ayOzwNqtcGuCF1_Wr-4MGbjQfoKsthDqzJuhRB17snfwjjLfhNPI5qM4vhqmpTkz-oqSjWSUeKrSkfgOTYFC8cZ_1Vg-GClmy7ct76t8Or8SSxPTK0h_Lrzjb0-EHZnyWqZAIzlDe1_qs.iJtLNvn-8ETDI23NzMYzW-Nv16wHnFuQyS1MCrblk9k&dib_tag=se&keywords=laptop&qid=1729745479&sprefix=laptop%2Caps%2C128&sr=8-89,549.00,3.8,6,Not available
Lenovo B210,https://www.amazon.ca/Lenovo-Backpack-15-6-Inch-Water-Repellent-GX40Q17226/dp/B075Y7H8V6/ref=sr_1_88?crid=1E63C3THFEGDP&dib=eyJ2IjoiMSJ9.akMDTOG5KBho4VWXJdqFI8EQq3zg3Tep4GghGuvoFQ_7cp8iETpMHFO4NgIhB7cnSrYyeL6kWqeyqJujKxZbY4WJ6OVWgaXZyQU9NMzTm12fRp0_aHi6oQPZpwiQK25c5hDtghNfY2TOPS5BUsVKzr-ao1Z4P9ayOzwNqtcGuCF1_Wr-4MGbjQfoKsthDqzJuhRB17snfwjjLfhNPI5qM4vhqmpTkz-oqSjWSUeKrSkfgOTYFC8cZ_1Vg-GClmy7ct76t8Or8SSxPTK0h_Lrzjb0-EHZnyWqZAIzlDe1_qs.iJtLNvn-8ETDI23NzMYzW-Nv16wHnFuQyS1MCrblk9k&dib_tag=se&keywords=laptop&qid=1729745479&sprefix=laptop%2Caps%2C128&sr=8-88,10.99,4.4,"11,148",Not available
"ASUS BR1100 Laptop, BR1100FKA-CES1S-CA, 11.6"" HD Touch Screen Glossy Display, Intel Celeron N4500 Processor, 4GB RAM, 128GB Storage, MIL-STD 810H Durability, TPM 2.0, Windows 10 Pro, Star Grey",https://www.amazon.ca/BR1100FKA-CES1S-CA-Display-Celeron-Processor-Durability/dp/B09HN3TWSG/ref=sr_1_87?crid=1E63C3THFEGDP&dib=eyJ2IjoiMSJ9.akMDTOG5KBho4VWXJdqFI8EQq3zg3Tep4GghGuvoFQ_7cp8iETpMHFO4NgIhB7cnSrYyeL6kWqeyqJujKxZbY4WJ6OVWgaXZyQU9NMzTm12fRp0_aHi6oQPZpwiQK25c5hDtghNfY2TOPS5BUsVKzr-ao1Z4P9ayOzwNqtcGuCF1_Wr-4MGbjQfoKsthDqzJuhRB17snfwjjLfhNPI5qM4vhqmpTkz-oqSjWSUeKrSkfgOTYFC8cZ_1Vg-GClmy7ct76t8Or8SSxPTK0h_Lrzjb0-EHZnyWqZAIzlDe1_qs.iJtLNvn-8ETDI23NzMYzW-Nv16wHnFuQyS1MCrblk9k&dib_tag=se&keywords=laptop&qid=1729745479&sprefix=laptop%2Caps%2C128&sr=8-87,299.00,4.1,214,Not available
"HP Essential 255 G8 Laptop, 15.6"" FHD Display, AMD Ryzen 5 5500U, 16GB RAM, 1TB PCIe SSD, Webcam, SD Card Reader, HDMI, Wi-Fi 6, Windows 11 Pro, Dark Ash Silver…",https://www.amazon.ca/HP-Essential-Laptop-Display-Windows/dp/B0CNJCY4MG/ref=sr_1_86?crid=1E63C3THFEGDP&dib=eyJ2IjoiMSJ9.akMDTOG5KBho4VWXJdqFI8EQq3zg3Tep4GghGuvoFQ_7cp8iETpMHFO4NgIhB7cnSrYyeL6kWqeyqJujKxZbY4WJ6OVWgaXZyQU9NMzTm12fRp0_aHi6oQPZpwiQK25c5hDtghNfY2TOPS5BUsVKzr-ao1Z4P9ayOzwNqtcGuCF1_Wr-4MGbjQfoKsthDqzJuhRB17snfwjjLfhNPI5qM4vhqmpTkz-oqSjWSUeKrSkfgOTYFC8cZ_1Vg-GClmy7ct76t8Or8SSxPTK0h_Lrzjb0-EHZnyWqZAIzlDe1_qs.iJtLNvn-8ETDI23NzMYzW-Nv16wHnFuQyS1MCrblk9k&dib_tag=se&keywords=laptop&qid=1729745479&sprefix=laptop%2Caps%2C128&sr=8-86,725.00,4.9,10,Not available
"Acer Aspire 3 Laptop 15.6"" FHD Display, AMD Athlon 7120U CPU, 8GB LPDDR5 RAM, Fast 256GB SSD, Win 11 Home (1 yr Manufacturer Warranty) (Renewed)",https://www.amazon.ca/Acer-Display-Manufacturer-Warranty-Renewed/dp/B0CN9SKYB4/ref=sr_1_85?crid=1E63C3THFEGDP&dib=eyJ2IjoiMSJ9.akMDTOG5KBho4VWXJdqFI8EQq3zg3Tep4GghGuvoFQ_7cp8iETpMHFO4NgIhB7cnSrYyeL6kWqeyqJujKxZbY4WJ6OVWgaXZyQU9NMzTm12fRp0_aHi6oQPZpwiQK25c5hDtghNfY2TOPS5BUsVKzr-ao1Z4P9ayOzwNqtcGuCF1_Wr-4MGbjQfoKsthDqzJuhRB17snfwjjLfhNPI5qM4vhqmpTkz-oqSjWSUeKrSkfgOTYFC8cZ_1Vg-GClmy7ct76t8Or8SSxPTK0h_Lrzjb0-EHZnyWqZAIzlDe1_qs.iJtLNvn-8ETDI23NzMYzW-Nv16wHnFuQyS1MCrblk9k&dib_tag=se&keywords=laptop&qid=1729745479&sprefix=laptop%2Caps%2C128&sr=8-85,355.00,4.2,8,Not available
"Lenovo Thinkpad E16 Gen 1 16"" WUXGA (1920 x 1200) Laptop - Intel Core i7-1355U (10 Core) Processor, 16GB RAM, 512GB SSD, Windows 11 Pro - Graphite Black",https://www.amazon.ca/Lenovo-Thinkpad-WUXGA-1920-Laptop/dp/B0CLW3PXHC/ref=sr_1_84?crid=1E63C3THFEGDP&dib=eyJ2IjoiMSJ9.akMDTOG5KBho4VWXJdqFI8EQq3zg3Tep4GghGuvoFQ_7cp8iETpMHFO4NgIhB7cnSrYyeL6kWqeyqJujKxZbY4WJ6OVWgaXZyQU9NMzTm12fRp0_aHi6oQPZpwiQK25c5hDtghNfY2TOPS5BUsVKzr-ao1Z4P9ayOzwNqtcGuCF1_Wr-4MGbjQfoKsthDqzJuhRB17snfwjjLfhNPI5qM4vhqmpTkz-oqSjWSUeKrSkfgOTYFC8cZ_1Vg-GClmy7ct76t8Or8SSxPTK0h_Lrzjb0-EHZnyWqZAIzlDe1_qs.iJtLNvn-8ETDI23NzMYzW-Nv16wHnFuQyS1MCrblk9k&dib_tag=se&keywords=laptop&qid=1729745479&sprefix=laptop%2Caps%2C128&sr=8-84,"1,209.99",4.2,24,Not available
"HP EliteBook 840 G1 14in Laptop, Core i5-4300U 1.9GHz, 8GB Ram, 500GB HDD, Windows 10 Pro 64bit (Renewed)",https://www.amazon.ca/HP-EliteBook-i5-4300U-Certified-Refurbished/dp/B077T24RT6/ref=sr_1_83?crid=1E63C3THFEGDP&dib=eyJ2IjoiMSJ9.akMDTOG5KBho4VWXJdqFI8EQq3zg3Tep4GghGuvoFQ_7cp8iETpMHFO4NgIhB7cnSrYyeL6kWqeyqJujKxZbY4WJ6OVWgaXZyQU9NMzTm12fRp0_aHi6oQPZpwiQK25c5hDtghNfY2TOPS5BUsVKzr-ao1Z4P9ayOzwNqtcGuCF1_Wr-4MGbjQfoKsthDqzJuhRB17snfwjjLfhNPI5qM4vhqmpTkz-oqSjWSUeKrSkfgOTYFC8cZ_1Vg-GClmy7ct76t8Or8SSxPTK0h_Lrzjb0-EHZnyWqZAIzlDe1_qs.iJtLNvn-8ETDI23NzMYzW-Nv16wHnFuQyS1MCrblk9k&dib_tag=se&keywords=laptop&qid=1729745479&sprefix=laptop%2Caps%2C128&sr=8-83,Price not available,5.0,7,Not available
No title available,https://www.amazon.ca/s?k=hp+laptop&ref=rsl_sug_0_0&pd_rd_w=3M6qG&content-id=amzn1.sym.44e6e7c3-130a-4bef-a9b7-4368915a8293:amzn1.sym.44e6e7c3-130a-4bef-a9b7-4368915a8293&pf_rd_p=44e6e7c3-130a-4bef-a9b7-4368915a8293&pf_rd_r=3WJTPD5DPQFHJR8S77A5&pd_rd_wg=YoWPH&pd_rd_r=8aff3a4b-caa5-4019-8819-7d7cef9905bb&qid=1729745481,Price not available,Rating not available,hp laptop,Not available
"15.6"" FHD Quad-Core N95 (Up to 3.4Ghz) Laptop by ALLDOCUBE, 16GB RAM+512GB SSD, Windows 11 Home Portable Notebook, 3.8v/12000mAh, Type-C, HDMI, SD Card, BT5.0, USB3.0, 1920×1080 Display",https://www.amazon.ca#,356.99,4.0,| Based on star rating and number of customer ratings,Not available
No title available,https://www.amazon.ca/s/?k=hp+laptop&ref=sugsr_0&pd_rd_w=UC2Hd&content-id=amzn1.sym.ea3d2509-1669-4b70-ad4b-c83615b40ccf:amzn1.sym.ea3d2509-1669-4b70-ad4b-c83615b40ccf&pf_rd_p=ea3d2509-1669-4b70-ad4b-c83615b40ccf&pf_rd_r=N1T46FPJSH2K8MCBP0T4&pd_rd_wg=E8waU&pd_rd_r=24a6f90c-3654-400f-b1b3-0b2f22cfeb1c&qid=1729745480,Price not available,Rating not available,hp laptop,Not available
"HP 15.6 inch Laptop, Full HD Display, AMD Ryzen 5 7520U Processor, 16 GB RAM, 512 GB SSD, AMD Radeon Graphics, Windows 11 Home, 15-fc0006ca",https://www.amazon.ca/HP-Display-Processor-Graphics-15-fc0006ca/dp/B0CWK151D1/ref=sr_1_82?crid=1E63C3THFEGDP&dib=eyJ2IjoiMSJ9.akMDTOG5KBho4VWXJdqFI8EQq3zg3Tep4GghGuvoFQ_7cp8iETpMHFO4NgIhB7cnSrYyeL6kWqeyqJujKxZbY4WJ6OVWgaXZyQU9NMzTm12fRp0_aHi6oQPZpwiQK25c5hDtghNfY2TOPS5BUsVKzr-ao1Z4P9ayOzwNqtcGuCF1_Wr-4MGbjQfoKsthDqzJuhRB17snfwjjLfhNPI5qM4vhqmpTkz-oqSjWSUeKrSkfgOTYFC8cZ_1Vg-GClmy7ct76t8Or8SSxPTK0h_Lrzjb0-EHZnyWqZAIzlDe1_qs.iJtLNvn-8ETDI23NzMYzW-Nv16wHnFuQyS1MCrblk9k&dib_tag=se&keywords=laptop&qid=1729745479&sprefix=laptop%2Caps%2C128&sr=8-82,699.99,4.5,5,Not available
Dell Latitude E7470 Laptop 14 - Intel Core i7 6th Gen - i7-6600U - 3.4Ghz - 256GB SSD - 8GB RAM - 1920x1080 FHD - Windows 10 Pro (Renewed),https://www.amazon.ca/Latitude-E7470-Ultrabook-Bluetooth-Refurbished/dp/B07GH93TB5/ref=sr_1_81?crid=1E63C3THFEGDP&dib=eyJ2IjoiMSJ9.akMDTOG5KBho4VWXJdqFI8EQq3zg3Tep4GghGuvoFQ_7cp8iETpMHFO4NgIhB7cnSrYyeL6kWqeyqJujKxZbY4WJ6OVWgaXZyQU9NMzTm12fRp0_aHi6oQPZpwiQK25c5hDtghNfY2TOPS5BUsVKzr-ao1Z4P9ayOzwNqtcGuCF1_Wr-4MGbjQfoKsthDqzJuhRB17snfwjjLfhNPI5qM4vhqmpTkz-oqSjWSUeKrSkfgOTYFC8cZ_1Vg-GClmy7ct76t8Or8SSxPTK0h_Lrzjb0-EHZnyWqZAIzlDe1_qs.iJtLNvn-8ETDI23NzMYzW-Nv16wHnFuQyS1MCrblk9k&dib_tag=se&keywords=laptop&qid=1729745479&sprefix=laptop%2Caps%2C128&sr=8-81,299.99,3.3,11,Not available
"jumper 16 Inch Laptop, 16GB RAM 512GB SSD, 11th Gen Intel Celeron N5095, FHD IPS Screen(1920 * 1200), Windows 11 Laptops Computer with 2.4G/5G WiFi, Four Stereo Speakers, Cooling System.",https://www.amazon.ca/jumper-Celeron-Windows-Computer-Speakers/dp/B0D2R4561Y/ref=sr_1_80?crid=1E63C3THFEGDP&dib=eyJ2IjoiMSJ9.akMDTOG5KBho4VWXJdqFI8EQq3zg3Tep4GghGuvoFQ_7cp8iETpMHFO4NgIhB7cnSrYyeL6kWqeyqJujKxZbY4WJ6OVWgaXZyQU9NMzTm12fRp0_aHi6oQPZpwiQK25c5hDtghNfY2TOPS5BUsVKzr-ao1Z4P9ayOzwNqtcGuCF1_Wr-4MGbjQfoKsthDqzJuhRB17snfwjjLfhNPI5qM4vhqmpTkz-oqSjWSUeKrSkfgOTYFC8cZ_1Vg-GClmy7ct76t8Or8SSxPTK0h_Lrzjb0-EHZnyWqZAIzlDe1_qs.iJtLNvn-8ETDI23NzMYzW-Nv16wHnFuQyS1MCrblk9k&dib_tag=se&keywords=laptop&qid=1729745479&sprefix=laptop%2Caps%2C128&sr=8-80,499.99,4.1,147,Not available
"HP 17.3"" IPS FHD Laptop, Intel i5-1235U Processor, 16GB RAM, 512GB PCIe SSD, Backlit Keyboard, Intel Iris Xe Graphics, Wi-Fi, Bluetooth, HDMI, Win 11 Pro, Silver, 32GB Hotface USB Card (Renewed)",https://www.amazon.ca/HP-i5-1235U-Processor-Keyboard-Bluetooth/dp/B0CSCX19NS/ref=sr_1_79?crid=1E63C3THFEGDP&dib=eyJ2IjoiMSJ9.akMDTOG5KBho4VWXJdqFI8EQq3zg3Tep4GghGuvoFQ_7cp8iETpMHFO4NgIhB7cnSrYyeL6kWqeyqJujKxZbY4WJ6OVWgaXZyQU9NMzTm12fRp0_aHi6oQPZpwiQK25c5hDtghNfY2TOPS5BUsVKzr-ao1Z4P9ayOzwNqtcGuCF1_Wr-4MGbjQfoKsthDqzJuhRB17snfwjjLfhNPI5qM4vhqmpTkz-oqSjWSUeKrSkfgOTYFC8cZ_1Vg-GClmy7ct76t8Or8SSxPTK0h_Lrzjb0-EHZnyWqZAIzlDe1_qs.iJtLNvn-8ETDI23NzMYzW-Nv16wHnFuQyS1MCrblk9k&dib_tag=se&keywords=laptop&qid=1729745479&sprefix=laptop%2Caps%2C128&sr=8-79,749.00,4.4,604,Not available
"Acer Aspire 5 A517-58M-54MJ, 17.3"" FHD 1920x1080 IPS Laptop, Intel Core i5-1335U, Intel Iris Xe Graphics, 16GB LPDDR5 RAM, 512GB SSD, Windows 11 Home",https://www.amazon.ca/Acer-Aspire-i5-1335U-Graphics-Windows/dp/B0BTJF44QY/ref=sr_1_77?crid=1E63C3THFEGDP&dib=eyJ2IjoiMSJ9.akMDTOG5KBho4VWXJdqFI8EQq3zg3Tep4GghGuvoFQ_7cp8iETpMHFO4NgIhB7cnSrYyeL6kWqeyqJujKxZbY4WJ6OVWgaXZyQU9NMzTm12fRp0_aHi6oQPZpwiQK25c5hDtghNfY2TOPS5BUsVKzr-ao1Z4P9ayOzwNqtcGuCF1_Wr-4MGbjQfoKsthDqzJuhRB17snfwjjLfhNPI5qM4vhqmpTkz-oqSjWSUeKrSkfgOTYFC8cZ_1Vg-GClmy7ct76t8Or8SSxPTK0h_Lrzjb0-EHZnyWqZAIzlDe1_qs.iJtLNvn-8ETDI23NzMYzW-Nv16wHnFuQyS1MCrblk9k&dib_tag=se&keywords=laptop&qid=1729745479&sprefix=laptop%2Caps%2C128&sr=8-77,949.74,4.2,36,Not available
"15.6 Inch Laptop 16GB DDR 512GB SSD, Laptop PC Cerelon N5095 (Up to 2.9GHz) Quad-core Chip,Laptop Computer Dual WiFi Bluetooth 4.2 Webcam Fingerprint Unlock FHD IPS 1920x1080 Display",https://www.amazon.ca/Quad-core-Computer-Bluetooth-Fingerprint-1920x1080/dp/B0DGGRQHMY/ref=sr_1_78?crid=1E63C3THFEGDP&dib=eyJ2IjoiMSJ9.akMDTOG5KBho4VWXJdqFI8EQq3zg3Tep4GghGuvoFQ_7cp8iETpMHFO4NgIhB7cnSrYyeL6kWqeyqJujKxZbY4WJ6OVWgaXZyQU9NMzTm12fRp0_aHi6oQPZpwiQK25c5hDtghNfY2TOPS5BUsVKzr-ao1Z4P9ayOzwNqtcGuCF1_Wr-4MGbjQfoKsthDqzJuhRB17snfwjjLfhNPI5qM4vhqmpTkz-oqSjWSUeKrSkfgOTYFC8cZ_1Vg-GClmy7ct76t8Or8SSxPTK0h_Lrzjb0-EHZnyWqZAIzlDe1_qs.iJtLNvn-8ETDI23NzMYzW-Nv16wHnFuQyS1MCrblk9k&dib_tag=se&keywords=laptop&qid=1729745479&sprefix=laptop%2Caps%2C128&sr=8-78,Price not available,4.0,3,Not available
"Ruzava 14"" Laptop 8GB DDR4 256GB SSD Celeron N5095 (Up to 2.9Ghz) 4-Core Win 11 PC with Cooling Fan 1920 * 1200 2K FHD Screen Dual WiFi Support 1TB SSD Expand for Business Study-Pink",https://www.amazon.ca/sspa/click?ie=UTF8&spc=MToyMjUwOTc5NDUwNDU2NjExOjE3Mjk3NDU0ODA6c3Bfc2VhcmNoX3RoZW1hdGljOjMwMDAyNDY5MzYzMzYwMjo6Mzo6&url=%2FRuzava-Aocwei-Cooling-Support-Study-Pink%2Fdp%2FB0CBKJRW39%2Fref%3Dsxin_15_pa_sp_search_thematic_sspa%3Fcontent-id%3Damzn1.sym.ead4008e-f313-4943-84c5-6b44d3477e63%253Aamzn1.sym.ead4008e-f313-4943-84c5-6b44d3477e63%26crid%3D1E63C3THFEGDP%26cv_ct_cx%3Dlaptop%26dib%3DeyJ2IjoiMSJ9.00H1ubWEsRlf0iDulf7RHRQLseGoxaXZ8a7SwvpjG9RxJhKlinK2vU6M3kUAo6yOgtwDpLvHLOnzVkjid-Arrg.XQWDjaeUl1NxGcV8EbxlcPYI_ljTnsEOj0-sRCgkyfw%26dib_tag%3Dse%26keywords%3Dlaptop%26pd_rd_i%3DB0CBKJRW39%26pd_rd_r%3D65ccb8b7-702f-4f01-89a2-c4649eef9f1e%26pd_rd_w%3DwrPNd%26pd_rd_wg%3DcndSM%26pf_rd_p%3Dead4008e-f313-4943-84c5-6b44d3477e63%26pf_rd_r%3D110AD6PWVFF6C37812CE%26qid%3D1729745480%26sbo%3DRZvfv%252F%252FHxDF%252BO5021pAnSA%253D%253D%26sprefix%3Dlaptop%252Caps%252C128%26sr%3D1-676-1cd13166-e9fe-46a7-89b4-109ca0ed00af-spons%26sp_csd%3Dd2lkZ2V0TmFtZT1zcF9zZWFyY2hfdGhlbWF0aWM%26psc%3D1,330.68,4.4,137,Not available
"ASUS VivoBook 15.6"" FHD Touchscreen Laptop, Intel i7-1255U, 16GB RAM, 512GB PCIe SSD, Intel Iris Xe Graphics, Backlit Keyboard, WiFi 6, Win 11 Pro, Quiet Blue, 32GB Hotface USB Card",https://www.amazon.ca/sspa/click?ie=UTF8&spc=MToyMjUwOTc5NDUwNDU2NjExOjE3Mjk3NDU0ODA6c3Bfc2VhcmNoX3RoZW1hdGljOjMwMDM3MzQwMjEwMDcwMjo6NDo6&url=%2FASUS-VivoBook-Touchscreen-i7-1255U-Graphics%2Fdp%2FB0CSYZ4YP7%2Fref%3Dsxin_15_pa_sp_search_thematic_sspa%3Fcontent-id%3Damzn1.sym.ead4008e-f313-4943-84c5-6b44d3477e63%253Aamzn1.sym.ead4008e-f313-4943-84c5-6b44d3477e63%26crid%3D1E63C3THFEGDP%26cv_ct_cx%3Dlaptop%26dib%3DeyJ2IjoiMSJ9.00H1ubWEsRlf0iDulf7RHRQLseGoxaXZ8a7SwvpjG9RxJhKlinK2vU6M3kUAo6yOgtwDpLvHLOnzVkjid-Arrg.XQWDjaeUl1NxGcV8EbxlcPYI_ljTnsEOj0-sRCgkyfw%26dib_tag%3Dse%26keywords%3Dlaptop%26pd_rd_i%3DB0CSYZ4YP7%26pd_rd_r%3D65ccb8b7-702f-4f01-89a2-c4649eef9f1e%26pd_rd_w%3DwrPNd%26pd_rd_wg%3DcndSM%26pf_rd_p%3Dead4008e-f313-4943-84c5-6b44d3477e63%26pf_rd_r%3D110AD6PWVFF6C37812CE%26qid%3D1729745480%26sbo%3DRZvfv%252F%252FHxDF%252BO5021pAnSA%253D%253D%26sprefix%3Dlaptop%252Caps%252C128%26sr%3D1-677-1cd13166-e9fe-46a7-89b4-109ca0ed00af-spons%26sp_csd%3Dd2lkZ2V0TmFtZT1zcF9zZWFyY2hfdGhlbWF0aWM%26psc%3D1,919.00,4.0,252,Not available
"MSI 15.6"" FHD Gaming Laptop - Intel Core i5-12450H, 8GB RAM, 512GB SSD, Win11 Home, GeForce RTX 2050 (with Microfiber Cloth) - GF63 Thin 12UCX-458CA",https://www.amazon.ca/MSI-15-6-FHD-Gaming-Laptop/dp/B0DHW8JDP4/ref=sr_1_76?crid=1E63C3THFEGDP&dib=eyJ2IjoiMSJ9.akMDTOG5KBho4VWXJdqFI8EQq3zg3Tep4GghGuvoFQ_7cp8iETpMHFO4NgIhB7cnSrYyeL6kWqeyqJujKxZbY4WJ6OVWgaXZyQU9NMzTm12fRp0_aHi6oQPZpwiQK25c5hDtghNfY2TOPS5BUsVKzr-ao1Z4P9ayOzwNqtcGuCF1_Wr-4MGbjQfoKsthDqzJuhRB17snfwjjLfhNPI5qM4vhqmpTkz-oqSjWSUeKrSkfgOTYFC8cZ_1Vg-GClmy7ct76t8Or8SSxPTK0h_Lrzjb0-EHZnyWqZAIzlDe1_qs.iJtLNvn-8ETDI23NzMYzW-Nv16wHnFuQyS1MCrblk9k&dib_tag=se&keywords=laptop&qid=1729745479&sprefix=laptop%2Caps%2C128&sr=8-76,799.98,"FREE delivery Sun, Oct 27 ",Only 9 left in stock.,Not available
"Dell Inspiron 3535 Laptop - 15.6-inch FHD (1920 x 1080) Display, AMD Ryzen 5 7520U Processor, 8GB DDR4 RAM, 512GB SSD, AMD Radeon Graphics, Windows 11 Home, 6-Months Migrate - Carbon Black",https://www.amazon.ca/Dell-Inspiron-3910-Desktop-Computer/dp/B0B3BPKK5R/ref=sr_1_75?crid=1E63C3THFEGDP&dib=eyJ2IjoiMSJ9.akMDTOG5KBho4VWXJdqFI8EQq3zg3Tep4GghGuvoFQ_7cp8iETpMHFO4NgIhB7cnSrYyeL6kWqeyqJujKxZbY4WJ6OVWgaXZyQU9NMzTm12fRp0_aHi6oQPZpwiQK25c5hDtghNfY2TOPS5BUsVKzr-ao1Z4P9ayOzwNqtcGuCF1_Wr-4MGbjQfoKsthDqzJuhRB17snfwjjLfhNPI5qM4vhqmpTkz-oqSjWSUeKrSkfgOTYFC8cZ_1Vg-GClmy7ct76t8Or8SSxPTK0h_Lrzjb0-EHZnyWqZAIzlDe1_qs.iJtLNvn-8ETDI23NzMYzW-Nv16wHnFuQyS1MCrblk9k&dib_tag=se&keywords=laptop&qid=1729745479&sprefix=laptop%2Caps%2C128&sr=8-75,649.99,4.0,194,Not available
"15.6"" FHD Quad-Core N95 (Up to 3.4Ghz) Laptop by ALLDOCUBE, 16GB RAM+512GB SSD, Windows 11 Home Portable Notebook, 3.8v/12000mAh, Type-C, HDMI, SD Card, BT5.0, USB3.0, 1920×1080 Display",https://www.amazon.ca/sspa/click?ie=UTF8&spc=MToyMjUwOTc5NDUwNDU2NjExOjE3Mjk3NDU0ODA6c3Bfc2VhcmNoX3RoZW1hdGljOjMwMDM5NzAxNDA5MTUwMjo6MDo6&url=%2FQuad-Core-ALLDOCUBE-Portable-Notebook-1920%25C3%25971080%2Fdp%2FB0D9GKGL1X%2Fref%3Dsxin_15_pa_sp_search_thematic_sspa%3Fcontent-id%3Damzn1.sym.ead4008e-f313-4943-84c5-6b44d3477e63%253Aamzn1.sym.ead4008e-f313-4943-84c5-6b44d3477e63%26crid%3D1E63C3THFEGDP%26cv_ct_cx%3Dlaptop%26dib%3DeyJ2IjoiMSJ9.00H1ubWEsRlf0iDulf7RHRQLseGoxaXZ8a7SwvpjG9RxJhKlinK2vU6M3kUAo6yOgtwDpLvHLOnzVkjid-Arrg.XQWDjaeUl1NxGcV8EbxlcPYI_ljTnsEOj0-sRCgkyfw%26dib_tag%3Dse%26keywords%3Dlaptop%26pd_rd_i%3DB0D9GKGL1X%26pd_rd_r%3D65ccb8b7-702f-4f01-89a2-c4649eef9f1e%26pd_rd_w%3DwrPNd%26pd_rd_wg%3DcndSM%26pf_rd_p%3Dead4008e-f313-4943-84c5-6b44d3477e63%26pf_rd_r%3D110AD6PWVFF6C37812CE%26qid%3D1729745480%26sbo%3DRZvfv%252F%252FHxDF%252BO5021pAnSA%253D%253D%26sprefix%3Dlaptop%252Caps%252C128%26sr%3D1-673-1cd13166-e9fe-46a7-89b4-109ca0ed00af-spons%26sp_csd%3Dd2lkZ2V0TmFtZT1zcF9zZWFyY2hfdGhlbWF0aWM%26psc%3D1,356.99,4.0,515,Not available
"ASUS Vivobook 15.6"" FHD Touchscreen Laptop, Intel i5-1135G7 Processor, 36GB RAM, 2TB PCIe SSD, Intel Iris Xe Graphics, Number Pad, Bluetooth, Win 11 Pro, Gray, 32GB Hotface USB Card",https://www.amazon.ca/sspa/click?ie=UTF8&spc=MToyMjUwOTc5NDUwNDU2NjExOjE3Mjk3NDU0ODA6c3Bfc2VhcmNoX3RoZW1hdGljOjMwMDM3MzIzNDk5NjUwMjo6Mjo6&url=%2FASUS-Vivobook-Touchscreen-i5-1135G7-Processor%2Fdp%2FB0CSF2FP9S%2Fref%3Dsxin_15_pa_sp_search_thematic_sspa%3Fcontent-id%3Damzn1.sym.ead4008e-f313-4943-84c5-6b44d3477e63%253Aamzn1.sym.ead4008e-f313-4943-84c5-6b44d3477e63%26crid%3D1E63C3THFEGDP%26cv_ct_cx%3Dlaptop%26dib%3DeyJ2IjoiMSJ9.00H1ubWEsRlf0iDulf7RHRQLseGoxaXZ8a7SwvpjG9RxJhKlinK2vU6M3kUAo6yOgtwDpLvHLOnzVkjid-Arrg.XQWDjaeUl1NxGcV8EbxlcPYI_ljTnsEOj0-sRCgkyfw%26dib_tag%3Dse%26keywords%3Dlaptop%26pd_rd_i%3DB0CSF2FP9S%26pd_rd_r%3D65ccb8b7-702f-4f01-89a2-c4649eef9f1e%26pd_rd_w%3DwrPNd%26pd_rd_wg%3DcndSM%26pf_rd_p%3Dead4008e-f313-4943-84c5-6b44d3477e63%26pf_rd_r%3D110AD6PWVFF6C37812CE%26qid%3D1729745480%26sbo%3DRZvfv%252F%252FHxDF%252BO5021pAnSA%253D%253D%26sprefix%3Dlaptop%252Caps%252C128%26sr%3D1-675-1cd13166-e9fe-46a7-89b4-109ca0ed00af-spons%26sp_csd%3Dd2lkZ2V0TmFtZT1zcF9zZWFyY2hfdGhlbWF0aWM%26psc%3D1,929.00,4.1,109,Not available
ACEMAGIC Laptop Computer AMD Ryzen 7 5700U Gaming Laptop 16GB DDR4 512GB M.2 2280 NVMe SSD Windows Laptop Office Laptops Home Laptops Windows11 16.1-inch IPS FHD WIFI6 BT5.2 HDMI Type-C USB3.2,https://www.amazon.ca/sspa/click?ie=UTF8&spc=MToyMjUwOTc5NDUwNDU2NjExOjE3Mjk3NDU0ODA6c3Bfc2VhcmNoX3RoZW1hdGljOjMwMDMyOTQyNzI1ODAwMjo6MTo6&url=%2FACEMAGIC-i7-1265U-Windows-Graphics-Backlit%2Fdp%2FB0CPYCV9BM%2Fref%3Dsxin_15_pa_sp_search_thematic_sspa%3Fcontent-id%3Damzn1.sym.ead4008e-f313-4943-84c5-6b44d3477e63%253Aamzn1.sym.ead4008e-f313-4943-84c5-6b44d3477e63%26crid%3D1E63C3THFEGDP%26cv_ct_cx%3Dlaptop%26dib%3DeyJ2IjoiMSJ9.00H1ubWEsRlf0iDulf7RHRQLseGoxaXZ8a7SwvpjG9RxJhKlinK2vU6M3kUAo6yOgtwDpLvHLOnzVkjid-Arrg.XQWDjaeUl1NxGcV8EbxlcPYI_ljTnsEOj0-sRCgkyfw%26dib_tag%3Dse%26keywords%3Dlaptop%26pd_rd_i%3DB0CPYCV9BM%26pd_rd_r%3D65ccb8b7-702f-4f01-89a2-c4649eef9f1e%26pd_rd_w%3DwrPNd%26pd_rd_wg%3DcndSM%26pf_rd_p%3Dead4008e-f313-4943-84c5-6b44d3477e63%26pf_rd_r%3D110AD6PWVFF6C37812CE%26qid%3D1729745480%26sbo%3DRZvfv%252F%252FHxDF%252BO5021pAnSA%253D%253D%26sprefix%3Dlaptop%252Caps%252C128%26sr%3D1-674-1cd13166-e9fe-46a7-89b4-109ca0ed00af-spons%26sp_csd%3Dd2lkZ2V0TmFtZT1zcF9zZWFyY2hfdGhlbWF0aWM%26psc%3D1,899.99,4.1,120,Not available
"HP Laptop 17-in, FHD (1920 x 1080), IPS, Anti-Glare, AMD Ryzen™ 5 7430U, AMD Radeon™ Graphics, 16 GB DDR4-3200, 512 GB SSD, Webcam Privacy Shutter, Windows 11 Home (17-cp3006ca)",https://www.amazon.ca/HP-Anti-Glare-RadeonTM-DDR4-3200-17-cp3006ca/dp/B0D8546LMG/ref=sr_1_73?crid=1E63C3THFEGDP&dib=eyJ2IjoiMSJ9.akMDTOG5KBho4VWXJdqFI8EQq3zg3Tep4GghGuvoFQ_7cp8iETpMHFO4NgIhB7cnSrYyeL6kWqeyqJujKxZbY4WJ6OVWgaXZyQU9NMzTm12fRp0_aHi6oQPZpwiQK25c5hDtghNfY2TOPS5BUsVKzr-ao1Z4P9ayOzwNqtcGuCF1_Wr-4MGbjQfoKsthDqzJuhRB17snfwjjLfhNPI5qM4vhqmpTkz-oqSjWSUeKrSkfgOTYFC8cZ_1Vg-GClmy7ct76t8Or8SSxPTK0h_Lrzjb0-EHZnyWqZAIzlDe1_qs.iJtLNvn-8ETDI23NzMYzW-Nv16wHnFuQyS1MCrblk9k&dib_tag=se&keywords=laptop&qid=1729745479&sprefix=laptop%2Caps%2C128&sr=8-73,919.99,4.2,20,Not available
"HP Chromebook 15.6 inch Laptop, Full HD Display, Intel Core i3-N305, 8 GB RAM, 256 GB UFS, Intel UHD Graphics, Chrome OS, 15a-nb0006ca",https://www.amazon.ca/HP-Chromebook-Display-Graphics-15a-nb0006ca/dp/B0CCQJ4FQB/ref=sr_1_74?crid=1E63C3THFEGDP&dib=eyJ2IjoiMSJ9.akMDTOG5KBho4VWXJdqFI8EQq3zg3Tep4GghGuvoFQ_7cp8iETpMHFO4NgIhB7cnSrYyeL6kWqeyqJujKxZbY4WJ6OVWgaXZyQU9NMzTm12fRp0_aHi6oQPZpwiQK25c5hDtghNfY2TOPS5BUsVKzr-ao1Z4P9ayOzwNqtcGuCF1_Wr-4MGbjQfoKsthDqzJuhRB17snfwjjLfhNPI5qM4vhqmpTkz-oqSjWSUeKrSkfgOTYFC8cZ_1Vg-GClmy7ct76t8Or8SSxPTK0h_Lrzjb0-EHZnyWqZAIzlDe1_qs.iJtLNvn-8ETDI23NzMYzW-Nv16wHnFuQyS1MCrblk9k&dib_tag=se&keywords=laptop&qid=1729745479&sprefix=laptop%2Caps%2C128&sr=8-74,799.99,4.4,56,Not available
"Lenovo Thinkpad T480s Laptop 14-in FHD IPS Ultrabook, Intel Core i7-8550U, 16GB RAM, 512GB SSD, Wi-Fi, Bluetooth Camera Windows 10 Pro (Renewed)",https://www.amazon.ca/Lenovo-Thinkpad-Ultrabook-i7-8550U-Renewed/dp/B08GQGR434/ref=sr_1_72?crid=1E63C3THFEGDP&dib=eyJ2IjoiMSJ9.akMDTOG5KBho4VWXJdqFI8EQq3zg3Tep4GghGuvoFQ_7cp8iETpMHFO4NgIhB7cnSrYyeL6kWqeyqJujKxZbY4WJ6OVWgaXZyQU9NMzTm12fRp0_aHi6oQPZpwiQK25c5hDtghNfY2TOPS5BUsVKzr-ao1Z4P9ayOzwNqtcGuCF1_Wr-4MGbjQfoKsthDqzJuhRB17snfwjjLfhNPI5qM4vhqmpTkz-oqSjWSUeKrSkfgOTYFC8cZ_1Vg-GClmy7ct76t8Or8SSxPTK0h_Lrzjb0-EHZnyWqZAIzlDe1_qs.iJtLNvn-8ETDI23NzMYzW-Nv16wHnFuQyS1MCrblk9k&dib_tag=se&keywords=laptop&qid=1729745479&sprefix=laptop%2Caps%2C128&sr=8-72,439.00,4.3,268,Not available
"HP 15.6"" FHD Touchscreen Laptop, Intel i7-1255U, 32GB DDR4 RAM, 1TB PCIe SSD, Intel Iris Xe Graphics, HD Camera, HP Fast Charge, Win 11 Pro, Silver, 32GB Hotface USB Card",https://www.amazon.ca/HP-Touchscreen-i7-1255U-Graphics-Hotface/dp/B0CYYYH8TL/ref=sr_1_71?crid=1E63C3THFEGDP&dib=eyJ2IjoiMSJ9.akMDTOG5KBho4VWXJdqFI8EQq3zg3Tep4GghGuvoFQ_7cp8iETpMHFO4NgIhB7cnSrYyeL6kWqeyqJujKxZbY4WJ6OVWgaXZyQU9NMzTm12fRp0_aHi6oQPZpwiQK25c5hDtghNfY2TOPS5BUsVKzr-ao1Z4P9ayOzwNqtcGuCF1_Wr-4MGbjQfoKsthDqzJuhRB17snfwjjLfhNPI5qM4vhqmpTkz-oqSjWSUeKrSkfgOTYFC8cZ_1Vg-GClmy7ct76t8Or8SSxPTK0h_Lrzjb0-EHZnyWqZAIzlDe1_qs.iJtLNvn-8ETDI23NzMYzW-Nv16wHnFuQyS1MCrblk9k&dib_tag=se&keywords=laptop&qid=1729745479&sprefix=laptop%2Caps%2C128&sr=8-71,"1,249.00",4.9,11,Not available
"SGIN 15.6 Inch Laptops, 4GB RAM, 128GB SSD Laptop Computer, Celeron Processor Notebook, 2.4G/5G WiFi, Type-C, Mini HDMI, Webcam, UHD Graphics 600, 1TB TF Card Expansion(WiFi)",https://www.amazon.ca/SGIN-Computer-Processor-Notebook-Expansion/dp/B0D7CBFN3B/ref=sr_1_68?crid=1E63C3THFEGDP&dib=eyJ2IjoiMSJ9.akMDTOG5KBho4VWXJdqFI8EQq3zg3Tep4GghGuvoFQ_7cp8iETpMHFO4NgIhB7cnSrYyeL6kWqeyqJujKxZbY4WJ6OVWgaXZyQU9NMzTm12fRp0_aHi6oQPZpwiQK25c5hDtghNfY2TOPS5BUsVKzr-ao1Z4P9ayOzwNqtcGuCF1_Wr-4MGbjQfoKsthDqzJuhRB17snfwjjLfhNPI5qM4vhqmpTkz-oqSjWSUeKrSkfgOTYFC8cZ_1Vg-GClmy7ct76t8Or8SSxPTK0h_Lrzjb0-EHZnyWqZAIzlDe1_qs.iJtLNvn-8ETDI23NzMYzW-Nv16wHnFuQyS1MCrblk9k&dib_tag=se&keywords=laptop&qid=1729745479&sprefix=laptop%2Caps%2C128&sr=8-68,556.13,4.0,250,Not available
"HP Premium 14"" Stream HD Laptop, Intel Celeron N4120, 4GB RAM, 64GB eMMC, Webcam, Intel UHD Graphics, Bluetooth, WiFi, HDMI, 1 Year Office 365, Win 11s, Silver",https://www.amazon.ca/HP-Premium-Stream-Graphics-Bluetooth/dp/B0CQ23162T/ref=sr_1_67?crid=1E63C3THFEGDP&dib=eyJ2IjoiMSJ9.akMDTOG5KBho4VWXJdqFI8EQq3zg3Tep4GghGuvoFQ_7cp8iETpMHFO4NgIhB7cnSrYyeL6kWqeyqJujKxZbY4WJ6OVWgaXZyQU9NMzTm12fRp0_aHi6oQPZpwiQK25c5hDtghNfY2TOPS5BUsVKzr-ao1Z4P9ayOzwNqtcGuCF1_Wr-4MGbjQfoKsthDqzJuhRB17snfwjjLfhNPI5qM4vhqmpTkz-oqSjWSUeKrSkfgOTYFC8cZ_1Vg-GClmy7ct76t8Or8SSxPTK0h_Lrzjb0-EHZnyWqZAIzlDe1_qs.iJtLNvn-8ETDI23NzMYzW-Nv16wHnFuQyS1MCrblk9k&dib_tag=se&keywords=laptop&qid=1729745479&sprefix=laptop%2Caps%2C128&sr=8-67,299.00,3.9,648,Not available
"HP 15.6"" Diagonal Full HD (1920 x 1080) Laptop, 11th Gen Intel Core i5-1135G7 Processor, 8GB DDR4 RAM, 256GB SSD, 802.11ac, Bluetooth, HDMI, Windows 11",https://www.amazon.ca/HP-Diagonal-i5-1135G7-Processor-Bluetooth/dp/B09LM6SZKG/ref=sr_1_70?crid=1E63C3THFEGDP&dib=eyJ2IjoiMSJ9.akMDTOG5KBho4VWXJdqFI8EQq3zg3Tep4GghGuvoFQ_7cp8iETpMHFO4NgIhB7cnSrYyeL6kWqeyqJujKxZbY4WJ6OVWgaXZyQU9NMzTm12fRp0_aHi6oQPZpwiQK25c5hDtghNfY2TOPS5BUsVKzr-ao1Z4P9ayOzwNqtcGuCF1_Wr-4MGbjQfoKsthDqzJuhRB17snfwjjLfhNPI5qM4vhqmpTkz-oqSjWSUeKrSkfgOTYFC8cZ_1Vg-GClmy7ct76t8Or8SSxPTK0h_Lrzjb0-EHZnyWqZAIzlDe1_qs.iJtLNvn-8ETDI23NzMYzW-Nv16wHnFuQyS1MCrblk9k&dib_tag=se&keywords=laptop&qid=1729745479&sprefix=laptop%2Caps%2C128&sr=8-70,578.00,4.3,481,Not available
"Dell Inspiron 5645 Laptop - 16.0 16:10 FHD+ (1920 x 1200) Display, AMD Ryzen 7-8840U, 16GB DDR5 RAM, 1TB SSD, AMD Radeon Graphics, Windows 11 Home, Onsite & Migrate Services - Midnight Blue",https://www.amazon.ca/Dell-Inspiron-5645-Laptop-Graphics/dp/B0CZ59B6MH/ref=sr_1_69?crid=1E63C3THFEGDP&dib=eyJ2IjoiMSJ9.akMDTOG5KBho4VWXJdqFI8EQq3zg3Tep4GghGuvoFQ_7cp8iETpMHFO4NgIhB7cnSrYyeL6kWqeyqJujKxZbY4WJ6OVWgaXZyQU9NMzTm12fRp0_aHi6oQPZpwiQK25c5hDtghNfY2TOPS5BUsVKzr-ao1Z4P9ayOzwNqtcGuCF1_Wr-4MGbjQfoKsthDqzJuhRB17snfwjjLfhNPI5qM4vhqmpTkz-oqSjWSUeKrSkfgOTYFC8cZ_1Vg-GClmy7ct76t8Or8SSxPTK0h_Lrzjb0-EHZnyWqZAIzlDe1_qs.iJtLNvn-8ETDI23NzMYzW-Nv16wHnFuQyS1MCrblk9k&dib_tag=se&keywords=laptop&qid=1729745479&sprefix=laptop%2Caps%2C128&sr=8-69,"1,099.99",4.3,205,Not available
Dell Chromebook 3120 11 inch Intel Celeron N2840 2.16 GHz 4Gb Ram 16GB Chrome OS (Renewed),https://www.amazon.ca/Dell-Chromebook-3120-Celeron-Renewed/dp/B08MWH8B3K/ref=sr_1_66?crid=1E63C3THFEGDP&dib=eyJ2IjoiMSJ9.akMDTOG5KBho4VWXJdqFI8EQq3zg3Tep4GghGuvoFQ_7cp8iETpMHFO4NgIhB7cnSrYyeL6kWqeyqJujKxZbY4WJ6OVWgaXZyQU9NMzTm12fRp0_aHi6oQPZpwiQK25c5hDtghNfY2TOPS5BUsVKzr-ao1Z4P9ayOzwNqtcGuCF1_Wr-4MGbjQfoKsthDqzJuhRB17snfwjjLfhNPI5qM4vhqmpTkz-oqSjWSUeKrSkfgOTYFC8cZ_1Vg-GClmy7ct76t8Or8SSxPTK0h_Lrzjb0-EHZnyWqZAIzlDe1_qs.iJtLNvn-8ETDI23NzMYzW-Nv16wHnFuQyS1MCrblk9k&dib_tag=se&keywords=laptop&qid=1729745479&sprefix=laptop%2Caps%2C128&sr=8-66,119.99,3.4,157,Not available
"ASUS Chromebook CX1, 15.6"" FHD NanoEdge Display, Intel Celeron N4500 Processor, 128GB eMMC Storage, 8GB RAM, ChromeOS, Transparent Silver, CX1500CKA-AS01-CB",https://www.amazon.ca/Chromebook-NanoEdge-Processor-Transparent-CX1500CKA-AS01-CB/dp/B0D6RYXV7N/ref=sr_1_65?crid=1E63C3THFEGDP&dib=eyJ2IjoiMSJ9.akMDTOG5KBho4VWXJdqFI8EQq3zg3Tep4GghGuvoFQ_7cp8iETpMHFO4NgIhB7cnSrYyeL6kWqeyqJujKxZbY4WJ6OVWgaXZyQU9NMzTm12fRp0_aHi6oQPZpwiQK25c5hDtghNfY2TOPS5BUsVKzr-ao1Z4P9ayOzwNqtcGuCF1_Wr-4MGbjQfoKsthDqzJuhRB17snfwjjLfhNPI5qM4vhqmpTkz-oqSjWSUeKrSkfgOTYFC8cZ_1Vg-GClmy7ct76t8Or8SSxPTK0h_Lrzjb0-EHZnyWqZAIzlDe1_qs.iJtLNvn-8ETDI23NzMYzW-Nv16wHnFuQyS1MCrblk9k&dib_tag=se&keywords=laptop&qid=1729745479&sprefix=laptop%2Caps%2C128&sr=8-65,299.00,4.2,139,Not available
"Lenovo IdeaPad 1 14"" HD Lightweight Laptop, Intel Celeron N4020 Processor, 4GB RAM, 128GB SSD, Intel UHD Graphics, Wi-Fi 6, Bluetooth, Windows 11, Gray, 128GB Hotface USB Card",https://www.amazon.ca/Lenovo-IdeaPad-Lightweight-Processor-Bluetooth/dp/B0CQV6TVVW/ref=sr_1_64?crid=1E63C3THFEGDP&dib=eyJ2IjoiMSJ9.akMDTOG5KBho4VWXJdqFI8EQq3zg3Tep4GghGuvoFQ_7cp8iETpMHFO4NgIhB7cnSrYyeL6kWqeyqJujKxZbY4WJ6OVWgaXZyQU9NMzTm12fRp0_aHi6oQPZpwiQK25c5hDtghNfY2TOPS5BUsVKzr-ao1Z4P9ayOzwNqtcGuCF1_Wr-4MGbjQfoKsthDqzJuhRB17snfwjjLfhNPI5qM4vhqmpTkz-oqSjWSUeKrSkfgOTYFC8cZ_1Vg-GClmy7ct76t8Or8SSxPTK0h_Lrzjb0-EHZnyWqZAIzlDe1_qs.iJtLNvn-8ETDI23NzMYzW-Nv16wHnFuQyS1MCrblk9k&dib_tag=se&keywords=laptop&qid=1729745479&sprefix=laptop%2Caps%2C128&sr=8-64,289.00,4.2,"1,067",Not available
"ASUS Chromebook laptop, 11.6"" HD Display, MediaTek Kompanio 520, 4GB LPDDR4X RAM, 64G eMMC Storage, MIL-STD 810H Durability, ChromeOS, Mineral Gray, CZ1104CM2A-AS01-CB",https://www.amazon.ca/Chromebook-MediaTek-Kompanio-Durability-CZ1104CM2A-AS01-CB/dp/B0CX62GXWS/ref=sr_1_63?crid=1E63C3THFEGDP&dib=eyJ2IjoiMSJ9.akMDTOG5KBho4VWXJdqFI8EQq3zg3Tep4GghGuvoFQ_7cp8iETpMHFO4NgIhB7cnSrYyeL6kWqeyqJujKxZbY4WJ6OVWgaXZyQU9NMzTm12fRp0_aHi6oQPZpwiQK25c5hDtghNfY2TOPS5BUsVKzr-ao1Z4P9ayOzwNqtcGuCF1_Wr-4MGbjQfoKsthDqzJuhRB17snfwjjLfhNPI5qM4vhqmpTkz-oqSjWSUeKrSkfgOTYFC8cZ_1Vg-GClmy7ct76t8Or8SSxPTK0h_Lrzjb0-EHZnyWqZAIzlDe1_qs.iJtLNvn-8ETDI23NzMYzW-Nv16wHnFuQyS1MCrblk9k&dib_tag=se&keywords=laptop&qid=1729745479&sprefix=laptop%2Caps%2C128&sr=8-63,249.00,4.0,30,Not available
"ASUS TUF Gaming A15 Gaming Laptop, 15.6” 144Hz FHD Display, AMD Ryzen™ 5 7535HS Processor, GeForce RTX 2050, 8GB DDR5 RAM, 1TB PCIe SSD Gen 4, Wi-Fi 6, Windows 11, FA506NF-DS51-CA",https://www.amazon.ca/ASUS-Display-RyzenTM-Processor-FA506NF-DS51-CA/dp/B0CS4D11V9/ref=sr_1_62?crid=1E63C3THFEGDP&dib=eyJ2IjoiMSJ9.akMDTOG5KBho4VWXJdqFI8EQq3zg3Tep4GghGuvoFQ_7cp8iETpMHFO4NgIhB7cnSrYyeL6kWqeyqJujKxZbY4WJ6OVWgaXZyQU9NMzTm12fRp0_aHi6oQPZpwiQK25c5hDtghNfY2TOPS5BUsVKzr-ao1Z4P9ayOzwNqtcGuCF1_Wr-4MGbjQfoKsthDqzJuhRB17snfwjjLfhNPI5qM4vhqmpTkz-oqSjWSUeKrSkfgOTYFC8cZ_1Vg-GClmy7ct76t8Or8SSxPTK0h_Lrzjb0-EHZnyWqZAIzlDe1_qs.iJtLNvn-8ETDI23NzMYzW-Nv16wHnFuQyS1MCrblk9k&dib_tag=se&keywords=laptop&qid=1729745479&sprefix=laptop%2Caps%2C128&sr=8-62,848.98,4.6,16,Not available
"Lenovo T470 14in Laptop, Core i5-6300U 2.4GHz, 8GB RAM, 256GB Solid State Drive, Windows 10 Pro 64Bit (Renewed)",https://www.amazon.ca/Lenovo-Laptop-i5-6300U-Windows-Renewed/dp/B07PY922PM/ref=sr_1_61?crid=1E63C3THFEGDP&dib=eyJ2IjoiMSJ9.akMDTOG5KBho4VWXJdqFI8EQq3zg3Tep4GghGuvoFQ_7cp8iETpMHFO4NgIhB7cnSrYyeL6kWqeyqJujKxZbY4WJ6OVWgaXZyQU9NMzTm12fRp0_aHi6oQPZpwiQK25c5hDtghNfY2TOPS5BUsVKzr-ao1Z4P9ayOzwNqtcGuCF1_Wr-4MGbjQfoKsthDqzJuhRB17snfwjjLfhNPI5qM4vhqmpTkz-oqSjWSUeKrSkfgOTYFC8cZ_1Vg-GClmy7ct76t8Or8SSxPTK0h_Lrzjb0-EHZnyWqZAIzlDe1_qs.iJtLNvn-8ETDI23NzMYzW-Nv16wHnFuQyS1MCrblk9k&dib_tag=se&keywords=laptop&qid=1729745479&sprefix=laptop%2Caps%2C128&sr=8-61,Price not available,4.4,90,Not available
"ASUS Vivobook Go 15 Laptop, 15.6” FHD Display, Intel® Core™ i3-N305 Processor, 8GB RAM, 512GB SSD, Windows 11 Home in S Mode, E1504GA-AS31-CA",https://www.amazon.ca/Vivobook-Display-i3-N305-Processor-E1504GA-AS31-CA/dp/B0CX7F9K8X/ref=sr_1_60?crid=1E63C3THFEGDP&dib=eyJ2IjoiMSJ9.akMDTOG5KBho4VWXJdqFI8EQq3zg3Tep4GghGuvoFQ_7cp8iETpMHFO4NgIhB7cnSrYyeL6kWqeyqJujKxZbY4WJ6OVWgaXZyQU9NMzTm12fRp0_aHi6oQPZpwiQK25c5hDtghNfY2TOPS5BUsVKzr-ao1Z4P9ayOzwNqtcGuCF1_Wr-4MGbjQfoKsthDqzJuhRB17snfwjjLfhNPI5qM4vhqmpTkz-oqSjWSUeKrSkfgOTYFC8cZ_1Vg-GClmy7ct76t8Or8SSxPTK0h_Lrzjb0-EHZnyWqZAIzlDe1_qs.iJtLNvn-8ETDI23NzMYzW-Nv16wHnFuQyS1MCrblk9k&dib_tag=se&keywords=laptop&qid=1729745479&sprefix=laptop%2Caps%2C128&sr=8-60,499.00,4.6,5,Not available
"Acer Gateway Chromebook 311 | Intel N4500 | 11.6"" HD (1366 x 768) Display | 4GB LPDDR4X Ram | 64GB eMMC | Wi-Fi 5 802.11ac | Google Update to June 2031 (1 yr Manufacturer Warranty)",https://www.amazon.ca/Acer-Chromebook-802-11ac-Manufacturer-Warranty/dp/B0DFMVGLKK/ref=sr_1_59?crid=1E63C3THFEGDP&dib=eyJ2IjoiMSJ9.akMDTOG5KBho4VWXJdqFI8EQq3zg3Tep4GghGuvoFQ_7cp8iETpMHFO4NgIhB7cnSrYyeL6kWqeyqJujKxZbY4WJ6OVWgaXZyQU9NMzTm12fRp0_aHi6oQPZpwiQK25c5hDtghNfY2TOPS5BUsVKzr-ao1Z4P9ayOzwNqtcGuCF1_Wr-4MGbjQfoKsthDqzJuhRB17snfwjjLfhNPI5qM4vhqmpTkz-oqSjWSUeKrSkfgOTYFC8cZ_1Vg-GClmy7ct76t8Or8SSxPTK0h_Lrzjb0-EHZnyWqZAIzlDe1_qs.iJtLNvn-8ETDI23NzMYzW-Nv16wHnFuQyS1MCrblk9k&dib_tag=se&keywords=laptop&qid=1729745479&sprefix=laptop%2Caps%2C128&sr=8-59,199.00,FREE delivery,No reviews available,Not available
15.6 inch Laptop - 16GB RAM LPDDR4 512GB SSD Laptop Computer FHD Ordinateur Portable Laptop PC Celeron N5095 Processor Netbook with Touch ID WiFi5 Bluetooth 4.2 USB 3.0,https://www.amazon.ca/15-6-inch-Laptop-Ordinateur-Processor/dp/B0DFPTPRFJ/ref=sr_1_58?crid=1E63C3THFEGDP&dib=eyJ2IjoiMSJ9.akMDTOG5KBho4VWXJdqFI8EQq3zg3Tep4GghGuvoFQ_7cp8iETpMHFO4NgIhB7cnSrYyeL6kWqeyqJujKxZbY4WJ6OVWgaXZyQU9NMzTm12fRp0_aHi6oQPZpwiQK25c5hDtghNfY2TOPS5BUsVKzr-ao1Z4P9ayOzwNqtcGuCF1_Wr-4MGbjQfoKsthDqzJuhRB17snfwjjLfhNPI5qM4vhqmpTkz-oqSjWSUeKrSkfgOTYFC8cZ_1Vg-GClmy7ct76t8Or8SSxPTK0h_Lrzjb0-EHZnyWqZAIzlDe1_qs.iJtLNvn-8ETDI23NzMYzW-Nv16wHnFuQyS1MCrblk9k&dib_tag=se&keywords=laptop&qid=1729745479&sprefix=laptop%2Caps%2C128&sr=8-58,449.99,4.5,6,Not available
"HP Elitebook 840 G5 14-inch FHD (1920x1080) Business Laptop (Intel Quad-Core i5-8250U, 32GB DDR4 RAM, 512GB SS USB Type-C, HDMI, Windows 11 Pro (Renewed) …",https://www.amazon.ca/HP-Elitebook-840-G5-1920x1080/dp/B0B2GG45ZM/ref=sr_1_57?crid=1E63C3THFEGDP&dib=eyJ2IjoiMSJ9.akMDTOG5KBho4VWXJdqFI8EQq3zg3Tep4GghGuvoFQ_7cp8iETpMHFO4NgIhB7cnSrYyeL6kWqeyqJujKxZbY4WJ6OVWgaXZyQU9NMzTm12fRp0_aHi6oQPZpwiQK25c5hDtghNfY2TOPS5BUsVKzr-ao1Z4P9ayOzwNqtcGuCF1_Wr-4MGbjQfoKsthDqzJuhRB17snfwjjLfhNPI5qM4vhqmpTkz-oqSjWSUeKrSkfgOTYFC8cZ_1Vg-GClmy7ct76t8Or8SSxPTK0h_Lrzjb0-EHZnyWqZAIzlDe1_qs.iJtLNvn-8ETDI23NzMYzW-Nv16wHnFuQyS1MCrblk9k&dib_tag=se&keywords=laptop&qid=1729745479&sprefix=laptop%2Caps%2C128&sr=8-57,390.00,3.9,128,Not available
"Acer Aspire 3 A315-58-79F3, 15.6"" FHD 1920x1080 Laptop, Intel Core i7-1165G7, Intel Iris Xe Graphics, 16 GB RAM, 1TB SSD, Windows 11",https://www.amazon.ca/Acer-A315-58-79F3-1920x1080-i7-1165G7-Graphics/dp/B0D2DW29NX/ref=sr_1_56?crid=1E63C3THFEGDP&dib=eyJ2IjoiMSJ9.akMDTOG5KBho4VWXJdqFI8EQq3zg3Tep4GghGuvoFQ_7cp8iETpMHFO4NgIhB7cnSrYyeL6kWqeyqJujKxZbY4WJ6OVWgaXZyQU9NMzTm12fRp0_aHi6oQPZpwiQK25c5hDtghNfY2TOPS5BUsVKzr-ao1Z4P9ayOzwNqtcGuCF1_Wr-4MGbjQfoKsthDqzJuhRB17snfwjjLfhNPI5qM4vhqmpTkz-oqSjWSUeKrSkfgOTYFC8cZ_1Vg-GClmy7ct76t8Or8SSxPTK0h_Lrzjb0-EHZnyWqZAIzlDe1_qs.iJtLNvn-8ETDI23NzMYzW-Nv16wHnFuQyS1MCrblk9k&dib_tag=se&keywords=laptop&qid=1729745479&sprefix=laptop%2Caps%2C128&sr=8-56,899.99,FREE delivery Oct 31 - Nov 7 ,50+ bought in past month,Not available
Dell Latitude 5400 Laptop 14 - Intel Core i5 8th Gen - i5-8365U - Dual Core 4.1Ghz - 512GB SSD - 16GB RAM - 1920x1080 FHD - Windows 10 Pro (Renewed),https://www.amazon.ca/Dell-Latitude-5400-Laptop-1920x1080/dp/B08F5JSHJ9/ref=sr_1_55?crid=1E63C3THFEGDP&dib=eyJ2IjoiMSJ9.akMDTOG5KBho4VWXJdqFI8EQq3zg3Tep4GghGuvoFQ_7cp8iETpMHFO4NgIhB7cnSrYyeL6kWqeyqJujKxZbY4WJ6OVWgaXZyQU9NMzTm12fRp0_aHi6oQPZpwiQK25c5hDtghNfY2TOPS5BUsVKzr-ao1Z4P9ayOzwNqtcGuCF1_Wr-4MGbjQfoKsthDqzJuhRB17snfwjjLfhNPI5qM4vhqmpTkz-oqSjWSUeKrSkfgOTYFC8cZ_1Vg-GClmy7ct76t8Or8SSxPTK0h_Lrzjb0-EHZnyWqZAIzlDe1_qs.iJtLNvn-8ETDI23NzMYzW-Nv16wHnFuQyS1MCrblk9k&dib_tag=se&keywords=laptop&qid=1729745479&sprefix=laptop%2Caps%2C128&sr=8-55,282.00,3.7,117,Not available
"HP Premium Stream 14"" HD BrightView Laptop, Intel Celeron N4120, 16GB RAM, 352GB Storage(64GB eMMC+288GB Docking Station Set), Intel UHD Graphics, Webcam, 1 Year Office 365, WiFi, HDMI, Win 11s, White",https://www.amazon.ca/HP-Premium-Stream-BrightView-Graphics/dp/B0D836YBZ5/ref=sr_1_52?crid=1E63C3THFEGDP&dib=eyJ2IjoiMSJ9.akMDTOG5KBho4VWXJdqFI8EQq3zg3Tep4GghGuvoFQ_7cp8iETpMHFO4NgIhB7cnSrYyeL6kWqeyqJujKxZbY4WJ6OVWgaXZyQU9NMzTm12fRp0_aHi6oQPZpwiQK25c5hDtghNfY2TOPS5BUsVKzr-ao1Z4P9ayOzwNqtcGuCF1_Wr-4MGbjQfoKsthDqzJuhRB17snfwjjLfhNPI5qM4vhqmpTkz-oqSjWSUeKrSkfgOTYFC8cZ_1Vg-GClmy7ct76t8Or8SSxPTK0h_Lrzjb0-EHZnyWqZAIzlDe1_qs.iJtLNvn-8ETDI23NzMYzW-Nv16wHnFuQyS1MCrblk9k&dib_tag=se&keywords=laptop&qid=1729745479&sprefix=laptop%2Caps%2C128&sr=8-52,439.00,4.3,25,Not available
"Lenovo IdeaPad 15.6"" FHD Laptop, Intel Pentium Silver N6000 Processor, 20GB RAM, 1TB PCIe SSD, 720P HD Webcam, Dolby Audio, 1 Year Office 365, Win 11, Blue, 32GB Hotface USB Card",https://www.amazon.ca/Lenovo-IdeaPad-Pentium-Processor-Hotface/dp/B0CPHSNGPF/ref=sr_1_50?crid=1E63C3THFEGDP&dib=eyJ2IjoiMSJ9.akMDTOG5KBho4VWXJdqFI8EQq3zg3Tep4GghGuvoFQ_7cp8iETpMHFO4NgIhB7cnSrYyeL6kWqeyqJujKxZbY4WJ6OVWgaXZyQU9NMzTm12fRp0_aHi6oQPZpwiQK25c5hDtghNfY2TOPS5BUsVKzr-ao1Z4P9ayOzwNqtcGuCF1_Wr-4MGbjQfoKsthDqzJuhRB17snfwjjLfhNPI5qM4vhqmpTkz-oqSjWSUeKrSkfgOTYFC8cZ_1Vg-GClmy7ct76t8Or8SSxPTK0h_Lrzjb0-EHZnyWqZAIzlDe1_qs.iJtLNvn-8ETDI23NzMYzW-Nv16wHnFuQyS1MCrblk9k&dib_tag=se&keywords=laptop&qid=1729745479&sprefix=laptop%2Caps%2C128&sr=8-50,589.00,4.0,"1,595",Not available
"MSI Thin 15 B13VE-1697CA 15.6"" 144Hz Gaming Laptop Intel® Core™ i5-13420H RTX 4050 16GB 512GB NVMe SSD Win11",https://www.amazon.ca/MSI-B13VE-1697CA-Gaming-Laptop-i5-13420H/dp/B0CSY75ZCN/ref=sr_1_51?crid=1E63C3THFEGDP&dib=eyJ2IjoiMSJ9.akMDTOG5KBho4VWXJdqFI8EQq3zg3Tep4GghGuvoFQ_7cp8iETpMHFO4NgIhB7cnSrYyeL6kWqeyqJujKxZbY4WJ6OVWgaXZyQU9NMzTm12fRp0_aHi6oQPZpwiQK25c5hDtghNfY2TOPS5BUsVKzr-ao1Z4P9ayOzwNqtcGuCF1_Wr-4MGbjQfoKsthDqzJuhRB17snfwjjLfhNPI5qM4vhqmpTkz-oqSjWSUeKrSkfgOTYFC8cZ_1Vg-GClmy7ct76t8Or8SSxPTK0h_Lrzjb0-EHZnyWqZAIzlDe1_qs.iJtLNvn-8ETDI23NzMYzW-Nv16wHnFuQyS1MCrblk9k&dib_tag=se&keywords=laptop&qid=1729745479&sprefix=laptop%2Caps%2C128&sr=8-51,909.95,3.9,16,Not available
"HP EliteBook 820 G2 12.5in Laptop, Intel Core i5-5300U 2.3GHz, 8GB Ram, 256GB Solid State Drive, Windows 10 Pro 64bit (Renewed)",https://www.amazon.ca/EliteBook-12-5in-i5-5300U-Windows-Renewed/dp/B07FCWX4GT/ref=sr_1_54?crid=1E63C3THFEGDP&dib=eyJ2IjoiMSJ9.akMDTOG5KBho4VWXJdqFI8EQq3zg3Tep4GghGuvoFQ_7cp8iETpMHFO4NgIhB7cnSrYyeL6kWqeyqJujKxZbY4WJ6OVWgaXZyQU9NMzTm12fRp0_aHi6oQPZpwiQK25c5hDtghNfY2TOPS5BUsVKzr-ao1Z4P9ayOzwNqtcGuCF1_Wr-4MGbjQfoKsthDqzJuhRB17snfwjjLfhNPI5qM4vhqmpTkz-oqSjWSUeKrSkfgOTYFC8cZ_1Vg-GClmy7ct76t8Or8SSxPTK0h_Lrzjb0-EHZnyWqZAIzlDe1_qs.iJtLNvn-8ETDI23NzMYzW-Nv16wHnFuQyS1MCrblk9k&dib_tag=se&keywords=laptop&qid=1729745479&sprefix=laptop%2Caps%2C128&sr=8-54,168.25,3.9,225,Not available
"ASUS Vivobook 14"" FHD Anti-Glare Laptop, Intel i3-1215U, 16GB RAM, 416GB Storage(256GB SSD+160GB Docking Station Set), Intel Iris Xe Graphics, HD Camera, WiFi 6E, Bluetooth, Win 11, Quiet Blue",https://www.amazon.ca/ASUS-Vivobook-Anti-Glare-i3-1215U-Bluetooth/dp/B0D9LJW6XK/ref=sr_1_53?crid=1E63C3THFEGDP&dib=eyJ2IjoiMSJ9.akMDTOG5KBho4VWXJdqFI8EQq3zg3Tep4GghGuvoFQ_7cp8iETpMHFO4NgIhB7cnSrYyeL6kWqeyqJujKxZbY4WJ6OVWgaXZyQU9NMzTm12fRp0_aHi6oQPZpwiQK25c5hDtghNfY2TOPS5BUsVKzr-ao1Z4P9ayOzwNqtcGuCF1_Wr-4MGbjQfoKsthDqzJuhRB17snfwjjLfhNPI5qM4vhqmpTkz-oqSjWSUeKrSkfgOTYFC8cZ_1Vg-GClmy7ct76t8Or8SSxPTK0h_Lrzjb0-EHZnyWqZAIzlDe1_qs.iJtLNvn-8ETDI23NzMYzW-Nv16wHnFuQyS1MCrblk9k&dib_tag=se&keywords=laptop&qid=1729745479&sprefix=laptop%2Caps%2C128&sr=8-53,549.00,4.3,40,Not available
"Acer 15.6"" Full HD IPS Touch Screen Laptop | AMD Ryzen 5 7520U CPU | 16 GB LPDDR5 RAM | 512 GB Fast SSD | Windows 11 Home (1 yr Manufacturer Warranty) (Renewed)",https://www.amazon.ca/Acer-Windows-Manufacturer-Warranty-Renewed/dp/B0DFP9LB5V/ref=sr_1_48?crid=1E63C3THFEGDP&dib=eyJ2IjoiMSJ9.8IJhOmDWzPhvmmClWYIoKwA9VFkNUnI3MVUYW5raIrKiVHPXh1JiM9QTjdTE7ykRh95NQVYy24zC1UqrK28-Q8lkTJoNb6yaRjKaKFcIyna_SSS97Bs6PknQbx3AQjBctCz0YDDmHTiWOf88vmXo5ouVdP1Q5NDCme2RVD6BuoVTVe19Lu5I7I9fGUJ4b2iZOB7mQs3AfT7uQ9js_lTJSDzSrbGV4lzAo2fNmn1qtlo-FejUie1F4tsFYTSR1FWHK_bgf_XsFIBJWR6K7qmXEGoB9-fR64EV2n1Gx4uI93I.bv6qJSZ0GEQEUI2q9uEicplDDGWYs10aWBKJDUqzfsI&dib_tag=se&keywords=laptop&qid=1729745479&sprefix=laptop%2Caps%2C128&sr=8-48,515.00,"FREE delivery Sun, Oct 27 ",No reviews available,Not available
"Lenovo Ideapad 1i 15.6"" FHD Touchscreen Laptop, Intel i3-1215U, 16GB RAM, 1.16TB Storage(1TB SSD+160GB Docking Station Set), Intel UHD Graphics, Numeric Keypad, Windows 11 Pro, Gray",https://www.amazon.ca/Lenovo-Ideapad-1i-Touchscreen-i3-1215U/dp/B0D5HKJ3T2/ref=sr_1_47?crid=1E63C3THFEGDP&dib=eyJ2IjoiMSJ9.8IJhOmDWzPhvmmClWYIoKwA9VFkNUnI3MVUYW5raIrKiVHPXh1JiM9QTjdTE7ykRh95NQVYy24zC1UqrK28-Q8lkTJoNb6yaRjKaKFcIyna_SSS97Bs6PknQbx3AQjBctCz0YDDmHTiWOf88vmXo5ouVdP1Q5NDCme2RVD6BuoVTVe19Lu5I7I9fGUJ4b2iZOB7mQs3AfT7uQ9js_lTJSDzSrbGV4lzAo2fNmn1qtlo-FejUie1F4tsFYTSR1FWHK_bgf_XsFIBJWR6K7qmXEGoB9-fR64EV2n1Gx4uI93I.bv6qJSZ0GEQEUI2q9uEicplDDGWYs10aWBKJDUqzfsI&dib_tag=se&keywords=laptop&qid=1729745479&sprefix=laptop%2Caps%2C128&sr=8-47,689.00,4.5,637,Not available
"Lenovo 14E Chromebook 81MH0006US 14"" Chromebook - 1920 X 1080 - A-Series A4-9120 - 4 GB RAM - 32 GB Flash Memory - Chrome OS - AMD Radeon R3 Graphics - English (US) (Renewed)",https://www.amazon.ca/Lenovo-14E-Chromebook-81MH0006US-14/dp/B07Z9RSJHN/ref=sr_1_46?crid=1E63C3THFEGDP&dib=eyJ2IjoiMSJ9.8IJhOmDWzPhvmmClWYIoKwA9VFkNUnI3MVUYW5raIrKiVHPXh1JiM9QTjdTE7ykRh95NQVYy24zC1UqrK28-Q8lkTJoNb6yaRjKaKFcIyna_SSS97Bs6PknQbx3AQjBctCz0YDDmHTiWOf88vmXo5ouVdP1Q5NDCme2RVD6BuoVTVe19Lu5I7I9fGUJ4b2iZOB7mQs3AfT7uQ9js_lTJSDzSrbGV4lzAo2fNmn1qtlo-FejUie1F4tsFYTSR1FWHK_bgf_XsFIBJWR6K7qmXEGoB9-fR64EV2n1Gx4uI93I.bv6qJSZ0GEQEUI2q9uEicplDDGWYs10aWBKJDUqzfsI&dib_tag=se&keywords=laptop&qid=1729745479&sprefix=laptop%2Caps%2C128&sr=8-46,109.90,4.0,135,Not available
"Acer Aspire 3 A315-59-56K8, 15.6"" FHD 1920x1080 Laptop, Intel Core i5-1235U Processor, 8GB DDR4 RAM, 512GB SSD, Windows 11",https://www.amazon.ca/Acer-A315-59-56K8-1920x1080-i5-1235U-Processor/dp/B0CSPSVP7H/ref=sr_1_45?crid=1E63C3THFEGDP&dib=eyJ2IjoiMSJ9.8IJhOmDWzPhvmmClWYIoKwA9VFkNUnI3MVUYW5raIrKiVHPXh1JiM9QTjdTE7ykRh95NQVYy24zC1UqrK28-Q8lkTJoNb6yaRjKaKFcIyna_SSS97Bs6PknQbx3AQjBctCz0YDDmHTiWOf88vmXo5ouVdP1Q5NDCme2RVD6BuoVTVe19Lu5I7I9fGUJ4b2iZOB7mQs3AfT7uQ9js_lTJSDzSrbGV4lzAo2fNmn1qtlo-FejUie1F4tsFYTSR1FWHK_bgf_XsFIBJWR6K7qmXEGoB9-fR64EV2n1Gx4uI93I.bv6qJSZ0GEQEUI2q9uEicplDDGWYs10aWBKJDUqzfsI&dib_tag=se&keywords=laptop&qid=1729745479&sprefix=laptop%2Caps%2C128&sr=8-45,599.99,4.5,11,Not available
"HBESTORE 14.1inch Laptop with Featuring 1080p IPS Display,Quad-Core J4125 CPU,8GB RAM,512GB SSD Ample Storage,Built-in webcam,Suitable for office,Study and Entertainment (Purple)",https://www.amazon.ca/HBESTORE-14-1inch-Featuring-Quad-Core-Entertainment/dp/B0D8FTZ6FG/ref=sr_1_44?crid=1E63C3THFEGDP&dib=eyJ2IjoiMSJ9.8IJhOmDWzPhvmmClWYIoKwA9VFkNUnI3MVUYW5raIrKiVHPXh1JiM9QTjdTE7ykRh95NQVYy24zC1UqrK28-Q8lkTJoNb6yaRjKaKFcIyna_SSS97Bs6PknQbx3AQjBctCz0YDDmHTiWOf88vmXo5ouVdP1Q5NDCme2RVD6BuoVTVe19Lu5I7I9fGUJ4b2iZOB7mQs3AfT7uQ9js_lTJSDzSrbGV4lzAo2fNmn1qtlo-FejUie1F4tsFYTSR1FWHK_bgf_XsFIBJWR6K7qmXEGoB9-fR64EV2n1Gx4uI93I.bv6qJSZ0GEQEUI2q9uEicplDDGWYs10aWBKJDUqzfsI&dib_tag=se&keywords=laptop&qid=1729745479&sprefix=laptop%2Caps%2C128&sr=8-44,299.99,5.0,2,Not available
"2019 Lenovo ThinkPad T470 14in Full HD FHD (1920x1080) Business Laptop (Intel Core i5-6300U, 8GB DDR4 RAM, 256GB SSD) Thunderbolt, Type-C, HDMI RJ-45, Windows 10 Professional 64 Bit (Renewed)",https://www.amazon.ca/Lenovo-ThinkPad-1920x1080-Thunderbolt-Professional/dp/B086TV4475/ref=sr_1_43?crid=1E63C3THFEGDP&dib=eyJ2IjoiMSJ9.8IJhOmDWzPhvmmClWYIoKwA9VFkNUnI3MVUYW5raIrKiVHPXh1JiM9QTjdTE7ykRh95NQVYy24zC1UqrK28-Q8lkTJoNb6yaRjKaKFcIyna_SSS97Bs6PknQbx3AQjBctCz0YDDmHTiWOf88vmXo5ouVdP1Q5NDCme2RVD6BuoVTVe19Lu5I7I9fGUJ4b2iZOB7mQs3AfT7uQ9js_lTJSDzSrbGV4lzAo2fNmn1qtlo-FejUie1F4tsFYTSR1FWHK_bgf_XsFIBJWR6K7qmXEGoB9-fR64EV2n1Gx4uI93I.bv6qJSZ0GEQEUI2q9uEicplDDGWYs10aWBKJDUqzfsI&dib_tag=se&keywords=laptop&qid=1729745479&sprefix=laptop%2Caps%2C128&sr=8-43,219.00,4.1,855,Not available
"HP 14 inch Laptop, FHD Display, 13th Generation Intel Core i3-1315U, 12 GB RAM, 512 GB SSD, Intel UHD Graphics, Windows 11 Home, 14-ee0016ca",https://www.amazon.ca/HP-Generation-i3-1315U-Graphics-14-ee0016ca/dp/B0C42DN17Q/ref=sr_1_42?crid=1E63C3THFEGDP&dib=eyJ2IjoiMSJ9.8IJhOmDWzPhvmmClWYIoKwA9VFkNUnI3MVUYW5raIrKiVHPXh1JiM9QTjdTE7ykRh95NQVYy24zC1UqrK28-Q8lkTJoNb6yaRjKaKFcIyna_SSS97Bs6PknQbx3AQjBctCz0YDDmHTiWOf88vmXo5ouVdP1Q5NDCme2RVD6BuoVTVe19Lu5I7I9fGUJ4b2iZOB7mQs3AfT7uQ9js_lTJSDzSrbGV4lzAo2fNmn1qtlo-FejUie1F4tsFYTSR1FWHK_bgf_XsFIBJWR6K7qmXEGoB9-fR64EV2n1Gx4uI93I.bv6qJSZ0GEQEUI2q9uEicplDDGWYs10aWBKJDUqzfsI&dib_tag=se&keywords=laptop&qid=1729745479&sprefix=laptop%2Caps%2C128&sr=8-42,799.99,4.2,103,Not available
"ASUS Vivobook Go 15 L510 Thin & Light Laptop, 15.6” HD Display, Intel® Pentium® Silver N6000, 4GB RAM, 128GB eMMC, Windows 11 Home in S Mode, Includes 1 Year Microsoft 365, L510KA-AS01-CA",https://www.amazon.ca/ASUS-Vivobook-Pentium%C2%AE-Microsoft-L510KA-AS01-CA/dp/B0CPHFZ8XB/ref=sr_1_41?crid=1E63C3THFEGDP&dib=eyJ2IjoiMSJ9.8IJhOmDWzPhvmmClWYIoKwA9VFkNUnI3MVUYW5raIrKiVHPXh1JiM9QTjdTE7ykRh95NQVYy24zC1UqrK28-Q8lkTJoNb6yaRjKaKFcIyna_SSS97Bs6PknQbx3AQjBctCz0YDDmHTiWOf88vmXo5ouVdP1Q5NDCme2RVD6BuoVTVe19Lu5I7I9fGUJ4b2iZOB7mQs3AfT7uQ9js_lTJSDzSrbGV4lzAo2fNmn1qtlo-FejUie1F4tsFYTSR1FWHK_bgf_XsFIBJWR6K7qmXEGoB9-fR64EV2n1Gx4uI93I.bv6qJSZ0GEQEUI2q9uEicplDDGWYs10aWBKJDUqzfsI&dib_tag=se&keywords=laptop&qid=1729745479&sprefix=laptop%2Caps%2C128&sr=8-41,Price not available,4.6,3,Not available
"ASUS Vivobook Go 15 Laptop, 15.6” FHD Display, AMD Ryzen 5 7520U Processor, 16GB RAM, 1TB SSD, Windows 11 Home, E1504FA-DS52-CA",https://www.amazon.ca/ASUS-Vivobook-Display-Processor-E1504FA-DS52-CA/dp/B0CLDGMNYS/ref=sr_1_40?crid=1E63C3THFEGDP&dib=eyJ2IjoiMSJ9.8IJhOmDWzPhvmmClWYIoKwA9VFkNUnI3MVUYW5raIrKiVHPXh1JiM9QTjdTE7ykRh95NQVYy24zC1UqrK28-Q8lkTJoNb6yaRjKaKFcIyna_SSS97Bs6PknQbx3AQjBctCz0YDDmHTiWOf88vmXo5ouVdP1Q5NDCme2RVD6BuoVTVe19Lu5I7I9fGUJ4b2iZOB7mQs3AfT7uQ9js_lTJSDzSrbGV4lzAo2fNmn1qtlo-FejUie1F4tsFYTSR1FWHK_bgf_XsFIBJWR6K7qmXEGoB9-fR64EV2n1Gx4uI93I.bv6qJSZ0GEQEUI2q9uEicplDDGWYs10aWBKJDUqzfsI&dib_tag=se&keywords=laptop&qid=1729745479&sprefix=laptop%2Caps%2C128&sr=8-40,Price not available,4.1,21,Not available
"HP 17.3"" IPS FHD Business Laptop, Intel Core i3-N305 Processor, 16GB RAM, 512GB SSD, Intel UHD Graphics, Full-Size Keyboard, HD Camera, Wi-Fi 6, Windows 11 Pro, Natural Silver, 32GB Hotface USB Card",https://www.amazon.ca/HP-Business-Processor-Graphics-Full-size/dp/B0CRR1JGJ3/ref=sr_1_39?crid=1E63C3THFEGDP&dib=eyJ2IjoiMSJ9.8IJhOmDWzPhvmmClWYIoKwA9VFkNUnI3MVUYW5raIrKiVHPXh1JiM9QTjdTE7ykRh95NQVYy24zC1UqrK28-Q8lkTJoNb6yaRjKaKFcIyna_SSS97Bs6PknQbx3AQjBctCz0YDDmHTiWOf88vmXo5ouVdP1Q5NDCme2RVD6BuoVTVe19Lu5I7I9fGUJ4b2iZOB7mQs3AfT7uQ9js_lTJSDzSrbGV4lzAo2fNmn1qtlo-FejUie1F4tsFYTSR1FWHK_bgf_XsFIBJWR6K7qmXEGoB9-fR64EV2n1Gx4uI93I.bv6qJSZ0GEQEUI2q9uEicplDDGWYs10aWBKJDUqzfsI&dib_tag=se&keywords=laptop&qid=1729745479&sprefix=laptop%2Caps%2C128&sr=8-39,799.00,4.3,148,Not available
"Samsung Galaxy Book4 Laptop, 15.6"", Intel i7, 16GB RAM, 512GB Storage - Moonstone Gray",https://www.amazon.ca/Samsung-Galaxy-Book4-Laptop-Storage/dp/B0CV7GF9L6/ref=sr_1_38?crid=1E63C3THFEGDP&dib=eyJ2IjoiMSJ9.8IJhOmDWzPhvmmClWYIoKwA9VFkNUnI3MVUYW5raIrKiVHPXh1JiM9QTjdTE7ykRh95NQVYy24zC1UqrK28-Q8lkTJoNb6yaRjKaKFcIyna_SSS97Bs6PknQbx3AQjBctCz0YDDmHTiWOf88vmXo5ouVdP1Q5NDCme2RVD6BuoVTVe19Lu5I7I9fGUJ4b2iZOB7mQs3AfT7uQ9js_lTJSDzSrbGV4lzAo2fNmn1qtlo-FejUie1F4tsFYTSR1FWHK_bgf_XsFIBJWR6K7qmXEGoB9-fR64EV2n1Gx4uI93I.bv6qJSZ0GEQEUI2q9uEicplDDGWYs10aWBKJDUqzfsI&dib_tag=se&keywords=laptop&qid=1729745479&sprefix=laptop%2Caps%2C128&sr=8-38,899.99,3.7,50,Not available
"ASUS TUF Gaming F15 (2024) Gaming Laptop, 15.6” FHD 144Hz Display, GeForce RTX 3050, Intel Core i5-12500H, 8GB DDR4, 512GB PCIe SSD, Wi-Fi 6, Windows 11, FX507ZC4-AS51-CA",https://www.amazon.ca/Display-GeForce-i5-12500H-Windows-FX507ZC4-AS51-CA/dp/B0CS4XGCK2/ref=sr_1_37?crid=1E63C3THFEGDP&dib=eyJ2IjoiMSJ9.8IJhOmDWzPhvmmClWYIoKwA9VFkNUnI3MVUYW5raIrKiVHPXh1JiM9QTjdTE7ykRh95NQVYy24zC1UqrK28-Q8lkTJoNb6yaRjKaKFcIyna_SSS97Bs6PknQbx3AQjBctCz0YDDmHTiWOf88vmXo5ouVdP1Q5NDCme2RVD6BuoVTVe19Lu5I7I9fGUJ4b2iZOB7mQs3AfT7uQ9js_lTJSDzSrbGV4lzAo2fNmn1qtlo-FejUie1F4tsFYTSR1FWHK_bgf_XsFIBJWR6K7qmXEGoB9-fR64EV2n1Gx4uI93I.bv6qJSZ0GEQEUI2q9uEicplDDGWYs10aWBKJDUqzfsI&dib_tag=se&keywords=laptop&qid=1729745479&sprefix=laptop%2Caps%2C128&sr=8-37,899.00,4.0,20,Not available
"ASUS Vivobook Go 15 L510 Thin & Light Laptop, 15.6” HD Display, Intel Celeron N4020 Processor, 4GB RAM, 64GB eMMC, Windows 11 Home in S Mode, 1 Year Microsoft 365, L510MA-DH01-CA",https://www.amazon.ca/ASUS-Vivobook-Processor-Microsoft-L510MA-DH01-CA/dp/B0CWLVB4CQ/ref=sr_1_36?crid=1E63C3THFEGDP&dib=eyJ2IjoiMSJ9.8IJhOmDWzPhvmmClWYIoKwA9VFkNUnI3MVUYW5raIrKiVHPXh1JiM9QTjdTE7ykRh95NQVYy24zC1UqrK28-Q8lkTJoNb6yaRjKaKFcIyna_SSS97Bs6PknQbx3AQjBctCz0YDDmHTiWOf88vmXo5ouVdP1Q5NDCme2RVD6BuoVTVe19Lu5I7I9fGUJ4b2iZOB7mQs3AfT7uQ9js_lTJSDzSrbGV4lzAo2fNmn1qtlo-FejUie1F4tsFYTSR1FWHK_bgf_XsFIBJWR6K7qmXEGoB9-fR64EV2n1Gx4uI93I.bv6qJSZ0GEQEUI2q9uEicplDDGWYs10aWBKJDUqzfsI&dib_tag=se&keywords=laptop&qid=1729745479&sprefix=laptop%2Caps%2C128&sr=8-36,306.45,4.2,11,Not available
"ACEMAGIC Laptop 16GB DDR4 512GB SSD, Quad-Core Intel N95 Processor(Up to 3.4GHz), Windows 11 Ordinateur Portable, 15.6 inch FHD Laptop Computer, 2.4G/5G WiFi, BT5.0, USB3.2, Type_C, Metal Design",https://www.amazon.ca/ACEMAGIC-Quad-Core-Processor-Ordinateur-Portable/dp/B0CLZMK2CS/ref=sr_1_35?crid=1E63C3THFEGDP&dib=eyJ2IjoiMSJ9.8IJhOmDWzPhvmmClWYIoKwA9VFkNUnI3MVUYW5raIrKiVHPXh1JiM9QTjdTE7ykRh95NQVYy24zC1UqrK28-Q8lkTJoNb6yaRjKaKFcIyna_SSS97Bs6PknQbx3AQjBctCz0YDDmHTiWOf88vmXo5ouVdP1Q5NDCme2RVD6BuoVTVe19Lu5I7I9fGUJ4b2iZOB7mQs3AfT7uQ9js_lTJSDzSrbGV4lzAo2fNmn1qtlo-FejUie1F4tsFYTSR1FWHK_bgf_XsFIBJWR6K7qmXEGoB9-fR64EV2n1Gx4uI93I.bv6qJSZ0GEQEUI2q9uEicplDDGWYs10aWBKJDUqzfsI&dib_tag=se&keywords=laptop&qid=1729745479&sprefix=laptop%2Caps%2C128&sr=8-35,649.99,4.0,210,Not available
"Acer 15.6"" Full HD IPS Touch Screen Laptop | AMD Ryzen 5 7520U CPU | 8 GB LPDDR5 RAM | 512 GB Fast SSD (1 yr Manufacturer Warranty) (Renewed)",https://www.amazon.ca/Acer-Screen-Manufacturer-Warranty-Renewed/dp/B0CBVS5H7S/ref=sr_1_34?crid=1E63C3THFEGDP&dib=eyJ2IjoiMSJ9.8IJhOmDWzPhvmmClWYIoKwA9VFkNUnI3MVUYW5raIrKiVHPXh1JiM9QTjdTE7ykRh95NQVYy24zC1UqrK28-Q8lkTJoNb6yaRjKaKFcIyna_SSS97Bs6PknQbx3AQjBctCz0YDDmHTiWOf88vmXo5ouVdP1Q5NDCme2RVD6BuoVTVe19Lu5I7I9fGUJ4b2iZOB7mQs3AfT7uQ9js_lTJSDzSrbGV4lzAo2fNmn1qtlo-FejUie1F4tsFYTSR1FWHK_bgf_XsFIBJWR6K7qmXEGoB9-fR64EV2n1Gx4uI93I.bv6qJSZ0GEQEUI2q9uEicplDDGWYs10aWBKJDUqzfsI&dib_tag=se&keywords=laptop&qid=1729745479&sprefix=laptop%2Caps%2C128&sr=8-34,449.00,4.2,57,Not available
"ASUS TUF Gaming F17 (2024) Gaming Laptop, 17.3” FHD 144Hz Display, GeForce RTX 4050, Intel Core i7-13620H, 16GB DDR5, 512GB PCIe 4.0 SSD, Wi-Fi 6, Windows 11, FX707VU-AS72-CA",https://www.amazon.ca/Display-GeForce-i7-13620H-Windows-FX707VU-AS72-CA/dp/B0CS4CMMW5/ref=sr_1_33?crid=1E63C3THFEGDP&dib=eyJ2IjoiMSJ9.8IJhOmDWzPhvmmClWYIoKwA9VFkNUnI3MVUYW5raIrKiVHPXh1JiM9QTjdTE7ykRh95NQVYy24zC1UqrK28-Q8lkTJoNb6yaRjKaKFcIyna_SSS97Bs6PknQbx3AQjBctCz0YDDmHTiWOf88vmXo5ouVdP1Q5NDCme2RVD6BuoVTVe19Lu5I7I9fGUJ4b2iZOB7mQs3AfT7uQ9js_lTJSDzSrbGV4lzAo2fNmn1qtlo-FejUie1F4tsFYTSR1FWHK_bgf_XsFIBJWR6K7qmXEGoB9-fR64EV2n1Gx4uI93I.bv6qJSZ0GEQEUI2q9uEicplDDGWYs10aWBKJDUqzfsI&dib_tag=se&keywords=laptop&qid=1729745479&sprefix=laptop%2Caps%2C128&sr=8-33,"1,499.00",4.2,21,Not available
"Dell Latitude 3300 Laptop | 13.3"" 1366x768 HD | Core i5-8250U - 256GB SSD Hard Drive - 8GB RAM | 4 cores @ 3.4 GHz Win 10 Pro Black (Renewed)",https://www.amazon.ca/Dell-Latitude-3300-Laptop-1366x768/dp/B0DBGPP6L9/ref=sr_1_32?crid=1E63C3THFEGDP&dib=eyJ2IjoiMSJ9.8IJhOmDWzPhvmmClWYIoKwA9VFkNUnI3MVUYW5raIrKiVHPXh1JiM9QTjdTE7ykRh95NQVYy24zC1UqrK28-Q8lkTJoNb6yaRjKaKFcIyna_SSS97Bs6PknQbx3AQjBctCz0YDDmHTiWOf88vmXo5ouVdP1Q5NDCme2RVD6BuoVTVe19Lu5I7I9fGUJ4b2iZOB7mQs3AfT7uQ9js_lTJSDzSrbGV4lzAo2fNmn1qtlo-FejUie1F4tsFYTSR1FWHK_bgf_XsFIBJWR6K7qmXEGoB9-fR64EV2n1Gx4uI93I.bv6qJSZ0GEQEUI2q9uEicplDDGWYs10aWBKJDUqzfsI&dib_tag=se&keywords=laptop&qid=1729745479&sprefix=laptop%2Caps%2C128&sr=8-32,225.00,2.0,1,Not available
"Acer Chromebook 315, 15.6"" HD Widescreen, Intel Celeron N4020, 4GB LPDDR4, 64GB eMMC, Chrome OS, CB315-3H-C0UU Silver",https://www.amazon.ca/Acer-Chromebook-Widescreen-Celeron-CB315-3H-C0UU/dp/B09Z72BK8K/ref=sr_1_31?crid=1E63C3THFEGDP&dib=eyJ2IjoiMSJ9.8IJhOmDWzPhvmmClWYIoKwA9VFkNUnI3MVUYW5raIrKiVHPXh1JiM9QTjdTE7ykRh95NQVYy24zC1UqrK28-Q8lkTJoNb6yaRjKaKFcIyna_SSS97Bs6PknQbx3AQjBctCz0YDDmHTiWOf88vmXo5ouVdP1Q5NDCme2RVD6BuoVTVe19Lu5I7I9fGUJ4b2iZOB7mQs3AfT7uQ9js_lTJSDzSrbGV4lzAo2fNmn1qtlo-FejUie1F4tsFYTSR1FWHK_bgf_XsFIBJWR6K7qmXEGoB9-fR64EV2n1Gx4uI93I.bv6qJSZ0GEQEUI2q9uEicplDDGWYs10aWBKJDUqzfsI&dib_tag=se&keywords=laptop&qid=1729745479&sprefix=laptop%2Caps%2C128&sr=8-31,279.00,4.2,369,Not available
"Dell Latitude E5470 Laptop 14 Inch Notebook PC, Core i7-6600 - Intel HD Graphics 520, 16GB RAM, 256GB SSD, WiFi, Bluetooth, Wecam, HDMI, Windows 10 Pro (Renewed)",https://www.amazon.ca/Dell-Latitude-E5470-Business-Bluetooth/dp/B0CGRBN3HR/ref=sr_1_238?crid=1E63C3THFEGDP&dib=eyJ2IjoiMSJ9.vyT5BBSgt2cX4T0-hKG9fCrM8utZXmkmxN3xLuNgQw6wVAhW-5AklWqDZDHHDrOf0dw6dIklTqdleZmlV6b31ZH8UNazo0Z04bRPs9umLBNrI5LhVPNMXEW9Gyx9yHXiaitBU5-yGKbQpRpfgrKdje0_783rSlzAshG_OKExyD_h6Cseqkn5XoKTXAlnV9emk0y-g3TVeRGPsGG2_YezhDtH3f5uhLGs-MThLTNHo1LYynESUy36iFFeTwf6PRCLp7-YAynHwHwQ7FyoaZhGDzzrocnhbTVWQ1BHeOa0AsE.T0wWaXV_Bw6f7qGYd-T31WGsfZA4teZBRAdr_7nJlDQ&dib_tag=se&keywords=laptop&qid=1729745479&sprefix=laptop%2Caps%2C128&sr=8-238,294.00,3.4,4,Not available
"Dell G15 5530 15.6"" FHD 165Hz Gaming Laptop 2023 | Intel i9-13900HX 24-Core | NVIDIA GeForce RTX 4060 8GB | 4-Zone RGB Backlit Keyboard | USB-C | WiFi 6 | HDMI 2.1 | 32GB DDR5 1TB SSD | Win11 Pro",https://www.amazon.ca/Dell-i9-13900HX-24-Core-GeForce-Keyboard/dp/B0CPPCJ8QF/ref=sr_1_239?crid=1E63C3THFEGDP&dib=eyJ2IjoiMSJ9.vyT5BBSgt2cX4T0-hKG9fCrM8utZXmkmxN3xLuNgQw6wVAhW-5AklWqDZDHHDrOf0dw6dIklTqdleZmlV6b31ZH8UNazo0Z04bRPs9umLBNrI5LhVPNMXEW9Gyx9yHXiaitBU5-yGKbQpRpfgrKdje0_783rSlzAshG_OKExyD_h6Cseqkn5XoKTXAlnV9emk0y-g3TVeRGPsGG2_YezhDtH3f5uhLGs-MThLTNHo1LYynESUy36iFFeTwf6PRCLp7-YAynHwHwQ7FyoaZhGDzzrocnhbTVWQ1BHeOa0AsE.T0wWaXV_Bw6f7qGYd-T31WGsfZA4teZBRAdr_7nJlDQ&dib_tag=se&keywords=laptop&qid=1729745479&sprefix=laptop%2Caps%2C128&sr=8-239,"2,632.02",5.0,1,Not available
"Lenovo Ideapad 3i 15.6"" HD Touchscreen Laptop, (81X800MCUS)",https://www.amazon.ca/Lenovo-Ideapad-Touchscreen-81X800MCUS-Platinum/dp/B0BM53D3VR/ref=sr_1_237?crid=1E63C3THFEGDP&dib=eyJ2IjoiMSJ9.vyT5BBSgt2cX4T0-hKG9fCrM8utZXmkmxN3xLuNgQw6wVAhW-5AklWqDZDHHDrOf0dw6dIklTqdleZmlV6b31ZH8UNazo0Z04bRPs9umLBNrI5LhVPNMXEW9Gyx9yHXiaitBU5-yGKbQpRpfgrKdje0_783rSlzAshG_OKExyD_h6Cseqkn5XoKTXAlnV9emk0y-g3TVeRGPsGG2_YezhDtH3f5uhLGs-MThLTNHo1LYynESUy36iFFeTwf6PRCLp7-YAynHwHwQ7FyoaZhGDzzrocnhbTVWQ1BHeOa0AsE.T0wWaXV_Bw6f7qGYd-T31WGsfZA4teZBRAdr_7nJlDQ&dib_tag=se&keywords=laptop&qid=1729745479&sprefix=laptop%2Caps%2C128&sr=8-237,494.13,4.0,21,Not available
"ASUS ROG Strix G15 (2022) Gaming Laptop, 15.6” 165Hz IPS Type WQHD Display, NVIDIA GeForce RTX 3060, AMD Ryzen 7 6800H, 16GB DDR5, 1TB PCIe SSD, RGB Keyboard, Windows 11 Home, G513RM-AS71-CA",https://www.amazon.ca/Display-GeForce-Keyboard-Windows-G513RM-AS71-CA/dp/B09V6VTGYG/ref=sr_1_235?crid=1E63C3THFEGDP&dib=eyJ2IjoiMSJ9.vyT5BBSgt2cX4T0-hKG9fCrM8utZXmkmxN3xLuNgQw6wVAhW-5AklWqDZDHHDrOf0dw6dIklTqdleZmlV6b31ZH8UNazo0Z04bRPs9umLBNrI5LhVPNMXEW9Gyx9yHXiaitBU5-yGKbQpRpfgrKdje0_783rSlzAshG_OKExyD_h6Cseqkn5XoKTXAlnV9emk0y-g3TVeRGPsGG2_YezhDtH3f5uhLGs-MThLTNHo1LYynESUy36iFFeTwf6PRCLp7-YAynHwHwQ7FyoaZhGDzzrocnhbTVWQ1BHeOa0AsE.T0wWaXV_Bw6f7qGYd-T31WGsfZA4teZBRAdr_7nJlDQ&dib_tag=se&keywords=laptop&qid=1729745479&sprefix=laptop%2Caps%2C128&sr=8-235,"1,679.00",4.2,272,Not available
"Dell Latitude 5410 Business Laptop, 14'' FHD Notebook, 10th Gen Intel Core i5-10210U, 16GB RAM, 512GB SSD, Backlit Keyboard, HDMI, Wi-Fi, Bluetooth, Camera, Windows 10 Pro 64-bit (Renewed)",https://www.amazon.ca/Dell-Latitude-5410-i5-10210U-Bluetooth/dp/B0CKN4WMZW/ref=sr_1_233?crid=1E63C3THFEGDP&dib=eyJ2IjoiMSJ9.vyT5BBSgt2cX4T0-hKG9fCrM8utZXmkmxN3xLuNgQw6wVAhW-5AklWqDZDHHDrOf0dw6dIklTqdleZmlV6b31ZH8UNazo0Z04bRPs9umLBNrI5LhVPNMXEW9Gyx9yHXiaitBU5-yGKbQpRpfgrKdje0_783rSlzAshG_OKExyD_h6Cseqkn5XoKTXAlnV9emk0y-g3TVeRGPsGG2_YezhDtH3f5uhLGs-MThLTNHo1LYynESUy36iFFeTwf6PRCLp7-YAynHwHwQ7FyoaZhGDzzrocnhbTVWQ1BHeOa0AsE.T0wWaXV_Bw6f7qGYd-T31WGsfZA4teZBRAdr_7nJlDQ&dib_tag=se&keywords=laptop&qid=1729745479&sprefix=laptop%2Caps%2C128&sr=8-233,364.99,3.9,24,Not available
"Samsung Galaxy Book3 Pro 360 16"" AMOLED 2-in-1 Touchscreen Laptop, Intel i7-1360P, 1TB SSD, 16GB RAM, Windows 11 Home, NP960QFG-KA2CA - Graphite (Renewed)",https://www.amazon.ca/Samsung-Touchscreen-i7-1360P-Windows-NP960QFG-KA2CA/dp/B0CBSWQ2CL/ref=sr_1_234?crid=1E63C3THFEGDP&dib=eyJ2IjoiMSJ9.vyT5BBSgt2cX4T0-hKG9fCrM8utZXmkmxN3xLuNgQw6wVAhW-5AklWqDZDHHDrOf0dw6dIklTqdleZmlV6b31ZH8UNazo0Z04bRPs9umLBNrI5LhVPNMXEW9Gyx9yHXiaitBU5-yGKbQpRpfgrKdje0_783rSlzAshG_OKExyD_h6Cseqkn5XoKTXAlnV9emk0y-g3TVeRGPsGG2_YezhDtH3f5uhLGs-MThLTNHo1LYynESUy36iFFeTwf6PRCLp7-YAynHwHwQ7FyoaZhGDzzrocnhbTVWQ1BHeOa0AsE.T0wWaXV_Bw6f7qGYd-T31WGsfZA4teZBRAdr_7nJlDQ&dib_tag=se&keywords=laptop&qid=1729745479&sprefix=laptop%2Caps%2C128&sr=8-234,"1,297.00",4.7,12,Not available
"HP Elitebook 840 G3 14in Laptop, Core i5-6300U 2.4GHz, 8GB RAM, 256GB Solid State Drive, Windows 10 Pro 64bit, CAM (Renewed)",https://www.amazon.ca/HP-Elitebook-i5-6300U-Windows-Renewed/dp/B07MNTPW8B/ref=sr_1_232?crid=1E63C3THFEGDP&dib=eyJ2IjoiMSJ9.vyT5BBSgt2cX4T0-hKG9fCrM8utZXmkmxN3xLuNgQw6wVAhW-5AklWqDZDHHDrOf0dw6dIklTqdleZmlV6b31ZH8UNazo0Z04bRPs9umLBNrI5LhVPNMXEW9Gyx9yHXiaitBU5-yGKbQpRpfgrKdje0_783rSlzAshG_OKExyD_h6Cseqkn5XoKTXAlnV9emk0y-g3TVeRGPsGG2_YezhDtH3f5uhLGs-MThLTNHo1LYynESUy36iFFeTwf6PRCLp7-YAynHwHwQ7FyoaZhGDzzrocnhbTVWQ1BHeOa0AsE.T0wWaXV_Bw6f7qGYd-T31WGsfZA4teZBRAdr_7nJlDQ&dib_tag=se&keywords=laptop&qid=1729745479&sprefix=laptop%2Caps%2C128&sr=8-232,234.99,4.2,48,Not available
"HP 15.6"" HD Everyday Laptop, Intel Pentium Silver N5030, 32GB RAM, 1TB PCIe SSD, Intel UHD Graphics 605, Island-Style Keyboard, HP Fast Charge, HD Camera, Win 11, Blue, 32GB USB Card (Renewed)",https://www.amazon.ca/HP-Everyday-Graphics-Island-Style-Keyboard/dp/B0CWK6VTN2/ref=sr_1_236?crid=1E63C3THFEGDP&dib=eyJ2IjoiMSJ9.vyT5BBSgt2cX4T0-hKG9fCrM8utZXmkmxN3xLuNgQw6wVAhW-5AklWqDZDHHDrOf0dw6dIklTqdleZmlV6b31ZH8UNazo0Z04bRPs9umLBNrI5LhVPNMXEW9Gyx9yHXiaitBU5-yGKbQpRpfgrKdje0_783rSlzAshG_OKExyD_h6Cseqkn5XoKTXAlnV9emk0y-g3TVeRGPsGG2_YezhDtH3f5uhLGs-MThLTNHo1LYynESUy36iFFeTwf6PRCLp7-YAynHwHwQ7FyoaZhGDzzrocnhbTVWQ1BHeOa0AsE.T0wWaXV_Bw6f7qGYd-T31WGsfZA4teZBRAdr_7nJlDQ&dib_tag=se&keywords=laptop&qid=1729745479&sprefix=laptop%2Caps%2C128&sr=8-236,529.00,4.3,32,Not available
"HP Laptop 14"" HD Display, Intel Celeron N4120 Quad-Core Processor 1.1GHz, 4GB RAM, 64GB eMMC, Bluetooth & Wi-Fi Connectivity, Windows 11 Home S, Snowflake White (Renewed)",https://www.amazon.ca/HP-Quad-Core-Processor-Bluetooth-Connectivity/dp/B0B7265ZP6/ref=sr_1_229?crid=1E63C3THFEGDP&dib=eyJ2IjoiMSJ9.vyT5BBSgt2cX4T0-hKG9fCrM8utZXmkmxN3xLuNgQw6wVAhW-5AklWqDZDHHDrOf0dw6dIklTqdleZmlV6b31ZH8UNazo0Z04bRPs9umLBNrI5LhVPNMXEW9Gyx9yHXiaitBU5-yGKbQpRpfgrKdje0_783rSlzAshG_OKExyD_h6Cseqkn5XoKTXAlnV9emk0y-g3TVeRGPsGG2_YezhDtH3f5uhLGs-MThLTNHo1LYynESUy36iFFeTwf6PRCLp7-YAynHwHwQ7FyoaZhGDzzrocnhbTVWQ1BHeOa0AsE.T0wWaXV_Bw6f7qGYd-T31WGsfZA4teZBRAdr_7nJlDQ&dib_tag=se&keywords=laptop&qid=1729745479&sprefix=laptop%2Caps%2C128&sr=8-229,235.00,3.8,32,Not available
"Acer Aspire 5 Laptop | 15.6"" Full HD Display | 13th Gen Intel i3-1315U | 8GB LPDDR5 | 512GB NVMe SSD | Windows 11 Home (1 YR Manufacturer Warranty)",https://www.amazon.ca/Acer-Aspire-i3-1315U-Manufacturer-Warranty/dp/B0CHRSJLZC/ref=sr_1_231?crid=1E63C3THFEGDP&dib=eyJ2IjoiMSJ9.vyT5BBSgt2cX4T0-hKG9fCrM8utZXmkmxN3xLuNgQw6wVAhW-5AklWqDZDHHDrOf0dw6dIklTqdleZmlV6b31ZH8UNazo0Z04bRPs9umLBNrI5LhVPNMXEW9Gyx9yHXiaitBU5-yGKbQpRpfgrKdje0_783rSlzAshG_OKExyD_h6Cseqkn5XoKTXAlnV9emk0y-g3TVeRGPsGG2_YezhDtH3f5uhLGs-MThLTNHo1LYynESUy36iFFeTwf6PRCLp7-YAynHwHwQ7FyoaZhGDzzrocnhbTVWQ1BHeOa0AsE.T0wWaXV_Bw6f7qGYd-T31WGsfZA4teZBRAdr_7nJlDQ&dib_tag=se&keywords=laptop&qid=1729745479&sprefix=laptop%2Caps%2C128&sr=8-231,559.00,"FREE delivery Sun, Oct 27 ",Only 1 left in stock.,Not available
"HP 15-dy2001ca 15.6"" Touchscreen Laptop with Intel® i3-1125G4, 256GB SSD, 8GB RAM & Windows 10 Home",https://www.amazon.ca/HP-15-dy2001ca-Touchscreen-i3-1125G4-Windows/dp/B0CKJ1LXXM/ref=sr_1_230?crid=1E63C3THFEGDP&dib=eyJ2IjoiMSJ9.vyT5BBSgt2cX4T0-hKG9fCrM8utZXmkmxN3xLuNgQw6wVAhW-5AklWqDZDHHDrOf0dw6dIklTqdleZmlV6b31ZH8UNazo0Z04bRPs9umLBNrI5LhVPNMXEW9Gyx9yHXiaitBU5-yGKbQpRpfgrKdje0_783rSlzAshG_OKExyD_h6Cseqkn5XoKTXAlnV9emk0y-g3TVeRGPsGG2_YezhDtH3f5uhLGs-MThLTNHo1LYynESUy36iFFeTwf6PRCLp7-YAynHwHwQ7FyoaZhGDzzrocnhbTVWQ1BHeOa0AsE.T0wWaXV_Bw6f7qGYd-T31WGsfZA4teZBRAdr_7nJlDQ&dib_tag=se&keywords=laptop&qid=1729745479&sprefix=laptop%2Caps%2C128&sr=8-230,Price not available,4.0,"2,110",Not available
"Lenovo ThinkPad T470 14"" FHD IPS Touch-Screen Laptop, Intel Core i5-6300U up to 3.0GHz, 8GB DDR4, 256GB PCIe SSD, Webcam, Wireless AC, LTE-A, Thunderbolt, Fingerprint Reader, Windows 10 Professional (Renewed)",https://www.amazon.ca/Lenovo-Touch-Screen-Thunderbolt-Fingerprint-Professional/dp/B08KYJ6DMX/ref=sr_1_228?crid=1E63C3THFEGDP&dib=eyJ2IjoiMSJ9.vyT5BBSgt2cX4T0-hKG9fCrM8utZXmkmxN3xLuNgQw6wVAhW-5AklWqDZDHHDrOf0dw6dIklTqdleZmlV6b31ZH8UNazo0Z04bRPs9umLBNrI5LhVPNMXEW9Gyx9yHXiaitBU5-yGKbQpRpfgrKdje0_783rSlzAshG_OKExyD_h6Cseqkn5XoKTXAlnV9emk0y-g3TVeRGPsGG2_YezhDtH3f5uhLGs-MThLTNHo1LYynESUy36iFFeTwf6PRCLp7-YAynHwHwQ7FyoaZhGDzzrocnhbTVWQ1BHeOa0AsE.T0wWaXV_Bw6f7qGYd-T31WGsfZA4teZBRAdr_7nJlDQ&dib_tag=se&keywords=laptop&qid=1729745479&sprefix=laptop%2Caps%2C128&sr=8-228,268.00,5.0,2,Not available
"Lenovo Ideapad 3i 15.6"" Touchscreen FHD Laptop - Intel Core i5-1155G7, 8GB RAM, 512GB SSD, Windows 11 S Mode - Abyss Blue (82H803SBUS)",https://www.amazon.ca/Lenovo-Ideapad-15-6-Touchscreen-Laptop/dp/B0CT3Y84T8/ref=sr_1_227?crid=1E63C3THFEGDP&dib=eyJ2IjoiMSJ9.vyT5BBSgt2cX4T0-hKG9fCrM8utZXmkmxN3xLuNgQw6wVAhW-5AklWqDZDHHDrOf0dw6dIklTqdleZmlV6b31ZH8UNazo0Z04bRPs9umLBNrI5LhVPNMXEW9Gyx9yHXiaitBU5-yGKbQpRpfgrKdje0_783rSlzAshG_OKExyD_h6Cseqkn5XoKTXAlnV9emk0y-g3TVeRGPsGG2_YezhDtH3f5uhLGs-MThLTNHo1LYynESUy36iFFeTwf6PRCLp7-YAynHwHwQ7FyoaZhGDzzrocnhbTVWQ1BHeOa0AsE.T0wWaXV_Bw6f7qGYd-T31WGsfZA4teZBRAdr_7nJlDQ&dib_tag=se&keywords=laptop&qid=1729745479&sprefix=laptop%2Caps%2C128&sr=8-227,599.98,3.0,1,Not available
"Dell Inspiron 15.6"" FHD Business Laptop, Intel Core i3-1215U, 32GB DDR4 RAM, 2TB PCIe SSD, Intel UHD Graphics, Numeric Keypad, Webcam, Wi-Fi 6, Bluetooth, Black, Win 11 Pro",https://www.amazon.ca/Dell-Inspiron-15-6-Business-Bluetooth/dp/B07SZ2TM2J/ref=sr_1_144?crid=1E63C3THFEGDP&dib=eyJ2IjoiMSJ9.etQhvvTfXPUbALAy-xmaolhPzlrVxfuVwAiHV0j9z3wGh05wPTdhnvaUVdEXhXV1o-HUmg1afYMhdMEm0jsG70jLyDHHMK7DaVP8O_60HYLC_etTx1_aE60Pwrbn8K06aSdIHlOkU7k5ayeV9w0XY9HUho0og39TuhCk-jhRgzG3k7HmT0p_KGxSyKiPMxm5XsmCA-3DJGGSwm2D_KH-m3Y1yalaPQ30iilj0oKoZohsdX_kjXLRoTJpxaSzJCrMHKC1qBJf0XJEBb9Rry8GkfkoZNu-HzPZBYODN-Lcsgg.RmoGAEwq6HNYKpA-OQ0EuVlmwLhqhXT0s1g7sCmbjiA&dib_tag=se&keywords=laptop&qid=1729745479&sprefix=laptop%2Caps%2C128&sr=8-144,829.00,5.0,1,Not available
"ASUS Zenbook 14 OLED 14” WUXGA Touchscreen Laptop, AMD Ryzen 7 8840HS, 16GB Memory, 1 TB SSD, Jade Black, UM3406HA-AS71-CA",https://www.amazon.ca/Zenbook-Touchscreen-Laptop-8840HS-UM3406HA-AS71-CA/dp/B0CY9W2GWG/ref=sr_1_143?crid=1E63C3THFEGDP&dib=eyJ2IjoiMSJ9.etQhvvTfXPUbALAy-xmaolhPzlrVxfuVwAiHV0j9z3wGh05wPTdhnvaUVdEXhXV1o-HUmg1afYMhdMEm0jsG70jLyDHHMK7DaVP8O_60HYLC_etTx1_aE60Pwrbn8K06aSdIHlOkU7k5ayeV9w0XY9HUho0og39TuhCk-jhRgzG3k7HmT0p_KGxSyKiPMxm5XsmCA-3DJGGSwm2D_KH-m3Y1yalaPQ30iilj0oKoZohsdX_kjXLRoTJpxaSzJCrMHKC1qBJf0XJEBb9Rry8GkfkoZNu-HzPZBYODN-Lcsgg.RmoGAEwq6HNYKpA-OQ0EuVlmwLhqhXT0s1g7sCmbjiA&dib_tag=se&keywords=laptop&qid=1729745479&sprefix=laptop%2Caps%2C128&sr=8-143,"1,399.00",3.7,9,Not available
"HP 15.6"" FHD Touchscreen Laptop, Intel i7-1255U, 64GB RAM, 2TB PCIe SSD, Backlit Keyboard, Intel Iris Xe Graphics, HD Camera, HP Fast Charge, Win 11 Pro, Silver, 32GB Hotface USB Card",https://www.amazon.ca/HP-Touchscreen-i7-1255U-Keyboard-Graphics/dp/B0CYZC2FZD/ref=sr_1_142?crid=1E63C3THFEGDP&dib=eyJ2IjoiMSJ9.etQhvvTfXPUbALAy-xmaolhPzlrVxfuVwAiHV0j9z3wGh05wPTdhnvaUVdEXhXV1o-HUmg1afYMhdMEm0jsG70jLyDHHMK7DaVP8O_60HYLC_etTx1_aE60Pwrbn8K06aSdIHlOkU7k5ayeV9w0XY9HUho0og39TuhCk-jhRgzG3k7HmT0p_KGxSyKiPMxm5XsmCA-3DJGGSwm2D_KH-m3Y1yalaPQ30iilj0oKoZohsdX_kjXLRoTJpxaSzJCrMHKC1qBJf0XJEBb9Rry8GkfkoZNu-HzPZBYODN-Lcsgg.RmoGAEwq6HNYKpA-OQ0EuVlmwLhqhXT0s1g7sCmbjiA&dib_tag=se&keywords=laptop&qid=1729745479&sprefix=laptop%2Caps%2C128&sr=8-142,"1,399.00",4.2,177,Not available
"Lenovo IdeaPad 1i 15.6"" FHD Business Laptop, Intel i5-1235U, 16GB RAM, 800GB Storage(512GB SSD+288GB Docking Station Set), Intel Iris Xe Graphics, Number Pad, HD Camera, WiFi 6, Win 11 Pro, Gray",https://www.amazon.ca/Lenovo-IdeaPad-1i-Business-i5-1235U/dp/B0D9LS4RX3/ref=sr_1_141?crid=1E63C3THFEGDP&dib=eyJ2IjoiMSJ9.etQhvvTfXPUbALAy-xmaolhPzlrVxfuVwAiHV0j9z3wGh05wPTdhnvaUVdEXhXV1o-HUmg1afYMhdMEm0jsG70jLyDHHMK7DaVP8O_60HYLC_etTx1_aE60Pwrbn8K06aSdIHlOkU7k5ayeV9w0XY9HUho0og39TuhCk-jhRgzG3k7HmT0p_KGxSyKiPMxm5XsmCA-3DJGGSwm2D_KH-m3Y1yalaPQ30iilj0oKoZohsdX_kjXLRoTJpxaSzJCrMHKC1qBJf0XJEBb9Rry8GkfkoZNu-HzPZBYODN-Lcsgg.RmoGAEwq6HNYKpA-OQ0EuVlmwLhqhXT0s1g7sCmbjiA&dib_tag=se&keywords=laptop&qid=1729745479&sprefix=laptop%2Caps%2C128&sr=8-141,769.00,4.6,13,Not available
Dell Latitude E7470 Laptop 14 - Intel Core i7 6th Gen - i7-6600U - 3.4Ghz - 256GB SSD - 8GB RAM - 1920x1080 FHD - Windows 10 Pro (Renewed),https://www.amazon.ca/Latitude-E7470-Ultrabook-Bluetooth-Refurbished/dp/B07GH93TB5/ref=sr_1_140?crid=1E63C3THFEGDP&dib=eyJ2IjoiMSJ9.etQhvvTfXPUbALAy-xmaolhPzlrVxfuVwAiHV0j9z3wGh05wPTdhnvaUVdEXhXV1o-HUmg1afYMhdMEm0jsG70jLyDHHMK7DaVP8O_60HYLC_etTx1_aE60Pwrbn8K06aSdIHlOkU7k5ayeV9w0XY9HUho0og39TuhCk-jhRgzG3k7HmT0p_KGxSyKiPMxm5XsmCA-3DJGGSwm2D_KH-m3Y1yalaPQ30iilj0oKoZohsdX_kjXLRoTJpxaSzJCrMHKC1qBJf0XJEBb9Rry8GkfkoZNu-HzPZBYODN-Lcsgg.RmoGAEwq6HNYKpA-OQ0EuVlmwLhqhXT0s1g7sCmbjiA&dib_tag=se&keywords=laptop&qid=1729745479&sprefix=laptop%2Caps%2C128&sr=8-140,299.99,3.3,11,Not available
"HP EliteBook 840 G1 14in HD Business Laptop Computer Ultrabook, Intel Core i5-4200U 1.9 GHz Processor, 8GB RAM, 256GB SSD, USB 3.0, VGA, WiFi, RJ45, Windows 10 Pro (Renewed) (256gb SSD)",https://www.amazon.ca/HP-EliteBook-840-G1-Refurbished/dp/B07BB2NPC8/ref=sr_1_138?crid=1E63C3THFEGDP&dib=eyJ2IjoiMSJ9.etQhvvTfXPUbALAy-xmaolhPzlrVxfuVwAiHV0j9z3wGh05wPTdhnvaUVdEXhXV1o-HUmg1afYMhdMEm0jsG70jLyDHHMK7DaVP8O_60HYLC_etTx1_aE60Pwrbn8K06aSdIHlOkU7k5ayeV9w0XY9HUho0og39TuhCk-jhRgzG3k7HmT0p_KGxSyKiPMxm5XsmCA-3DJGGSwm2D_KH-m3Y1yalaPQ30iilj0oKoZohsdX_kjXLRoTJpxaSzJCrMHKC1qBJf0XJEBb9Rry8GkfkoZNu-HzPZBYODN-Lcsgg.RmoGAEwq6HNYKpA-OQ0EuVlmwLhqhXT0s1g7sCmbjiA&dib_tag=se&keywords=laptop&qid=1729745479&sprefix=laptop%2Caps%2C128&sr=8-138,248.99,4.0,29,Not available
"Lenovo Thinkpad X390 Business Laptop, Intel Core i7-8665U 1.9GHz, 4.8GHz Max Turbo Frequency, 16GB DDR4 RAM, 512GB SSD, Fingeprint, Backlit Keyboard, 13.3"" FHD, Windows 10 Pro (Renewed)",https://www.amazon.ca/Lenovo-Thinkpad-X390-Frequency-Fingeprint/dp/B0CJ54DV3P/ref=sr_1_136?crid=1E63C3THFEGDP&dib=eyJ2IjoiMSJ9.etQhvvTfXPUbALAy-xmaolhPzlrVxfuVwAiHV0j9z3wGh05wPTdhnvaUVdEXhXV1o-HUmg1afYMhdMEm0jsG70jLyDHHMK7DaVP8O_60HYLC_etTx1_aE60Pwrbn8K06aSdIHlOkU7k5ayeV9w0XY9HUho0og39TuhCk-jhRgzG3k7HmT0p_KGxSyKiPMxm5XsmCA-3DJGGSwm2D_KH-m3Y1yalaPQ30iilj0oKoZohsdX_kjXLRoTJpxaSzJCrMHKC1qBJf0XJEBb9Rry8GkfkoZNu-HzPZBYODN-Lcsgg.RmoGAEwq6HNYKpA-OQ0EuVlmwLhqhXT0s1g7sCmbjiA&dib_tag=se&keywords=laptop&qid=1729745479&sprefix=laptop%2Caps%2C128&sr=8-136,395.99,3.8,7,Not available
"HP EliteBook 840 G5 14"" Laptop, Intel Core i5, 16GB, 256GB SSD, Windows 11 Pro. (Renewed)",https://www.amazon.ca/HP-EliteBook-Laptop-Windows-Renewed/dp/B0BN4LGR88/ref=sr_1_139?crid=1E63C3THFEGDP&dib=eyJ2IjoiMSJ9.etQhvvTfXPUbALAy-xmaolhPzlrVxfuVwAiHV0j9z3wGh05wPTdhnvaUVdEXhXV1o-HUmg1afYMhdMEm0jsG70jLyDHHMK7DaVP8O_60HYLC_etTx1_aE60Pwrbn8K06aSdIHlOkU7k5ayeV9w0XY9HUho0og39TuhCk-jhRgzG3k7HmT0p_KGxSyKiPMxm5XsmCA-3DJGGSwm2D_KH-m3Y1yalaPQ30iilj0oKoZohsdX_kjXLRoTJpxaSzJCrMHKC1qBJf0XJEBb9Rry8GkfkoZNu-HzPZBYODN-Lcsgg.RmoGAEwq6HNYKpA-OQ0EuVlmwLhqhXT0s1g7sCmbjiA&dib_tag=se&keywords=laptop&qid=1729745479&sprefix=laptop%2Caps%2C128&sr=8-139,305.00,4.3,37,Not available
"ASUS TUF Gaming A15 Gaming Laptop, 15.6” 144Hz FHD Display, AMD Ryzen™ 5 7535HS Processor, GeForce RTX 3050, 8GB DDR5 RAM, 512GB PCIe SSD Gen 4, Wi-Fi 6, Windows 11, FA506NC-DS51-CA",https://www.amazon.ca/ASUS-Display-RyzenTM-Processor-FA506NC-DS51-CA/dp/B0CW3MSLQ5/ref=sr_1_137?crid=1E63C3THFEGDP&dib=eyJ2IjoiMSJ9.etQhvvTfXPUbALAy-xmaolhPzlrVxfuVwAiHV0j9z3wGh05wPTdhnvaUVdEXhXV1o-HUmg1afYMhdMEm0jsG70jLyDHHMK7DaVP8O_60HYLC_etTx1_aE60Pwrbn8K06aSdIHlOkU7k5ayeV9w0XY9HUho0og39TuhCk-jhRgzG3k7HmT0p_KGxSyKiPMxm5XsmCA-3DJGGSwm2D_KH-m3Y1yalaPQ30iilj0oKoZohsdX_kjXLRoTJpxaSzJCrMHKC1qBJf0XJEBb9Rry8GkfkoZNu-HzPZBYODN-Lcsgg.RmoGAEwq6HNYKpA-OQ0EuVlmwLhqhXT0s1g7sCmbjiA&dib_tag=se&keywords=laptop&qid=1729745479&sprefix=laptop%2Caps%2C128&sr=8-137,848.98,4.3,5,Not available
"HP Laptop, 15.6"" HD Display, Intel N200 Processor, 16GB RAM, 128GB UFS, Windows 11 Home, Office 365 (1-Year), Bluetooth, Wi-Fi 6, Full-Size Keyboard with Numeric Keypad, Black",https://www.amazon.ca/HP-Processor-Bluetooth-Full-Size-Keyboard/dp/B0DBVCQG7N/ref=sr_1_135?crid=1E63C3THFEGDP&dib=eyJ2IjoiMSJ9.etQhvvTfXPUbALAy-xmaolhPzlrVxfuVwAiHV0j9z3wGh05wPTdhnvaUVdEXhXV1o-HUmg1afYMhdMEm0jsG70jLyDHHMK7DaVP8O_60HYLC_etTx1_aE60Pwrbn8K06aSdIHlOkU7k5ayeV9w0XY9HUho0og39TuhCk-jhRgzG3k7HmT0p_KGxSyKiPMxm5XsmCA-3DJGGSwm2D_KH-m3Y1yalaPQ30iilj0oKoZohsdX_kjXLRoTJpxaSzJCrMHKC1qBJf0XJEBb9Rry8GkfkoZNu-HzPZBYODN-Lcsgg.RmoGAEwq6HNYKpA-OQ0EuVlmwLhqhXT0s1g7sCmbjiA&dib_tag=se&keywords=laptop&qid=1729745479&sprefix=laptop%2Caps%2C128&sr=8-135,399.99,FREE delivery Oct 29 - 31 ,No reviews available,Not available
"HP 15.6"" FHD Laptop Computer, Intel i5-1135G7, 16GB DDR4 RAM, 512GB PCIe SSD, Intel Iris Xe Graphics, HD Webcam, Stereo Speakers, Windows 11, Silver, 32GB USB Card",https://www.amazon.ca/HP-Laptop-Computer-i5-1135G7-Graphics/dp/B0CPJCFQGC/ref=sr_1_134?crid=1E63C3THFEGDP&dib=eyJ2IjoiMSJ9.etQhvvTfXPUbALAy-xmaolhPzlrVxfuVwAiHV0j9z3wGh05wPTdhnvaUVdEXhXV1o-HUmg1afYMhdMEm0jsG70jLyDHHMK7DaVP8O_60HYLC_etTx1_aE60Pwrbn8K06aSdIHlOkU7k5ayeV9w0XY9HUho0og39TuhCk-jhRgzG3k7HmT0p_KGxSyKiPMxm5XsmCA-3DJGGSwm2D_KH-m3Y1yalaPQ30iilj0oKoZohsdX_kjXLRoTJpxaSzJCrMHKC1qBJf0XJEBb9Rry8GkfkoZNu-HzPZBYODN-Lcsgg.RmoGAEwq6HNYKpA-OQ0EuVlmwLhqhXT0s1g7sCmbjiA&dib_tag=se&keywords=laptop&qid=1729745479&sprefix=laptop%2Caps%2C128&sr=8-134,699.00,4.3,740,Not available
Dell Latitude 5320 Laptop 13.3 - Intel Core i7 11th Gen - i7-1185G7 - Quad Core 4.4Ghz - 512GB SSD - 16GB RAM - 1920x1080 FHD - Windows 10 Pro (Renewed),https://www.amazon.ca/Dell-Latitude-5320-Laptop-13-3/dp/B093WZ2X92/ref=sr_1_133?crid=1E63C3THFEGDP&dib=eyJ2IjoiMSJ9.etQhvvTfXPUbALAy-xmaolhPzlrVxfuVwAiHV0j9z3wGh05wPTdhnvaUVdEXhXV1o-HUmg1afYMhdMEm0jsG70jLyDHHMK7DaVP8O_60HYLC_etTx1_aE60Pwrbn8K06aSdIHlOkU7k5ayeV9w0XY9HUho0og39TuhCk-jhRgzG3k7HmT0p_KGxSyKiPMxm5XsmCA-3DJGGSwm2D_KH-m3Y1yalaPQ30iilj0oKoZohsdX_kjXLRoTJpxaSzJCrMHKC1qBJf0XJEBb9Rry8GkfkoZNu-HzPZBYODN-Lcsgg.RmoGAEwq6HNYKpA-OQ0EuVlmwLhqhXT0s1g7sCmbjiA&dib_tag=se&keywords=laptop&qid=1729745479&sprefix=laptop%2Caps%2C128&sr=8-133,482.99,4.3,7,Not available
"Lenovo Ideapad 1i 15.6"" FHD Touchscreen Laptop, Intel Core i3-1215U, 8GB RAM, 256GB SSD, Intel UHD Graphics, Windows 11 with Copilot AI, Wi-Fi 6, Smart Noise Cancelling, Cloud Gray",https://www.amazon.ca/Lenovo-Touchscreen-i3-1215U-Graphics-Cancelling/dp/B0DDV1GPRC/ref=sr_1_132?crid=1E63C3THFEGDP&dib=eyJ2IjoiMSJ9.etQhvvTfXPUbALAy-xmaolhPzlrVxfuVwAiHV0j9z3wGh05wPTdhnvaUVdEXhXV1o-HUmg1afYMhdMEm0jsG70jLyDHHMK7DaVP8O_60HYLC_etTx1_aE60Pwrbn8K06aSdIHlOkU7k5ayeV9w0XY9HUho0og39TuhCk-jhRgzG3k7HmT0p_KGxSyKiPMxm5XsmCA-3DJGGSwm2D_KH-m3Y1yalaPQ30iilj0oKoZohsdX_kjXLRoTJpxaSzJCrMHKC1qBJf0XJEBb9Rry8GkfkoZNu-HzPZBYODN-Lcsgg.RmoGAEwq6HNYKpA-OQ0EuVlmwLhqhXT0s1g7sCmbjiA&dib_tag=se&keywords=laptop&qid=1729745479&sprefix=laptop%2Caps%2C128&sr=8-132,499.99,5.0,1,Not available
"Lenovo 11.6"" 300e Chromebook Touchscreen LCD 2 in 1- MediaTek M8173C Quad-core 2.1GHz 4GB LPDDR3 32GB Flash Memory Chrome OS Model 81H00000US (Renewed)",https://www.amazon.ca/Lenovo-11-6-300e-Chromebook-Touchscreen/dp/B07RJZMC49/ref=sr_1_131?crid=1E63C3THFEGDP&dib=eyJ2IjoiMSJ9.etQhvvTfXPUbALAy-xmaolhPzlrVxfuVwAiHV0j9z3wGh05wPTdhnvaUVdEXhXV1o-HUmg1afYMhdMEm0jsG70jLyDHHMK7DaVP8O_60HYLC_etTx1_aE60Pwrbn8K06aSdIHlOkU7k5ayeV9w0XY9HUho0og39TuhCk-jhRgzG3k7HmT0p_KGxSyKiPMxm5XsmCA-3DJGGSwm2D_KH-m3Y1yalaPQ30iilj0oKoZohsdX_kjXLRoTJpxaSzJCrMHKC1qBJf0XJEBb9Rry8GkfkoZNu-HzPZBYODN-Lcsgg.RmoGAEwq6HNYKpA-OQ0EuVlmwLhqhXT0s1g7sCmbjiA&dib_tag=se&keywords=laptop&qid=1729745479&sprefix=laptop%2Caps%2C128&sr=8-131,150.00,3.8,"2,209",Not available
Acer Swift Go Intel Evo Laptop | 16” WUXGA Display | i7-1355U CPU | 16GB LPDDR5 RAM | 1TB SSD | 1 Yr Manufacturer Warranty (Renewed),https://www.amazon.ca/Acer-Display-i7-1355U-Manufacturer-Warranty/dp/B0CLYTVMXG/ref=sr_1_130?crid=1E63C3THFEGDP&dib=eyJ2IjoiMSJ9.etQhvvTfXPUbALAy-xmaolhPzlrVxfuVwAiHV0j9z3wGh05wPTdhnvaUVdEXhXV1o-HUmg1afYMhdMEm0jsG70jLyDHHMK7DaVP8O_60HYLC_etTx1_aE60Pwrbn8K06aSdIHlOkU7k5ayeV9w0XY9HUho0og39TuhCk-jhRgzG3k7HmT0p_KGxSyKiPMxm5XsmCA-3DJGGSwm2D_KH-m3Y1yalaPQ30iilj0oKoZohsdX_kjXLRoTJpxaSzJCrMHKC1qBJf0XJEBb9Rry8GkfkoZNu-HzPZBYODN-Lcsgg.RmoGAEwq6HNYKpA-OQ0EuVlmwLhqhXT0s1g7sCmbjiA&dib_tag=se&keywords=laptop&qid=1729745479&sprefix=laptop%2Caps%2C128&sr=8-130,799.00,4.4,4,Not available
"HP 14 inch Laptop, Full HD Display, Intel Pentium Silver N6000, 4 GB RAM, 256 GB SSD, Intel UHD Graphics, Windows 11 Home, 14-dq3016ca",https://www.amazon.ca/HP-Pentium-14-Inch-Display-14-dq3016ca/dp/B09VCLNG18/ref=sr_1_129?crid=1E63C3THFEGDP&dib=eyJ2IjoiMSJ9.etQhvvTfXPUbALAy-xmaolhPzlrVxfuVwAiHV0j9z3wGh05wPTdhnvaUVdEXhXV1o-HUmg1afYMhdMEm0jsG70jLyDHHMK7DaVP8O_60HYLC_etTx1_aE60Pwrbn8K06aSdIHlOkU7k5ayeV9w0XY9HUho0og39TuhCk-jhRgzG3k7HmT0p_KGxSyKiPMxm5XsmCA-3DJGGSwm2D_KH-m3Y1yalaPQ30iilj0oKoZohsdX_kjXLRoTJpxaSzJCrMHKC1qBJf0XJEBb9Rry8GkfkoZNu-HzPZBYODN-Lcsgg.RmoGAEwq6HNYKpA-OQ0EuVlmwLhqhXT0s1g7sCmbjiA&dib_tag=se&keywords=laptop&qid=1729745479&sprefix=laptop%2Caps%2C128&sr=8-129,427.35,3.6,212,Not available
"ASUS TUF A16 16"" 165Hz FHD Gaming Laptop, AMD Ryzen 7-7735HS, 32GB DDR5, 1TB SSD, AMD Radeon RX 7700S, Backlit Keyboard, 720p Camera, WiFi 6, Off Black, Win 11 Pro, 256GB Docking Station Set",https://www.amazon.ca/ASUS-TUF-A16-Gaming-7-7735HS/dp/B0D4TMVMKJ/ref=sr_1_288?crid=1E63C3THFEGDP&dib=eyJ2IjoiMSJ9.UD6ugI5eMGi-goeWpRbPkGs-M1H22VD6ry80d-nyuIV0j5L_ce_nlqf79GzEcuPKPtPzOJyn4jpooJeqI1huHh7W-rBDv8LcCLXssKPE57bwtAnp2de4Wm3I08l7BELZgK9shwL95KSXT133rm2LUHUYY4jph5l8kvBzvzjncC2mdLKNuTZjN80Zfp_h-iSAttoPGxqO8c7MPvp_YaKleG-o3lV4WOi2mpBpRq57T6czlYVLRvUf3BMvvc8VKmREI7OpYlL1sl9l3MkMmA-4Sy1i7XNw-N7WjUHZ6QekbX4.wDMMGw9evwoH-tDwOvj_W-j1jKWsnE_JU-nR61sO82w&dib_tag=se&keywords=laptop&qid=1729745479&sprefix=laptop%2Caps%2C128&sr=8-288,"1,679.00",4.2,87,Not available
"Dell Inspiron 15.6"" FHD 1920x1080 Touch Screen Laptop, Intel Core i5-1135G7, 16GB RAM, 512GB PCIe SSD, Carbon Black, Windows 11 Home in S Mode",https://www.amazon.ca/Dell-Inspiron-1920x1080-i5-1135G7-Windows/dp/B0D6VFDY3K/ref=sr_1_287?crid=1E63C3THFEGDP&dib=eyJ2IjoiMSJ9.UD6ugI5eMGi-goeWpRbPkGs-M1H22VD6ry80d-nyuIV0j5L_ce_nlqf79GzEcuPKPtPzOJyn4jpooJeqI1huHh7W-rBDv8LcCLXssKPE57bwtAnp2de4Wm3I08l7BELZgK9shwL95KSXT133rm2LUHUYY4jph5l8kvBzvzjncC2mdLKNuTZjN80Zfp_h-iSAttoPGxqO8c7MPvp_YaKleG-o3lV4WOi2mpBpRq57T6czlYVLRvUf3BMvvc8VKmREI7OpYlL1sl9l3MkMmA-4Sy1i7XNw-N7WjUHZ6QekbX4.wDMMGw9evwoH-tDwOvj_W-j1jKWsnE_JU-nR61sO82w&dib_tag=se&keywords=laptop&qid=1729745479&sprefix=laptop%2Caps%2C128&sr=8-287,679.99,FREE delivery Oct 29 - Nov 1 ,No reviews available,Not available
"HP Victus 15.6"" 144Hz FHD Gaming Laptop, AMD Ryzen 5 7535HS, 32GB DDR5 RAM, 1TB PCIe SSD, NVIDIA GeForce RTX 2050, Backlit Keyboard, Fast Charge, Mica Silver, Windows 11 Home, 32GB Hotface USB Card",https://www.amazon.ca/HP-Victus-15-6-GeForce-Keyboard/dp/B0CP3MZSS3/ref=sr_1_286?crid=1E63C3THFEGDP&dib=eyJ2IjoiMSJ9.UD6ugI5eMGi-goeWpRbPkGs-M1H22VD6ry80d-nyuIV0j5L_ce_nlqf79GzEcuPKPtPzOJyn4jpooJeqI1huHh7W-rBDv8LcCLXssKPE57bwtAnp2de4Wm3I08l7BELZgK9shwL95KSXT133rm2LUHUYY4jph5l8kvBzvzjncC2mdLKNuTZjN80Zfp_h-iSAttoPGxqO8c7MPvp_YaKleG-o3lV4WOi2mpBpRq57T6czlYVLRvUf3BMvvc8VKmREI7OpYlL1sl9l3MkMmA-4Sy1i7XNw-N7WjUHZ6QekbX4.wDMMGw9evwoH-tDwOvj_W-j1jKWsnE_JU-nR61sO82w&dib_tag=se&keywords=laptop&qid=1729745479&sprefix=laptop%2Caps%2C128&sr=8-286,"1,199.00",4.6,158,Not available
"Acer USB Hub 3.0, 4-Port Ultra Slim USB Adapter with Type C 5V3A, USB Splitter Extender Compatible with Laptop/Desktop/Mouse/Keyboard,Compatible with Windows,Linux,Acer,Chromebook,Surface-2FT",https://www.amazon.ca/Acer-Multiple-Splitter-Extender-Windows/dp/B0CN3F9Y1Z/ref=sr_1_285?crid=1E63C3THFEGDP&dib=eyJ2IjoiMSJ9.UD6ugI5eMGi-goeWpRbPkGs-M1H22VD6ry80d-nyuIV0j5L_ce_nlqf79GzEcuPKPtPzOJyn4jpooJeqI1huHh7W-rBDv8LcCLXssKPE57bwtAnp2de4Wm3I08l7BELZgK9shwL95KSXT133rm2LUHUYY4jph5l8kvBzvzjncC2mdLKNuTZjN80Zfp_h-iSAttoPGxqO8c7MPvp_YaKleG-o3lV4WOi2mpBpRq57T6czlYVLRvUf3BMvvc8VKmREI7OpYlL1sl9l3MkMmA-4Sy1i7XNw-N7WjUHZ6QekbX4.wDMMGw9evwoH-tDwOvj_W-j1jKWsnE_JU-nR61sO82w&dib_tag=se&keywords=laptop&qid=1729745479&sprefix=laptop%2Caps%2C128&sr=8-285,15.99,4.6,"2,506",Not available
"HP Victus 16.1"" FHD 144Hz Gaming Laptop, AMD Ryzen 7-8845HS, 32GB DDR5, 1TB SSD, NVIDIA GeForce RTX 4070, Backlit Keyboard, FHD Camera, Wi-Fi 6, Win 11 Home, Silver, 256GB Docking Station Set",https://www.amazon.ca/HP-Victus-7-8845HS-GeForce-Keyboard/dp/B0DBGYCBWG/ref=sr_1_284?crid=1E63C3THFEGDP&dib=eyJ2IjoiMSJ9.UD6ugI5eMGi-goeWpRbPkGs-M1H22VD6ry80d-nyuIV0j5L_ce_nlqf79GzEcuPKPtPzOJyn4jpooJeqI1huHh7W-rBDv8LcCLXssKPE57bwtAnp2de4Wm3I08l7BELZgK9shwL95KSXT133rm2LUHUYY4jph5l8kvBzvzjncC2mdLKNuTZjN80Zfp_h-iSAttoPGxqO8c7MPvp_YaKleG-o3lV4WOi2mpBpRq57T6czlYVLRvUf3BMvvc8VKmREI7OpYlL1sl9l3MkMmA-4Sy1i7XNw-N7WjUHZ6QekbX4.wDMMGw9evwoH-tDwOvj_W-j1jKWsnE_JU-nR61sO82w&dib_tag=se&keywords=laptop&qid=1729745479&sprefix=laptop%2Caps%2C128&sr=8-284,"1,989.00",4.8,5,Not available
"Microsoft Surface Laptop 5: 13"" Touchscreen Laptop (Intel Core i5/8GB RAM/256GB SSD/Windows 11 Home) Platinum (Renewed)",https://www.amazon.ca/Microsoft-Surface-Laptop-Touchscreen-Platinum/dp/B0D4GNLYWC/ref=sr_1_283?crid=1E63C3THFEGDP&dib=eyJ2IjoiMSJ9.UD6ugI5eMGi-goeWpRbPkGs-M1H22VD6ry80d-nyuIV0j5L_ce_nlqf79GzEcuPKPtPzOJyn4jpooJeqI1huHh7W-rBDv8LcCLXssKPE57bwtAnp2de4Wm3I08l7BELZgK9shwL95KSXT133rm2LUHUYY4jph5l8kvBzvzjncC2mdLKNuTZjN80Zfp_h-iSAttoPGxqO8c7MPvp_YaKleG-o3lV4WOi2mpBpRq57T6czlYVLRvUf3BMvvc8VKmREI7OpYlL1sl9l3MkMmA-4Sy1i7XNw-N7WjUHZ6QekbX4.wDMMGw9evwoH-tDwOvj_W-j1jKWsnE_JU-nR61sO82w&dib_tag=se&keywords=laptop&qid=1729745479&sprefix=laptop%2Caps%2C128&sr=8-283,749.00,FREE delivery Oct 29 - 31 ,New Price:,Not available
"Dell Inspiron 15 3000 Laptop, 15.6"" FHD LED Display, Intel Core i3 1115G4 Processor, 16GB DDR4 RAM, 1TB PCIe SSD, HDMI, Webcam, Windows 11 Pro, Black",https://www.amazon.ca/Dell-Inspiron-15-Display-Processor/dp/B07T6H4ZH4/ref=sr_1_282?crid=1E63C3THFEGDP&dib=eyJ2IjoiMSJ9.UD6ugI5eMGi-goeWpRbPkGs-M1H22VD6ry80d-nyuIV0j5L_ce_nlqf79GzEcuPKPtPzOJyn4jpooJeqI1huHh7W-rBDv8LcCLXssKPE57bwtAnp2de4Wm3I08l7BELZgK9shwL95KSXT133rm2LUHUYY4jph5l8kvBzvzjncC2mdLKNuTZjN80Zfp_h-iSAttoPGxqO8c7MPvp_YaKleG-o3lV4WOi2mpBpRq57T6czlYVLRvUf3BMvvc8VKmREI7OpYlL1sl9l3MkMmA-4Sy1i7XNw-N7WjUHZ6QekbX4.wDMMGw9evwoH-tDwOvj_W-j1jKWsnE_JU-nR61sO82w&dib_tag=se&keywords=laptop&qid=1729745479&sprefix=laptop%2Caps%2C128&sr=8-282,879.00,"FREE delivery Sun, Oct 27 ",No reviews available,Not available
"Dell Latitude 7410 FHD (1920x1080) 14"" Laptop - Intel Core i7-10610U Dual Core 4.9Ghz, 16GB RAM, 512GB SSD, Backlit Keyboard, Windows 10Pro (Renewed)",https://www.amazon.ca/Dell-Latitude-7410-1920x1080-Laptop/dp/B0CG5X9V65/ref=sr_1_280?crid=1E63C3THFEGDP&dib=eyJ2IjoiMSJ9.UD6ugI5eMGi-goeWpRbPkGs-M1H22VD6ry80d-nyuIV0j5L_ce_nlqf79GzEcuPKPtPzOJyn4jpooJeqI1huHh7W-rBDv8LcCLXssKPE57bwtAnp2de4Wm3I08l7BELZgK9shwL95KSXT133rm2LUHUYY4jph5l8kvBzvzjncC2mdLKNuTZjN80Zfp_h-iSAttoPGxqO8c7MPvp_YaKleG-o3lV4WOi2mpBpRq57T6czlYVLRvUf3BMvvc8VKmREI7OpYlL1sl9l3MkMmA-4Sy1i7XNw-N7WjUHZ6QekbX4.wDMMGw9evwoH-tDwOvj_W-j1jKWsnE_JU-nR61sO82w&dib_tag=se&keywords=laptop&qid=1729745479&sprefix=laptop%2Caps%2C128&sr=8-280,Price not available,3.4,22,Not available
"ASUS VivoBook 15 OLED Laptop, 15.6"" FHD OLED Display, AMD Ryzen 7 7730U, Fingerprint Reader, 32GB RAM, 512GB SSD, AMD Radeon Graphics, Windows 11 Home, Indie Black",https://www.amazon.ca/VivoBook-Display-Fingerprint-Graphics-Windows/dp/B0DGSZQ8ZJ/ref=sr_1_279?crid=1E63C3THFEGDP&dib=eyJ2IjoiMSJ9.UD6ugI5eMGi-goeWpRbPkGs-M1H22VD6ry80d-nyuIV0j5L_ce_nlqf79GzEcuPKPtPzOJyn4jpooJeqI1huHh7W-rBDv8LcCLXssKPE57bwtAnp2de4Wm3I08l7BELZgK9shwL95KSXT133rm2LUHUYY4jph5l8kvBzvzjncC2mdLKNuTZjN80Zfp_h-iSAttoPGxqO8c7MPvp_YaKleG-o3lV4WOi2mpBpRq57T6czlYVLRvUf3BMvvc8VKmREI7OpYlL1sl9l3MkMmA-4Sy1i7XNw-N7WjUHZ6QekbX4.wDMMGw9evwoH-tDwOvj_W-j1jKWsnE_JU-nR61sO82w&dib_tag=se&keywords=laptop&qid=1729745479&sprefix=laptop%2Caps%2C128&sr=8-279,949.99,FREE delivery Oct 29 - Nov 1 ,No reviews available,Not available
"SGIN 15.6 Inch Laptop, Laptops Computer with 8GB DDR3 512GB SSD I3 Processor (up to 2.4 GHz), Mini HDMI, Wi-Fi 5, 7000mAh, Numeric Keypad, Type-C, USB3.0, Bluetooth4.2(Black)",https://www.amazon.ca/SGIN-Laptops-Computer-Processor-Bluetooth4-2/dp/B0DBR1DNRT/ref=sr_1_278?crid=1E63C3THFEGDP&dib=eyJ2IjoiMSJ9.UD6ugI5eMGi-goeWpRbPkGs-M1H22VD6ry80d-nyuIV0j5L_ce_nlqf79GzEcuPKPtPzOJyn4jpooJeqI1huHh7W-rBDv8LcCLXssKPE57bwtAnp2de4Wm3I08l7BELZgK9shwL95KSXT133rm2LUHUYY4jph5l8kvBzvzjncC2mdLKNuTZjN80Zfp_h-iSAttoPGxqO8c7MPvp_YaKleG-o3lV4WOi2mpBpRq57T6czlYVLRvUf3BMvvc8VKmREI7OpYlL1sl9l3MkMmA-4Sy1i7XNw-N7WjUHZ6QekbX4.wDMMGw9evwoH-tDwOvj_W-j1jKWsnE_JU-nR61sO82w&dib_tag=se&keywords=laptop&qid=1729745479&sprefix=laptop%2Caps%2C128&sr=8-278,Price not available,4.7,16,Not available
"ASUS Vivobook 16"" WUXGA Laptop, Intel i7-1355U, 40GB RAM, 2.28TB Storage(2TB SSD+288GB Docking Station Set), Intel Iris Xe Graphics, 720p HD Camera, Number Pad, Windows 11 Pro, Black",https://www.amazon.ca/ASUS-Vivobook-i7-1355U-Storage-Graphics/dp/B0DHVDZQWB/ref=sr_1_277?crid=1E63C3THFEGDP&dib=eyJ2IjoiMSJ9.UD6ugI5eMGi-goeWpRbPkGs-M1H22VD6ry80d-nyuIV0j5L_ce_nlqf79GzEcuPKPtPzOJyn4jpooJeqI1huHh7W-rBDv8LcCLXssKPE57bwtAnp2de4Wm3I08l7BELZgK9shwL95KSXT133rm2LUHUYY4jph5l8kvBzvzjncC2mdLKNuTZjN80Zfp_h-iSAttoPGxqO8c7MPvp_YaKleG-o3lV4WOi2mpBpRq57T6czlYVLRvUf3BMvvc8VKmREI7OpYlL1sl9l3MkMmA-4Sy1i7XNw-N7WjUHZ6QekbX4.wDMMGw9evwoH-tDwOvj_W-j1jKWsnE_JU-nR61sO82w&dib_tag=se&keywords=laptop&qid=1729745479&sprefix=laptop%2Caps%2C128&sr=8-277,"1,269.00",5.0,1,Not available
"HP Envy 15.6"" 2-in-1 Touch Screen FHD Laptop - AMD Ryzen 5 7530U, 8GB RAM, 256GB SSD, Win 11 - Nightfall Black (15-fh0013dx)",https://www.amazon.ca/HP-Envy-Touch-Screen-Laptop/dp/B0CZ4P53CB/ref=sr_1_281?crid=1E63C3THFEGDP&dib=eyJ2IjoiMSJ9.UD6ugI5eMGi-goeWpRbPkGs-M1H22VD6ry80d-nyuIV0j5L_ce_nlqf79GzEcuPKPtPzOJyn4jpooJeqI1huHh7W-rBDv8LcCLXssKPE57bwtAnp2de4Wm3I08l7BELZgK9shwL95KSXT133rm2LUHUYY4jph5l8kvBzvzjncC2mdLKNuTZjN80Zfp_h-iSAttoPGxqO8c7MPvp_YaKleG-o3lV4WOi2mpBpRq57T6czlYVLRvUf3BMvvc8VKmREI7OpYlL1sl9l3MkMmA-4Sy1i7XNw-N7WjUHZ6QekbX4.wDMMGw9evwoH-tDwOvj_W-j1jKWsnE_JU-nR61sO82w&dib_tag=se&keywords=laptop&qid=1729745479&sprefix=laptop%2Caps%2C128&sr=8-281,729.99,"FREE delivery Sun, Oct 27 ",Only 9 left in stock.,Not available
"HP 15.6"" FHD Laptop, 11th Gen Intel Core i5-1135G7(Beats i7-1165g7), 16GB DDR4 RAM, 1TB PCIe SSD, Intel Iris Xe Graphics, HD Webcam, Stereo Speakers, Windows 11, Silver, 32GB Hotface USB Card",https://www.amazon.ca/HP-Laptop-i5-1135G7-i7-1165g7-Graphics/dp/B0CMC3W9FS/ref=sr_1_276?crid=1E63C3THFEGDP&dib=eyJ2IjoiMSJ9.UD6ugI5eMGi-goeWpRbPkGs-M1H22VD6ry80d-nyuIV0j5L_ce_nlqf79GzEcuPKPtPzOJyn4jpooJeqI1huHh7W-rBDv8LcCLXssKPE57bwtAnp2de4Wm3I08l7BELZgK9shwL95KSXT133rm2LUHUYY4jph5l8kvBzvzjncC2mdLKNuTZjN80Zfp_h-iSAttoPGxqO8c7MPvp_YaKleG-o3lV4WOi2mpBpRq57T6czlYVLRvUf3BMvvc8VKmREI7OpYlL1sl9l3MkMmA-4Sy1i7XNw-N7WjUHZ6QekbX4.wDMMGw9evwoH-tDwOvj_W-j1jKWsnE_JU-nR61sO82w&dib_tag=se&keywords=laptop&qid=1729745479&sprefix=laptop%2Caps%2C128&sr=8-276,779.00,4.1,151,Not available
"HP Stream 14"" HD BrightView Laptop, Intel Celeron N4020 Processor, 16GB RAM, 64GB SSD, Intel HD Graphics, HD Webcam, 1 Year Office 365, Pink, Win 11S, 32GB Hotface USB Card",https://www.amazon.ca/HP-Stream-BrightView-Processor-Graphics/dp/B0CQGGLX9J/ref=sr_1_275?crid=1E63C3THFEGDP&dib=eyJ2IjoiMSJ9.UD6ugI5eMGi-goeWpRbPkGs-M1H22VD6ry80d-nyuIV0j5L_ce_nlqf79GzEcuPKPtPzOJyn4jpooJeqI1huHh7W-rBDv8LcCLXssKPE57bwtAnp2de4Wm3I08l7BELZgK9shwL95KSXT133rm2LUHUYY4jph5l8kvBzvzjncC2mdLKNuTZjN80Zfp_h-iSAttoPGxqO8c7MPvp_YaKleG-o3lV4WOi2mpBpRq57T6czlYVLRvUf3BMvvc8VKmREI7OpYlL1sl9l3MkMmA-4Sy1i7XNw-N7WjUHZ6QekbX4.wDMMGw9evwoH-tDwOvj_W-j1jKWsnE_JU-nR61sO82w&dib_tag=se&keywords=laptop&qid=1729745479&sprefix=laptop%2Caps%2C128&sr=8-275,409.00,4.1,288,Not available
"HP Stream 14"" Laptop, Intel Quad-Core Processor, 8GB RAM, 128GB Storage, Windows 11 Home in S Mode, 1-Year Microsoft Office 365, Webcam, Long Battery Life, Pink",https://www.amazon.ca/HP-Quad-Core-Processor-Storage-Microsoft/dp/B0DK41N2B1/ref=sr_1_274?crid=1E63C3THFEGDP&dib=eyJ2IjoiMSJ9.UD6ugI5eMGi-goeWpRbPkGs-M1H22VD6ry80d-nyuIV0j5L_ce_nlqf79GzEcuPKPtPzOJyn4jpooJeqI1huHh7W-rBDv8LcCLXssKPE57bwtAnp2de4Wm3I08l7BELZgK9shwL95KSXT133rm2LUHUYY4jph5l8kvBzvzjncC2mdLKNuTZjN80Zfp_h-iSAttoPGxqO8c7MPvp_YaKleG-o3lV4WOi2mpBpRq57T6czlYVLRvUf3BMvvc8VKmREI7OpYlL1sl9l3MkMmA-4Sy1i7XNw-N7WjUHZ6QekbX4.wDMMGw9evwoH-tDwOvj_W-j1jKWsnE_JU-nR61sO82w&dib_tag=se&keywords=laptop&qid=1729745479&sprefix=laptop%2Caps%2C128&sr=8-274,359.99,FREE delivery Oct 29 - Nov 1 ,No reviews available,Not available
"HP EliteBook Folio Folio 9480M 14in Laptop, Core i5-4310U 2.0GHz, 8GB Ram, 500GB HDD, Windows 10 Pro 64bit, Webcam (Renewed)",https://www.amazon.ca/HP-EliteBook-i5-4310U-Certified-Refurbished/dp/B07GCRL9V3/ref=sr_1_273?crid=1E63C3THFEGDP&dib=eyJ2IjoiMSJ9.UD6ugI5eMGi-goeWpRbPkGs-M1H22VD6ry80d-nyuIV0j5L_ce_nlqf79GzEcuPKPtPzOJyn4jpooJeqI1huHh7W-rBDv8LcCLXssKPE57bwtAnp2de4Wm3I08l7BELZgK9shwL95KSXT133rm2LUHUYY4jph5l8kvBzvzjncC2mdLKNuTZjN80Zfp_h-iSAttoPGxqO8c7MPvp_YaKleG-o3lV4WOi2mpBpRq57T6czlYVLRvUf3BMvvc8VKmREI7OpYlL1sl9l3MkMmA-4Sy1i7XNw-N7WjUHZ6QekbX4.wDMMGw9evwoH-tDwOvj_W-j1jKWsnE_JU-nR61sO82w&dib_tag=se&keywords=laptop&qid=1729745479&sprefix=laptop%2Caps%2C128&sr=8-273,198.99,3.7,151,Not available
"Lenovo IdeaPad Slim 3 15.6"" FHD Laptop for Everyday Use, AMD Ryzen 7 7730U, 16GB DDR4, 2.28TB Storage(2TB SSD + 288GB Docking Station Set), AMD Radeon Graphics, Wi-Fi 6, HDMI, Windows 11 Pro, Gray",https://www.amazon.ca/Lenovo-IdeaPad-Slim-Everyday-Graphics/dp/B0D7PVXPBN/ref=sr_1_272?crid=1E63C3THFEGDP&dib=eyJ2IjoiMSJ9.UD6ugI5eMGi-goeWpRbPkGs-M1H22VD6ry80d-nyuIV0j5L_ce_nlqf79GzEcuPKPtPzOJyn4jpooJeqI1huHh7W-rBDv8LcCLXssKPE57bwtAnp2de4Wm3I08l7BELZgK9shwL95KSXT133rm2LUHUYY4jph5l8kvBzvzjncC2mdLKNuTZjN80Zfp_h-iSAttoPGxqO8c7MPvp_YaKleG-o3lV4WOi2mpBpRq57T6czlYVLRvUf3BMvvc8VKmREI7OpYlL1sl9l3MkMmA-4Sy1i7XNw-N7WjUHZ6QekbX4.wDMMGw9evwoH-tDwOvj_W-j1jKWsnE_JU-nR61sO82w&dib_tag=se&keywords=laptop&qid=1729745479&sprefix=laptop%2Caps%2C128&sr=8-272,"1,049.00",4.6,94,Not available
"HP 15.6"" FHD Laptop - AMD Ryzen 5 7520U, 16GB RAM, 256GB SSD, Win 11 - Natural Silver (15-fc0093dx)",https://www.amazon.ca/HP-15-6-FHD-Laptop-15-fc0093dx/dp/B0CRSSZQCV/ref=sr_1_271?crid=1E63C3THFEGDP&dib=eyJ2IjoiMSJ9.UD6ugI5eMGi-goeWpRbPkGs-M1H22VD6ry80d-nyuIV0j5L_ce_nlqf79GzEcuPKPtPzOJyn4jpooJeqI1huHh7W-rBDv8LcCLXssKPE57bwtAnp2de4Wm3I08l7BELZgK9shwL95KSXT133rm2LUHUYY4jph5l8kvBzvzjncC2mdLKNuTZjN80Zfp_h-iSAttoPGxqO8c7MPvp_YaKleG-o3lV4WOi2mpBpRq57T6czlYVLRvUf3BMvvc8VKmREI7OpYlL1sl9l3MkMmA-4Sy1i7XNw-N7WjUHZ6QekbX4.wDMMGw9evwoH-tDwOvj_W-j1jKWsnE_JU-nR61sO82w&dib_tag=se&keywords=laptop&qid=1729745479&sprefix=laptop%2Caps%2C128&sr=8-271,599.98,4.2,4,Not available
"HP 17.3"" Anti-Glare FHD Business Laptop, Intel Core i5-1235U, 32GB RAM, 1TB SSD, Intel Iris Xe Graphics, Backlit Keyboard, Webcam, Wi-Fi, Bluetooth, Silver, Win 11 Pro, 32GB Hotface USB Card (Renewed)",https://www.amazon.ca/HP-17-3-Anti-Glare-Business-Bluetooth/dp/B0CTSX8M36/ref=sr_1_270?crid=1E63C3THFEGDP&dib=eyJ2IjoiMSJ9.UD6ugI5eMGi-goeWpRbPkGs-M1H22VD6ry80d-nyuIV0j5L_ce_nlqf79GzEcuPKPtPzOJyn4jpooJeqI1huHh7W-rBDv8LcCLXssKPE57bwtAnp2de4Wm3I08l7BELZgK9shwL95KSXT133rm2LUHUYY4jph5l8kvBzvzjncC2mdLKNuTZjN80Zfp_h-iSAttoPGxqO8c7MPvp_YaKleG-o3lV4WOi2mpBpRq57T6czlYVLRvUf3BMvvc8VKmREI7OpYlL1sl9l3MkMmA-4Sy1i7XNw-N7WjUHZ6QekbX4.wDMMGw9evwoH-tDwOvj_W-j1jKWsnE_JU-nR61sO82w&dib_tag=se&keywords=laptop&qid=1729745479&sprefix=laptop%2Caps%2C128&sr=8-270,899.00,5.0,5,Not available
"Microsoft Surface Laptop 4 (2021): 15"" Touchscreen Laptop (AMD Ryzen 7/8GB RAM/256GB SSD) Platinum - English Keyboard",https://www.amazon.ca/Microsoft-Surface-Laptop-Touchscreen-Platinum/dp/B08YWY6QKC/ref=sr_1_269?crid=1E63C3THFEGDP&dib=eyJ2IjoiMSJ9.UD6ugI5eMGi-goeWpRbPkGs-M1H22VD6ry80d-nyuIV0j5L_ce_nlqf79GzEcuPKPtPzOJyn4jpooJeqI1huHh7W-rBDv8LcCLXssKPE57bwtAnp2de4Wm3I08l7BELZgK9shwL95KSXT133rm2LUHUYY4jph5l8kvBzvzjncC2mdLKNuTZjN80Zfp_h-iSAttoPGxqO8c7MPvp_YaKleG-o3lV4WOi2mpBpRq57T6czlYVLRvUf3BMvvc8VKmREI7OpYlL1sl9l3MkMmA-4Sy1i7XNw-N7WjUHZ6QekbX4.wDMMGw9evwoH-tDwOvj_W-j1jKWsnE_JU-nR61sO82w&dib_tag=se&keywords=laptop&qid=1729745479&sprefix=laptop%2Caps%2C128&sr=8-269,899.00,4.4,698,Not available
"ASUS TUF Gaming A17 (2024) Gaming Laptop, 17.3” FHD 144Hz Display, GeForce RTX 4050, AMD Ryzen 7 7735HS, 16GB DDR5, 512GB PCIe 4.0 SSD, Wi-Fi 6, Windows 11, FA707NU-DS71-CA",https://www.amazon.ca/Gaming-Display-GeForce-Windows-FA707NU-DS71-CA/dp/B0CSDX37TJ/ref=sr_1_268?crid=1E63C3THFEGDP&dib=eyJ2IjoiMSJ9.UD6ugI5eMGi-goeWpRbPkGs-M1H22VD6ry80d-nyuIV0j5L_ce_nlqf79GzEcuPKPtPzOJyn4jpooJeqI1huHh7W-rBDv8LcCLXssKPE57bwtAnp2de4Wm3I08l7BELZgK9shwL95KSXT133rm2LUHUYY4jph5l8kvBzvzjncC2mdLKNuTZjN80Zfp_h-iSAttoPGxqO8c7MPvp_YaKleG-o3lV4WOi2mpBpRq57T6czlYVLRvUf3BMvvc8VKmREI7OpYlL1sl9l3MkMmA-4Sy1i7XNw-N7WjUHZ6QekbX4.wDMMGw9evwoH-tDwOvj_W-j1jKWsnE_JU-nR61sO82w&dib_tag=se&keywords=laptop&qid=1729745479&sprefix=laptop%2Caps%2C128&sr=8-268,"1,199.00",4.5,2,Not available
"ASUS TUF F17 Gaming Laptop, 17.3” FHD 144Hz Laptop, Intel Core i5-12500H, GeForce RTX 3050, 32GB RAM, 1TB PCIe SSD, Wi-Fi 6, Windows 11 Home, Mecha Gray",https://www.amazon.ca/Gaming-Laptop-i5-12500H-GeForce-Windows/dp/B0DDYCSW99/ref=sr_1_191?crid=1E63C3THFEGDP&dib=eyJ2IjoiMSJ9.QlBdZgEaaFJPpgVm8OgbCU6leoFgPgh6uoRtbPhHf4GB3_tIrVuV1spK7-ifCcjlxu6d0rmljCr4aLEoV6sSQg9ooflZxdThMhV3n0YRg6jy-Ywl95V2Z0DdU4GrwoNc1gkI_48WK4EviW5n05H88cGfC4AhgjYm2chN7WVSbOrgmKMSHndUpZw1zCufqxlPS8TCN1V7VGdmMRoONihXmpdZtWNvDj5jZVBjWCBysHa7uemMfdSVpmq60jNcjjrx1whPjrxMHqDVhaYyFe7wZUPWsAVG7ZB_R045-AHoFa8.xwfRB2oJ4UIo2hcKUbb6GfpZd404CUq8j5xIi-L9PKg&dib_tag=se&keywords=laptop&qid=1729745479&sprefix=laptop%2Caps%2C128&sr=8-191,"1,279.99",5.0,1,Not available
"HP Stream 14"" Brightview Laptop, Intel Quad-Core Processor, 8GB RAM, 128GB Storage, Windows 11 Home in S Mode, 1-Year Office 365, Webcam, Long Battery Life, Silver",https://www.amazon.ca/HP-Brightview-Quad-Core-Processor-Storage/dp/B0D8T95MH2/ref=sr_1_188?crid=1E63C3THFEGDP&dib=eyJ2IjoiMSJ9.QlBdZgEaaFJPpgVm8OgbCU6leoFgPgh6uoRtbPhHf4GB3_tIrVuV1spK7-ifCcjlxu6d0rmljCr4aLEoV6sSQg9ooflZxdThMhV3n0YRg6jy-Ywl95V2Z0DdU4GrwoNc1gkI_48WK4EviW5n05H88cGfC4AhgjYm2chN7WVSbOrgmKMSHndUpZw1zCufqxlPS8TCN1V7VGdmMRoONihXmpdZtWNvDj5jZVBjWCBysHa7uemMfdSVpmq60jNcjjrx1whPjrxMHqDVhaYyFe7wZUPWsAVG7ZB_R045-AHoFa8.xwfRB2oJ4UIo2hcKUbb6GfpZd404CUq8j5xIi-L9PKg&dib_tag=se&keywords=laptop&qid=1729745479&sprefix=laptop%2Caps%2C128&sr=8-188,355.00,4.0,2,Not available
"ASUS ROG Strix G16 (2024) Gaming Laptop, 16” 16:10 FHD+ 165Hz, GeForce RTX 4060, Intel Core i7-13650HX, 16GB DDR5, 1TB PCIe SSD, Wi-Fi 6E, Windows 11, G614JV-AS71-CA",https://www.amazon.ca/ASUS-Strix-Gaming-Laptop-G614JV-AS71-CA/dp/B0CS4B9QZ1/ref=sr_1_190?crid=1E63C3THFEGDP&dib=eyJ2IjoiMSJ9.QlBdZgEaaFJPpgVm8OgbCU6leoFgPgh6uoRtbPhHf4GB3_tIrVuV1spK7-ifCcjlxu6d0rmljCr4aLEoV6sSQg9ooflZxdThMhV3n0YRg6jy-Ywl95V2Z0DdU4GrwoNc1gkI_48WK4EviW5n05H88cGfC4AhgjYm2chN7WVSbOrgmKMSHndUpZw1zCufqxlPS8TCN1V7VGdmMRoONihXmpdZtWNvDj5jZVBjWCBysHa7uemMfdSVpmq60jNcjjrx1whPjrxMHqDVhaYyFe7wZUPWsAVG7ZB_R045-AHoFa8.xwfRB2oJ4UIo2hcKUbb6GfpZd404CUq8j5xIi-L9PKg&dib_tag=se&keywords=laptop&qid=1729745479&sprefix=laptop%2Caps%2C128&sr=8-190,"1,799.00",5.0,6,Not available
"Svikou [Win 11/Office 2019] 15.6"" Large Screen Laptop Computer, 12th Gen Alder Lake N95(Up to 3.4Ghz) Quad-Core CPU, DDR4 16G RAM, 1TB NVMe SSD,Portable Notebook PC with Backlit KB(Silver 1TB)",https://www.amazon.ca/Svikou-Computer-Quad-Core-Portable-Notebook/dp/B0CZL2T667/ref=sr_1_189?crid=1E63C3THFEGDP&dib=eyJ2IjoiMSJ9.QlBdZgEaaFJPpgVm8OgbCU6leoFgPgh6uoRtbPhHf4GB3_tIrVuV1spK7-ifCcjlxu6d0rmljCr4aLEoV6sSQg9ooflZxdThMhV3n0YRg6jy-Ywl95V2Z0DdU4GrwoNc1gkI_48WK4EviW5n05H88cGfC4AhgjYm2chN7WVSbOrgmKMSHndUpZw1zCufqxlPS8TCN1V7VGdmMRoONihXmpdZtWNvDj5jZVBjWCBysHa7uemMfdSVpmq60jNcjjrx1whPjrxMHqDVhaYyFe7wZUPWsAVG7ZB_R045-AHoFa8.xwfRB2oJ4UIo2hcKUbb6GfpZd404CUq8j5xIi-L9PKg&dib_tag=se&keywords=laptop&qid=1729745479&sprefix=laptop%2Caps%2C128&sr=8-189,479.90,4.0,21,Not available
"HP ProBook 445 G9 14"" FHD (1920x1080) Business Laptop, AMD Ryzen5 5625 2.3GHz, 16GB RAM, 256GB SSD, Backlit Keyboard, Windows 10 Pro (Renewed)",https://www.amazon.ca/HP-445-G9-1920x1080-Business/dp/B0CCYD123P/ref=sr_1_192?crid=1E63C3THFEGDP&dib=eyJ2IjoiMSJ9.QlBdZgEaaFJPpgVm8OgbCU6leoFgPgh6uoRtbPhHf4GB3_tIrVuV1spK7-ifCcjlxu6d0rmljCr4aLEoV6sSQg9ooflZxdThMhV3n0YRg6jy-Ywl95V2Z0DdU4GrwoNc1gkI_48WK4EviW5n05H88cGfC4AhgjYm2chN7WVSbOrgmKMSHndUpZw1zCufqxlPS8TCN1V7VGdmMRoONihXmpdZtWNvDj5jZVBjWCBysHa7uemMfdSVpmq60jNcjjrx1whPjrxMHqDVhaYyFe7wZUPWsAVG7ZB_R045-AHoFa8.xwfRB2oJ4UIo2hcKUbb6GfpZd404CUq8j5xIi-L9PKg&dib_tag=se&keywords=laptop&qid=1729745479&sprefix=laptop%2Caps%2C128&sr=8-192,449.99,4.2,31,Not available
"ASUS Vivobook Pro 15 OLED (2024), AI Ready, 15.6” 3K 120Hz OLED Laptop, Intel Core Ultra 7 155H, NVIDIA GeForce RTX™ 4060, 16GB Memory, 1TB SSD, Windows 11 Home, N6506MV-DS71-CA",https://www.amazon.ca/ASUS-Vivobook-GeForce-Windows-N6506MV-DS71-CA/dp/B0CTRX2XKR/ref=sr_1_187?crid=1E63C3THFEGDP&dib=eyJ2IjoiMSJ9.QlBdZgEaaFJPpgVm8OgbCU6leoFgPgh6uoRtbPhHf4GB3_tIrVuV1spK7-ifCcjlxu6d0rmljCr4aLEoV6sSQg9ooflZxdThMhV3n0YRg6jy-Ywl95V2Z0DdU4GrwoNc1gkI_48WK4EviW5n05H88cGfC4AhgjYm2chN7WVSbOrgmKMSHndUpZw1zCufqxlPS8TCN1V7VGdmMRoONihXmpdZtWNvDj5jZVBjWCBysHa7uemMfdSVpmq60jNcjjrx1whPjrxMHqDVhaYyFe7wZUPWsAVG7ZB_R045-AHoFa8.xwfRB2oJ4UIo2hcKUbb6GfpZd404CUq8j5xIi-L9PKg&dib_tag=se&keywords=laptop&qid=1729745479&sprefix=laptop%2Caps%2C128&sr=8-187,Price not available,4.8,10,Not available
"Lenovo ThinkPad T460 Business Laptop,Intel Core i5-6300U,up to 3.0GHz,16GB RAM,1TB SSD,WiFi,Bluetooth,HDMI,Mini DisplayPort,RJ-45,14"" HD,Windows 10 64 Bit (Renewed)…",https://www.amazon.ca/Lenovo-ThinkPad-T460-Bluetooth-DisplayPort/dp/B0CJ925P6R/ref=sr_1_186?crid=1E63C3THFEGDP&dib=eyJ2IjoiMSJ9.QlBdZgEaaFJPpgVm8OgbCU6leoFgPgh6uoRtbPhHf4GB3_tIrVuV1spK7-ifCcjlxu6d0rmljCr4aLEoV6sSQg9ooflZxdThMhV3n0YRg6jy-Ywl95V2Z0DdU4GrwoNc1gkI_48WK4EviW5n05H88cGfC4AhgjYm2chN7WVSbOrgmKMSHndUpZw1zCufqxlPS8TCN1V7VGdmMRoONihXmpdZtWNvDj5jZVBjWCBysHa7uemMfdSVpmq60jNcjjrx1whPjrxMHqDVhaYyFe7wZUPWsAVG7ZB_R045-AHoFa8.xwfRB2oJ4UIo2hcKUbb6GfpZd404CUq8j5xIi-L9PKg&dib_tag=se&keywords=laptop&qid=1729745479&sprefix=laptop%2Caps%2C128&sr=8-186,284.00,3.5,2,Not available
"Lenovo 100e Chromebook 2nd Gen 81MA0000US 11.6"" Chromebook - 1366 x 768 - Celeron N4000-4 GB RAM - 32 GB Flash Memory - Gray - Chrome OS - Intel UHD Graphics 600 - Twisted nematic (TN) - Englis (Renewed)",https://www.amazon.ca/Lenovo-100e-Chromebook-81MA0000US-11-6/dp/B07WTQ68MG/ref=sr_1_185?crid=1E63C3THFEGDP&dib=eyJ2IjoiMSJ9.QlBdZgEaaFJPpgVm8OgbCU6leoFgPgh6uoRtbPhHf4GB3_tIrVuV1spK7-ifCcjlxu6d0rmljCr4aLEoV6sSQg9ooflZxdThMhV3n0YRg6jy-Ywl95V2Z0DdU4GrwoNc1gkI_48WK4EviW5n05H88cGfC4AhgjYm2chN7WVSbOrgmKMSHndUpZw1zCufqxlPS8TCN1V7VGdmMRoONihXmpdZtWNvDj5jZVBjWCBysHa7uemMfdSVpmq60jNcjjrx1whPjrxMHqDVhaYyFe7wZUPWsAVG7ZB_R045-AHoFa8.xwfRB2oJ4UIo2hcKUbb6GfpZd404CUq8j5xIi-L9PKg&dib_tag=se&keywords=laptop&qid=1729745479&sprefix=laptop%2Caps%2C128&sr=8-185,144.19,4.2,31,Not available
"[Win 11&Office 2019] 14"" Rose Gold FHD IPS Display Ultra-Thin Laptop, Celeron N4120 (1.1-2.6GHz), 8GB DDR4 RAM, 256GB SSD, 180° Opening, 2 USB3.0, WiFi/BT, Perfect for Travel, Study and Work (P256GB)",https://www.amazon.ca/Display-Ultra-Thin-Celeron-1-1-2-6GHz-Opening/dp/B0CSWJLHF3/ref=sr_1_184?crid=1E63C3THFEGDP&dib=eyJ2IjoiMSJ9.QlBdZgEaaFJPpgVm8OgbCU6leoFgPgh6uoRtbPhHf4GB3_tIrVuV1spK7-ifCcjlxu6d0rmljCr4aLEoV6sSQg9ooflZxdThMhV3n0YRg6jy-Ywl95V2Z0DdU4GrwoNc1gkI_48WK4EviW5n05H88cGfC4AhgjYm2chN7WVSbOrgmKMSHndUpZw1zCufqxlPS8TCN1V7VGdmMRoONihXmpdZtWNvDj5jZVBjWCBysHa7uemMfdSVpmq60jNcjjrx1whPjrxMHqDVhaYyFe7wZUPWsAVG7ZB_R045-AHoFa8.xwfRB2oJ4UIo2hcKUbb6GfpZd404CUq8j5xIi-L9PKg&dib_tag=se&keywords=laptop&qid=1729745479&sprefix=laptop%2Caps%2C128&sr=8-184,349.00,3.3,13,Not available
"llano RGB Laptop Cooling Pad with Powerful Turbofan, Gaming Laptop Cooler Radiator with Infinitely Variable Speed, Touch Control, LCD Screen, 3-Port USB Hub, Seal Foam for Rapid Cooling Laptop 15-19in",https://www.amazon.ca/Powerful-Continuously-Variable-Radiator-Controls/dp/B0C69BVWGB/ref=sr_1_183?crid=1E63C3THFEGDP&dib=eyJ2IjoiMSJ9.QlBdZgEaaFJPpgVm8OgbCU6leoFgPgh6uoRtbPhHf4GB3_tIrVuV1spK7-ifCcjlxu6d0rmljCr4aLEoV6sSQg9ooflZxdThMhV3n0YRg6jy-Ywl95V2Z0DdU4GrwoNc1gkI_48WK4EviW5n05H88cGfC4AhgjYm2chN7WVSbOrgmKMSHndUpZw1zCufqxlPS8TCN1V7VGdmMRoONihXmpdZtWNvDj5jZVBjWCBysHa7uemMfdSVpmq60jNcjjrx1whPjrxMHqDVhaYyFe7wZUPWsAVG7ZB_R045-AHoFa8.xwfRB2oJ4UIo2hcKUbb6GfpZd404CUq8j5xIi-L9PKg&dib_tag=se&keywords=laptop&qid=1729745479&sprefix=laptop%2Caps%2C128&sr=8-183,149.99,4.5,740,Not available
"ASUS ExpertBook B1 Business Laptop, B1502CVA-P71-CB 15.6” FHD display, Intel® Core™ i7-1355U, 16GB RAM, 512GB SSD, WiFi 6E, Fingerprint sensor, IR Camera, Windows 11 Pro, Star Black, Bilingual KB",https://www.amazon.ca/ASUS-ExpertBook-B1502CVA-P71-CB-Fingerprint-Bilingual/dp/B0CGKMQPV6/ref=sr_1_181?crid=1E63C3THFEGDP&dib=eyJ2IjoiMSJ9.QlBdZgEaaFJPpgVm8OgbCU6leoFgPgh6uoRtbPhHf4GB3_tIrVuV1spK7-ifCcjlxu6d0rmljCr4aLEoV6sSQg9ooflZxdThMhV3n0YRg6jy-Ywl95V2Z0DdU4GrwoNc1gkI_48WK4EviW5n05H88cGfC4AhgjYm2chN7WVSbOrgmKMSHndUpZw1zCufqxlPS8TCN1V7VGdmMRoONihXmpdZtWNvDj5jZVBjWCBysHa7uemMfdSVpmq60jNcjjrx1whPjrxMHqDVhaYyFe7wZUPWsAVG7ZB_R045-AHoFa8.xwfRB2oJ4UIo2hcKUbb6GfpZd404CUq8j5xIi-L9PKg&dib_tag=se&keywords=laptop&qid=1729745479&sprefix=laptop%2Caps%2C128&sr=8-181,"1,006.99",4.5,4,Not available
"HP Chromebook, AMD 3015Ce Processor, AMD Radeon Graphics, 4 GB RAM, 64 GB eMMC Storage, Chrome, (14a-nd0010ca, 2021 Model)",https://www.amazon.ca/HP-Chromebook-Processor-Graphics-14a-nd0010ca/dp/B094S8VQBM/ref=sr_1_182?crid=1E63C3THFEGDP&dib=eyJ2IjoiMSJ9.QlBdZgEaaFJPpgVm8OgbCU6leoFgPgh6uoRtbPhHf4GB3_tIrVuV1spK7-ifCcjlxu6d0rmljCr4aLEoV6sSQg9ooflZxdThMhV3n0YRg6jy-Ywl95V2Z0DdU4GrwoNc1gkI_48WK4EviW5n05H88cGfC4AhgjYm2chN7WVSbOrgmKMSHndUpZw1zCufqxlPS8TCN1V7VGdmMRoONihXmpdZtWNvDj5jZVBjWCBysHa7uemMfdSVpmq60jNcjjrx1whPjrxMHqDVhaYyFe7wZUPWsAVG7ZB_R045-AHoFa8.xwfRB2oJ4UIo2hcKUbb6GfpZd404CUq8j5xIi-L9PKg&dib_tag=se&keywords=laptop&qid=1729745479&sprefix=laptop%2Caps%2C128&sr=8-182,339.95,4.2,282,Not available
"Surface Laptop (13.8"") - Microsoft Surface Laptop - Copilot+ PC - 13.8"" Touchscreen - Snapdragon X Elite - 16GB - 512GB SSD - (Latest Model, 7th Edition) - Dune",https://www.amazon.ca/Surface-Laptop-13-8-touchscreen-Snapdragon/dp/B0CXKZ9NDW/ref=sr_1_180?crid=1E63C3THFEGDP&dib=eyJ2IjoiMSJ9.QlBdZgEaaFJPpgVm8OgbCU6leoFgPgh6uoRtbPhHf4GB3_tIrVuV1spK7-ifCcjlxu6d0rmljCr4aLEoV6sSQg9ooflZxdThMhV3n0YRg6jy-Ywl95V2Z0DdU4GrwoNc1gkI_48WK4EviW5n05H88cGfC4AhgjYm2chN7WVSbOrgmKMSHndUpZw1zCufqxlPS8TCN1V7VGdmMRoONihXmpdZtWNvDj5jZVBjWCBysHa7uemMfdSVpmq60jNcjjrx1whPjrxMHqDVhaYyFe7wZUPWsAVG7ZB_R045-AHoFa8.xwfRB2oJ4UIo2hcKUbb6GfpZd404CUq8j5xIi-L9PKg&dib_tag=se&keywords=laptop&qid=1729745479&sprefix=laptop%2Caps%2C128&sr=8-180,"1,999.99",4.3,82,Not available
"Dell Latitude 5300 Laptop,13.3'' Intel Core i5-8365U Notebook, 16GB DDR4 RAM, 512GB SSD, 1.6GHz, Webcam, WiFi, Type-C, RJ-45, Windows 10 Pro (Renewed)",https://www.amazon.ca/Dell-Latitude-i5-8365U-Notebook-Windows/dp/B0C1SHW84C/ref=sr_1_179?crid=1E63C3THFEGDP&dib=eyJ2IjoiMSJ9.QlBdZgEaaFJPpgVm8OgbCU6leoFgPgh6uoRtbPhHf4GB3_tIrVuV1spK7-ifCcjlxu6d0rmljCr4aLEoV6sSQg9ooflZxdThMhV3n0YRg6jy-Ywl95V2Z0DdU4GrwoNc1gkI_48WK4EviW5n05H88cGfC4AhgjYm2chN7WVSbOrgmKMSHndUpZw1zCufqxlPS8TCN1V7VGdmMRoONihXmpdZtWNvDj5jZVBjWCBysHa7uemMfdSVpmq60jNcjjrx1whPjrxMHqDVhaYyFe7wZUPWsAVG7ZB_R045-AHoFa8.xwfRB2oJ4UIo2hcKUbb6GfpZd404CUq8j5xIi-L9PKg&dib_tag=se&keywords=laptop&qid=1729745479&sprefix=laptop%2Caps%2C128&sr=8-179,318.70,3.3,23,Not available
"HP 15.6-Inch Laptop, 11th Generation Intel Core i3-1115G4, Intel UHD Graphics, 8 GB RAM, 128 GB SATA M.2 SSD, Windows 10 Home (15-dy2006ca, Natural Silver)",https://www.amazon.ca/HP-15-6-Inch-Generation-i3-1115G4-15-dy2006ca/dp/B08KCL8H6Z/ref=sr_1_178?crid=1E63C3THFEGDP&dib=eyJ2IjoiMSJ9.QlBdZgEaaFJPpgVm8OgbCU6leoFgPgh6uoRtbPhHf4GB3_tIrVuV1spK7-ifCcjlxu6d0rmljCr4aLEoV6sSQg9ooflZxdThMhV3n0YRg6jy-Ywl95V2Z0DdU4GrwoNc1gkI_48WK4EviW5n05H88cGfC4AhgjYm2chN7WVSbOrgmKMSHndUpZw1zCufqxlPS8TCN1V7VGdmMRoONihXmpdZtWNvDj5jZVBjWCBysHa7uemMfdSVpmq60jNcjjrx1whPjrxMHqDVhaYyFe7wZUPWsAVG7ZB_R045-AHoFa8.xwfRB2oJ4UIo2hcKUbb6GfpZd404CUq8j5xIi-L9PKg&dib_tag=se&keywords=laptop&qid=1729745479&sprefix=laptop%2Caps%2C128&sr=8-178,485.00,4.1,60,Not available
"Asus L210MA-DB01, 11.6” HD Intel N4020 4 64GB Black, with on",https://www.amazon.ca/Processor-NumberPad-Microsoft-Personal-L210MA-DB01/dp/B081V6W99V/ref=sr_1_177?crid=1E63C3THFEGDP&dib=eyJ2IjoiMSJ9.QlBdZgEaaFJPpgVm8OgbCU6leoFgPgh6uoRtbPhHf4GB3_tIrVuV1spK7-ifCcjlxu6d0rmljCr4aLEoV6sSQg9ooflZxdThMhV3n0YRg6jy-Ywl95V2Z0DdU4GrwoNc1gkI_48WK4EviW5n05H88cGfC4AhgjYm2chN7WVSbOrgmKMSHndUpZw1zCufqxlPS8TCN1V7VGdmMRoONihXmpdZtWNvDj5jZVBjWCBysHa7uemMfdSVpmq60jNcjjrx1whPjrxMHqDVhaYyFe7wZUPWsAVG7ZB_R045-AHoFa8.xwfRB2oJ4UIo2hcKUbb6GfpZd404CUq8j5xIi-L9PKg&dib_tag=se&keywords=laptop&qid=1729745479&sprefix=laptop%2Caps%2C128&sr=8-177,Price not available,4.0,"8,244",Not available
"HP Stream 14'' HD Laptop, Intel Celeron N4020 Dual-core Processor, 16GB DDR4 RAM, 64GB eMMC, 1 Year Office 365, Webcam, HDMI, Windows 10S, White, 32GB Hotface USB Card",https://www.amazon.ca/HP-Celeron-Dual-core-Processor-Windows/dp/B0CJNY74Y9/ref=sr_1_49?crid=1E63C3THFEGDP&dib=eyJ2IjoiMSJ9.akMDTOG5KBho4VWXJdqFI8EQq3zg3Tep4GghGuvoFQ_7cp8iETpMHFO4NgIhB7cnSrYyeL6kWqeyqJujKxZbY4WJ6OVWgaXZyQU9NMzTm12fRp0_aHi6oQPZpwiQK25c5hDtghNfY2TOPS5BUsVKzr-ao1Z4P9ayOzwNqtcGuCF1_Wr-4MGbjQfoKsthDqzJuhRB17snfwjjLfhNPI5qM4vhqmpTkz-oqSjWSUeKrSkfgOTYFC8cZ_1Vg-GClmy7ct76t8Or8SSxPTK0h_Lrzjb0-EHZnyWqZAIzlDe1_qs.iJtLNvn-8ETDI23NzMYzW-Nv16wHnFuQyS1MCrblk9k&dib_tag=se&keywords=laptop&qid=1729745479&sprefix=laptop%2Caps%2C128&sr=8-49,399.00,4.2,309,Not available
"ACEMAGIC 2024 Newest 17 inch Laptop 16GB DDR4 512GB SSD with Quad-Core N97 Processor(Up to 3.6GHz), Windows 11 Ordinateur Portable Laptop Computer, WiFi, BT5.0, USB3.2, Type_C",https://www.amazon.ca/ACEMAGIC-Quad-Core-Processor-Ordinateur-Portable/dp/B0D5LCMXB7/ref=sr_1_30?crid=1E63C3THFEGDP&dib=eyJ2IjoiMSJ9.8IJhOmDWzPhvmmClWYIoKwA9VFkNUnI3MVUYW5raIrKiVHPXh1JiM9QTjdTE7ykRh95NQVYy24zC1UqrK28-Q8lkTJoNb6yaRjKaKFcIyna_SSS97Bs6PknQbx3AQjBctCz0YDDmHTiWOf88vmXo5ouVdP1Q5NDCme2RVD6BuoVTVe19Lu5I7I9fGUJ4b2iZOB7mQs3AfT7uQ9js_lTJSDzSrbGV4lzAo2fNmn1qtlo-FejUie1F4tsFYTSR1FWHK_bgf_XsFIBJWR6K7qmXEGoB9-fR64EV2n1Gx4uI93I.bv6qJSZ0GEQEUI2q9uEicplDDGWYs10aWBKJDUqzfsI&dib_tag=se&keywords=laptop&qid=1729745479&sprefix=laptop%2Caps%2C128&sr=8-30,599.99,4.1,163,Not available
"OTVOC Laptop Computer 16 inch, Windows 11, 12th-gen N95, Quad Core, Up to 3.4GHz, 16GB DDR5 RAM, 1TB PCIe NVME SSD, 16"" FHD IPS 1920x1200, 2.0MP, 2.4G+5G WiFi, BT 5.0, HDMI, RJ45, Type C, Gray",https://www.amazon.ca/OTVOC-Computer-16-12th-gen-1920x1200/dp/B0D9CN4PVM/ref=sr_1_26?crid=1E63C3THFEGDP&dib=eyJ2IjoiMSJ9.8IJhOmDWzPhvmmClWYIoKwA9VFkNUnI3MVUYW5raIrKiVHPXh1JiM9QTjdTE7ykRh95NQVYy24zC1UqrK28-Q8lkTJoNb6yaRjKaKFcIyna_SSS97Bs6PknQbx3AQjBctCz0YDDmHTiWOf88vmXo5ouVdP1Q5NDCme2RVD6BuoVTVe19Lu5I7I9fGUJ4b2iZOB7mQs3AfT7uQ9js_lTJSDzSrbGV4lzAo2fNmn1qtlo-FejUie1F4tsFYTSR1FWHK_bgf_XsFIBJWR6K7qmXEGoB9-fR64EV2n1Gx4uI93I.bv6qJSZ0GEQEUI2q9uEicplDDGWYs10aWBKJDUqzfsI&dib_tag=se&keywords=laptop&qid=1729745479&sprefix=laptop%2Caps%2C128&sr=8-26,499.98,4.3,29,Not available
"ASUS Vivobook Go 15 L510 Thin & Light Laptop, 15.6” HD Display, Intel® Pentium® Silver N6000, 4GB RAM, 128GB eMMC, Windows 11 Home in S Mode, Includes 1 Year Microsoft 365, L510KA-AS02-CA",https://www.amazon.ca/Vivobook-Display-Pentium%C2%AE-Microsoft-L510KA-AS02-CA/dp/B0CX5QZYC3/ref=sr_1_28?crid=1E63C3THFEGDP&dib=eyJ2IjoiMSJ9.8IJhOmDWzPhvmmClWYIoKwA9VFkNUnI3MVUYW5raIrKiVHPXh1JiM9QTjdTE7ykRh95NQVYy24zC1UqrK28-Q8lkTJoNb6yaRjKaKFcIyna_SSS97Bs6PknQbx3AQjBctCz0YDDmHTiWOf88vmXo5ouVdP1Q5NDCme2RVD6BuoVTVe19Lu5I7I9fGUJ4b2iZOB7mQs3AfT7uQ9js_lTJSDzSrbGV4lzAo2fNmn1qtlo-FejUie1F4tsFYTSR1FWHK_bgf_XsFIBJWR6K7qmXEGoB9-fR64EV2n1Gx4uI93I.bv6qJSZ0GEQEUI2q9uEicplDDGWYs10aWBKJDUqzfsI&dib_tag=se&keywords=laptop&qid=1729745479&sprefix=laptop%2Caps%2C128&sr=8-28,329.00,3.9,19,Not available
"Acer Swift 3 SF314-511-52EE, 14"" FHD 1920x1080 IPS EVO Laptop, Intel Core i5-1135G7, 8GB LPDDR4X RAM, 512GB SSD, Windows 11 Home",https://www.amazon.ca/Acer-SF314-511-52EE-1920x1080-i5-1135G7-LPDDR4X/dp/B0CP895B6V/ref=sr_1_25?crid=1E63C3THFEGDP&dib=eyJ2IjoiMSJ9.8IJhOmDWzPhvmmClWYIoKwA9VFkNUnI3MVUYW5raIrKiVHPXh1JiM9QTjdTE7ykRh95NQVYy24zC1UqrK28-Q8lkTJoNb6yaRjKaKFcIyna_SSS97Bs6PknQbx3AQjBctCz0YDDmHTiWOf88vmXo5ouVdP1Q5NDCme2RVD6BuoVTVe19Lu5I7I9fGUJ4b2iZOB7mQs3AfT7uQ9js_lTJSDzSrbGV4lzAo2fNmn1qtlo-FejUie1F4tsFYTSR1FWHK_bgf_XsFIBJWR6K7qmXEGoB9-fR64EV2n1Gx4uI93I.bv6qJSZ0GEQEUI2q9uEicplDDGWYs10aWBKJDUqzfsI&dib_tag=se&keywords=laptop&qid=1729745479&sprefix=laptop%2Caps%2C128&sr=8-25,599.99,4.8,8,Not available
"HP Stream 14-inch Laptop, Intel Celeron N4000, 4 GB RAM, 64 GB eMMC, Windows 10 Home in S Mode with Office 365 Personal for 1 Year (14-cb187nr, Diamond White)",https://www.amazon.ca/HP-14-inch-Celeron-Storage-14-cb187nr/dp/B084SCLNB1/ref=sr_1_27?crid=1E63C3THFEGDP&dib=eyJ2IjoiMSJ9.8IJhOmDWzPhvmmClWYIoKwA9VFkNUnI3MVUYW5raIrKiVHPXh1JiM9QTjdTE7ykRh95NQVYy24zC1UqrK28-Q8lkTJoNb6yaRjKaKFcIyna_SSS97Bs6PknQbx3AQjBctCz0YDDmHTiWOf88vmXo5ouVdP1Q5NDCme2RVD6BuoVTVe19Lu5I7I9fGUJ4b2iZOB7mQs3AfT7uQ9js_lTJSDzSrbGV4lzAo2fNmn1qtlo-FejUie1F4tsFYTSR1FWHK_bgf_XsFIBJWR6K7qmXEGoB9-fR64EV2n1Gx4uI93I.bv6qJSZ0GEQEUI2q9uEicplDDGWYs10aWBKJDUqzfsI&dib_tag=se&keywords=laptop&qid=1729745479&sprefix=laptop%2Caps%2C128&sr=8-27,289.00,4.0,818,Not available
"Acer Chromebook Laptop | 15.6"" Full HD Display | Intel Celeron N4500 Processor | 8GB LPDDR4X, 64GB eMMC | ChromeOS | Silver | CB315-4H-C8Y8-CA",https://www.amazon.ca/Acer-Chromebook-Processor-ChromeOS-CB315-4H-C8Y8-CA/dp/B0CQQHG7WS/ref=sr_1_29?crid=1E63C3THFEGDP&dib=eyJ2IjoiMSJ9.8IJhOmDWzPhvmmClWYIoKwA9VFkNUnI3MVUYW5raIrKiVHPXh1JiM9QTjdTE7ykRh95NQVYy24zC1UqrK28-Q8lkTJoNb6yaRjKaKFcIyna_SSS97Bs6PknQbx3AQjBctCz0YDDmHTiWOf88vmXo5ouVdP1Q5NDCme2RVD6BuoVTVe19Lu5I7I9fGUJ4b2iZOB7mQs3AfT7uQ9js_lTJSDzSrbGV4lzAo2fNmn1qtlo-FejUie1F4tsFYTSR1FWHK_bgf_XsFIBJWR6K7qmXEGoB9-fR64EV2n1Gx4uI93I.bv6qJSZ0GEQEUI2q9uEicplDDGWYs10aWBKJDUqzfsI&dib_tag=se&keywords=laptop&qid=1729745479&sprefix=laptop%2Caps%2C128&sr=8-29,399.99,4.6,17,Not available
HP EliteBook 840 G6 Laptop Computer - 8th Gen Intel Core i5-8365U 1.6GHz - 16GB DDR4 RAM 256GB PCIe SSD - 14-inch UHD Graphics 620 - Webcam Windows 10 Pro (Renewed),https://www.amazon.ca/HP-EliteBook-840-G6-Computer/dp/B08FCPQTDQ/ref=sr_1_24?crid=1E63C3THFEGDP&dib=eyJ2IjoiMSJ9.8IJhOmDWzPhvmmClWYIoKwA9VFkNUnI3MVUYW5raIrKiVHPXh1JiM9QTjdTE7ykRh95NQVYy24zC1UqrK28-Q8lkTJoNb6yaRjKaKFcIyna_SSS97Bs6PknQbx3AQjBctCz0YDDmHTiWOf88vmXo5ouVdP1Q5NDCme2RVD6BuoVTVe19Lu5I7I9fGUJ4b2iZOB7mQs3AfT7uQ9js_lTJSDzSrbGV4lzAo2fNmn1qtlo-FejUie1F4tsFYTSR1FWHK_bgf_XsFIBJWR6K7qmXEGoB9-fR64EV2n1Gx4uI93I.bv6qJSZ0GEQEUI2q9uEicplDDGWYs10aWBKJDUqzfsI&dib_tag=se&keywords=laptop&qid=1729745479&sprefix=laptop%2Caps%2C128&sr=8-24,329.00,4.2,141,Not available
"ACEMAGIC Laptop, 15.6"" Laptop Computer, 16GB DDR4 512GB SSD Quad-Core(Up to 3.4GHz), 1080P FHD Traditional Laptops, Metal Shell, WiFi, Bluetooth 5.0, 5G WiFi, BT5.0, Webcam, Type_C, USB3.2",https://www.amazon.ca/ACEMAGIC-Computer-Quad-Core-Traditional-Bluetooth/dp/B0DF7T4PBN/ref=sr_1_23?crid=1E63C3THFEGDP&dib=eyJ2IjoiMSJ9.8IJhOmDWzPhvmmClWYIoKwA9VFkNUnI3MVUYW5raIrKiVHPXh1JiM9QTjdTE7ykRh95NQVYy24zC1UqrK28-Q8lkTJoNb6yaRjKaKFcIyna_SSS97Bs6PknQbx3AQjBctCz0YDDmHTiWOf88vmXo5ouVdP1Q5NDCme2RVD6BuoVTVe19Lu5I7I9fGUJ4b2iZOB7mQs3AfT7uQ9js_lTJSDzSrbGV4lzAo2fNmn1qtlo-FejUie1F4tsFYTSR1FWHK_bgf_XsFIBJWR6K7qmXEGoB9-fR64EV2n1Gx4uI93I.bv6qJSZ0GEQEUI2q9uEicplDDGWYs10aWBKJDUqzfsI&dib_tag=se&keywords=laptop&qid=1729745479&sprefix=laptop%2Caps%2C128&sr=8-23,599.99,4.7,4,Not available
"jumper Laptop, 4GB DDR4 RAM 128GB SSD, Office 365 1-Year Subscription, 5205U Processor, 15.6 Inch HD Screen, 38Wh Battery, 2 Stereo Speakers, Type-C, USB3.0, Numeric Keypad.",https://www.amazon.ca/jumper-Subscription-Processor-Battery-Speakers/dp/B0DDXHQMGW/ref=sr_1_20?crid=1E63C3THFEGDP&dib=eyJ2IjoiMSJ9.8IJhOmDWzPhvmmClWYIoKwA9VFkNUnI3MVUYW5raIrKiVHPXh1JiM9QTjdTE7ykRh95NQVYy24zC1UqrK28-Q8lkTJoNb6yaRjKaKFcIyna_SSS97Bs6PknQbx3AQjBctCz0YDDmHTiWOf88vmXo5ouVdP1Q5NDCme2RVD6BuoVTVe19Lu5I7I9fGUJ4b2iZOB7mQs3AfT7uQ9js_lTJSDzSrbGV4lzAo2fNmn1qtlo-FejUie1F4tsFYTSR1FWHK_bgf_XsFIBJWR6K7qmXEGoB9-fR64EV2n1Gx4uI93I.bv6qJSZ0GEQEUI2q9uEicplDDGWYs10aWBKJDUqzfsI&dib_tag=se&keywords=laptop&qid=1729745479&sprefix=laptop%2Caps%2C128&sr=8-20,569.99,4.4,31,Not available
"Lenovo ThinkPad L13 Yoga Gen 2 Laptop, 13.3"" FHD Touch Display & Stylus, Core i5-1145G7 16GB RAM, 512GB SSD, HDMI, Thunderbolt, Camera, Windows 10 Pro (Renewed)",https://www.amazon.ca/Lenovo-ThinkPad-L13-Yoga-Laptop/dp/B0DHVC5F8L/ref=sr_1_22?crid=1E63C3THFEGDP&dib=eyJ2IjoiMSJ9.8IJhOmDWzPhvmmClWYIoKwA9VFkNUnI3MVUYW5raIrKiVHPXh1JiM9QTjdTE7ykRh95NQVYy24zC1UqrK28-Q8lkTJoNb6yaRjKaKFcIyna_SSS97Bs6PknQbx3AQjBctCz0YDDmHTiWOf88vmXo5ouVdP1Q5NDCme2RVD6BuoVTVe19Lu5I7I9fGUJ4b2iZOB7mQs3AfT7uQ9js_lTJSDzSrbGV4lzAo2fNmn1qtlo-FejUie1F4tsFYTSR1FWHK_bgf_XsFIBJWR6K7qmXEGoB9-fR64EV2n1Gx4uI93I.bv6qJSZ0GEQEUI2q9uEicplDDGWYs10aWBKJDUqzfsI&dib_tag=se&keywords=laptop&qid=1729745479&sprefix=laptop%2Caps%2C128&sr=8-22,519.00,"FREE delivery Tue, Oct 29 ",Save 5%,Not available
"15.6"" FHD Quad-Core N95 (Up to 3.4Ghz) Laptop by ALLDOCUBE, 16GB RAM+512GB SSD, Windows 11 Home Portable Notebook, 3.8v/12000mAh, Type-C, HDMI, SD Card, BT5.0, USB3.0, 1920×1080 Display",https://www.amazon.ca/Quad-Core-ALLDOCUBE-Portable-Notebook-1920%C3%971080/dp/B0D9GKGL1X/ref=sr_1_21?crid=1E63C3THFEGDP&dib=eyJ2IjoiMSJ9.8IJhOmDWzPhvmmClWYIoKwA9VFkNUnI3MVUYW5raIrKiVHPXh1JiM9QTjdTE7ykRh95NQVYy24zC1UqrK28-Q8lkTJoNb6yaRjKaKFcIyna_SSS97Bs6PknQbx3AQjBctCz0YDDmHTiWOf88vmXo5ouVdP1Q5NDCme2RVD6BuoVTVe19Lu5I7I9fGUJ4b2iZOB7mQs3AfT7uQ9js_lTJSDzSrbGV4lzAo2fNmn1qtlo-FejUie1F4tsFYTSR1FWHK_bgf_XsFIBJWR6K7qmXEGoB9-fR64EV2n1Gx4uI93I.bv6qJSZ0GEQEUI2q9uEicplDDGWYs10aWBKJDUqzfsI&dib_tag=se&keywords=laptop&qid=1729745479&sprefix=laptop%2Caps%2C128&sr=8-21,356.99,4.0,515,Not available
"Ruzava 14"" Traditional Laptop 6GB DDR4 128GB SSD Celeron N4020(Up to 2.8Ghz) Dual-Core Win PC1920x1080 FHD Dual WiFi BT 4.2 Support 512GB TF&1TB SSD Expand with Webcam for Business Entertainment-Blue",https://www.amazon.ca/Ruzava-Notebook-1920x1080-Wireless-Business-Blue/dp/B0CMZXD9C6/ref=sr_1_19?crid=1E63C3THFEGDP&dib=eyJ2IjoiMSJ9.8IJhOmDWzPhvmmClWYIoKwA9VFkNUnI3MVUYW5raIrKiVHPXh1JiM9QTjdTE7ykRh95NQVYy24zC1UqrK28-Q8lkTJoNb6yaRjKaKFcIyna_SSS97Bs6PknQbx3AQjBctCz0YDDmHTiWOf88vmXo5ouVdP1Q5NDCme2RVD6BuoVTVe19Lu5I7I9fGUJ4b2iZOB7mQs3AfT7uQ9js_lTJSDzSrbGV4lzAo2fNmn1qtlo-FejUie1F4tsFYTSR1FWHK_bgf_XsFIBJWR6K7qmXEGoB9-fR64EV2n1Gx4uI93I.bv6qJSZ0GEQEUI2q9uEicplDDGWYs10aWBKJDUqzfsI&dib_tag=se&keywords=laptop&qid=1729745479&sprefix=laptop%2Caps%2C128&sr=8-19,230.99,4.0,84,Not available
"ASUS Vivobook Go 12 L210 11.6” Ultra-Thin Laptop, Intel Celeron N4500, 4GB RAM, 64GB eMMC, Windows 11 Home in S Mode Includes 1 Year of Office 365 Personal, L210KA-AS01-CA",https://www.amazon.ca/ASUS-Vivobook-Ultra-Thin-Personal-L210KA-AS01-CA/dp/B0CPHCB97Y/ref=sr_1_18?crid=1E63C3THFEGDP&dib=eyJ2IjoiMSJ9.8IJhOmDWzPhvmmClWYIoKwA9VFkNUnI3MVUYW5raIrKiVHPXh1JiM9QTjdTE7ykRh95NQVYy24zC1UqrK28-Q8lkTJoNb6yaRjKaKFcIyna_SSS97Bs6PknQbx3AQjBctCz0YDDmHTiWOf88vmXo5ouVdP1Q5NDCme2RVD6BuoVTVe19Lu5I7I9fGUJ4b2iZOB7mQs3AfT7uQ9js_lTJSDzSrbGV4lzAo2fNmn1qtlo-FejUie1F4tsFYTSR1FWHK_bgf_XsFIBJWR6K7qmXEGoB9-fR64EV2n1Gx4uI93I.bv6qJSZ0GEQEUI2q9uEicplDDGWYs10aWBKJDUqzfsI&dib_tag=se&keywords=laptop&qid=1729745479&sprefix=laptop%2Caps%2C128&sr=8-18,219.00,3.7,402,Not available
"Gateway (by Acer) Chromebook Laptop | 14"" FHD 1920x1080 | TN Chromebook | Intel Celeron N4500 | 4GB LPDDR4X RAM | 64GB eMMC | Chrome OS | CBO314-1H-C3AX",https://www.amazon.ca/Gateway-Acer-Chromebook-1920x1080-CBO314-1H-C3AX/dp/B0CY3H3LP4/ref=sr_1_17?crid=1E63C3THFEGDP&dib=eyJ2IjoiMSJ9.8IJhOmDWzPhvmmClWYIoKwA9VFkNUnI3MVUYW5raIrKiVHPXh1JiM9QTjdTE7ykRh95NQVYy24zC1UqrK28-Q8lkTJoNb6yaRjKaKFcIyna_SSS97Bs6PknQbx3AQjBctCz0YDDmHTiWOf88vmXo5ouVdP1Q5NDCme2RVD6BuoVTVe19Lu5I7I9fGUJ4b2iZOB7mQs3AfT7uQ9js_lTJSDzSrbGV4lzAo2fNmn1qtlo-FejUie1F4tsFYTSR1FWHK_bgf_XsFIBJWR6K7qmXEGoB9-fR64EV2n1Gx4uI93I.bv6qJSZ0GEQEUI2q9uEicplDDGWYs10aWBKJDUqzfsI&dib_tag=se&keywords=laptop&qid=1729745479&sprefix=laptop%2Caps%2C128&sr=8-17,329.99,4.4,31,Not available
"Lenovo Thinkpad T490 Laptop Touchscreen 14"" FHD (1920x1080) Notebook, Core i5-8365u, 16GB DDR4 RAM, 512GB SSD, HDMI, Thunderbolt Windows 10 Pro (Renewed)",https://www.amazon.ca/Lenovo-Thinkpad-T490-Touchscreen-Thunderbolt/dp/B083ZMWTNL/ref=sr_1_16?crid=1E63C3THFEGDP&dib=eyJ2IjoiMSJ9.8IJhOmDWzPhvmmClWYIoKwA9VFkNUnI3MVUYW5raIrKiVHPXh1JiM9QTjdTE7ykRh95NQVYy24zC1UqrK28-Q8lkTJoNb6yaRjKaKFcIyna_SSS97Bs6PknQbx3AQjBctCz0YDDmHTiWOf88vmXo5ouVdP1Q5NDCme2RVD6BuoVTVe19Lu5I7I9fGUJ4b2iZOB7mQs3AfT7uQ9js_lTJSDzSrbGV4lzAo2fNmn1qtlo-FejUie1F4tsFYTSR1FWHK_bgf_XsFIBJWR6K7qmXEGoB9-fR64EV2n1Gx4uI93I.bv6qJSZ0GEQEUI2q9uEicplDDGWYs10aWBKJDUqzfsI&dib_tag=se&keywords=laptop&qid=1729745479&sprefix=laptop%2Caps%2C128&sr=8-16,361.00,3.9,449,Not available
"HP Stream 14"" HD Laptop, Intel Celeron N4120, 8GB RAM, 128GB eMMC, Intel UHD Graphics, Webcam, 1 Year Office 365, Silver, Win 11 S, 128GB Hotface USB Card",https://www.amazon.ca/HP-Stream-Celeron-Graphics-Hotface/dp/B0CZLRHY7Y/ref=sr_1_15?crid=1E63C3THFEGDP&dib=eyJ2IjoiMSJ9.8IJhOmDWzPhvmmClWYIoKwA9VFkNUnI3MVUYW5raIrKiVHPXh1JiM9QTjdTE7ykRh95NQVYy24zC1UqrK28-Q8lkTJoNb6yaRjKaKFcIyna_SSS97Bs6PknQbx3AQjBctCz0YDDmHTiWOf88vmXo5ouVdP1Q5NDCme2RVD6BuoVTVe19Lu5I7I9fGUJ4b2iZOB7mQs3AfT7uQ9js_lTJSDzSrbGV4lzAo2fNmn1qtlo-FejUie1F4tsFYTSR1FWHK_bgf_XsFIBJWR6K7qmXEGoB9-fR64EV2n1Gx4uI93I.bv6qJSZ0GEQEUI2q9uEicplDDGWYs10aWBKJDUqzfsI&dib_tag=se&keywords=laptop&qid=1729745479&sprefix=laptop%2Caps%2C128&sr=8-15,399.00,4.3,"1,212",Not available
"Lenovo ThinkPad T480 14-inch HD Business Laptop (Intel 8th Gen Quad-Core i5-8250U, 16GB DDR4 RAM, Toshiba 256GB PCIe NVMe 2242 M.2 SSD) Fingerprint, Thunderbolt 3 Type-C, WiFi, Windows 10 Pro (Renewed)",https://www.amazon.ca/Lenovo-ThinkPad-Quad-Core-Fingerprint-Thunderbolt/dp/B0832JFM9G/ref=sr_1_14?crid=1E63C3THFEGDP&dib=eyJ2IjoiMSJ9.8IJhOmDWzPhvmmClWYIoKwA9VFkNUnI3MVUYW5raIrKiVHPXh1JiM9QTjdTE7ykRh95NQVYy24zC1UqrK28-Q8lkTJoNb6yaRjKaKFcIyna_SSS97Bs6PknQbx3AQjBctCz0YDDmHTiWOf88vmXo5ouVdP1Q5NDCme2RVD6BuoVTVe19Lu5I7I9fGUJ4b2iZOB7mQs3AfT7uQ9js_lTJSDzSrbGV4lzAo2fNmn1qtlo-FejUie1F4tsFYTSR1FWHK_bgf_XsFIBJWR6K7qmXEGoB9-fR64EV2n1Gx4uI93I.bv6qJSZ0GEQEUI2q9uEicplDDGWYs10aWBKJDUqzfsI&dib_tag=se&keywords=laptop&qid=1729745479&sprefix=laptop%2Caps%2C128&sr=8-14,289.00,4.0,398,Not available
"Laptop 15.6 inch Windows 11, 11th-Gen Celeron N5100, Quad Core, 16GB RAM, 512GB NVME SSD, 4TB Expansion, 15.6"" FHD IPS, 2.0MP, 2.4G+5G WiFi, Bluetooth 5.0, Type-C, HDMI, RJ45, HDD, Silver",https://www.amazon.ca/Windows-11th-Gen-Celeron-Expansion-Bluetooth/dp/B0DBTF9728/ref=sr_1_13?crid=1E63C3THFEGDP&dib=eyJ2IjoiMSJ9.8IJhOmDWzPhvmmClWYIoKwA9VFkNUnI3MVUYW5raIrKiVHPXh1JiM9QTjdTE7ykRh95NQVYy24zC1UqrK28-Q8lkTJoNb6yaRjKaKFcIyna_SSS97Bs6PknQbx3AQjBctCz0YDDmHTiWOf88vmXo5ouVdP1Q5NDCme2RVD6BuoVTVe19Lu5I7I9fGUJ4b2iZOB7mQs3AfT7uQ9js_lTJSDzSrbGV4lzAo2fNmn1qtlo-FejUie1F4tsFYTSR1FWHK_bgf_XsFIBJWR6K7qmXEGoB9-fR64EV2n1Gx4uI93I.bv6qJSZ0GEQEUI2q9uEicplDDGWYs10aWBKJDUqzfsI&dib_tag=se&keywords=laptop&qid=1729745479&sprefix=laptop%2Caps%2C128&sr=8-13,413.98,4.5,42,Not available
"Lenovo 14w Gen 2 14"" FHD Laptop - AMD 3015e, 4GB RAM, 128GB SSD, Windows 11 Pro, Educational, Rugged and MIL-STD-810H Durability - 82N80024US",https://www.amazon.ca/Lenovo-14w-Gen-FHD-Laptop/dp/B0BYNYJPKV/ref=sr_1_11?crid=1E63C3THFEGDP&dib=eyJ2IjoiMSJ9.8IJhOmDWzPhvmmClWYIoKwA9VFkNUnI3MVUYW5raIrKiVHPXh1JiM9QTjdTE7ykRh95NQVYy24zC1UqrK28-Q8lkTJoNb6yaRjKaKFcIyna_SSS97Bs6PknQbx3AQjBctCz0YDDmHTiWOf88vmXo5ouVdP1Q5NDCme2RVD6BuoVTVe19Lu5I7I9fGUJ4b2iZOB7mQs3AfT7uQ9js_lTJSDzSrbGV4lzAo2fNmn1qtlo-FejUie1F4tsFYTSR1FWHK_bgf_XsFIBJWR6K7qmXEGoB9-fR64EV2n1Gx4uI93I.bv6qJSZ0GEQEUI2q9uEicplDDGWYs10aWBKJDUqzfsI&dib_tag=se&keywords=laptop&qid=1729745479&sprefix=laptop%2Caps%2C128&sr=8-11,269.98,4.0,43,Not available
"SGIN 15.6 Inch Laptop Computer, 4GB DDR4 RAM 128GB SSD Notebook, Laptop with Celeron Qaud-Core Processor, UHD Graphics 600, Webcam, Wi-Fi, Mini HDMI, Bluetooth 4.2, USB3.0",https://www.amazon.ca/SGIN-Computer-Qaud-Core-Processor-Bluetooth/dp/B0CDGXBGXX/ref=sr_1_12?crid=1E63C3THFEGDP&dib=eyJ2IjoiMSJ9.8IJhOmDWzPhvmmClWYIoKwA9VFkNUnI3MVUYW5raIrKiVHPXh1JiM9QTjdTE7ykRh95NQVYy24zC1UqrK28-Q8lkTJoNb6yaRjKaKFcIyna_SSS97Bs6PknQbx3AQjBctCz0YDDmHTiWOf88vmXo5ouVdP1Q5NDCme2RVD6BuoVTVe19Lu5I7I9fGUJ4b2iZOB7mQs3AfT7uQ9js_lTJSDzSrbGV4lzAo2fNmn1qtlo-FejUie1F4tsFYTSR1FWHK_bgf_XsFIBJWR6K7qmXEGoB9-fR64EV2n1Gx4uI93I.bv6qJSZ0GEQEUI2q9uEicplDDGWYs10aWBKJDUqzfsI&dib_tag=se&keywords=laptop&qid=1729745479&sprefix=laptop%2Caps%2C128&sr=8-12,Price not available,5.0,6,Not available
"Acer Aspire Go 15 AG15-31P-31C1-CA, 15.6"" FHD, Intel Core i3-N305 Processor, 8GB DDR5, 512GB SSD, Windows 11",https://www.amazon.ca/Acer-AG15-31P-31C1-CA-i3-N305-Processor-Windows/dp/B0CSQJ56YV/ref=sr_1_10?crid=1E63C3THFEGDP&dib=eyJ2IjoiMSJ9.8IJhOmDWzPhvmmClWYIoKwA9VFkNUnI3MVUYW5raIrKiVHPXh1JiM9QTjdTE7ykRh95NQVYy24zC1UqrK28-Q8lkTJoNb6yaRjKaKFcIyna_SSS97Bs6PknQbx3AQjBctCz0YDDmHTiWOf88vmXo5ouVdP1Q5NDCme2RVD6BuoVTVe19Lu5I7I9fGUJ4b2iZOB7mQs3AfT7uQ9js_lTJSDzSrbGV4lzAo2fNmn1qtlo-FejUie1F4tsFYTSR1FWHK_bgf_XsFIBJWR6K7qmXEGoB9-fR64EV2n1Gx4uI93I.bv6qJSZ0GEQEUI2q9uEicplDDGWYs10aWBKJDUqzfsI&dib_tag=se&keywords=laptop&qid=1729745479&sprefix=laptop%2Caps%2C128&sr=8-10,449.99,3.4,9,Not available
"SGIN 15.6"" FHD 1920X1080 Screen Laptop, High Performance Quad-Core Celeron N5095 Processors, 12GB DDR4 512GB SSD Computers Laptop, 2.4G/5G WiFi, Bluetooth 4.2, Webcam(Gray)",https://www.amazon.ca/SGIN-1920X1080-Performance-Quad-Core-Processors/dp/B0DB5G1T3W/ref=sr_1_9?crid=1E63C3THFEGDP&dib=eyJ2IjoiMSJ9.8IJhOmDWzPhvmmClWYIoKwA9VFkNUnI3MVUYW5raIrKiVHPXh1JiM9QTjdTE7ykRh95NQVYy24zC1UqrK28-Q8lkTJoNb6yaRjKaKFcIyna_SSS97Bs6PknQbx3AQjBctCz0YDDmHTiWOf88vmXo5ouVdP1Q5NDCme2RVD6BuoVTVe19Lu5I7I9fGUJ4b2iZOB7mQs3AfT7uQ9js_lTJSDzSrbGV4lzAo2fNmn1qtlo-FejUie1F4tsFYTSR1FWHK_bgf_XsFIBJWR6K7qmXEGoB9-fR64EV2n1Gx4uI93I.bv6qJSZ0GEQEUI2q9uEicplDDGWYs10aWBKJDUqzfsI&dib_tag=se&keywords=laptop&qid=1729745479&sprefix=laptop%2Caps%2C128&sr=8-9,409.99,4.3,86,Not available
"ASUS Chromebook CX1500 15.6"" Full HD Laptop, Intel Celeron N3350, 4GB RAM, 64GB eMMC Flash Memory, Intel HD Graphics, WiFi 5, Chrome OS, Mineral Gray (Renewed)",https://www.amazon.ca/ASUS-Chromebook-Celeron-Graphics-Mineral/dp/B0CTRWFK3C/ref=sr_1_7?crid=1E63C3THFEGDP&dib=eyJ2IjoiMSJ9.8IJhOmDWzPhvmmClWYIoKwA9VFkNUnI3MVUYW5raIrKiVHPXh1JiM9QTjdTE7ykRh95NQVYy24zC1UqrK28-Q8lkTJoNb6yaRjKaKFcIyna_SSS97Bs6PknQbx3AQjBctCz0YDDmHTiWOf88vmXo5ouVdP1Q5NDCme2RVD6BuoVTVe19Lu5I7I9fGUJ4b2iZOB7mQs3AfT7uQ9js_lTJSDzSrbGV4lzAo2fNmn1qtlo-FejUie1F4tsFYTSR1FWHK_bgf_XsFIBJWR6K7qmXEGoB9-fR64EV2n1Gx4uI93I.bv6qJSZ0GEQEUI2q9uEicplDDGWYs10aWBKJDUqzfsI&dib_tag=se&keywords=laptop&qid=1729745479&sprefix=laptop%2Caps%2C128&sr=8-7,219.00,4.0,"1,458",Not available
"Lenovo ThinkPad T490 14"" HD Laptop Computer, Intel Core i5-8365U Quad-core, 16GB DDR4 RAM 512GB SSD, Type-C, HDMI, Windows 10 Pro (Renewed)",https://www.amazon.ca/Lenovo-ThinkPad-T490-Computer-Quad-core/dp/B0CW3C9L89/ref=sr_1_6?crid=1E63C3THFEGDP&dib=eyJ2IjoiMSJ9.8IJhOmDWzPhvmmClWYIoKwA9VFkNUnI3MVUYW5raIrKiVHPXh1JiM9QTjdTE7ykRh95NQVYy24zC1UqrK28-Q8lkTJoNb6yaRjKaKFcIyna_SSS97Bs6PknQbx3AQjBctCz0YDDmHTiWOf88vmXo5ouVdP1Q5NDCme2RVD6BuoVTVe19Lu5I7I9fGUJ4b2iZOB7mQs3AfT7uQ9js_lTJSDzSrbGV4lzAo2fNmn1qtlo-FejUie1F4tsFYTSR1FWHK_bgf_XsFIBJWR6K7qmXEGoB9-fR64EV2n1Gx4uI93I.bv6qJSZ0GEQEUI2q9uEicplDDGWYs10aWBKJDUqzfsI&dib_tag=se&keywords=laptop&qid=1729745479&sprefix=laptop%2Caps%2C128&sr=8-6,309.99,3.7,87,Not available
"Laptop Computer 14.1 inch Laptop 6GB RAM 128GB SSD, Dual-Core Cerelon N4000 (up to 2.6GHz) Ordinateur-Portable Laptop PC, 2.4G/5G WiFi, BT 5.0, USB3.0, Mini HDMI, 3 Ports USB-C Hub",https://www.amazon.ca/Laptop-Computer-Dual-Core-Cerelon-Ordinateur-Portable/dp/B0D3DSXQWB/ref=sr_1_5?crid=1E63C3THFEGDP&dib=eyJ2IjoiMSJ9.8IJhOmDWzPhvmmClWYIoKwA9VFkNUnI3MVUYW5raIrKiVHPXh1JiM9QTjdTE7ykRh95NQVYy24zC1UqrK28-Q8lkTJoNb6yaRjKaKFcIyna_SSS97Bs6PknQbx3AQjBctCz0YDDmHTiWOf88vmXo5ouVdP1Q5NDCme2RVD6BuoVTVe19Lu5I7I9fGUJ4b2iZOB7mQs3AfT7uQ9js_lTJSDzSrbGV4lzAo2fNmn1qtlo-FejUie1F4tsFYTSR1FWHK_bgf_XsFIBJWR6K7qmXEGoB9-fR64EV2n1Gx4uI93I.bv6qJSZ0GEQEUI2q9uEicplDDGWYs10aWBKJDUqzfsI&dib_tag=se&keywords=laptop&qid=1729745479&sprefix=laptop%2Caps%2C128&sr=8-5,279.00,4.4,47,Not available
"Acer Aspire 1 A115-32-C6PW, 15.6"" FHD 1920x1080 TN Laptop, Intel Celeron N4500, 4GB RAM, 128GB eMMC, Windows 11 in S-Mode, Microsoft 365 1-Year Subscription",https://www.amazon.ca/Acer-A115-32-C6PW-Celeron-Notebook-NX-A6WAA-00D/dp/B0BP8WZ366/ref=sr_1_8?crid=1E63C3THFEGDP&dib=eyJ2IjoiMSJ9.8IJhOmDWzPhvmmClWYIoKwA9VFkNUnI3MVUYW5raIrKiVHPXh1JiM9QTjdTE7ykRh95NQVYy24zC1UqrK28-Q8lkTJoNb6yaRjKaKFcIyna_SSS97Bs6PknQbx3AQjBctCz0YDDmHTiWOf88vmXo5ouVdP1Q5NDCme2RVD6BuoVTVe19Lu5I7I9fGUJ4b2iZOB7mQs3AfT7uQ9js_lTJSDzSrbGV4lzAo2fNmn1qtlo-FejUie1F4tsFYTSR1FWHK_bgf_XsFIBJWR6K7qmXEGoB9-fR64EV2n1Gx4uI93I.bv6qJSZ0GEQEUI2q9uEicplDDGWYs10aWBKJDUqzfsI&dib_tag=se&keywords=laptop&qid=1729745479&sprefix=laptop%2Caps%2C128&sr=8-8,299.99,4.1,32,Not available
"Lenovo IdeaPad 1 14.0"" HD Laptop - Intel Celeron N4020, 4GB RAM, 128GB eMMC, Windows 11 S Mode (with Microfiber Cloth) - Cloud Grey (82V60094CF)",https://www.amazon.ca/Lenovo-IdeaPad-14-0-Laptop-Microfiber/dp/B0D7MYM4B3/ref=sr_1_4?crid=1E63C3THFEGDP&dib=eyJ2IjoiMSJ9.8IJhOmDWzPhvmmClWYIoKwA9VFkNUnI3MVUYW5raIrKiVHPXh1JiM9QTjdTE7ykRh95NQVYy24zC1UqrK28-Q8lkTJoNb6yaRjKaKFcIyna_SSS97Bs6PknQbx3AQjBctCz0YDDmHTiWOf88vmXo5ouVdP1Q5NDCme2RVD6BuoVTVe19Lu5I7I9fGUJ4b2iZOB7mQs3AfT7uQ9js_lTJSDzSrbGV4lzAo2fNmn1qtlo-FejUie1F4tsFYTSR1FWHK_bgf_XsFIBJWR6K7qmXEGoB9-fR64EV2n1Gx4uI93I.bv6qJSZ0GEQEUI2q9uEicplDDGWYs10aWBKJDUqzfsI&dib_tag=se&keywords=laptop&qid=1729745479&sprefix=laptop%2Caps%2C128&sr=8-4,249.98,5.0,3,Not available
Dell Chromebook 3100 Intel N4020 4GB 16GB Chrome OS 11.6 inch Gray (Renewed),https://www.amazon.ca/Dell-Chromebook-Intel-Chrome-Renewed/dp/B08SHN3TZP/ref=sr_1_3?crid=1E63C3THFEGDP&dib=eyJ2IjoiMSJ9.8IJhOmDWzPhvmmClWYIoKwA9VFkNUnI3MVUYW5raIrKiVHPXh1JiM9QTjdTE7ykRh95NQVYy24zC1UqrK28-Q8lkTJoNb6yaRjKaKFcIyna_SSS97Bs6PknQbx3AQjBctCz0YDDmHTiWOf88vmXo5ouVdP1Q5NDCme2RVD6BuoVTVe19Lu5I7I9fGUJ4b2iZOB7mQs3AfT7uQ9js_lTJSDzSrbGV4lzAo2fNmn1qtlo-FejUie1F4tsFYTSR1FWHK_bgf_XsFIBJWR6K7qmXEGoB9-fR64EV2n1Gx4uI93I.bv6qJSZ0GEQEUI2q9uEicplDDGWYs10aWBKJDUqzfsI&dib_tag=se&keywords=laptop&qid=1729745479&sprefix=laptop%2Caps%2C128&sr=8-3,88.00,4.1,380,Not available
"Acer Aspire 3 A315-24P-R7VH, 15.6"" FHD 1920x1080 Laptop, AMD Ryzen 3 7320U, Radeon Graphics, 8GB RAM, 128G SSD, Windows 11 in S Mode",https://www.amazon.ca/Acer-Aspire-RadeonTM-Graphics-Windows/dp/B0BS4BP8FB/ref=sr_1_2?crid=1E63C3THFEGDP&dib=eyJ2IjoiMSJ9.8IJhOmDWzPhvmmClWYIoKwA9VFkNUnI3MVUYW5raIrKiVHPXh1JiM9QTjdTE7ykRh95NQVYy24zC1UqrK28-Q8lkTJoNb6yaRjKaKFcIyna_SSS97Bs6PknQbx3AQjBctCz0YDDmHTiWOf88vmXo5ouVdP1Q5NDCme2RVD6BuoVTVe19Lu5I7I9fGUJ4b2iZOB7mQs3AfT7uQ9js_lTJSDzSrbGV4lzAo2fNmn1qtlo-FejUie1F4tsFYTSR1FWHK_bgf_XsFIBJWR6K7qmXEGoB9-fR64EV2n1Gx4uI93I.bv6qJSZ0GEQEUI2q9uEicplDDGWYs10aWBKJDUqzfsI&dib_tag=se&keywords=laptop&qid=1729745479&sprefix=laptop%2Caps%2C128&sr=8-2,449.99,4.3,"2,585",Not available
"Lenovo IdeaPad 1 | 15.6"" FHD Laptop | AMD Ryzen 5 5500U | 16GB Memory | 512GB PCIe SSD | Windows 11 Home| Radeon Graphics",https://www.amazon.ca/Lenovo-IdeaPad-Laptop-Windows-Graphics/dp/B0D944Q65J/ref=sr_1_226?crid=1E63C3THFEGDP&dib=eyJ2IjoiMSJ9.vyT5BBSgt2cX4T0-hKG9fCrM8utZXmkmxN3xLuNgQw6wVAhW-5AklWqDZDHHDrOf0dw6dIklTqdleZmlV6b31ZH8UNazo0Z04bRPs9umLBNrI5LhVPNMXEW9Gyx9yHXiaitBU5-yGKbQpRpfgrKdje0_783rSlzAshG_OKExyD_h6Cseqkn5XoKTXAlnV9emk0y-g3TVeRGPsGG2_YezhDtH3f5uhLGs-MThLTNHo1LYynESUy36iFFeTwf6PRCLp7-YAynHwHwQ7FyoaZhGDzzrocnhbTVWQ1BHeOa0AsE.T0wWaXV_Bw6f7qGYd-T31WGsfZA4teZBRAdr_7nJlDQ&dib_tag=se&keywords=laptop&qid=1729745479&sprefix=laptop%2Caps%2C128&sr=8-226,579.99,FREE delivery Oct 29 - 31 ,No reviews available,Not available
2024 Lenovo IdeaPad Slim 3 15.6” FHD IPS Touch Laptop 10-Core Intel Core i5-1335U Iris Xe Graphics 16GB LPDDR5 1TB SSD USB-C w/DP WiFi AX BT Webcam HDMI1.4 Backlit KB Fingerprint Windows 11 Home,https://www.amazon.ca/Lenovo-IdeaPad-i5-1335U-Graphics-Fingerprint/dp/B0DDX1S1YT/ref=sr_1_225?crid=1E63C3THFEGDP&dib=eyJ2IjoiMSJ9.vyT5BBSgt2cX4T0-hKG9fCrM8utZXmkmxN3xLuNgQw6wVAhW-5AklWqDZDHHDrOf0dw6dIklTqdleZmlV6b31ZH8UNazo0Z04bRPs9umLBNrI5LhVPNMXEW9Gyx9yHXiaitBU5-yGKbQpRpfgrKdje0_783rSlzAshG_OKExyD_h6Cseqkn5XoKTXAlnV9emk0y-g3TVeRGPsGG2_YezhDtH3f5uhLGs-MThLTNHo1LYynESUy36iFFeTwf6PRCLp7-YAynHwHwQ7FyoaZhGDzzrocnhbTVWQ1BHeOa0AsE.T0wWaXV_Bw6f7qGYd-T31WGsfZA4teZBRAdr_7nJlDQ&dib_tag=se&keywords=laptop&qid=1729745479&sprefix=laptop%2Caps%2C128&sr=8-225,957.29,FREE delivery Oct 31 - Nov 7 ,No reviews available,Not available
Dell Inspiron 15 3000 3511 11th Gen Intel i5-1135G7 1TB SSD 16GB RAM 15.6-inch FHD Laptop Windows 11 Pro,https://www.amazon.ca/Dell-Inspiron-3511-i5-1135G7-15-6-inch/dp/B09QFRL6BP/ref=sr_1_224?crid=1E63C3THFEGDP&dib=eyJ2IjoiMSJ9.vyT5BBSgt2cX4T0-hKG9fCrM8utZXmkmxN3xLuNgQw6wVAhW-5AklWqDZDHHDrOf0dw6dIklTqdleZmlV6b31ZH8UNazo0Z04bRPs9umLBNrI5LhVPNMXEW9Gyx9yHXiaitBU5-yGKbQpRpfgrKdje0_783rSlzAshG_OKExyD_h6Cseqkn5XoKTXAlnV9emk0y-g3TVeRGPsGG2_YezhDtH3f5uhLGs-MThLTNHo1LYynESUy36iFFeTwf6PRCLp7-YAynHwHwQ7FyoaZhGDzzrocnhbTVWQ1BHeOa0AsE.T0wWaXV_Bw6f7qGYd-T31WGsfZA4teZBRAdr_7nJlDQ&dib_tag=se&keywords=laptop&qid=1729745479&sprefix=laptop%2Caps%2C128&sr=8-224,779.00,4.1,10,Not available
"Lenovo ThinkPad X390 Business Laptop, 13.3in FHD(1920x1080) Notebook, Intel Core i5-8365 up to 3.9GHz, 8GB RAM, 256GB SSD, Windows 10pro(Renewed)",https://www.amazon.ca/Lenovo-ThinkPad-X390-Business-1920x1080/dp/B0CLGPPSNR/ref=sr_1_223?crid=1E63C3THFEGDP&dib=eyJ2IjoiMSJ9.vyT5BBSgt2cX4T0-hKG9fCrM8utZXmkmxN3xLuNgQw6wVAhW-5AklWqDZDHHDrOf0dw6dIklTqdleZmlV6b31ZH8UNazo0Z04bRPs9umLBNrI5LhVPNMXEW9Gyx9yHXiaitBU5-yGKbQpRpfgrKdje0_783rSlzAshG_OKExyD_h6Cseqkn5XoKTXAlnV9emk0y-g3TVeRGPsGG2_YezhDtH3f5uhLGs-MThLTNHo1LYynESUy36iFFeTwf6PRCLp7-YAynHwHwQ7FyoaZhGDzzrocnhbTVWQ1BHeOa0AsE.T0wWaXV_Bw6f7qGYd-T31WGsfZA4teZBRAdr_7nJlDQ&dib_tag=se&keywords=laptop&qid=1729745479&sprefix=laptop%2Caps%2C128&sr=8-223,299.00,4.0,11,Not available
"Dell Latitude 5400 Laptop | 14"" 1920x1080 FHD | Core i7-8665U - 512GB SSD Hard Drive - 16GB RAM | 4 cores @ 4.8 GHz Win 11 Home Black (Renewed)",https://www.amazon.ca/Dell-Latitude-5400-Laptop-1920x1080/dp/B0D28HRSLG/ref=sr_1_222?crid=1E63C3THFEGDP&dib=eyJ2IjoiMSJ9.vyT5BBSgt2cX4T0-hKG9fCrM8utZXmkmxN3xLuNgQw6wVAhW-5AklWqDZDHHDrOf0dw6dIklTqdleZmlV6b31ZH8UNazo0Z04bRPs9umLBNrI5LhVPNMXEW9Gyx9yHXiaitBU5-yGKbQpRpfgrKdje0_783rSlzAshG_OKExyD_h6Cseqkn5XoKTXAlnV9emk0y-g3TVeRGPsGG2_YezhDtH3f5uhLGs-MThLTNHo1LYynESUy36iFFeTwf6PRCLp7-YAynHwHwQ7FyoaZhGDzzrocnhbTVWQ1BHeOa0AsE.T0wWaXV_Bw6f7qGYd-T31WGsfZA4teZBRAdr_7nJlDQ&dib_tag=se&keywords=laptop&qid=1729745479&sprefix=laptop%2Caps%2C128&sr=8-222,475.00,FREE delivery Oct 28 - 30 ,Only 1 left in stock.,Not available
"HP Stream 14-Inch Laptop, Intel Celeron N4000, 4 GB RAM, 64 GB eMMC, Windows 10 Home in S Mode (14-cb159nr, Jet Black)",https://www.amazon.ca/HP-14-inch-Celeron-Storage-14-cb159nr/dp/B07WMDV7CW/ref=sr_1_221?crid=1E63C3THFEGDP&dib=eyJ2IjoiMSJ9.vyT5BBSgt2cX4T0-hKG9fCrM8utZXmkmxN3xLuNgQw6wVAhW-5AklWqDZDHHDrOf0dw6dIklTqdleZmlV6b31ZH8UNazo0Z04bRPs9umLBNrI5LhVPNMXEW9Gyx9yHXiaitBU5-yGKbQpRpfgrKdje0_783rSlzAshG_OKExyD_h6Cseqkn5XoKTXAlnV9emk0y-g3TVeRGPsGG2_YezhDtH3f5uhLGs-MThLTNHo1LYynESUy36iFFeTwf6PRCLp7-YAynHwHwQ7FyoaZhGDzzrocnhbTVWQ1BHeOa0AsE.T0wWaXV_Bw6f7qGYd-T31WGsfZA4teZBRAdr_7nJlDQ&dib_tag=se&keywords=laptop&qid=1729745479&sprefix=laptop%2Caps%2C128&sr=8-221,369.00,4.3,"2,696",Not available
"HP Stream 14"" HD Anti-Glare Laptop, Intel Pentium Silver N5030, 16GB RAM, 1.16TB Storage(1TB SSD + 160GB Docking Station Set), Intel UHD Graphics, 720p Camera, 1 Year Office 365, Win 11 S, Silver",https://www.amazon.ca/HP-Stream-Anti-Glare-Pentium-Graphics/dp/B0DBL3TSKY/ref=sr_1_220?crid=1E63C3THFEGDP&dib=eyJ2IjoiMSJ9.vyT5BBSgt2cX4T0-hKG9fCrM8utZXmkmxN3xLuNgQw6wVAhW-5AklWqDZDHHDrOf0dw6dIklTqdleZmlV6b31ZH8UNazo0Z04bRPs9umLBNrI5LhVPNMXEW9Gyx9yHXiaitBU5-yGKbQpRpfgrKdje0_783rSlzAshG_OKExyD_h6Cseqkn5XoKTXAlnV9emk0y-g3TVeRGPsGG2_YezhDtH3f5uhLGs-MThLTNHo1LYynESUy36iFFeTwf6PRCLp7-YAynHwHwQ7FyoaZhGDzzrocnhbTVWQ1BHeOa0AsE.T0wWaXV_Bw6f7qGYd-T31WGsfZA4teZBRAdr_7nJlDQ&dib_tag=se&keywords=laptop&qid=1729745479&sprefix=laptop%2Caps%2C128&sr=8-220,549.00,4.3,126,Not available
"Dell Latitude 5400 Laptop 14in FHD, Intel Core i5 8th Gen- i5-8365U Quad Core, New 1 TB NVME SSD, 32 GB DDR4 RAM, Windows 10 Pro (Renewed)",https://www.amazon.ca/Latitude-5400-i5-8365U-Windows-Renewed/dp/B09VRM3L4K/ref=sr_1_219?crid=1E63C3THFEGDP&dib=eyJ2IjoiMSJ9.vyT5BBSgt2cX4T0-hKG9fCrM8utZXmkmxN3xLuNgQw6wVAhW-5AklWqDZDHHDrOf0dw6dIklTqdleZmlV6b31ZH8UNazo0Z04bRPs9umLBNrI5LhVPNMXEW9Gyx9yHXiaitBU5-yGKbQpRpfgrKdje0_783rSlzAshG_OKExyD_h6Cseqkn5XoKTXAlnV9emk0y-g3TVeRGPsGG2_YezhDtH3f5uhLGs-MThLTNHo1LYynESUy36iFFeTwf6PRCLp7-YAynHwHwQ7FyoaZhGDzzrocnhbTVWQ1BHeOa0AsE.T0wWaXV_Bw6f7qGYd-T31WGsfZA4teZBRAdr_7nJlDQ&dib_tag=se&keywords=laptop&qid=1729745479&sprefix=laptop%2Caps%2C128&sr=8-219,387.00,FREE delivery Oct 28 - 29 ,No reviews available,Not available
"HP 15.6"" FHD Laptop, Intel i3-1215U, 16GB RAM, 512GB SSD, Intel UHD Graphics, HD Webcam, Numpad, Wi-Fi 6, Bluetooth, Gray, Windows 11 Pro, 32GB Hotface USB Card",https://www.amazon.ca/HP-i3-1215U-Graphics-Bluetooth-Windows/dp/B0CPHV8CCQ/ref=sr_1_218?crid=1E63C3THFEGDP&dib=eyJ2IjoiMSJ9.vyT5BBSgt2cX4T0-hKG9fCrM8utZXmkmxN3xLuNgQw6wVAhW-5AklWqDZDHHDrOf0dw6dIklTqdleZmlV6b31ZH8UNazo0Z04bRPs9umLBNrI5LhVPNMXEW9Gyx9yHXiaitBU5-yGKbQpRpfgrKdje0_783rSlzAshG_OKExyD_h6Cseqkn5XoKTXAlnV9emk0y-g3TVeRGPsGG2_YezhDtH3f5uhLGs-MThLTNHo1LYynESUy36iFFeTwf6PRCLp7-YAynHwHwQ7FyoaZhGDzzrocnhbTVWQ1BHeOa0AsE.T0wWaXV_Bw6f7qGYd-T31WGsfZA4teZBRAdr_7nJlDQ&dib_tag=se&keywords=laptop&qid=1729745479&sprefix=laptop%2Caps%2C128&sr=8-218,599.00,4.1,151,Not available
"ASUS VivoBook Go 14 Flip Thin and Light 2-in-1 Laptop, 14” HD Touch, Intel Celeron, 4GB RAM, 128GB eMMC, Windows 11 Home in S mode + Microsoft 365 Personal 1-year, J1401KA-AS01-CA",https://www.amazon.ca/VivoBook-Celeron-Microsoft-Personal-J1401KA-AS01-CA/dp/B09T8S3N4D/ref=sr_1_217?crid=1E63C3THFEGDP&dib=eyJ2IjoiMSJ9.vyT5BBSgt2cX4T0-hKG9fCrM8utZXmkmxN3xLuNgQw6wVAhW-5AklWqDZDHHDrOf0dw6dIklTqdleZmlV6b31ZH8UNazo0Z04bRPs9umLBNrI5LhVPNMXEW9Gyx9yHXiaitBU5-yGKbQpRpfgrKdje0_783rSlzAshG_OKExyD_h6Cseqkn5XoKTXAlnV9emk0y-g3TVeRGPsGG2_YezhDtH3f5uhLGs-MThLTNHo1LYynESUy36iFFeTwf6PRCLp7-YAynHwHwQ7FyoaZhGDzzrocnhbTVWQ1BHeOa0AsE.T0wWaXV_Bw6f7qGYd-T31WGsfZA4teZBRAdr_7nJlDQ&dib_tag=se&keywords=laptop&qid=1729745479&sprefix=laptop%2Caps%2C128&sr=8-217,379.00,3.2,75,Not available
"HP EliteBook 830 G7 13"" Laptop, Intel Core i7-10th Gen, 32GB, 512GB SSD, Win11 Pro (Renewed)",https://www.amazon.ca/HP-EliteBook-830-G7-i7-10th/dp/B0CWWF8149/ref=sr_1_216?crid=1E63C3THFEGDP&dib=eyJ2IjoiMSJ9.vyT5BBSgt2cX4T0-hKG9fCrM8utZXmkmxN3xLuNgQw6wVAhW-5AklWqDZDHHDrOf0dw6dIklTqdleZmlV6b31ZH8UNazo0Z04bRPs9umLBNrI5LhVPNMXEW9Gyx9yHXiaitBU5-yGKbQpRpfgrKdje0_783rSlzAshG_OKExyD_h6Cseqkn5XoKTXAlnV9emk0y-g3TVeRGPsGG2_YezhDtH3f5uhLGs-MThLTNHo1LYynESUy36iFFeTwf6PRCLp7-YAynHwHwQ7FyoaZhGDzzrocnhbTVWQ1BHeOa0AsE.T0wWaXV_Bw6f7qGYd-T31WGsfZA4teZBRAdr_7nJlDQ&dib_tag=se&keywords=laptop&qid=1729745479&sprefix=laptop%2Caps%2C128&sr=8-216,519.00,2.5,2,Not available
"DELL Latitude 7420 Business Laptop, Touchscreen Notebook, 14"" FHD(1920x1080), Intel Core i7-1185G7, 32GB RAM, 512GB SSD, Backlit Keyboard, WiFi, Bluetooth, Windows 11 Pro-Carbon Fiber(Renewed)",https://www.amazon.ca/Latitude-7420-Touchscreen-1920x1080-Pro-Carbon/dp/B0CDBXNQZV/ref=sr_1_215?crid=1E63C3THFEGDP&dib=eyJ2IjoiMSJ9.vyT5BBSgt2cX4T0-hKG9fCrM8utZXmkmxN3xLuNgQw6wVAhW-5AklWqDZDHHDrOf0dw6dIklTqdleZmlV6b31ZH8UNazo0Z04bRPs9umLBNrI5LhVPNMXEW9Gyx9yHXiaitBU5-yGKbQpRpfgrKdje0_783rSlzAshG_OKExyD_h6Cseqkn5XoKTXAlnV9emk0y-g3TVeRGPsGG2_YezhDtH3f5uhLGs-MThLTNHo1LYynESUy36iFFeTwf6PRCLp7-YAynHwHwQ7FyoaZhGDzzrocnhbTVWQ1BHeOa0AsE.T0wWaXV_Bw6f7qGYd-T31WGsfZA4teZBRAdr_7nJlDQ&dib_tag=se&keywords=laptop&qid=1729745479&sprefix=laptop%2Caps%2C128&sr=8-215,649.00,4.1,35,Not available
"Lenovo IdeaPad 3 Laptop, 15.6"" FHD Touchscreen, Intel Core i3-1115G4, 16GB RAM, 512GB SSD, SD Card Reader, HDMI, Webcam, Wi-Fi 6, Windows 11 Home, Grey",https://www.amazon.ca/Lenovo-IdeaPad-Touchscreen-i3-1115G4-Windows/dp/B0C157S95V/ref=sr_1_213?crid=1E63C3THFEGDP&dib=eyJ2IjoiMSJ9.vyT5BBSgt2cX4T0-hKG9fCrM8utZXmkmxN3xLuNgQw6wVAhW-5AklWqDZDHHDrOf0dw6dIklTqdleZmlV6b31ZH8UNazo0Z04bRPs9umLBNrI5LhVPNMXEW9Gyx9yHXiaitBU5-yGKbQpRpfgrKdje0_783rSlzAshG_OKExyD_h6Cseqkn5XoKTXAlnV9emk0y-g3TVeRGPsGG2_YezhDtH3f5uhLGs-MThLTNHo1LYynESUy36iFFeTwf6PRCLp7-YAynHwHwQ7FyoaZhGDzzrocnhbTVWQ1BHeOa0AsE.T0wWaXV_Bw6f7qGYd-T31WGsfZA4teZBRAdr_7nJlDQ&dib_tag=se&keywords=laptop&qid=1729745479&sprefix=laptop%2Caps%2C128&sr=8-213,579.00,4.1,30,Not available
LG gram Pro 16 Inch with WQXGA (2560 * 1600) IPS Display | Intel® Core™ Ultra7 155H | 32GB | 1TB | NVIDIA RTX3050,https://www.amazon.ca/LG-Display-Intel%C2%AE-CoreTM-RTX3050/dp/B0D1312P29/ref=sr_1_212?crid=1E63C3THFEGDP&dib=eyJ2IjoiMSJ9.vyT5BBSgt2cX4T0-hKG9fCrM8utZXmkmxN3xLuNgQw6wVAhW-5AklWqDZDHHDrOf0dw6dIklTqdleZmlV6b31ZH8UNazo0Z04bRPs9umLBNrI5LhVPNMXEW9Gyx9yHXiaitBU5-yGKbQpRpfgrKdje0_783rSlzAshG_OKExyD_h6Cseqkn5XoKTXAlnV9emk0y-g3TVeRGPsGG2_YezhDtH3f5uhLGs-MThLTNHo1LYynESUy36iFFeTwf6PRCLp7-YAynHwHwQ7FyoaZhGDzzrocnhbTVWQ1BHeOa0AsE.T0wWaXV_Bw6f7qGYd-T31WGsfZA4teZBRAdr_7nJlDQ&dib_tag=se&keywords=laptop&qid=1729745479&sprefix=laptop%2Caps%2C128&sr=8-212,"2,699.99","FREE delivery Mon, Oct 28 ",Only 2 left in stock (more on the way).,Not available
"HP Envy 17.3"" FHD Laptop, Intel Core i7-1260P, 64GB RAM, 2TB SSD, Backlit Keyboard, Intel Iris Xe Graphics, Fingerprint Reader, Webcam, Windows 11 Pro, Silver, 32GB Hotface USB Card (Renewed)",https://www.amazon.ca/HP-i7-1260P-Keyboard-Graphics-Fingerprint/dp/B0CSD4R94X/ref=sr_1_211?crid=1E63C3THFEGDP&dib=eyJ2IjoiMSJ9.vyT5BBSgt2cX4T0-hKG9fCrM8utZXmkmxN3xLuNgQw6wVAhW-5AklWqDZDHHDrOf0dw6dIklTqdleZmlV6b31ZH8UNazo0Z04bRPs9umLBNrI5LhVPNMXEW9Gyx9yHXiaitBU5-yGKbQpRpfgrKdje0_783rSlzAshG_OKExyD_h6Cseqkn5XoKTXAlnV9emk0y-g3TVeRGPsGG2_YezhDtH3f5uhLGs-MThLTNHo1LYynESUy36iFFeTwf6PRCLp7-YAynHwHwQ7FyoaZhGDzzrocnhbTVWQ1BHeOa0AsE.T0wWaXV_Bw6f7qGYd-T31WGsfZA4teZBRAdr_7nJlDQ&dib_tag=se&keywords=laptop&qid=1729745479&sprefix=laptop%2Caps%2C128&sr=8-211,"1,479.00",4.5,2,Not available
"Microsoft Surface Laptop 3 – 13.5"" Touch-Screen – Intel Core i5 - 8GB Memory - 256GB Solid State Drive (Latest Model) – Platinum with Alcantara (Renewed)",https://www.amazon.ca/Microsoft-Surface-Laptop-Touch-Screen-Alcantara/dp/B087N2V66J/ref=sr_1_210?crid=1E63C3THFEGDP&dib=eyJ2IjoiMSJ9.vyT5BBSgt2cX4T0-hKG9fCrM8utZXmkmxN3xLuNgQw6wVAhW-5AklWqDZDHHDrOf0dw6dIklTqdleZmlV6b31ZH8UNazo0Z04bRPs9umLBNrI5LhVPNMXEW9Gyx9yHXiaitBU5-yGKbQpRpfgrKdje0_783rSlzAshG_OKExyD_h6Cseqkn5XoKTXAlnV9emk0y-g3TVeRGPsGG2_YezhDtH3f5uhLGs-MThLTNHo1LYynESUy36iFFeTwf6PRCLp7-YAynHwHwQ7FyoaZhGDzzrocnhbTVWQ1BHeOa0AsE.T0wWaXV_Bw6f7qGYd-T31WGsfZA4teZBRAdr_7nJlDQ&dib_tag=se&keywords=laptop&qid=1729745479&sprefix=laptop%2Caps%2C128&sr=8-210,Price not available,4.1,235,Not available
"Dell Business Inspiron 3000 3520 15.6"" Laptop, Intel Core i7-1255U 12th Gen Processor, 16GB RAM, 1TB SSD, Webcam, HDMI, Windows 11 Home (Home, 16GB RAM, 1TB SSD)",https://www.amazon.ca/Dell-Business-Inspiron-3520-Processor/dp/B0BLK9BFN6/ref=sr_1_209?crid=1E63C3THFEGDP&dib=eyJ2IjoiMSJ9.vyT5BBSgt2cX4T0-hKG9fCrM8utZXmkmxN3xLuNgQw6wVAhW-5AklWqDZDHHDrOf0dw6dIklTqdleZmlV6b31ZH8UNazo0Z04bRPs9umLBNrI5LhVPNMXEW9Gyx9yHXiaitBU5-yGKbQpRpfgrKdje0_783rSlzAshG_OKExyD_h6Cseqkn5XoKTXAlnV9emk0y-g3TVeRGPsGG2_YezhDtH3f5uhLGs-MThLTNHo1LYynESUy36iFFeTwf6PRCLp7-YAynHwHwQ7FyoaZhGDzzrocnhbTVWQ1BHeOa0AsE.T0wWaXV_Bw6f7qGYd-T31WGsfZA4teZBRAdr_7nJlDQ&dib_tag=se&keywords=laptop&qid=1729745479&sprefix=laptop%2Caps%2C128&sr=8-209,800.90,3.8,35,Not available
"Dell Latitude 5320 2in1 Laptop Gen 2, 13.3in Touchscreen Laptop Comnputer 5320 11th, Quad Core i5-11th, 16GB RAM, 512GB SSD, Win10 pro(Renewed)",https://www.amazon.ca/Dell-Latitude-5320-2in1-Touchscreen/dp/B0DGG5NCKQ/ref=sr_1_214?crid=1E63C3THFEGDP&dib=eyJ2IjoiMSJ9.vyT5BBSgt2cX4T0-hKG9fCrM8utZXmkmxN3xLuNgQw6wVAhW-5AklWqDZDHHDrOf0dw6dIklTqdleZmlV6b31ZH8UNazo0Z04bRPs9umLBNrI5LhVPNMXEW9Gyx9yHXiaitBU5-yGKbQpRpfgrKdje0_783rSlzAshG_OKExyD_h6Cseqkn5XoKTXAlnV9emk0y-g3TVeRGPsGG2_YezhDtH3f5uhLGs-MThLTNHo1LYynESUy36iFFeTwf6PRCLp7-YAynHwHwQ7FyoaZhGDzzrocnhbTVWQ1BHeOa0AsE.T0wWaXV_Bw6f7qGYd-T31WGsfZA4teZBRAdr_7nJlDQ&dib_tag=se&keywords=laptop&qid=1729745479&sprefix=laptop%2Caps%2C128&sr=8-214,499.70,"FREE delivery Tue, Oct 29 ",Save 8%,Not available
"HP 14-inch Laptop, Intel Core i3-N305, 16GB RAM, 256GB SSD, Wi-Fi 6, Bluetooth 5.3, Intel UHD Graphics, Windows 11 Home, Moonlight Blue",https://www.amazon.ca/HP-14-inch-Bluetooth-Graphics-Moonlight/dp/B0D8T955TW/ref=sr_1_208?crid=1E63C3THFEGDP&dib=eyJ2IjoiMSJ9.vyT5BBSgt2cX4T0-hKG9fCrM8utZXmkmxN3xLuNgQw6wVAhW-5AklWqDZDHHDrOf0dw6dIklTqdleZmlV6b31ZH8UNazo0Z04bRPs9umLBNrI5LhVPNMXEW9Gyx9yHXiaitBU5-yGKbQpRpfgrKdje0_783rSlzAshG_OKExyD_h6Cseqkn5XoKTXAlnV9emk0y-g3TVeRGPsGG2_YezhDtH3f5uhLGs-MThLTNHo1LYynESUy36iFFeTwf6PRCLp7-YAynHwHwQ7FyoaZhGDzzrocnhbTVWQ1BHeOa0AsE.T0wWaXV_Bw6f7qGYd-T31WGsfZA4teZBRAdr_7nJlDQ&dib_tag=se&keywords=laptop&qid=1729745479&sprefix=laptop%2Caps%2C128&sr=8-208,499.99,5.0,1,Not available
"Dell Latitude 7390 Business Laptop, 13.3-inch FHD (1920 x 1080) Display, Intel Core i5-8th 2.6GHz, 16GB DDR4 RAM, 512GB SSD, Wi-Fi, Camera, Windows 10 Pro (Renewed)",https://www.amazon.ca/Dell-Latitude-Business-13-3-inch-Display/dp/B0CLD9GGGH/ref=sr_1_207?crid=1E63C3THFEGDP&dib=eyJ2IjoiMSJ9.vyT5BBSgt2cX4T0-hKG9fCrM8utZXmkmxN3xLuNgQw6wVAhW-5AklWqDZDHHDrOf0dw6dIklTqdleZmlV6b31ZH8UNazo0Z04bRPs9umLBNrI5LhVPNMXEW9Gyx9yHXiaitBU5-yGKbQpRpfgrKdje0_783rSlzAshG_OKExyD_h6Cseqkn5XoKTXAlnV9emk0y-g3TVeRGPsGG2_YezhDtH3f5uhLGs-MThLTNHo1LYynESUy36iFFeTwf6PRCLp7-YAynHwHwQ7FyoaZhGDzzrocnhbTVWQ1BHeOa0AsE.T0wWaXV_Bw6f7qGYd-T31WGsfZA4teZBRAdr_7nJlDQ&dib_tag=se&keywords=laptop&qid=1729745479&sprefix=laptop%2Caps%2C128&sr=8-207,294.00,3.4,4,Not available
"Lenovo V15 Gen 2 15.6"" FHD Portable Business and Student Laptop, Intel Dual Core Processor, 16GB RAM, 1TB SSD, HDMI, Wi-Fi, Webcam, Windows 11 Pro, Black…",https://www.amazon.ca/Lenovo-V15-Portable-Business-Processor/dp/B0CXYXXLG8/ref=sr_1_206?crid=1E63C3THFEGDP&dib=eyJ2IjoiMSJ9.vyT5BBSgt2cX4T0-hKG9fCrM8utZXmkmxN3xLuNgQw6wVAhW-5AklWqDZDHHDrOf0dw6dIklTqdleZmlV6b31ZH8UNazo0Z04bRPs9umLBNrI5LhVPNMXEW9Gyx9yHXiaitBU5-yGKbQpRpfgrKdje0_783rSlzAshG_OKExyD_h6Cseqkn5XoKTXAlnV9emk0y-g3TVeRGPsGG2_YezhDtH3f5uhLGs-MThLTNHo1LYynESUy36iFFeTwf6PRCLp7-YAynHwHwQ7FyoaZhGDzzrocnhbTVWQ1BHeOa0AsE.T0wWaXV_Bw6f7qGYd-T31WGsfZA4teZBRAdr_7nJlDQ&dib_tag=se&keywords=laptop&qid=1729745479&sprefix=laptop%2Caps%2C128&sr=8-206,639.00,4.3,116,Not available
"Yoga 11inch Mini Laptop Touch Screen 2-in-1 Pocket PC with FHD Display, 12th Gen N95 CPU (Up to 3.4GHz), 16GB DDR5 RAM, 512GB NVMe SSD, 360° Rotatable, Backlit Keyboard, Dual Wi-Fi, Type-C (GB, 512)",https://www.amazon.ca/11inch-Display-Rotatable-Backlit-Keyboard/dp/B0D5B9J5K2/ref=sr_1_205?crid=1E63C3THFEGDP&dib=eyJ2IjoiMSJ9.vyT5BBSgt2cX4T0-hKG9fCrM8utZXmkmxN3xLuNgQw6wVAhW-5AklWqDZDHHDrOf0dw6dIklTqdleZmlV6b31ZH8UNazo0Z04bRPs9umLBNrI5LhVPNMXEW9Gyx9yHXiaitBU5-yGKbQpRpfgrKdje0_783rSlzAshG_OKExyD_h6Cseqkn5XoKTXAlnV9emk0y-g3TVeRGPsGG2_YezhDtH3f5uhLGs-MThLTNHo1LYynESUy36iFFeTwf6PRCLp7-YAynHwHwQ7FyoaZhGDzzrocnhbTVWQ1BHeOa0AsE.T0wWaXV_Bw6f7qGYd-T31WGsfZA4teZBRAdr_7nJlDQ&dib_tag=se&keywords=laptop&qid=1729745479&sprefix=laptop%2Caps%2C128&sr=8-205,499.90,5.0,1,Not available
"HP 15.6"" Full HD Touchscreen Laptop, Intel i7-1255U Processor, 32GB RAM, 1TB SSD, Intel Iris Xe Graphics, Numeric Keyboard, HD Webcam, HDMI, Windows 11, Natural Silver, 32GB Hotface USB Card",https://www.amazon.ca/HP-Touchscreen-i7-1255U-Processor-Graphics/dp/B0CYZC3WZS/ref=sr_1_204?crid=1E63C3THFEGDP&dib=eyJ2IjoiMSJ9.vyT5BBSgt2cX4T0-hKG9fCrM8utZXmkmxN3xLuNgQw6wVAhW-5AklWqDZDHHDrOf0dw6dIklTqdleZmlV6b31ZH8UNazo0Z04bRPs9umLBNrI5LhVPNMXEW9Gyx9yHXiaitBU5-yGKbQpRpfgrKdje0_783rSlzAshG_OKExyD_h6Cseqkn5XoKTXAlnV9emk0y-g3TVeRGPsGG2_YezhDtH3f5uhLGs-MThLTNHo1LYynESUy36iFFeTwf6PRCLp7-YAynHwHwQ7FyoaZhGDzzrocnhbTVWQ1BHeOa0AsE.T0wWaXV_Bw6f7qGYd-T31WGsfZA4teZBRAdr_7nJlDQ&dib_tag=se&keywords=laptop&qid=1729745479&sprefix=laptop%2Caps%2C128&sr=8-204,"1,199.00",4.6,8,Not available
"Acer Aspire 3 Thin & Light Laptop - 15.6"" Full HD IPS Touch Display - AMD Ryzen 5 7520U - 8GB LPDDR5-512GB SSD - Wi-Fi 6 - Steam Blue - Windows 11 Home",https://www.amazon.ca/Acer-Aspire-Thin-Light-Laptop/dp/B0CH3YM6LZ/ref=sr_1_203?crid=1E63C3THFEGDP&dib=eyJ2IjoiMSJ9.vyT5BBSgt2cX4T0-hKG9fCrM8utZXmkmxN3xLuNgQw6wVAhW-5AklWqDZDHHDrOf0dw6dIklTqdleZmlV6b31ZH8UNazo0Z04bRPs9umLBNrI5LhVPNMXEW9Gyx9yHXiaitBU5-yGKbQpRpfgrKdje0_783rSlzAshG_OKExyD_h6Cseqkn5XoKTXAlnV9emk0y-g3TVeRGPsGG2_YezhDtH3f5uhLGs-MThLTNHo1LYynESUy36iFFeTwf6PRCLp7-YAynHwHwQ7FyoaZhGDzzrocnhbTVWQ1BHeOa0AsE.T0wWaXV_Bw6f7qGYd-T31WGsfZA4teZBRAdr_7nJlDQ&dib_tag=se&keywords=laptop&qid=1729745479&sprefix=laptop%2Caps%2C128&sr=8-203,582.00,4.1,6,Not available
"Microsoft Surface Laptop 3 – 13.5"" Touch-Screen – Intel Core i7 - 16GB Memory - 256GB Solid State Drive (Latest Model) – Matte Black (Renewed)",https://www.amazon.ca/Microsoft-Surface-Laptop-Touch-Screen-Renewed/dp/B081ZJ1WW9/ref=sr_1_202?crid=1E63C3THFEGDP&dib=eyJ2IjoiMSJ9.vyT5BBSgt2cX4T0-hKG9fCrM8utZXmkmxN3xLuNgQw6wVAhW-5AklWqDZDHHDrOf0dw6dIklTqdleZmlV6b31ZH8UNazo0Z04bRPs9umLBNrI5LhVPNMXEW9Gyx9yHXiaitBU5-yGKbQpRpfgrKdje0_783rSlzAshG_OKExyD_h6Cseqkn5XoKTXAlnV9emk0y-g3TVeRGPsGG2_YezhDtH3f5uhLGs-MThLTNHo1LYynESUy36iFFeTwf6PRCLp7-YAynHwHwQ7FyoaZhGDzzrocnhbTVWQ1BHeOa0AsE.T0wWaXV_Bw6f7qGYd-T31WGsfZA4teZBRAdr_7nJlDQ&dib_tag=se&keywords=laptop&qid=1729745479&sprefix=laptop%2Caps%2C128&sr=8-202,661.11,4.0,64,Not available
"Lenovo Ideapad 1 14"" HD Laptop, Intel Celeron N4020, 4GB RAM, 224GB Storage (64GB eMMC + 160GB Docking Station), Intel UHD Graphics, Wi-Fi 6, Bluetooth, Webcam, Dolby Audio, Win 11, Grey",https://www.amazon.ca/Lenovo-Ideapad-14-Graphics-Bluetooth/dp/B0D66G2DJR/ref=sr_1_201?crid=1E63C3THFEGDP&dib=eyJ2IjoiMSJ9.vyT5BBSgt2cX4T0-hKG9fCrM8utZXmkmxN3xLuNgQw6wVAhW-5AklWqDZDHHDrOf0dw6dIklTqdleZmlV6b31ZH8UNazo0Z04bRPs9umLBNrI5LhVPNMXEW9Gyx9yHXiaitBU5-yGKbQpRpfgrKdje0_783rSlzAshG_OKExyD_h6Cseqkn5XoKTXAlnV9emk0y-g3TVeRGPsGG2_YezhDtH3f5uhLGs-MThLTNHo1LYynESUy36iFFeTwf6PRCLp7-YAynHwHwQ7FyoaZhGDzzrocnhbTVWQ1BHeOa0AsE.T0wWaXV_Bw6f7qGYd-T31WGsfZA4teZBRAdr_7nJlDQ&dib_tag=se&keywords=laptop&qid=1729745479&sprefix=laptop%2Caps%2C128&sr=8-201,319.00,4.7,44,Not available
"HP 15.6"" HD Touchscreen Laptop, Intel i3-1215U, 16GB RAM, 512GB PCIe SSD, Intel UHD Graphics, Numeric Keypad, HD Webcam, Wi-Fi 5, Natural Silver, Win 11 Pro, 32GB Hotface USB Card",https://www.amazon.ca/HP-15-6-Touchscreen-i3-1215U-Graphics/dp/B0CNWWJRR6/ref=sr_1_200?crid=1E63C3THFEGDP&dib=eyJ2IjoiMSJ9.vyT5BBSgt2cX4T0-hKG9fCrM8utZXmkmxN3xLuNgQw6wVAhW-5AklWqDZDHHDrOf0dw6dIklTqdleZmlV6b31ZH8UNazo0Z04bRPs9umLBNrI5LhVPNMXEW9Gyx9yHXiaitBU5-yGKbQpRpfgrKdje0_783rSlzAshG_OKExyD_h6Cseqkn5XoKTXAlnV9emk0y-g3TVeRGPsGG2_YezhDtH3f5uhLGs-MThLTNHo1LYynESUy36iFFeTwf6PRCLp7-YAynHwHwQ7FyoaZhGDzzrocnhbTVWQ1BHeOa0AsE.T0wWaXV_Bw6f7qGYd-T31WGsfZA4teZBRAdr_7nJlDQ&dib_tag=se&keywords=laptop&qid=1729745479&sprefix=laptop%2Caps%2C128&sr=8-200,669.00,4.2,99,Not available
"Acer Chromebook Spin 314 | 14"" Touch Screen | Intel N6000 CPU | 8GB LPDDR4X | 128GB eMMC | WiFi AX (1 yr Manufacturer Warranty) (Renewed)",https://www.amazon.ca/Acer-Chromebook-LPDDR4X-Manufacturer-Warranty/dp/B0CL1L29P4/ref=sr_1_199?crid=1E63C3THFEGDP&dib=eyJ2IjoiMSJ9.vyT5BBSgt2cX4T0-hKG9fCrM8utZXmkmxN3xLuNgQw6wVAhW-5AklWqDZDHHDrOf0dw6dIklTqdleZmlV6b31ZH8UNazo0Z04bRPs9umLBNrI5LhVPNMXEW9Gyx9yHXiaitBU5-yGKbQpRpfgrKdje0_783rSlzAshG_OKExyD_h6Cseqkn5XoKTXAlnV9emk0y-g3TVeRGPsGG2_YezhDtH3f5uhLGs-MThLTNHo1LYynESUy36iFFeTwf6PRCLp7-YAynHwHwQ7FyoaZhGDzzrocnhbTVWQ1BHeOa0AsE.T0wWaXV_Bw6f7qGYd-T31WGsfZA4teZBRAdr_7nJlDQ&dib_tag=se&keywords=laptop&qid=1729745479&sprefix=laptop%2Caps%2C128&sr=8-199,339.00,4.0,47,Not available
"HP 15.6"" Screen FHD Laptop, Intel Core i5-1135G7, 8GB RAM, 256GB SSD, Natural Silver, Windows 11 Home, 15-dy2795wm Notebook",https://www.amazon.ca/HP-i5-1135G7-Natural-15-dy2795wm-Notebook/dp/B0BNQJF8HX/ref=sr_1_198?crid=1E63C3THFEGDP&dib=eyJ2IjoiMSJ9.vyT5BBSgt2cX4T0-hKG9fCrM8utZXmkmxN3xLuNgQw6wVAhW-5AklWqDZDHHDrOf0dw6dIklTqdleZmlV6b31ZH8UNazo0Z04bRPs9umLBNrI5LhVPNMXEW9Gyx9yHXiaitBU5-yGKbQpRpfgrKdje0_783rSlzAshG_OKExyD_h6Cseqkn5XoKTXAlnV9emk0y-g3TVeRGPsGG2_YezhDtH3f5uhLGs-MThLTNHo1LYynESUy36iFFeTwf6PRCLp7-YAynHwHwQ7FyoaZhGDzzrocnhbTVWQ1BHeOa0AsE.T0wWaXV_Bw6f7qGYd-T31WGsfZA4teZBRAdr_7nJlDQ&dib_tag=se&keywords=laptop&qid=1729745479&sprefix=laptop%2Caps%2C128&sr=8-198,585.00,4.2,6,Not available
LG gram Pro 16 Inch with WQXGA+ (2880 * 1800) OLED Display | Intel® Core™ Ultra7 155H | 32GB | 1TB | NVIDIA RTX3050,https://www.amazon.ca/LG-Display-Intel%C2%AE-CoreTM-RTX3050/dp/B0D11Z68VM/ref=sr_1_197?crid=1E63C3THFEGDP&dib=eyJ2IjoiMSJ9.vyT5BBSgt2cX4T0-hKG9fCrM8utZXmkmxN3xLuNgQw6wVAhW-5AklWqDZDHHDrOf0dw6dIklTqdleZmlV6b31ZH8UNazo0Z04bRPs9umLBNrI5LhVPNMXEW9Gyx9yHXiaitBU5-yGKbQpRpfgrKdje0_783rSlzAshG_OKExyD_h6Cseqkn5XoKTXAlnV9emk0y-g3TVeRGPsGG2_YezhDtH3f5uhLGs-MThLTNHo1LYynESUy36iFFeTwf6PRCLp7-YAynHwHwQ7FyoaZhGDzzrocnhbTVWQ1BHeOa0AsE.T0wWaXV_Bw6f7qGYd-T31WGsfZA4teZBRAdr_7nJlDQ&dib_tag=se&keywords=laptop&qid=1729745479&sprefix=laptop%2Caps%2C128&sr=8-197,"2,599.99",5.0,1,Not available
"Svikou AozPad 11 inch Convertible Laptop, 2-in-1 FHD Touchscreen Notebook, 12th Gen N95 CPU(Up to 3.4Ghz) 16GB DDR5 RAM, 512GB SSD, Win 11 Pro/360° Flip Screen/BacklitKeyboard/TypeC/ (GB, 512)",https://www.amazon.ca/Svikou-Convertible-Touchscreen-Notebook-BacklitKeyboard/dp/B0D5BB3G7D/ref=sr_1_196?crid=1E63C3THFEGDP&dib=eyJ2IjoiMSJ9.vyT5BBSgt2cX4T0-hKG9fCrM8utZXmkmxN3xLuNgQw6wVAhW-5AklWqDZDHHDrOf0dw6dIklTqdleZmlV6b31ZH8UNazo0Z04bRPs9umLBNrI5LhVPNMXEW9Gyx9yHXiaitBU5-yGKbQpRpfgrKdje0_783rSlzAshG_OKExyD_h6Cseqkn5XoKTXAlnV9emk0y-g3TVeRGPsGG2_YezhDtH3f5uhLGs-MThLTNHo1LYynESUy36iFFeTwf6PRCLp7-YAynHwHwQ7FyoaZhGDzzrocnhbTVWQ1BHeOa0AsE.T0wWaXV_Bw6f7qGYd-T31WGsfZA4teZBRAdr_7nJlDQ&dib_tag=se&keywords=laptop&qid=1729745479&sprefix=laptop%2Caps%2C128&sr=8-196,449.99,4.2,6,Not available
"ASUS Vivobook 15.6"" FHD Touchscreen Laptop, Intel i5-1135G7 Processor, 20GB RAM, 1TB PCIe SSD, Intel Iris Xe Graphics, Number Pad, Bluetooth, Win 11 Pro, Gray, 32GB Hotface USB Card",https://www.amazon.ca/ASUS-Vivobook-Touchscreen-i5-1135G7-Processor/dp/B0CSFGWHHV/ref=sr_1_194?crid=1E63C3THFEGDP&dib=eyJ2IjoiMSJ9.vyT5BBSgt2cX4T0-hKG9fCrM8utZXmkmxN3xLuNgQw6wVAhW-5AklWqDZDHHDrOf0dw6dIklTqdleZmlV6b31ZH8UNazo0Z04bRPs9umLBNrI5LhVPNMXEW9Gyx9yHXiaitBU5-yGKbQpRpfgrKdje0_783rSlzAshG_OKExyD_h6Cseqkn5XoKTXAlnV9emk0y-g3TVeRGPsGG2_YezhDtH3f5uhLGs-MThLTNHo1LYynESUy36iFFeTwf6PRCLp7-YAynHwHwQ7FyoaZhGDzzrocnhbTVWQ1BHeOa0AsE.T0wWaXV_Bw6f7qGYd-T31WGsfZA4teZBRAdr_7nJlDQ&dib_tag=se&keywords=laptop&qid=1729745479&sprefix=laptop%2Caps%2C128&sr=8-194,829.00,4.1,109,Not available
"Apple 2024 MacBook Air 15-inch Laptop with M3 chip: Built for Apple Intelligence, 15.3-inch Liquid Retina Display, 8GB Unified Memory, 256GB SSD Storage; Midnight, French Backlit Keyboard",https://www.amazon.ca/Apple-2024-MacBook-15-inch-Laptop/dp/B0CX24FZPT/ref=sr_1_195?crid=1E63C3THFEGDP&dib=eyJ2IjoiMSJ9.vyT5BBSgt2cX4T0-hKG9fCrM8utZXmkmxN3xLuNgQw6wVAhW-5AklWqDZDHHDrOf0dw6dIklTqdleZmlV6b31ZH8UNazo0Z04bRPs9umLBNrI5LhVPNMXEW9Gyx9yHXiaitBU5-yGKbQpRpfgrKdje0_783rSlzAshG_OKExyD_h6Cseqkn5XoKTXAlnV9emk0y-g3TVeRGPsGG2_YezhDtH3f5uhLGs-MThLTNHo1LYynESUy36iFFeTwf6PRCLp7-YAynHwHwQ7FyoaZhGDzzrocnhbTVWQ1BHeOa0AsE.T0wWaXV_Bw6f7qGYd-T31WGsfZA4teZBRAdr_7nJlDQ&dib_tag=se&keywords=laptop&qid=1729745479&sprefix=laptop%2Caps%2C128&sr=8-195,"1,999.00",4.7,714,Not available
"Acer Aspire 3 A315-59-590J-CA, 15.6"" FHD 1920x1080 Laptop, Intel CoreTM i5-1235U, Intel UHD Graphics, 16GB RAM, 512GB SSD, Windows 11 Home",https://www.amazon.ca/Acer-A315-59-590J-CA-1920x1080-i5-1235U-Graphics/dp/B0D1ZFBPFV/ref=sr_1_128?crid=1E63C3THFEGDP&dib=eyJ2IjoiMSJ9.etQhvvTfXPUbALAy-xmaolhPzlrVxfuVwAiHV0j9z3wGh05wPTdhnvaUVdEXhXV1o-HUmg1afYMhdMEm0jsG70jLyDHHMK7DaVP8O_60HYLC_etTx1_aE60Pwrbn8K06aSdIHlOkU7k5ayeV9w0XY9HUho0og39TuhCk-jhRgzG3k7HmT0p_KGxSyKiPMxm5XsmCA-3DJGGSwm2D_KH-m3Y1yalaPQ30iilj0oKoZohsdX_kjXLRoTJpxaSzJCrMHKC1qBJf0XJEBb9Rry8GkfkoZNu-HzPZBYODN-Lcsgg.RmoGAEwq6HNYKpA-OQ0EuVlmwLhqhXT0s1g7sCmbjiA&dib_tag=se&keywords=laptop&qid=1729745479&sprefix=laptop%2Caps%2C128&sr=8-128,699.99,5.0,2,Not available
"Dell Inspiron 15.6"" FHD Touchscreen Laptop - Intel Core i5-1235U, 8GB RAM, 512GB SSD, Windows 11 (with Microfiber Cloth) - Carbon Black (i3520-5124BLK-PUS)",https://www.amazon.ca/Dell-Inspiron-Touchscreen-Laptop-i3520-5124BLK-PUS/dp/B096L6R4YH/ref=sr_1_127?crid=1E63C3THFEGDP&dib=eyJ2IjoiMSJ9.etQhvvTfXPUbALAy-xmaolhPzlrVxfuVwAiHV0j9z3wGh05wPTdhnvaUVdEXhXV1o-HUmg1afYMhdMEm0jsG70jLyDHHMK7DaVP8O_60HYLC_etTx1_aE60Pwrbn8K06aSdIHlOkU7k5ayeV9w0XY9HUho0og39TuhCk-jhRgzG3k7HmT0p_KGxSyKiPMxm5XsmCA-3DJGGSwm2D_KH-m3Y1yalaPQ30iilj0oKoZohsdX_kjXLRoTJpxaSzJCrMHKC1qBJf0XJEBb9Rry8GkfkoZNu-HzPZBYODN-Lcsgg.RmoGAEwq6HNYKpA-OQ0EuVlmwLhqhXT0s1g7sCmbjiA&dib_tag=se&keywords=laptop&qid=1729745479&sprefix=laptop%2Caps%2C128&sr=8-127,649.99,4.1,6,Not available
"ASUS Vivobook 15 2024 Laptop, 2-Core Intel Core i3-1115G4, 15.6"" FHD IPS Display, Intel UHD Graphics, 8GB DDR4 256GB SSD, Wi-Fi 5, Win11 Home",https://www.amazon.ca/Vivobook-Laptop-i3-1115G4-Display-Graphics/dp/B0DJ6QZTL3/ref=sr_1_126?crid=1E63C3THFEGDP&dib=eyJ2IjoiMSJ9.etQhvvTfXPUbALAy-xmaolhPzlrVxfuVwAiHV0j9z3wGh05wPTdhnvaUVdEXhXV1o-HUmg1afYMhdMEm0jsG70jLyDHHMK7DaVP8O_60HYLC_etTx1_aE60Pwrbn8K06aSdIHlOkU7k5ayeV9w0XY9HUho0og39TuhCk-jhRgzG3k7HmT0p_KGxSyKiPMxm5XsmCA-3DJGGSwm2D_KH-m3Y1yalaPQ30iilj0oKoZohsdX_kjXLRoTJpxaSzJCrMHKC1qBJf0XJEBb9Rry8GkfkoZNu-HzPZBYODN-Lcsgg.RmoGAEwq6HNYKpA-OQ0EuVlmwLhqhXT0s1g7sCmbjiA&dib_tag=se&keywords=laptop&qid=1729745479&sprefix=laptop%2Caps%2C128&sr=8-126,458.38,FREE delivery Oct 31 - Nov 7 ,Only 3 left in stock.,Not available
"Apple 2022 MacBook Air Laptop with M2 chip: 13.6-inch Liquid Retina Display, 8GB RAM, 256GB SSD Storage, Backlit Keyboard, 1080p FaceTime HD Camera. Works with iPhone and iPad; Starlight; English",https://www.amazon.ca/2022-Apple-MacBook-Laptop-chip/dp/B0B3C7MJX3/ref=sr_1_125?crid=1E63C3THFEGDP&dib=eyJ2IjoiMSJ9.etQhvvTfXPUbALAy-xmaolhPzlrVxfuVwAiHV0j9z3wGh05wPTdhnvaUVdEXhXV1o-HUmg1afYMhdMEm0jsG70jLyDHHMK7DaVP8O_60HYLC_etTx1_aE60Pwrbn8K06aSdIHlOkU7k5ayeV9w0XY9HUho0og39TuhCk-jhRgzG3k7HmT0p_KGxSyKiPMxm5XsmCA-3DJGGSwm2D_KH-m3Y1yalaPQ30iilj0oKoZohsdX_kjXLRoTJpxaSzJCrMHKC1qBJf0XJEBb9Rry8GkfkoZNu-HzPZBYODN-Lcsgg.RmoGAEwq6HNYKpA-OQ0EuVlmwLhqhXT0s1g7sCmbjiA&dib_tag=se&keywords=laptop&qid=1729745479&sprefix=laptop%2Caps%2C128&sr=8-125,"1,298.99",4.6,"3,081",Not available
"Lenovo 2019 Thinkpad T470 14-inch IPS Full HD FHD (1920x1080) Business Laptop (Intel Core i5-6300U, 16GB DDR4 RAM, 256GB PCIe NVMe M.2 SSD) Thunderbolt, Type-C, HDMI, RJ-45, Windows 10 Pro (Renewed)",https://www.amazon.ca/Lenovo-Thinkpad-1920x1080-Business-Thunderbolt/dp/B08T6J8MZK/ref=sr_1_96?crid=1E63C3THFEGDP&dib=eyJ2IjoiMSJ9.akMDTOG5KBho4VWXJdqFI8EQq3zg3Tep4GghGuvoFQ_7cp8iETpMHFO4NgIhB7cnSrYyeL6kWqeyqJujKxZbY4WJ6OVWgaXZyQU9NMzTm12fRp0_aHi6oQPZpwiQK25c5hDtghNfY2TOPS5BUsVKzr-ao1Z4P9ayOzwNqtcGuCF1_Wr-4MGbjQfoKsthDqzJuhRB17snfwjjLfhNPI5qM4vhqmpTkz-oqSjWSUeKrSkfgOTYFC8cZ_1Vg-GClmy7ct76t8Or8SSxPTK0h_Lrzjb0-EHZnyWqZAIzlDe1_qs.iJtLNvn-8ETDI23NzMYzW-Nv16wHnFuQyS1MCrblk9k&dib_tag=se&keywords=laptop&qid=1729745479&sprefix=laptop%2Caps%2C128&sr=8-96,Price not available,4.2,604,Not available
Samsung Chromebook 4 Intel Celeron N4000 4 GB RAM 32GB eMMC 11.6in Chrome OS (Renewed),https://www.amazon.ca/Samsung-Chromebook-Celeron-11-6in-Renewed/dp/B0888FPFGK/ref=sr_1_124?crid=1E63C3THFEGDP&dib=eyJ2IjoiMSJ9.etQhvvTfXPUbALAy-xmaolhPzlrVxfuVwAiHV0j9z3wGh05wPTdhnvaUVdEXhXV1o-HUmg1afYMhdMEm0jsG70jLyDHHMK7DaVP8O_60HYLC_etTx1_aE60Pwrbn8K06aSdIHlOkU7k5ayeV9w0XY9HUho0og39TuhCk-jhRgzG3k7HmT0p_KGxSyKiPMxm5XsmCA-3DJGGSwm2D_KH-m3Y1yalaPQ30iilj0oKoZohsdX_kjXLRoTJpxaSzJCrMHKC1qBJf0XJEBb9Rry8GkfkoZNu-HzPZBYODN-Lcsgg.RmoGAEwq6HNYKpA-OQ0EuVlmwLhqhXT0s1g7sCmbjiA&dib_tag=se&keywords=laptop&qid=1729745479&sprefix=laptop%2Caps%2C128&sr=8-124,167.00,4.3,"1,986",Not available
"ASUS Vivobook 14"" FHD 1920 x 1080 Laptop, Intel Core i3-1215U, 16GB RAM, 512GB SSD, Wi-Fi 6E, HDMI, Windows 11 Home in S Mode, Quiet Blue",https://www.amazon.ca/Vivobook-Laptop-Intel-i3-1215U-Windows/dp/B0D66KRBPM/ref=sr_1_123?crid=1E63C3THFEGDP&dib=eyJ2IjoiMSJ9.etQhvvTfXPUbALAy-xmaolhPzlrVxfuVwAiHV0j9z3wGh05wPTdhnvaUVdEXhXV1o-HUmg1afYMhdMEm0jsG70jLyDHHMK7DaVP8O_60HYLC_etTx1_aE60Pwrbn8K06aSdIHlOkU7k5ayeV9w0XY9HUho0og39TuhCk-jhRgzG3k7HmT0p_KGxSyKiPMxm5XsmCA-3DJGGSwm2D_KH-m3Y1yalaPQ30iilj0oKoZohsdX_kjXLRoTJpxaSzJCrMHKC1qBJf0XJEBb9Rry8GkfkoZNu-HzPZBYODN-Lcsgg.RmoGAEwq6HNYKpA-OQ0EuVlmwLhqhXT0s1g7sCmbjiA&dib_tag=se&keywords=laptop&qid=1729745479&sprefix=laptop%2Caps%2C128&sr=8-123,499.99,3.0,3,Not available
"HP 14"" FHD IPS Display Laptop, AMD Ryzen 3-3250U, 32GB RAM, 1TB PCIe SSD, AMD Radeon Graphics, HP True Vision HD Camera, Wi-Fi 5, Bluetooth, Win 11, Silver, 32GB Hotface USB Card",https://www.amazon.ca/HP-Display-3-3250U-Graphics-Bluetooth/dp/B0CNGM5G9S/ref=sr_1_122?crid=1E63C3THFEGDP&dib=eyJ2IjoiMSJ9.etQhvvTfXPUbALAy-xmaolhPzlrVxfuVwAiHV0j9z3wGh05wPTdhnvaUVdEXhXV1o-HUmg1afYMhdMEm0jsG70jLyDHHMK7DaVP8O_60HYLC_etTx1_aE60Pwrbn8K06aSdIHlOkU7k5ayeV9w0XY9HUho0og39TuhCk-jhRgzG3k7HmT0p_KGxSyKiPMxm5XsmCA-3DJGGSwm2D_KH-m3Y1yalaPQ30iilj0oKoZohsdX_kjXLRoTJpxaSzJCrMHKC1qBJf0XJEBb9Rry8GkfkoZNu-HzPZBYODN-Lcsgg.RmoGAEwq6HNYKpA-OQ0EuVlmwLhqhXT0s1g7sCmbjiA&dib_tag=se&keywords=laptop&qid=1729745479&sprefix=laptop%2Caps%2C128&sr=8-122,639.00,4.3,928,Not available
"SGIN Laptop, 17.3 IPS Full HD Laptops Computer, 8GB RAM 512GB SSD Notebook with Celeron Quad-core Processor, Mini HDMI, Webcam, 2xUSB 3.0, Type-C, Expandable Storage 512GB TF, WiFi(Gray)",https://www.amazon.ca/SGIN-Computer-Quad-core-Processor-Expandable/dp/B0D8771DRS/ref=sr_1_121?crid=1E63C3THFEGDP&dib=eyJ2IjoiMSJ9.etQhvvTfXPUbALAy-xmaolhPzlrVxfuVwAiHV0j9z3wGh05wPTdhnvaUVdEXhXV1o-HUmg1afYMhdMEm0jsG70jLyDHHMK7DaVP8O_60HYLC_etTx1_aE60Pwrbn8K06aSdIHlOkU7k5ayeV9w0XY9HUho0og39TuhCk-jhRgzG3k7HmT0p_KGxSyKiPMxm5XsmCA-3DJGGSwm2D_KH-m3Y1yalaPQ30iilj0oKoZohsdX_kjXLRoTJpxaSzJCrMHKC1qBJf0XJEBb9Rry8GkfkoZNu-HzPZBYODN-Lcsgg.RmoGAEwq6HNYKpA-OQ0EuVlmwLhqhXT0s1g7sCmbjiA&dib_tag=se&keywords=laptop&qid=1729745479&sprefix=laptop%2Caps%2C128&sr=8-121,555.99,3.6,12,Not available
"ASUS ROG G752VY Laptop for Gamers (Intel Core i7, 32GB RAM, 128GB SSD + 1TB HDD, NVIDIA GTX 980M 4GB, 17.3""Full HD IPS, Windows 10) Newest Gaming Notebook PC",https://www.amazon.ca/G752VY-Laptop-Gamers-Windows-Notebook/dp/B00QH9HIBW/ref=sr_1_120?crid=1E63C3THFEGDP&dib=eyJ2IjoiMSJ9.etQhvvTfXPUbALAy-xmaolhPzlrVxfuVwAiHV0j9z3wGh05wPTdhnvaUVdEXhXV1o-HUmg1afYMhdMEm0jsG70jLyDHHMK7DaVP8O_60HYLC_etTx1_aE60Pwrbn8K06aSdIHlOkU7k5ayeV9w0XY9HUho0og39TuhCk-jhRgzG3k7HmT0p_KGxSyKiPMxm5XsmCA-3DJGGSwm2D_KH-m3Y1yalaPQ30iilj0oKoZohsdX_kjXLRoTJpxaSzJCrMHKC1qBJf0XJEBb9Rry8GkfkoZNu-HzPZBYODN-Lcsgg.RmoGAEwq6HNYKpA-OQ0EuVlmwLhqhXT0s1g7sCmbjiA&dib_tag=se&keywords=laptop&qid=1729745479&sprefix=laptop%2Caps%2C128&sr=8-120,350.00,$5.54 delivery Oct 29 - Nov 1 ,Only 2 left in stock.,Not available
"[Win 11 Pro/MS Office 2019] 16"" Purple Laptop, 12th Gen Alder Lake Quad Core N95 CPU, 12GB LPDDR5, 512GB NVMe SSD, 2K FHD IPS, Color Backlit KB, Fingerprint Unlock/HDMI/Enhanced Performance(512GB)",https://www.amazon.ca/Office-Backlit-Fingerprint-Enhanced-Performance/dp/B0CSW6P916/ref=sr_1_118?crid=1E63C3THFEGDP&dib=eyJ2IjoiMSJ9.etQhvvTfXPUbALAy-xmaolhPzlrVxfuVwAiHV0j9z3wGh05wPTdhnvaUVdEXhXV1o-HUmg1afYMhdMEm0jsG70jLyDHHMK7DaVP8O_60HYLC_etTx1_aE60Pwrbn8K06aSdIHlOkU7k5ayeV9w0XY9HUho0og39TuhCk-jhRgzG3k7HmT0p_KGxSyKiPMxm5XsmCA-3DJGGSwm2D_KH-m3Y1yalaPQ30iilj0oKoZohsdX_kjXLRoTJpxaSzJCrMHKC1qBJf0XJEBb9Rry8GkfkoZNu-HzPZBYODN-Lcsgg.RmoGAEwq6HNYKpA-OQ0EuVlmwLhqhXT0s1g7sCmbjiA&dib_tag=se&keywords=laptop&qid=1729745479&sprefix=laptop%2Caps%2C128&sr=8-118,439.20,4.4,18,Not available
"ASUS TUF 15.6"" FHD 144Hz Gaming Laptop, Intel i7-13620H, GeForce RTX 4070 8GB GDDR6, 64GB DDR5, 2TB SSD, RGB Backlit Keyboard, Wi-Fi 6, Win 11 Home, Grey, 128GB Docking Station Set",https://www.amazon.ca/ASUS-TUF-i7-13620H-GeForce-Keyboard/dp/B0D629X7MF/ref=sr_1_119?crid=1E63C3THFEGDP&dib=eyJ2IjoiMSJ9.etQhvvTfXPUbALAy-xmaolhPzlrVxfuVwAiHV0j9z3wGh05wPTdhnvaUVdEXhXV1o-HUmg1afYMhdMEm0jsG70jLyDHHMK7DaVP8O_60HYLC_etTx1_aE60Pwrbn8K06aSdIHlOkU7k5ayeV9w0XY9HUho0og39TuhCk-jhRgzG3k7HmT0p_KGxSyKiPMxm5XsmCA-3DJGGSwm2D_KH-m3Y1yalaPQ30iilj0oKoZohsdX_kjXLRoTJpxaSzJCrMHKC1qBJf0XJEBb9Rry8GkfkoZNu-HzPZBYODN-Lcsgg.RmoGAEwq6HNYKpA-OQ0EuVlmwLhqhXT0s1g7sCmbjiA&dib_tag=se&keywords=laptop&qid=1729745479&sprefix=laptop%2Caps%2C128&sr=8-119,"2,299.00",4.3,129,Not available
"MSI Cyborg 14 A13VE-052CA 14"" 144Hz Gaming Laptop, Intel Core i7-13620H, RTX 4050, 16GB DDR5, 512GB NVMe SSD, Windows 11 Home",https://www.amazon.ca/MSI-Cyborg-14-A13VE-052CA-i7-13620H/dp/B0CRKR17Q4/ref=sr_1_117?crid=1E63C3THFEGDP&dib=eyJ2IjoiMSJ9.etQhvvTfXPUbALAy-xmaolhPzlrVxfuVwAiHV0j9z3wGh05wPTdhnvaUVdEXhXV1o-HUmg1afYMhdMEm0jsG70jLyDHHMK7DaVP8O_60HYLC_etTx1_aE60Pwrbn8K06aSdIHlOkU7k5ayeV9w0XY9HUho0og39TuhCk-jhRgzG3k7HmT0p_KGxSyKiPMxm5XsmCA-3DJGGSwm2D_KH-m3Y1yalaPQ30iilj0oKoZohsdX_kjXLRoTJpxaSzJCrMHKC1qBJf0XJEBb9Rry8GkfkoZNu-HzPZBYODN-Lcsgg.RmoGAEwq6HNYKpA-OQ0EuVlmwLhqhXT0s1g7sCmbjiA&dib_tag=se&keywords=laptop&qid=1729745479&sprefix=laptop%2Caps%2C128&sr=8-117,"1,544.78",5.0,1,Not available
"ASUS Chromebook Plus CX34 laptop, 14"" Touch Display (1920x1080), Intel® Core™ i3-1215U Processor, 8GB RAM, 256GB UFS storage, ChromeOS, CX3402CBA-ASI31T-CB",https://www.amazon.ca/Chromebook-1920x1080-i3-1215U-Processor-CX3402CBA-ASI31T-CB/dp/B0CXWDFMLL/ref=sr_1_116?crid=1E63C3THFEGDP&dib=eyJ2IjoiMSJ9.etQhvvTfXPUbALAy-xmaolhPzlrVxfuVwAiHV0j9z3wGh05wPTdhnvaUVdEXhXV1o-HUmg1afYMhdMEm0jsG70jLyDHHMK7DaVP8O_60HYLC_etTx1_aE60Pwrbn8K06aSdIHlOkU7k5ayeV9w0XY9HUho0og39TuhCk-jhRgzG3k7HmT0p_KGxSyKiPMxm5XsmCA-3DJGGSwm2D_KH-m3Y1yalaPQ30iilj0oKoZohsdX_kjXLRoTJpxaSzJCrMHKC1qBJf0XJEBb9Rry8GkfkoZNu-HzPZBYODN-Lcsgg.RmoGAEwq6HNYKpA-OQ0EuVlmwLhqhXT0s1g7sCmbjiA&dib_tag=se&keywords=laptop&qid=1729745479&sprefix=laptop%2Caps%2C128&sr=8-116,449.00,4.0,16,Not available
"SGIN Laptop Computer, 8GB RAM, 512GB SSD, 15.6 Inch Laptops, Celeron Quad Core Processor (up to 2.5 GHz), 2.4G/5G WiFi, Type-C, Mini HDMI, UHD Graphics 600, 512GB TF Card Expansion(Silver)",https://www.amazon.ca/SGIN-Computer-Processor-Graphics-Expansion/dp/B0D7MT3LVW/ref=sr_1_115?crid=1E63C3THFEGDP&dib=eyJ2IjoiMSJ9.etQhvvTfXPUbALAy-xmaolhPzlrVxfuVwAiHV0j9z3wGh05wPTdhnvaUVdEXhXV1o-HUmg1afYMhdMEm0jsG70jLyDHHMK7DaVP8O_60HYLC_etTx1_aE60Pwrbn8K06aSdIHlOkU7k5ayeV9w0XY9HUho0og39TuhCk-jhRgzG3k7HmT0p_KGxSyKiPMxm5XsmCA-3DJGGSwm2D_KH-m3Y1yalaPQ30iilj0oKoZohsdX_kjXLRoTJpxaSzJCrMHKC1qBJf0XJEBb9Rry8GkfkoZNu-HzPZBYODN-Lcsgg.RmoGAEwq6HNYKpA-OQ0EuVlmwLhqhXT0s1g7sCmbjiA&dib_tag=se&keywords=laptop&qid=1729745479&sprefix=laptop%2Caps%2C128&sr=8-115,602.00,3.8,13,Not available
"Lenovo ThinkPad T490s 14.0'' FHD Laptop, Intel Quad-Core i5-8365U up to 3.90GHz, 16GB DDR4 RAM, 512GB SSD, Fingerprint, Backlit Keyboard, Windows 10 Pro 64-bit (Renewed)",https://www.amazon.ca/Lenovo-ThinkPad-T490s-Quad-Core-Fingerprint/dp/B0CBM97CZL/ref=sr_1_114?crid=1E63C3THFEGDP&dib=eyJ2IjoiMSJ9.etQhvvTfXPUbALAy-xmaolhPzlrVxfuVwAiHV0j9z3wGh05wPTdhnvaUVdEXhXV1o-HUmg1afYMhdMEm0jsG70jLyDHHMK7DaVP8O_60HYLC_etTx1_aE60Pwrbn8K06aSdIHlOkU7k5ayeV9w0XY9HUho0og39TuhCk-jhRgzG3k7HmT0p_KGxSyKiPMxm5XsmCA-3DJGGSwm2D_KH-m3Y1yalaPQ30iilj0oKoZohsdX_kjXLRoTJpxaSzJCrMHKC1qBJf0XJEBb9Rry8GkfkoZNu-HzPZBYODN-Lcsgg.RmoGAEwq6HNYKpA-OQ0EuVlmwLhqhXT0s1g7sCmbjiA&dib_tag=se&keywords=laptop&qid=1729745479&sprefix=laptop%2Caps%2C128&sr=8-114,295.00,3.9,22,Not available
ACEMAGIC Laptop Computer AMD Ryzen 7 5700U Gaming Laptop 16GB DDR4 512GB M.2 2280 NVMe SSD Windows Laptop Office Laptops Home Laptops Windows11 16.1-inch IPS FHD WIFI6 BT5.2 HDMI Type-C USB3.2,https://www.amazon.ca/ACEMAGIC-i7-1265U-Windows-Graphics-Backlit/dp/B0CPYCV9BM/ref=sr_1_113?crid=1E63C3THFEGDP&dib=eyJ2IjoiMSJ9.etQhvvTfXPUbALAy-xmaolhPzlrVxfuVwAiHV0j9z3wGh05wPTdhnvaUVdEXhXV1o-HUmg1afYMhdMEm0jsG70jLyDHHMK7DaVP8O_60HYLC_etTx1_aE60Pwrbn8K06aSdIHlOkU7k5ayeV9w0XY9HUho0og39TuhCk-jhRgzG3k7HmT0p_KGxSyKiPMxm5XsmCA-3DJGGSwm2D_KH-m3Y1yalaPQ30iilj0oKoZohsdX_kjXLRoTJpxaSzJCrMHKC1qBJf0XJEBb9Rry8GkfkoZNu-HzPZBYODN-Lcsgg.RmoGAEwq6HNYKpA-OQ0EuVlmwLhqhXT0s1g7sCmbjiA&dib_tag=se&keywords=laptop&qid=1729745479&sprefix=laptop%2Caps%2C128&sr=8-113,899.99,4.1,120,Not available
"HP 14"" FHD Laptop, IPS Display, AMD Ryzen 3-3250U, 16GB RAM, 256GB PCIe SSD, AMD Radeon Graphics, HP True Vision HD Camera, Wi-Fi 5, Bluetooth, Win 11, Silver, 32GB Hotface USB Card",https://www.amazon.ca/HP-14-Display-Graphics-Bluetooth/dp/B0CNGGNSZ1/ref=sr_1_112?crid=1E63C3THFEGDP&dib=eyJ2IjoiMSJ9.etQhvvTfXPUbALAy-xmaolhPzlrVxfuVwAiHV0j9z3wGh05wPTdhnvaUVdEXhXV1o-HUmg1afYMhdMEm0jsG70jLyDHHMK7DaVP8O_60HYLC_etTx1_aE60Pwrbn8K06aSdIHlOkU7k5ayeV9w0XY9HUho0og39TuhCk-jhRgzG3k7HmT0p_KGxSyKiPMxm5XsmCA-3DJGGSwm2D_KH-m3Y1yalaPQ30iilj0oKoZohsdX_kjXLRoTJpxaSzJCrMHKC1qBJf0XJEBb9Rry8GkfkoZNu-HzPZBYODN-Lcsgg.RmoGAEwq6HNYKpA-OQ0EuVlmwLhqhXT0s1g7sCmbjiA&dib_tag=se&keywords=laptop&qid=1729745479&sprefix=laptop%2Caps%2C128&sr=8-112,569.00,4.3,16,Not available
"ASUS Vivobook Go 15 Laptop, 15.6” FHD Display, Intel® Core™ i3-N305 Processor, 4GB RAM, 128GB UFS, Windows 11 Home in S Mode, E1504GA-AS32-CA",https://www.amazon.ca/Vivobook-Display-i3-N305-Processor-E1504GA-AS32-CA/dp/B0CX78H27P/ref=sr_1_110?crid=1E63C3THFEGDP&dib=eyJ2IjoiMSJ9.etQhvvTfXPUbALAy-xmaolhPzlrVxfuVwAiHV0j9z3wGh05wPTdhnvaUVdEXhXV1o-HUmg1afYMhdMEm0jsG70jLyDHHMK7DaVP8O_60HYLC_etTx1_aE60Pwrbn8K06aSdIHlOkU7k5ayeV9w0XY9HUho0og39TuhCk-jhRgzG3k7HmT0p_KGxSyKiPMxm5XsmCA-3DJGGSwm2D_KH-m3Y1yalaPQ30iilj0oKoZohsdX_kjXLRoTJpxaSzJCrMHKC1qBJf0XJEBb9Rry8GkfkoZNu-HzPZBYODN-Lcsgg.RmoGAEwq6HNYKpA-OQ0EuVlmwLhqhXT0s1g7sCmbjiA&dib_tag=se&keywords=laptop&qid=1729745479&sprefix=laptop%2Caps%2C128&sr=8-110,349.00,4.0,4,Not available
"Acer Aspire 5 Laptop | 15.6"" Full HD IPS Display | 12th Gen Intel i7-12650H | 32GB DDR4 | 1 TB NVMe SSD | 802.11ax Wi-Fi 6 | Thunderbolt 4 | Backlit Keyboard | Windows 11 Home (Renewed)",https://www.amazon.ca/Acer-i7-12650H-802-11ax-Thunderbolt-Keyboard/dp/B0CL7TC363/ref=sr_1_108?crid=1E63C3THFEGDP&dib=eyJ2IjoiMSJ9.etQhvvTfXPUbALAy-xmaolhPzlrVxfuVwAiHV0j9z3wGh05wPTdhnvaUVdEXhXV1o-HUmg1afYMhdMEm0jsG70jLyDHHMK7DaVP8O_60HYLC_etTx1_aE60Pwrbn8K06aSdIHlOkU7k5ayeV9w0XY9HUho0og39TuhCk-jhRgzG3k7HmT0p_KGxSyKiPMxm5XsmCA-3DJGGSwm2D_KH-m3Y1yalaPQ30iilj0oKoZohsdX_kjXLRoTJpxaSzJCrMHKC1qBJf0XJEBb9Rry8GkfkoZNu-HzPZBYODN-Lcsgg.RmoGAEwq6HNYKpA-OQ0EuVlmwLhqhXT0s1g7sCmbjiA&dib_tag=se&keywords=laptop&qid=1729745479&sprefix=laptop%2Caps%2C128&sr=8-108,869.00,4.0,6,Not available
"Acer Aspire Spin A3SP14-31PT-322D, 14.0"" FHD 1920x1080 IPS Touch Laptop, Intel Core i3-N305, ‎Intel UHD Graphics, 8GB RAM, 256GB SSD, Windows 11",https://www.amazon.ca/Acer-Aspire-i3-N305-Graphics-Windows/dp/B0BW4PS16N/ref=sr_1_109?crid=1E63C3THFEGDP&dib=eyJ2IjoiMSJ9.etQhvvTfXPUbALAy-xmaolhPzlrVxfuVwAiHV0j9z3wGh05wPTdhnvaUVdEXhXV1o-HUmg1afYMhdMEm0jsG70jLyDHHMK7DaVP8O_60HYLC_etTx1_aE60Pwrbn8K06aSdIHlOkU7k5ayeV9w0XY9HUho0og39TuhCk-jhRgzG3k7HmT0p_KGxSyKiPMxm5XsmCA-3DJGGSwm2D_KH-m3Y1yalaPQ30iilj0oKoZohsdX_kjXLRoTJpxaSzJCrMHKC1qBJf0XJEBb9Rry8GkfkoZNu-HzPZBYODN-Lcsgg.RmoGAEwq6HNYKpA-OQ0EuVlmwLhqhXT0s1g7sCmbjiA&dib_tag=se&keywords=laptop&qid=1729745479&sprefix=laptop%2Caps%2C128&sr=8-109,579.99,4.3,21,Not available
"THOMSON NEO 3K Notebook 14"" / Intel 4 cores Celeron N5100 / 3K Display 3000x2000 (400 Nits) / 4GB Ram / 128GB SSD/Black / 1 Year incuded Microsoft 365",https://www.amazon.ca/THOMSON-Notebook-Celeron-3000x2000-Microsoft/dp/B0C8BCSMD8/ref=sr_1_106?crid=1E63C3THFEGDP&dib=eyJ2IjoiMSJ9.etQhvvTfXPUbALAy-xmaolhPzlrVxfuVwAiHV0j9z3wGh05wPTdhnvaUVdEXhXV1o-HUmg1afYMhdMEm0jsG70jLyDHHMK7DaVP8O_60HYLC_etTx1_aE60Pwrbn8K06aSdIHlOkU7k5ayeV9w0XY9HUho0og39TuhCk-jhRgzG3k7HmT0p_KGxSyKiPMxm5XsmCA-3DJGGSwm2D_KH-m3Y1yalaPQ30iilj0oKoZohsdX_kjXLRoTJpxaSzJCrMHKC1qBJf0XJEBb9Rry8GkfkoZNu-HzPZBYODN-Lcsgg.RmoGAEwq6HNYKpA-OQ0EuVlmwLhqhXT0s1g7sCmbjiA&dib_tag=se&keywords=laptop&qid=1729745479&sprefix=laptop%2Caps%2C128&sr=8-106,205.17,3.5,14,Not available
"Lenovo IdeaPad 3i 15.6"" FHD Touchscreen Laptop, Intel i5-1155G7, 16GB RAM, 512GB PCIe SSD, Intel Iris Xe Graphics, Num Pad, WiFi 6, Webcam, Windows 11 Pro, Abyss Blue, 32GB Hotface USB Card",https://www.amazon.ca/Lenovo-IdeaPad-3i-Touchscreen-i5-1155G7/dp/B0CTGZBQZG/ref=sr_1_104?crid=1E63C3THFEGDP&dib=eyJ2IjoiMSJ9.etQhvvTfXPUbALAy-xmaolhPzlrVxfuVwAiHV0j9z3wGh05wPTdhnvaUVdEXhXV1o-HUmg1afYMhdMEm0jsG70jLyDHHMK7DaVP8O_60HYLC_etTx1_aE60Pwrbn8K06aSdIHlOkU7k5ayeV9w0XY9HUho0og39TuhCk-jhRgzG3k7HmT0p_KGxSyKiPMxm5XsmCA-3DJGGSwm2D_KH-m3Y1yalaPQ30iilj0oKoZohsdX_kjXLRoTJpxaSzJCrMHKC1qBJf0XJEBb9Rry8GkfkoZNu-HzPZBYODN-Lcsgg.RmoGAEwq6HNYKpA-OQ0EuVlmwLhqhXT0s1g7sCmbjiA&dib_tag=se&keywords=laptop&qid=1729745479&sprefix=laptop%2Caps%2C128&sr=8-104,739.00,4.2,362,Not available
"jumper Laptop, 16 Inch FHD IPS 1200p Screen, 5305U Processor, 4GB RAM 128GB SSD, Office 365 1-Year Subscription, Windows 11 Computer with Numeric Keypad, Stereo Speakers, HDMI, WiFi.",https://www.amazon.ca/jumper-Processor-Subscription-Computer-Speakers/dp/B0D9VH8FWR/ref=sr_1_111?crid=1E63C3THFEGDP&dib=eyJ2IjoiMSJ9.etQhvvTfXPUbALAy-xmaolhPzlrVxfuVwAiHV0j9z3wGh05wPTdhnvaUVdEXhXV1o-HUmg1afYMhdMEm0jsG70jLyDHHMK7DaVP8O_60HYLC_etTx1_aE60Pwrbn8K06aSdIHlOkU7k5ayeV9w0XY9HUho0og39TuhCk-jhRgzG3k7HmT0p_KGxSyKiPMxm5XsmCA-3DJGGSwm2D_KH-m3Y1yalaPQ30iilj0oKoZohsdX_kjXLRoTJpxaSzJCrMHKC1qBJf0XJEBb9Rry8GkfkoZNu-HzPZBYODN-Lcsgg.RmoGAEwq6HNYKpA-OQ0EuVlmwLhqhXT0s1g7sCmbjiA&dib_tag=se&keywords=laptop&qid=1729745479&sprefix=laptop%2Caps%2C128&sr=8-111,349.99,4.0,55,Not available
"HP 15.6"" HD Everyday Laptop, Intel Pentium Silver N5030, 32GB RAM, 1TB PCIe SSD, Intel UHD Graphics 605, Island-Style Keyboard, HP Fast Charge, HD Camera, Win 11, Blue, 32GB Hotface USB Card (Renewed)",https://www.amazon.ca/HP-15-6-Everyday-Graphics-Island-Style/dp/B0CWK21HTM/ref=sr_1_107?crid=1E63C3THFEGDP&dib=eyJ2IjoiMSJ9.etQhvvTfXPUbALAy-xmaolhPzlrVxfuVwAiHV0j9z3wGh05wPTdhnvaUVdEXhXV1o-HUmg1afYMhdMEm0jsG70jLyDHHMK7DaVP8O_60HYLC_etTx1_aE60Pwrbn8K06aSdIHlOkU7k5ayeV9w0XY9HUho0og39TuhCk-jhRgzG3k7HmT0p_KGxSyKiPMxm5XsmCA-3DJGGSwm2D_KH-m3Y1yalaPQ30iilj0oKoZohsdX_kjXLRoTJpxaSzJCrMHKC1qBJf0XJEBb9Rry8GkfkoZNu-HzPZBYODN-Lcsgg.RmoGAEwq6HNYKpA-OQ0EuVlmwLhqhXT0s1g7sCmbjiA&dib_tag=se&keywords=laptop&qid=1729745479&sprefix=laptop%2Caps%2C128&sr=8-107,549.00,4.3,849,Not available
"Dell Latitude E7450 14in HD High Performance Ultra Book Business Laptop Notebook (Intel Quad Core i5 5300U, 8GB Ram, 256GB Solid State SSD, Camera, HDMI, WiFi) Win 10 Pro (Renewed)",https://www.amazon.ca/Dell-Latitude-E7450-Performance-Refurbished/dp/B076DKFYF9/ref=sr_1_105?crid=1E63C3THFEGDP&dib=eyJ2IjoiMSJ9.etQhvvTfXPUbALAy-xmaolhPzlrVxfuVwAiHV0j9z3wGh05wPTdhnvaUVdEXhXV1o-HUmg1afYMhdMEm0jsG70jLyDHHMK7DaVP8O_60HYLC_etTx1_aE60Pwrbn8K06aSdIHlOkU7k5ayeV9w0XY9HUho0og39TuhCk-jhRgzG3k7HmT0p_KGxSyKiPMxm5XsmCA-3DJGGSwm2D_KH-m3Y1yalaPQ30iilj0oKoZohsdX_kjXLRoTJpxaSzJCrMHKC1qBJf0XJEBb9Rry8GkfkoZNu-HzPZBYODN-Lcsgg.RmoGAEwq6HNYKpA-OQ0EuVlmwLhqhXT0s1g7sCmbjiA&dib_tag=se&keywords=laptop&qid=1729745479&sprefix=laptop%2Caps%2C128&sr=8-105,268.00,4.1,662,Not available
"HP Stream 14"" HD BrightView Laptop, Intel Pentium Silver N5030, 16GB RAM, 1.16TB Storage(1TB SSD + 160GB Docking Station Set), Intel UHD Graphics, HP Fast Charge, 1 Year Office 365, Win 11 S, Silver",https://www.amazon.ca/HP-Stream-BrightView-Pentium-Graphics/dp/B0DBKQW616/ref=sr_1_101?crid=1E63C3THFEGDP&dib=eyJ2IjoiMSJ9.etQhvvTfXPUbALAy-xmaolhPzlrVxfuVwAiHV0j9z3wGh05wPTdhnvaUVdEXhXV1o-HUmg1afYMhdMEm0jsG70jLyDHHMK7DaVP8O_60HYLC_etTx1_aE60Pwrbn8K06aSdIHlOkU7k5ayeV9w0XY9HUho0og39TuhCk-jhRgzG3k7HmT0p_KGxSyKiPMxm5XsmCA-3DJGGSwm2D_KH-m3Y1yalaPQ30iilj0oKoZohsdX_kjXLRoTJpxaSzJCrMHKC1qBJf0XJEBb9Rry8GkfkoZNu-HzPZBYODN-Lcsgg.RmoGAEwq6HNYKpA-OQ0EuVlmwLhqhXT0s1g7sCmbjiA&dib_tag=se&keywords=laptop&qid=1729745479&sprefix=laptop%2Caps%2C128&sr=8-101,539.00,4.7,5,Not available
"Dell Latitude 5480 14 Inch Laptop PC, Intel Core i5-6300U 2.4Ghz, 16GB DDR4 RAM, 256GB SSD, USB Type-C, HDMI, Webcam, Windows 10 Pro (Renewed)",https://www.amazon.ca/Dell-Latitude-Laptop-Windows-Renewed/dp/B0CBPRYKXB/ref=sr_1_100?crid=1E63C3THFEGDP&dib=eyJ2IjoiMSJ9.etQhvvTfXPUbALAy-xmaolhPzlrVxfuVwAiHV0j9z3wGh05wPTdhnvaUVdEXhXV1o-HUmg1afYMhdMEm0jsG70jLyDHHMK7DaVP8O_60HYLC_etTx1_aE60Pwrbn8K06aSdIHlOkU7k5ayeV9w0XY9HUho0og39TuhCk-jhRgzG3k7HmT0p_KGxSyKiPMxm5XsmCA-3DJGGSwm2D_KH-m3Y1yalaPQ30iilj0oKoZohsdX_kjXLRoTJpxaSzJCrMHKC1qBJf0XJEBb9Rry8GkfkoZNu-HzPZBYODN-Lcsgg.RmoGAEwq6HNYKpA-OQ0EuVlmwLhqhXT0s1g7sCmbjiA&dib_tag=se&keywords=laptop&qid=1729745479&sprefix=laptop%2Caps%2C128&sr=8-100,190.00,4.4,29,Not available
"HP 15.6"" HD Business Laptop, Intel Pentium N200 Processor, 16GB RAM, 128GB SSD, Intel UHD Graphics, Numeric Keyboard, HD Webcam, WiFi, 1 Year Office 365, Windows 11, Scarlet Red, 32GB Hotface USB Card",https://www.amazon.ca/HP-Business-Processor-Graphics-Keyboard/dp/B0CP212L7V/ref=sr_1_99?crid=1E63C3THFEGDP&dib=eyJ2IjoiMSJ9.etQhvvTfXPUbALAy-xmaolhPzlrVxfuVwAiHV0j9z3wGh05wPTdhnvaUVdEXhXV1o-HUmg1afYMhdMEm0jsG70jLyDHHMK7DaVP8O_60HYLC_etTx1_aE60Pwrbn8K06aSdIHlOkU7k5ayeV9w0XY9HUho0og39TuhCk-jhRgzG3k7HmT0p_KGxSyKiPMxm5XsmCA-3DJGGSwm2D_KH-m3Y1yalaPQ30iilj0oKoZohsdX_kjXLRoTJpxaSzJCrMHKC1qBJf0XJEBb9Rry8GkfkoZNu-HzPZBYODN-Lcsgg.RmoGAEwq6HNYKpA-OQ0EuVlmwLhqhXT0s1g7sCmbjiA&dib_tag=se&keywords=laptop&qid=1729745479&sprefix=laptop%2Caps%2C128&sr=8-99,499.00,4.2,576,Not available
"ASUS TUF A16 16"" FHD 165Hz Gaming Laptop, AMD Ryzen 7-7735HS, 64GB DDR5 RAM, 2TB PCIe SSD, Backlit Keyboard, Radeon RX7600S V8G, Windows 11 Pro, Black, 32GB Hotface USB Card",https://www.amazon.ca/ASUS-TUF-7-7735HS-Backlit-Keyboard/dp/B0CMGR7VF7/ref=sr_1_98?crid=1E63C3THFEGDP&dib=eyJ2IjoiMSJ9.etQhvvTfXPUbALAy-xmaolhPzlrVxfuVwAiHV0j9z3wGh05wPTdhnvaUVdEXhXV1o-HUmg1afYMhdMEm0jsG70jLyDHHMK7DaVP8O_60HYLC_etTx1_aE60Pwrbn8K06aSdIHlOkU7k5ayeV9w0XY9HUho0og39TuhCk-jhRgzG3k7HmT0p_KGxSyKiPMxm5XsmCA-3DJGGSwm2D_KH-m3Y1yalaPQ30iilj0oKoZohsdX_kjXLRoTJpxaSzJCrMHKC1qBJf0XJEBb9Rry8GkfkoZNu-HzPZBYODN-Lcsgg.RmoGAEwq6HNYKpA-OQ0EuVlmwLhqhXT0s1g7sCmbjiA&dib_tag=se&keywords=laptop&qid=1729745479&sprefix=laptop%2Caps%2C128&sr=8-98,"1,799.00",4.3,110,Not available
"Rose Gold Laptop 15.6 inch FHD IPS Screen, High Speed Celeron N5095(2.0-2.9Ghz), 16G DDR4 RAM 1TB SSD Business/Student Laptop Computer/Backlit KB (16+1TB)",https://www.amazon.ca/Celeron-2-0-2-9Ghz-Business-Student-Computer/dp/B0D3LVT9C2/ref=sr_1_267?crid=1E63C3THFEGDP&dib=eyJ2IjoiMSJ9.UD6ugI5eMGi-goeWpRbPkGs-M1H22VD6ry80d-nyuIV0j5L_ce_nlqf79GzEcuPKPtPzOJyn4jpooJeqI1huHh7W-rBDv8LcCLXssKPE57bwtAnp2de4Wm3I08l7BELZgK9shwL95KSXT133rm2LUHUYY4jph5l8kvBzvzjncC2mdLKNuTZjN80Zfp_h-iSAttoPGxqO8c7MPvp_YaKleG-o3lV4WOi2mpBpRq57T6czlYVLRvUf3BMvvc8VKmREI7OpYlL1sl9l3MkMmA-4Sy1i7XNw-N7WjUHZ6QekbX4.wDMMGw9evwoH-tDwOvj_W-j1jKWsnE_JU-nR61sO82w&dib_tag=se&keywords=laptop&qid=1729745479&sprefix=laptop%2Caps%2C128&sr=8-267,499.90,4.1,5,Not available
"HP 14"" FHD Laptop - AMD Ryzen 5 5500U, 8GB RAM, 256GB SSD, Windows 11-14-fq1025nr",https://www.amazon.ca/HP-14-FHD-Laptop-11-14-fq1025nr/dp/B09G8SK2KK/ref=sr_1_103?crid=1E63C3THFEGDP&dib=eyJ2IjoiMSJ9.etQhvvTfXPUbALAy-xmaolhPzlrVxfuVwAiHV0j9z3wGh05wPTdhnvaUVdEXhXV1o-HUmg1afYMhdMEm0jsG70jLyDHHMK7DaVP8O_60HYLC_etTx1_aE60Pwrbn8K06aSdIHlOkU7k5ayeV9w0XY9HUho0og39TuhCk-jhRgzG3k7HmT0p_KGxSyKiPMxm5XsmCA-3DJGGSwm2D_KH-m3Y1yalaPQ30iilj0oKoZohsdX_kjXLRoTJpxaSzJCrMHKC1qBJf0XJEBb9Rry8GkfkoZNu-HzPZBYODN-Lcsgg.RmoGAEwq6HNYKpA-OQ0EuVlmwLhqhXT0s1g7sCmbjiA&dib_tag=se&keywords=laptop&qid=1729745479&sprefix=laptop%2Caps%2C128&sr=8-103,589.99,4.4,"1,184",Not available
"Acer Aspire 3 Laptop 15.6"" Full HD Display | AMD Ryzen 7 5700U CPU | 16GB DDR4 | 1TB SSD | Windows 11 Home (1 Yr Manufacturer Warranty) (Renewed)",https://www.amazon.ca/Acer-Display-Windows-Manufacturer-Warranty/dp/B0D1JZYKRV/ref=sr_1_102?crid=1E63C3THFEGDP&dib=eyJ2IjoiMSJ9.etQhvvTfXPUbALAy-xmaolhPzlrVxfuVwAiHV0j9z3wGh05wPTdhnvaUVdEXhXV1o-HUmg1afYMhdMEm0jsG70jLyDHHMK7DaVP8O_60HYLC_etTx1_aE60Pwrbn8K06aSdIHlOkU7k5ayeV9w0XY9HUho0og39TuhCk-jhRgzG3k7HmT0p_KGxSyKiPMxm5XsmCA-3DJGGSwm2D_KH-m3Y1yalaPQ30iilj0oKoZohsdX_kjXLRoTJpxaSzJCrMHKC1qBJf0XJEBb9Rry8GkfkoZNu-HzPZBYODN-Lcsgg.RmoGAEwq6HNYKpA-OQ0EuVlmwLhqhXT0s1g7sCmbjiA&dib_tag=se&keywords=laptop&qid=1729745479&sprefix=laptop%2Caps%2C128&sr=8-102,549.00,3.7,8,Not available
"Dell Latitude 5400 14"" Business Laptop, Intel Core i5-8265U up to 3.9GHz, 16GB DDR4 RAM 512GB SSD, Type-C, HDMI, Webcam, Windows 10 Pro (Renewed)",https://www.amazon.ca/Dell-Latitude-Business-i5-8265U-Windows/dp/B0CLRP75PQ/ref=sr_1_266?crid=1E63C3THFEGDP&dib=eyJ2IjoiMSJ9.UD6ugI5eMGi-goeWpRbPkGs-M1H22VD6ry80d-nyuIV0j5L_ce_nlqf79GzEcuPKPtPzOJyn4jpooJeqI1huHh7W-rBDv8LcCLXssKPE57bwtAnp2de4Wm3I08l7BELZgK9shwL95KSXT133rm2LUHUYY4jph5l8kvBzvzjncC2mdLKNuTZjN80Zfp_h-iSAttoPGxqO8c7MPvp_YaKleG-o3lV4WOi2mpBpRq57T6czlYVLRvUf3BMvvc8VKmREI7OpYlL1sl9l3MkMmA-4Sy1i7XNw-N7WjUHZ6QekbX4.wDMMGw9evwoH-tDwOvj_W-j1jKWsnE_JU-nR61sO82w&dib_tag=se&keywords=laptop&qid=1729745479&sprefix=laptop%2Caps%2C128&sr=8-266,360.00,3.8,19,Not available
"Dell Latitude E7450 14in Laptop, Core i5-5300U 2.3GHz, 16GB Ram, 500GB SSD, Windows 10 Pro 64bit (Renewed)",https://www.amazon.ca/Dell-Latitude-i5-5300U-Certified-Refurbished/dp/B07GCS53SL/ref=sr_1_263?crid=1E63C3THFEGDP&dib=eyJ2IjoiMSJ9.UD6ugI5eMGi-goeWpRbPkGs-M1H22VD6ry80d-nyuIV0j5L_ce_nlqf79GzEcuPKPtPzOJyn4jpooJeqI1huHh7W-rBDv8LcCLXssKPE57bwtAnp2de4Wm3I08l7BELZgK9shwL95KSXT133rm2LUHUYY4jph5l8kvBzvzjncC2mdLKNuTZjN80Zfp_h-iSAttoPGxqO8c7MPvp_YaKleG-o3lV4WOi2mpBpRq57T6czlYVLRvUf3BMvvc8VKmREI7OpYlL1sl9l3MkMmA-4Sy1i7XNw-N7WjUHZ6QekbX4.wDMMGw9evwoH-tDwOvj_W-j1jKWsnE_JU-nR61sO82w&dib_tag=se&keywords=laptop&qid=1729745479&sprefix=laptop%2Caps%2C128&sr=8-263,Price not available,4.2,77,Not available
"Lenovo V15 GEN 3 15.6"" FHD Business Laptop, AMD Ryzen 5 7520U, 16GB RAM, 512GB PCIe SSD, AMD Radeon Graphics, HD Camera, Dolby Audio, Wi-Fi 6, Bluetooth, Win 11 Pro, Black, 32GB Hotface USB Card",https://www.amazon.ca/Lenovo-V15-Business-Graphics-Bluetooth/dp/B0CVTXFZMC/ref=sr_1_265?crid=1E63C3THFEGDP&dib=eyJ2IjoiMSJ9.UD6ugI5eMGi-goeWpRbPkGs-M1H22VD6ry80d-nyuIV0j5L_ce_nlqf79GzEcuPKPtPzOJyn4jpooJeqI1huHh7W-rBDv8LcCLXssKPE57bwtAnp2de4Wm3I08l7BELZgK9shwL95KSXT133rm2LUHUYY4jph5l8kvBzvzjncC2mdLKNuTZjN80Zfp_h-iSAttoPGxqO8c7MPvp_YaKleG-o3lV4WOi2mpBpRq57T6czlYVLRvUf3BMvvc8VKmREI7OpYlL1sl9l3MkMmA-4Sy1i7XNw-N7WjUHZ6QekbX4.wDMMGw9evwoH-tDwOvj_W-j1jKWsnE_JU-nR61sO82w&dib_tag=se&keywords=laptop&qid=1729745479&sprefix=laptop%2Caps%2C128&sr=8-265,789.00,5.0,1,Not available
"ASUS ExpertBook B1 B1402CVA-P51-CB Business Laptop, 14"" FHD 16:9, Intel Core i5-1335U Processor, 8GB DDR4 RAM, 512GB PCIe SSD, WIFI 6E, Windows 11 Pro, Black, Bilingual KB",https://www.amazon.ca/ASUS-ExpertBook-B1402CVA-P51-CB-Business-Laptop/dp/B0CH1W5K4S/ref=sr_1_264?crid=1E63C3THFEGDP&dib=eyJ2IjoiMSJ9.UD6ugI5eMGi-goeWpRbPkGs-M1H22VD6ry80d-nyuIV0j5L_ce_nlqf79GzEcuPKPtPzOJyn4jpooJeqI1huHh7W-rBDv8LcCLXssKPE57bwtAnp2de4Wm3I08l7BELZgK9shwL95KSXT133rm2LUHUYY4jph5l8kvBzvzjncC2mdLKNuTZjN80Zfp_h-iSAttoPGxqO8c7MPvp_YaKleG-o3lV4WOi2mpBpRq57T6czlYVLRvUf3BMvvc8VKmREI7OpYlL1sl9l3MkMmA-4Sy1i7XNw-N7WjUHZ6QekbX4.wDMMGw9evwoH-tDwOvj_W-j1jKWsnE_JU-nR61sO82w&dib_tag=se&keywords=laptop&qid=1729745479&sprefix=laptop%2Caps%2C128&sr=8-264,769.99,"FREE delivery Sun, Oct 27 ",Only 7 left in stock (more on the way).,Not available
"HP 15.6"" HD Everyday Slim Business Laptop, Intel Core i3-1115G4, 16GB DDR4 RAM, 1TB PCIe SSD, Intel UHD Graphics, Numeric Keypad, HD Camera, Wi-Fi 5, Win 11 Pro, Spruce Blue, 32GB Hotface USB Card",https://www.amazon.ca/HP-Everyday-Business-i3-1115G4-Graphics/dp/B0CP21XP3P/ref=sr_1_262?crid=1E63C3THFEGDP&dib=eyJ2IjoiMSJ9.UD6ugI5eMGi-goeWpRbPkGs-M1H22VD6ry80d-nyuIV0j5L_ce_nlqf79GzEcuPKPtPzOJyn4jpooJeqI1huHh7W-rBDv8LcCLXssKPE57bwtAnp2de4Wm3I08l7BELZgK9shwL95KSXT133rm2LUHUYY4jph5l8kvBzvzjncC2mdLKNuTZjN80Zfp_h-iSAttoPGxqO8c7MPvp_YaKleG-o3lV4WOi2mpBpRq57T6czlYVLRvUf3BMvvc8VKmREI7OpYlL1sl9l3MkMmA-4Sy1i7XNw-N7WjUHZ6QekbX4.wDMMGw9evwoH-tDwOvj_W-j1jKWsnE_JU-nR61sO82w&dib_tag=se&keywords=laptop&qid=1729745479&sprefix=laptop%2Caps%2C128&sr=8-262,679.00,4.5,66,Not available
"HP ENVY 13"" FHD Touchscreen Laptop, Intel® Evo™ platform powered by Intel® Core™ i5-1135G7, Intel® Iris® Xe Graphics, 8 GB RAM, 256GB SSD, HDMI, SD Card Reader (natural Silver, 13-ba1010ca)",https://www.amazon.ca/HP-Laptop-Generation-i5-1135G7-13-ba1010ca/dp/B09MMCWR67/ref=sr_1_261?crid=1E63C3THFEGDP&dib=eyJ2IjoiMSJ9.UD6ugI5eMGi-goeWpRbPkGs-M1H22VD6ry80d-nyuIV0j5L_ce_nlqf79GzEcuPKPtPzOJyn4jpooJeqI1huHh7W-rBDv8LcCLXssKPE57bwtAnp2de4Wm3I08l7BELZgK9shwL95KSXT133rm2LUHUYY4jph5l8kvBzvzjncC2mdLKNuTZjN80Zfp_h-iSAttoPGxqO8c7MPvp_YaKleG-o3lV4WOi2mpBpRq57T6czlYVLRvUf3BMvvc8VKmREI7OpYlL1sl9l3MkMmA-4Sy1i7XNw-N7WjUHZ6QekbX4.wDMMGw9evwoH-tDwOvj_W-j1jKWsnE_JU-nR61sO82w&dib_tag=se&keywords=laptop&qid=1729745479&sprefix=laptop%2Caps%2C128&sr=8-261,"1,054.17",4.3,7,Not available
"Lenovo ThinkPad T490 14-inches FHD Business Laptop Computer with Intel Quad-Core i7-8665U, 16GB DDR4 RAM, 512GB SSD, HDMI, Type-C, Windows 10 Pro (Renewed)",https://www.amazon.ca/Lenovo-ThinkPad-T490-14-inches-Quad-Core/dp/B0858WZQG5/ref=sr_1_260?crid=1E63C3THFEGDP&dib=eyJ2IjoiMSJ9.UD6ugI5eMGi-goeWpRbPkGs-M1H22VD6ry80d-nyuIV0j5L_ce_nlqf79GzEcuPKPtPzOJyn4jpooJeqI1huHh7W-rBDv8LcCLXssKPE57bwtAnp2de4Wm3I08l7BELZgK9shwL95KSXT133rm2LUHUYY4jph5l8kvBzvzjncC2mdLKNuTZjN80Zfp_h-iSAttoPGxqO8c7MPvp_YaKleG-o3lV4WOi2mpBpRq57T6czlYVLRvUf3BMvvc8VKmREI7OpYlL1sl9l3MkMmA-4Sy1i7XNw-N7WjUHZ6QekbX4.wDMMGw9evwoH-tDwOvj_W-j1jKWsnE_JU-nR61sO82w&dib_tag=se&keywords=laptop&qid=1729745479&sprefix=laptop%2Caps%2C128&sr=8-260,397.99,4.2,10,Not available
"HP 17.3"" HD+ (1600x900) Touchscreen Laptop | Intel Pentium Silver N5030 4-Core | Intel UHD Graphics | Wi-Fi 5 | USB-C | HDMI | 8GB DDR4 256GB SSD | Win10 Home",https://www.amazon.ca/HP-1600x900-Touchscreen-Pentium-Graphics/dp/B0CP5HC18B/ref=sr_1_258?crid=1E63C3THFEGDP&dib=eyJ2IjoiMSJ9.UD6ugI5eMGi-goeWpRbPkGs-M1H22VD6ry80d-nyuIV0j5L_ce_nlqf79GzEcuPKPtPzOJyn4jpooJeqI1huHh7W-rBDv8LcCLXssKPE57bwtAnp2de4Wm3I08l7BELZgK9shwL95KSXT133rm2LUHUYY4jph5l8kvBzvzjncC2mdLKNuTZjN80Zfp_h-iSAttoPGxqO8c7MPvp_YaKleG-o3lV4WOi2mpBpRq57T6czlYVLRvUf3BMvvc8VKmREI7OpYlL1sl9l3MkMmA-4Sy1i7XNw-N7WjUHZ6QekbX4.wDMMGw9evwoH-tDwOvj_W-j1jKWsnE_JU-nR61sO82w&dib_tag=se&keywords=laptop&qid=1729745479&sprefix=laptop%2Caps%2C128&sr=8-258,625.95,5.0,2,Not available
"ASUS TUF Gaming Laptop, 15.6"" 144Hz FHD Display, Intel 13th i7-13620H, 64GB DDR5, 4TB PCIe SSD, NVIDIA GeForce RTX 4070, Backlit Keyboard, HD Webcam, Win 11 Pro, Gray, 128GB Docking Station Set",https://www.amazon.ca/ASUS-TUF-Display-i7-13620H-Keyboard/dp/B0D62LZP4B/ref=sr_1_259?crid=1E63C3THFEGDP&dib=eyJ2IjoiMSJ9.UD6ugI5eMGi-goeWpRbPkGs-M1H22VD6ry80d-nyuIV0j5L_ce_nlqf79GzEcuPKPtPzOJyn4jpooJeqI1huHh7W-rBDv8LcCLXssKPE57bwtAnp2de4Wm3I08l7BELZgK9shwL95KSXT133rm2LUHUYY4jph5l8kvBzvzjncC2mdLKNuTZjN80Zfp_h-iSAttoPGxqO8c7MPvp_YaKleG-o3lV4WOi2mpBpRq57T6czlYVLRvUf3BMvvc8VKmREI7OpYlL1sl9l3MkMmA-4Sy1i7XNw-N7WjUHZ6QekbX4.wDMMGw9evwoH-tDwOvj_W-j1jKWsnE_JU-nR61sO82w&dib_tag=se&keywords=laptop&qid=1729745479&sprefix=laptop%2Caps%2C128&sr=8-259,"2,499.00",4.6,10,Not available
"Naclud 15.6 Inch Laptop, 12GB DDR4 512GB SSD, Laptops with Celeron N5095 Processor(Up to 2.9GHz), FHD 1920x1080 Notebook with 2xUSB 3.0, Dual Band WiFi, Bluetooth 4.2(Gray)",https://www.amazon.ca/Naclud-Processor-1920x1080-Notebook-Bluetooth/dp/B0DDYBF42T/ref=sr_1_257?crid=1E63C3THFEGDP&dib=eyJ2IjoiMSJ9.UD6ugI5eMGi-goeWpRbPkGs-M1H22VD6ry80d-nyuIV0j5L_ce_nlqf79GzEcuPKPtPzOJyn4jpooJeqI1huHh7W-rBDv8LcCLXssKPE57bwtAnp2de4Wm3I08l7BELZgK9shwL95KSXT133rm2LUHUYY4jph5l8kvBzvzjncC2mdLKNuTZjN80Zfp_h-iSAttoPGxqO8c7MPvp_YaKleG-o3lV4WOi2mpBpRq57T6czlYVLRvUf3BMvvc8VKmREI7OpYlL1sl9l3MkMmA-4Sy1i7XNw-N7WjUHZ6QekbX4.wDMMGw9evwoH-tDwOvj_W-j1jKWsnE_JU-nR61sO82w&dib_tag=se&keywords=laptop&qid=1729745479&sprefix=laptop%2Caps%2C128&sr=8-257,"1,066.63",5.0,2,Not available
"ASUS VivoBook Go 14 Flip Thin and Light 2-in-1 Laptop, 14” HD Touch, Intel Celeron, 4GB RAM, 128GB eMMC, Windows 11 Home in S mode + Microsoft 365 Personal 1-year, J1401KA-AS01-CA",https://www.amazon.ca/VivoBook-Celeron-Microsoft-Personal-J1401KA-AS01-CA/dp/B09T8S3N4D/ref=sr_1_255?crid=1E63C3THFEGDP&dib=eyJ2IjoiMSJ9.UD6ugI5eMGi-goeWpRbPkGs-M1H22VD6ry80d-nyuIV0j5L_ce_nlqf79GzEcuPKPtPzOJyn4jpooJeqI1huHh7W-rBDv8LcCLXssKPE57bwtAnp2de4Wm3I08l7BELZgK9shwL95KSXT133rm2LUHUYY4jph5l8kvBzvzjncC2mdLKNuTZjN80Zfp_h-iSAttoPGxqO8c7MPvp_YaKleG-o3lV4WOi2mpBpRq57T6czlYVLRvUf3BMvvc8VKmREI7OpYlL1sl9l3MkMmA-4Sy1i7XNw-N7WjUHZ6QekbX4.wDMMGw9evwoH-tDwOvj_W-j1jKWsnE_JU-nR61sO82w&dib_tag=se&keywords=laptop&qid=1729745479&sprefix=laptop%2Caps%2C128&sr=8-255,379.00,3.2,75,Not available
"Svikou [Win 11/Office 2019] 15.6"" Large Screen Laptop Computer, 12th Gen Alder Lake N95(Up to 3.4Ghz) Quad-Core CPU, DDR4 16G RAM, 1TB NVMe SSD,Portable Notebook PC with Backlit KB(Silver 1TB)",https://www.amazon.ca/Svikou-Computer-Quad-Core-Portable-Notebook/dp/B0CZL2T667/ref=sr_1_254?crid=1E63C3THFEGDP&dib=eyJ2IjoiMSJ9.UD6ugI5eMGi-goeWpRbPkGs-M1H22VD6ry80d-nyuIV0j5L_ce_nlqf79GzEcuPKPtPzOJyn4jpooJeqI1huHh7W-rBDv8LcCLXssKPE57bwtAnp2de4Wm3I08l7BELZgK9shwL95KSXT133rm2LUHUYY4jph5l8kvBzvzjncC2mdLKNuTZjN80Zfp_h-iSAttoPGxqO8c7MPvp_YaKleG-o3lV4WOi2mpBpRq57T6czlYVLRvUf3BMvvc8VKmREI7OpYlL1sl9l3MkMmA-4Sy1i7XNw-N7WjUHZ6QekbX4.wDMMGw9evwoH-tDwOvj_W-j1jKWsnE_JU-nR61sO82w&dib_tag=se&keywords=laptop&qid=1729745479&sprefix=laptop%2Caps%2C128&sr=8-254,479.90,4.0,21,Not available
Lenovo IdeaPad Gaming 3 Laptop 2023 15.6” FHD 1920 x 1080 IPS 120 Hertz Intel Core i7-12700H NVIDIA GeForce RTX 3050 Ti 4GB GDDR6 32GB DDR4 1TB SSD Backlit Keyboard Thunderbolt 4 Windows 10 Home,https://www.amazon.ca/Lenovo-IdeaPad-i7-12700H-Keyboard-Thunderbolt/dp/B0CFKXGYPL/ref=sr_1_253?crid=1E63C3THFEGDP&dib=eyJ2IjoiMSJ9.UD6ugI5eMGi-goeWpRbPkGs-M1H22VD6ry80d-nyuIV0j5L_ce_nlqf79GzEcuPKPtPzOJyn4jpooJeqI1huHh7W-rBDv8LcCLXssKPE57bwtAnp2de4Wm3I08l7BELZgK9shwL95KSXT133rm2LUHUYY4jph5l8kvBzvzjncC2mdLKNuTZjN80Zfp_h-iSAttoPGxqO8c7MPvp_YaKleG-o3lV4WOi2mpBpRq57T6czlYVLRvUf3BMvvc8VKmREI7OpYlL1sl9l3MkMmA-4Sy1i7XNw-N7WjUHZ6QekbX4.wDMMGw9evwoH-tDwOvj_W-j1jKWsnE_JU-nR61sO82w&dib_tag=se&keywords=laptop&qid=1729745479&sprefix=laptop%2Caps%2C128&sr=8-253,"1,834.65",FREE delivery Oct 31 - Nov 7 ,Only 9 left in stock.,Not available
"HP Envy 17 inch Laptop, FHD Display, 13th Generation Intel Core i7-1355U, 16 GB RAM, 1 TB SSD, NVIDIA GeForce RTX 3050 Laptop GPU (4 GB GDDR6 Dedicated), Windows 11 Home, 17-cr1000ca",https://www.amazon.ca/HP-Generation-i7-1355U-Dedicated-17-cr1000ca/dp/B0C31YT82T/ref=sr_1_256?crid=1E63C3THFEGDP&dib=eyJ2IjoiMSJ9.UD6ugI5eMGi-goeWpRbPkGs-M1H22VD6ry80d-nyuIV0j5L_ce_nlqf79GzEcuPKPtPzOJyn4jpooJeqI1huHh7W-rBDv8LcCLXssKPE57bwtAnp2de4Wm3I08l7BELZgK9shwL95KSXT133rm2LUHUYY4jph5l8kvBzvzjncC2mdLKNuTZjN80Zfp_h-iSAttoPGxqO8c7MPvp_YaKleG-o3lV4WOi2mpBpRq57T6czlYVLRvUf3BMvvc8VKmREI7OpYlL1sl9l3MkMmA-4Sy1i7XNw-N7WjUHZ6QekbX4.wDMMGw9evwoH-tDwOvj_W-j1jKWsnE_JU-nR61sO82w&dib_tag=se&keywords=laptop&qid=1729745479&sprefix=laptop%2Caps%2C128&sr=8-256,"1,699.99",4.4,447,Not available
"ASUS ExpertBook B1 Business Laptop, B1502CVA-P71-CB 15.6” FHD display, Intel® Core™ i7-1355U, 16GB RAM, 512GB SSD, WiFi 6E, Fingerprint sensor, IR Camera, Windows 11 Pro, Star Black, Bilingual KB",https://www.amazon.ca/ASUS-ExpertBook-B1502CVA-P71-CB-Fingerprint-Bilingual/dp/B0CGKMQPV6/ref=sr_1_252?crid=1E63C3THFEGDP&dib=eyJ2IjoiMSJ9.UD6ugI5eMGi-goeWpRbPkGs-M1H22VD6ry80d-nyuIV0j5L_ce_nlqf79GzEcuPKPtPzOJyn4jpooJeqI1huHh7W-rBDv8LcCLXssKPE57bwtAnp2de4Wm3I08l7BELZgK9shwL95KSXT133rm2LUHUYY4jph5l8kvBzvzjncC2mdLKNuTZjN80Zfp_h-iSAttoPGxqO8c7MPvp_YaKleG-o3lV4WOi2mpBpRq57T6czlYVLRvUf3BMvvc8VKmREI7OpYlL1sl9l3MkMmA-4Sy1i7XNw-N7WjUHZ6QekbX4.wDMMGw9evwoH-tDwOvj_W-j1jKWsnE_JU-nR61sO82w&dib_tag=se&keywords=laptop&qid=1729745479&sprefix=laptop%2Caps%2C128&sr=8-252,"1,006.99",4.5,4,Not available
"Acer Nitro 5, 15.6"" 144Hz FHD Gaming Laptop | Intel Core i5-12450H | NVIDIA GeForce RTX 3050 | 32GB RAM | 1TB SSD | Windows 11 Home | Wi-Fi 6 | VR Ready | Black",https://www.amazon.ca/Acer-Gaming-i5-12450H-GeForce-Windows/dp/B0D8KR8TBS/ref=sr_1_251?crid=1E63C3THFEGDP&dib=eyJ2IjoiMSJ9.UD6ugI5eMGi-goeWpRbPkGs-M1H22VD6ry80d-nyuIV0j5L_ce_nlqf79GzEcuPKPtPzOJyn4jpooJeqI1huHh7W-rBDv8LcCLXssKPE57bwtAnp2de4Wm3I08l7BELZgK9shwL95KSXT133rm2LUHUYY4jph5l8kvBzvzjncC2mdLKNuTZjN80Zfp_h-iSAttoPGxqO8c7MPvp_YaKleG-o3lV4WOi2mpBpRq57T6czlYVLRvUf3BMvvc8VKmREI7OpYlL1sl9l3MkMmA-4Sy1i7XNw-N7WjUHZ6QekbX4.wDMMGw9evwoH-tDwOvj_W-j1jKWsnE_JU-nR61sO82w&dib_tag=se&keywords=laptop&qid=1729745479&sprefix=laptop%2Caps%2C128&sr=8-251,"1,099.99",1.0,1,Not available
"Dell Inspiron 3520 15.6"" Touchscreen FHD Laptop - Intel Core i5-1155G7, 8GB RAM, 256GB SSD, Windows 11 S Mode - Carbon Black (i3520-5810BLK-PUS)",https://www.amazon.ca/Dell-Inspiron-Touchscreen-Laptop-i3520-5810BLK-PUS/dp/B0CS4PGPN9/ref=sr_1_250?crid=1E63C3THFEGDP&dib=eyJ2IjoiMSJ9.UD6ugI5eMGi-goeWpRbPkGs-M1H22VD6ry80d-nyuIV0j5L_ce_nlqf79GzEcuPKPtPzOJyn4jpooJeqI1huHh7W-rBDv8LcCLXssKPE57bwtAnp2de4Wm3I08l7BELZgK9shwL95KSXT133rm2LUHUYY4jph5l8kvBzvzjncC2mdLKNuTZjN80Zfp_h-iSAttoPGxqO8c7MPvp_YaKleG-o3lV4WOi2mpBpRq57T6czlYVLRvUf3BMvvc8VKmREI7OpYlL1sl9l3MkMmA-4Sy1i7XNw-N7WjUHZ6QekbX4.wDMMGw9evwoH-tDwOvj_W-j1jKWsnE_JU-nR61sO82w&dib_tag=se&keywords=laptop&qid=1729745479&sprefix=laptop%2Caps%2C128&sr=8-250,569.98,2.6,5,Not available
"HP Premium 14"" Stream HD Laptop, Intel Celeron N4120, 8GB RAM, 64GB eMMC, HD Webcam, UHD Graphics, Bluetooth, WiFi5, HDMI, 1 Year Office 365, Win 11s, Silver, 32GB Hotface USB Card",https://www.amazon.ca/HP-14-Stream-Graphics-Bluetooth/dp/B0CQ27HTQ5/ref=sr_1_249?crid=1E63C3THFEGDP&dib=eyJ2IjoiMSJ9.UD6ugI5eMGi-goeWpRbPkGs-M1H22VD6ry80d-nyuIV0j5L_ce_nlqf79GzEcuPKPtPzOJyn4jpooJeqI1huHh7W-rBDv8LcCLXssKPE57bwtAnp2de4Wm3I08l7BELZgK9shwL95KSXT133rm2LUHUYY4jph5l8kvBzvzjncC2mdLKNuTZjN80Zfp_h-iSAttoPGxqO8c7MPvp_YaKleG-o3lV4WOi2mpBpRq57T6czlYVLRvUf3BMvvc8VKmREI7OpYlL1sl9l3MkMmA-4Sy1i7XNw-N7WjUHZ6QekbX4.wDMMGw9evwoH-tDwOvj_W-j1jKWsnE_JU-nR61sO82w&dib_tag=se&keywords=laptop&qid=1729745479&sprefix=laptop%2Caps%2C128&sr=8-249,349.00,4.0,51,Not available
"AOC Laptop Computer 15.6 Inch FHD Screen Premium Laptop with Ιntel Core N97 Processor(Up to 3.6GHz) 16GB RAM 512GB SSD, Windows 11 Computer, Metal Shell",https://www.amazon.ca/AOC-Computer-Premium-Processor-Windows/dp/B0D3TVG1V6/ref=sr_1_246?crid=1E63C3THFEGDP&dib=eyJ2IjoiMSJ9.UD6ugI5eMGi-goeWpRbPkGs-M1H22VD6ry80d-nyuIV0j5L_ce_nlqf79GzEcuPKPtPzOJyn4jpooJeqI1huHh7W-rBDv8LcCLXssKPE57bwtAnp2de4Wm3I08l7BELZgK9shwL95KSXT133rm2LUHUYY4jph5l8kvBzvzjncC2mdLKNuTZjN80Zfp_h-iSAttoPGxqO8c7MPvp_YaKleG-o3lV4WOi2mpBpRq57T6czlYVLRvUf3BMvvc8VKmREI7OpYlL1sl9l3MkMmA-4Sy1i7XNw-N7WjUHZ6QekbX4.wDMMGw9evwoH-tDwOvj_W-j1jKWsnE_JU-nR61sO82w&dib_tag=se&keywords=laptop&qid=1729745479&sprefix=laptop%2Caps%2C128&sr=8-246,399.99,"FREE delivery Sun, Oct 27 ",Was:,Not available
"Microsoft Surface Laptop Go 2 (2022): 12.4"" Touchscreen Laptop (Intel Core i5/8GB RAM/128GB SSD/Windows 11) Platinum - English Keyboard (Renewed)",https://www.amazon.ca/Microsoft-Surface-Laptop-Go-Touchscreen/dp/B0BWSK5159/ref=sr_1_245?crid=1E63C3THFEGDP&dib=eyJ2IjoiMSJ9.UD6ugI5eMGi-goeWpRbPkGs-M1H22VD6ry80d-nyuIV0j5L_ce_nlqf79GzEcuPKPtPzOJyn4jpooJeqI1huHh7W-rBDv8LcCLXssKPE57bwtAnp2de4Wm3I08l7BELZgK9shwL95KSXT133rm2LUHUYY4jph5l8kvBzvzjncC2mdLKNuTZjN80Zfp_h-iSAttoPGxqO8c7MPvp_YaKleG-o3lV4WOi2mpBpRq57T6czlYVLRvUf3BMvvc8VKmREI7OpYlL1sl9l3MkMmA-4Sy1i7XNw-N7WjUHZ6QekbX4.wDMMGw9evwoH-tDwOvj_W-j1jKWsnE_JU-nR61sO82w&dib_tag=se&keywords=laptop&qid=1729745479&sprefix=laptop%2Caps%2C128&sr=8-245,594.99,4.4,31,Not available
"Dell Latitude 7410 Laptop with Backlit Keyboard, 14in 1920x1080 FHD, Intel Core i7 10th Gen i7-10610U, Dual Core 4.9Ghz, 16GB RAM, 512GB SSD, Fingerprint, Windows 10 Pro, Silver (Renewed)",https://www.amazon.ca/Dell-Latitude-7410-Laptop-Touchscreen/dp/B08LNT7MVB/ref=sr_1_247?crid=1E63C3THFEGDP&dib=eyJ2IjoiMSJ9.UD6ugI5eMGi-goeWpRbPkGs-M1H22VD6ry80d-nyuIV0j5L_ce_nlqf79GzEcuPKPtPzOJyn4jpooJeqI1huHh7W-rBDv8LcCLXssKPE57bwtAnp2de4Wm3I08l7BELZgK9shwL95KSXT133rm2LUHUYY4jph5l8kvBzvzjncC2mdLKNuTZjN80Zfp_h-iSAttoPGxqO8c7MPvp_YaKleG-o3lV4WOi2mpBpRq57T6czlYVLRvUf3BMvvc8VKmREI7OpYlL1sl9l3MkMmA-4Sy1i7XNw-N7WjUHZ6QekbX4.wDMMGw9evwoH-tDwOvj_W-j1jKWsnE_JU-nR61sO82w&dib_tag=se&keywords=laptop&qid=1729745479&sprefix=laptop%2Caps%2C128&sr=8-247,412.23,3.5,28,Not available
"HP 15.6"" FHD Business Laptop, Intel Core i3-1215U, 32GB DDR4 RAM, 1TB PCIe SSD, Intel UHD Graphics, Numpad, HD Webcam, Fingerprint Reader, Natural Silver, Win 11 Pro, 32GB Hotface USB Card",https://www.amazon.ca/HP-15-6-Business-i3-1215U-Fingerprint/dp/B0CP3WNV86/ref=sr_1_244?crid=1E63C3THFEGDP&dib=eyJ2IjoiMSJ9.UD6ugI5eMGi-goeWpRbPkGs-M1H22VD6ry80d-nyuIV0j5L_ce_nlqf79GzEcuPKPtPzOJyn4jpooJeqI1huHh7W-rBDv8LcCLXssKPE57bwtAnp2de4Wm3I08l7BELZgK9shwL95KSXT133rm2LUHUYY4jph5l8kvBzvzjncC2mdLKNuTZjN80Zfp_h-iSAttoPGxqO8c7MPvp_YaKleG-o3lV4WOi2mpBpRq57T6czlYVLRvUf3BMvvc8VKmREI7OpYlL1sl9l3MkMmA-4Sy1i7XNw-N7WjUHZ6QekbX4.wDMMGw9evwoH-tDwOvj_W-j1jKWsnE_JU-nR61sO82w&dib_tag=se&keywords=laptop&qid=1729745479&sprefix=laptop%2Caps%2C128&sr=8-244,669.00,4.2,635,Not available
"HP Pavilion 15.6"" FHD Touchscreen Laptop, Intel Core i7-1165G7, 32GB RAM, 1TB SSD, Fingerprint Reader, Wi-Fi 6, HDMI 2.0, Windows 10 Home, Lunar Gold",https://www.amazon.ca/HP-Pavilion-Touchscreen-i7-1165G7-Fingerprint/dp/B0DHXPGW97/ref=sr_1_243?crid=1E63C3THFEGDP&dib=eyJ2IjoiMSJ9.UD6ugI5eMGi-goeWpRbPkGs-M1H22VD6ry80d-nyuIV0j5L_ce_nlqf79GzEcuPKPtPzOJyn4jpooJeqI1huHh7W-rBDv8LcCLXssKPE57bwtAnp2de4Wm3I08l7BELZgK9shwL95KSXT133rm2LUHUYY4jph5l8kvBzvzjncC2mdLKNuTZjN80Zfp_h-iSAttoPGxqO8c7MPvp_YaKleG-o3lV4WOi2mpBpRq57T6czlYVLRvUf3BMvvc8VKmREI7OpYlL1sl9l3MkMmA-4Sy1i7XNw-N7WjUHZ6QekbX4.wDMMGw9evwoH-tDwOvj_W-j1jKWsnE_JU-nR61sO82w&dib_tag=se&keywords=laptop&qid=1729745479&sprefix=laptop%2Caps%2C128&sr=8-243,"1,029.99",FREE delivery Oct 29 - 31 ,No reviews available,Not available
"HP Pavilion 15.6"" FHD Touchscreen Laptop, Intel Core i7-1165G7, 16GB RAM, 512GB SSD, Fingerprint Reader, Wi-Fi 6, HDMI 2.0, Windows 10 Home, Lunar Gold",https://www.amazon.ca/HP-Pavilion-Touchscreen-i7-1165G7-Fingerprint/dp/B0DHXR4C89/ref=sr_1_242?crid=1E63C3THFEGDP&dib=eyJ2IjoiMSJ9.UD6ugI5eMGi-goeWpRbPkGs-M1H22VD6ry80d-nyuIV0j5L_ce_nlqf79GzEcuPKPtPzOJyn4jpooJeqI1huHh7W-rBDv8LcCLXssKPE57bwtAnp2de4Wm3I08l7BELZgK9shwL95KSXT133rm2LUHUYY4jph5l8kvBzvzjncC2mdLKNuTZjN80Zfp_h-iSAttoPGxqO8c7MPvp_YaKleG-o3lV4WOi2mpBpRq57T6czlYVLRvUf3BMvvc8VKmREI7OpYlL1sl9l3MkMmA-4Sy1i7XNw-N7WjUHZ6QekbX4.wDMMGw9evwoH-tDwOvj_W-j1jKWsnE_JU-nR61sO82w&dib_tag=se&keywords=laptop&qid=1729745479&sprefix=laptop%2Caps%2C128&sr=8-242,919.99,FREE delivery Oct 29 - Nov 1 ,No reviews available,Not available
"ASUS TUF F17 Gaming Laptop, 17.3"" 144Hz FHD IPS-Type Display, Intel Core i5-11400H Processor, GeForce RTX 3050, 8GB DDR4 RAM, 512GB PCIe SSD, Wi-Fi 6, Windows 11 Home, FX706HCB-ES51,Graphite Black",https://www.amazon.ca/ASUS-IPS-Type-i5-11400H-Processor-FX706HCB-ES51/dp/B09SVQY3PF/ref=sr_1_175?crid=1E63C3THFEGDP&dib=eyJ2IjoiMSJ9.QlBdZgEaaFJPpgVm8OgbCU6leoFgPgh6uoRtbPhHf4GB3_tIrVuV1spK7-ifCcjlxu6d0rmljCr4aLEoV6sSQg9ooflZxdThMhV3n0YRg6jy-Ywl95V2Z0DdU4GrwoNc1gkI_48WK4EviW5n05H88cGfC4AhgjYm2chN7WVSbOrgmKMSHndUpZw1zCufqxlPS8TCN1V7VGdmMRoONihXmpdZtWNvDj5jZVBjWCBysHa7uemMfdSVpmq60jNcjjrx1whPjrxMHqDVhaYyFe7wZUPWsAVG7ZB_R045-AHoFa8.xwfRB2oJ4UIo2hcKUbb6GfpZd404CUq8j5xIi-L9PKg&dib_tag=se&keywords=laptop&qid=1729745479&sprefix=laptop%2Caps%2C128&sr=8-175,"1,149.99",4.5,350,Not available
"Svikou 15.6'' 165Hz 2.5K FHD Display (2560 * 1440) Laptop, 8-core AMD R7 5700U, 16GB RAM, 1TB NVMe SSD, 【Win 11/Office 2019】 Backlit KB, Type-C, 5000mAh Battery, Immersive Experience(16, 1TB)",https://www.amazon.ca/Svikou-High-Refresh-Backlit-Immersive-Experience/dp/B0CTF56YR4/ref=sr_1_176?crid=1E63C3THFEGDP&dib=eyJ2IjoiMSJ9.QlBdZgEaaFJPpgVm8OgbCU6leoFgPgh6uoRtbPhHf4GB3_tIrVuV1spK7-ifCcjlxu6d0rmljCr4aLEoV6sSQg9ooflZxdThMhV3n0YRg6jy-Ywl95V2Z0DdU4GrwoNc1gkI_48WK4EviW5n05H88cGfC4AhgjYm2chN7WVSbOrgmKMSHndUpZw1zCufqxlPS8TCN1V7VGdmMRoONihXmpdZtWNvDj5jZVBjWCBysHa7uemMfdSVpmq60jNcjjrx1whPjrxMHqDVhaYyFe7wZUPWsAVG7ZB_R045-AHoFa8.xwfRB2oJ4UIo2hcKUbb6GfpZd404CUq8j5xIi-L9PKg&dib_tag=se&keywords=laptop&qid=1729745479&sprefix=laptop%2Caps%2C128&sr=8-176,Price not available,4.3,21,Not available
"HP EliteBook 840 G3 Laptop 14in HD Display, Intel Core i5-6200U 2.4Ghz, 256GB SSD, 16GB DDR4 RAM, Webcam, WiFi, Windows 10 Pro (Renewed)",https://www.amazon.ca/HP-EliteBook-Display-i5-6300U-Windows/dp/B07WJVPGYP/ref=sr_1_174?crid=1E63C3THFEGDP&dib=eyJ2IjoiMSJ9.QlBdZgEaaFJPpgVm8OgbCU6leoFgPgh6uoRtbPhHf4GB3_tIrVuV1spK7-ifCcjlxu6d0rmljCr4aLEoV6sSQg9ooflZxdThMhV3n0YRg6jy-Ywl95V2Z0DdU4GrwoNc1gkI_48WK4EviW5n05H88cGfC4AhgjYm2chN7WVSbOrgmKMSHndUpZw1zCufqxlPS8TCN1V7VGdmMRoONihXmpdZtWNvDj5jZVBjWCBysHa7uemMfdSVpmq60jNcjjrx1whPjrxMHqDVhaYyFe7wZUPWsAVG7ZB_R045-AHoFa8.xwfRB2oJ4UIo2hcKUbb6GfpZd404CUq8j5xIi-L9PKg&dib_tag=se&keywords=laptop&qid=1729745479&sprefix=laptop%2Caps%2C128&sr=8-174,257.45,3.7,"1,495",Not available
"HP Envy 17.3"" FHD IPS Laptop, Intel i7-1260P, 32GB RAM, 1TB PCIe SSD, Backlit Keyboard, Intel Iris Xe Graphics, 5MP IR Camera, Windows 11, Silver, 32GB Hotface USB Card (Renewed)",https://www.amazon.ca/HP-Envy-i7-1260P-Keyboard-Graphics/dp/B0CSCXVGXX/ref=sr_1_173?crid=1E63C3THFEGDP&dib=eyJ2IjoiMSJ9.QlBdZgEaaFJPpgVm8OgbCU6leoFgPgh6uoRtbPhHf4GB3_tIrVuV1spK7-ifCcjlxu6d0rmljCr4aLEoV6sSQg9ooflZxdThMhV3n0YRg6jy-Ywl95V2Z0DdU4GrwoNc1gkI_48WK4EviW5n05H88cGfC4AhgjYm2chN7WVSbOrgmKMSHndUpZw1zCufqxlPS8TCN1V7VGdmMRoONihXmpdZtWNvDj5jZVBjWCBysHa7uemMfdSVpmq60jNcjjrx1whPjrxMHqDVhaYyFe7wZUPWsAVG7ZB_R045-AHoFa8.xwfRB2oJ4UIo2hcKUbb6GfpZd404CUq8j5xIi-L9PKg&dib_tag=se&keywords=laptop&qid=1729745479&sprefix=laptop%2Caps%2C128&sr=8-173,"1,299.00",3.7,6,Not available
"HP 15.6"" FHD Business Laptop, Intel i5-1135G7, 16GB DDR4 RAM, 672GB Storage(512GB SSD +160GB Docking Station Set), Intel Iris Xe Graphics, Numpad, Webcam, Wi-Fi 5, Bluetooth, Silver, Win 11 Pro",https://www.amazon.ca/HP-15-6-Business-i5-1135G7-Bluetooth/dp/B0D5M4L87N/ref=sr_1_170?crid=1E63C3THFEGDP&dib=eyJ2IjoiMSJ9.QlBdZgEaaFJPpgVm8OgbCU6leoFgPgh6uoRtbPhHf4GB3_tIrVuV1spK7-ifCcjlxu6d0rmljCr4aLEoV6sSQg9ooflZxdThMhV3n0YRg6jy-Ywl95V2Z0DdU4GrwoNc1gkI_48WK4EviW5n05H88cGfC4AhgjYm2chN7WVSbOrgmKMSHndUpZw1zCufqxlPS8TCN1V7VGdmMRoONihXmpdZtWNvDj5jZVBjWCBysHa7uemMfdSVpmq60jNcjjrx1whPjrxMHqDVhaYyFe7wZUPWsAVG7ZB_R045-AHoFa8.xwfRB2oJ4UIo2hcKUbb6GfpZd404CUq8j5xIi-L9PKg&dib_tag=se&keywords=laptop&qid=1729745479&sprefix=laptop%2Caps%2C128&sr=8-170,679.00,3.0,2,Not available
"Dell i3185-A760GRY Inspiron 3000 3185 11.6"" Laptop PC, AMD A6-9220e, 4GB Memory, 32GB EMMC Storage, Grey, Windows 10 (Renewed)",https://www.amazon.ca/Dell-i3185-A760GRY-Inspiron-A6-9220e-Storage/dp/B07R1Z64BW/ref=sr_1_168?crid=1E63C3THFEGDP&dib=eyJ2IjoiMSJ9.QlBdZgEaaFJPpgVm8OgbCU6leoFgPgh6uoRtbPhHf4GB3_tIrVuV1spK7-ifCcjlxu6d0rmljCr4aLEoV6sSQg9ooflZxdThMhV3n0YRg6jy-Ywl95V2Z0DdU4GrwoNc1gkI_48WK4EviW5n05H88cGfC4AhgjYm2chN7WVSbOrgmKMSHndUpZw1zCufqxlPS8TCN1V7VGdmMRoONihXmpdZtWNvDj5jZVBjWCBysHa7uemMfdSVpmq60jNcjjrx1whPjrxMHqDVhaYyFe7wZUPWsAVG7ZB_R045-AHoFa8.xwfRB2oJ4UIo2hcKUbb6GfpZd404CUq8j5xIi-L9PKg&dib_tag=se&keywords=laptop&qid=1729745479&sprefix=laptop%2Caps%2C128&sr=8-168,123.59,3.2,11,Not available
"Acer Nitro 5, 15.6"" 144Hz FHD Gaming Laptop | Intel Core i5-12450H | NVIDIA GeForce RTX 3050 | 32GB RAM | 1TB SSD | Windows 11 Home | Wi-Fi 6 | VR Ready | Black",https://www.amazon.ca/Acer-Gaming-i5-12450H-GeForce-Windows/dp/B0D8KR8TBS/ref=sr_1_167?crid=1E63C3THFEGDP&dib=eyJ2IjoiMSJ9.QlBdZgEaaFJPpgVm8OgbCU6leoFgPgh6uoRtbPhHf4GB3_tIrVuV1spK7-ifCcjlxu6d0rmljCr4aLEoV6sSQg9ooflZxdThMhV3n0YRg6jy-Ywl95V2Z0DdU4GrwoNc1gkI_48WK4EviW5n05H88cGfC4AhgjYm2chN7WVSbOrgmKMSHndUpZw1zCufqxlPS8TCN1V7VGdmMRoONihXmpdZtWNvDj5jZVBjWCBysHa7uemMfdSVpmq60jNcjjrx1whPjrxMHqDVhaYyFe7wZUPWsAVG7ZB_R045-AHoFa8.xwfRB2oJ4UIo2hcKUbb6GfpZd404CUq8j5xIi-L9PKg&dib_tag=se&keywords=laptop&qid=1729745479&sprefix=laptop%2Caps%2C128&sr=8-167,"1,099.99",1.0,1,Not available
Lenovo IdeaPad Gaming 3 Laptop 2023 15.6” FHD 1920 x 1080 IPS 120 Hertz Intel Core i7-12700H NVIDIA GeForce RTX 3050 Ti 4GB GDDR6 32GB DDR4 1TB SSD Backlit Keyboard Thunderbolt 4 Windows 10 Home,https://www.amazon.ca/Lenovo-IdeaPad-i7-12700H-Keyboard-Thunderbolt/dp/B0CFKXGYPL/ref=sr_1_172?crid=1E63C3THFEGDP&dib=eyJ2IjoiMSJ9.QlBdZgEaaFJPpgVm8OgbCU6leoFgPgh6uoRtbPhHf4GB3_tIrVuV1spK7-ifCcjlxu6d0rmljCr4aLEoV6sSQg9ooflZxdThMhV3n0YRg6jy-Ywl95V2Z0DdU4GrwoNc1gkI_48WK4EviW5n05H88cGfC4AhgjYm2chN7WVSbOrgmKMSHndUpZw1zCufqxlPS8TCN1V7VGdmMRoONihXmpdZtWNvDj5jZVBjWCBysHa7uemMfdSVpmq60jNcjjrx1whPjrxMHqDVhaYyFe7wZUPWsAVG7ZB_R045-AHoFa8.xwfRB2oJ4UIo2hcKUbb6GfpZd404CUq8j5xIi-L9PKg&dib_tag=se&keywords=laptop&qid=1729745479&sprefix=laptop%2Caps%2C128&sr=8-172,"1,834.65",FREE delivery Oct 31 - Nov 7 ,Only 9 left in stock.,Not available
"HP Envy x360 2-in-1 15.6"" FHD Touchscreen Laptop, AMD Ryzen 7 5825U, 32GB RAM, 1TB PCIe SSD, Backlit Keyboard, AMD Radeon Graphics, 5MP IR Camera, Win 11 Pro, Black, 32GB Hotface USB Card (Renewed)",https://www.amazon.ca/HP-Envy-Touchscreen-Keyboard-Graphics/dp/B0CTSTBJQ2/ref=sr_1_171?crid=1E63C3THFEGDP&dib=eyJ2IjoiMSJ9.QlBdZgEaaFJPpgVm8OgbCU6leoFgPgh6uoRtbPhHf4GB3_tIrVuV1spK7-ifCcjlxu6d0rmljCr4aLEoV6sSQg9ooflZxdThMhV3n0YRg6jy-Ywl95V2Z0DdU4GrwoNc1gkI_48WK4EviW5n05H88cGfC4AhgjYm2chN7WVSbOrgmKMSHndUpZw1zCufqxlPS8TCN1V7VGdmMRoONihXmpdZtWNvDj5jZVBjWCBysHa7uemMfdSVpmq60jNcjjrx1whPjrxMHqDVhaYyFe7wZUPWsAVG7ZB_R045-AHoFa8.xwfRB2oJ4UIo2hcKUbb6GfpZd404CUq8j5xIi-L9PKg&dib_tag=se&keywords=laptop&qid=1729745479&sprefix=laptop%2Caps%2C128&sr=8-171,"1,049.00",4.3,64,Not available
"Dell Precision 5760 Workstation Laptop | 17"" 3840x2400 4k | Core i9-11950H - 1TB SSD Hard Drive - 32GB RAM - Nvidia RTX A3000 | 8 cores @ 5 GHz - 6GB GDDR6 Win 11 Pro Black (Renewed)",https://www.amazon.ca/Dell-Precision-5760-Workstation-Laptop/dp/B0D7C15DJ1/ref=sr_1_166?crid=1E63C3THFEGDP&dib=eyJ2IjoiMSJ9.QlBdZgEaaFJPpgVm8OgbCU6leoFgPgh6uoRtbPhHf4GB3_tIrVuV1spK7-ifCcjlxu6d0rmljCr4aLEoV6sSQg9ooflZxdThMhV3n0YRg6jy-Ywl95V2Z0DdU4GrwoNc1gkI_48WK4EviW5n05H88cGfC4AhgjYm2chN7WVSbOrgmKMSHndUpZw1zCufqxlPS8TCN1V7VGdmMRoONihXmpdZtWNvDj5jZVBjWCBysHa7uemMfdSVpmq60jNcjjrx1whPjrxMHqDVhaYyFe7wZUPWsAVG7ZB_R045-AHoFa8.xwfRB2oJ4UIo2hcKUbb6GfpZd404CUq8j5xIi-L9PKg&dib_tag=se&keywords=laptop&qid=1729745479&sprefix=laptop%2Caps%2C128&sr=8-166,"2,289.00",$5.54 delivery Nov 4 - 14 ,Only 1 left in stock.,Not available
"Dell Vostro 3430 14"" FHD Business Laptop - Intel Core i5-1335U, 8GB RAM, 256GB SSD, Windows 11 Pro - Titan Gray",https://www.amazon.ca/Dell-Vostro-3430-Business-Laptop/dp/B0CNBBRRN3/ref=sr_1_169?crid=1E63C3THFEGDP&dib=eyJ2IjoiMSJ9.QlBdZgEaaFJPpgVm8OgbCU6leoFgPgh6uoRtbPhHf4GB3_tIrVuV1spK7-ifCcjlxu6d0rmljCr4aLEoV6sSQg9ooflZxdThMhV3n0YRg6jy-Ywl95V2Z0DdU4GrwoNc1gkI_48WK4EviW5n05H88cGfC4AhgjYm2chN7WVSbOrgmKMSHndUpZw1zCufqxlPS8TCN1V7VGdmMRoONihXmpdZtWNvDj5jZVBjWCBysHa7uemMfdSVpmq60jNcjjrx1whPjrxMHqDVhaYyFe7wZUPWsAVG7ZB_R045-AHoFa8.xwfRB2oJ4UIo2hcKUbb6GfpZd404CUq8j5xIi-L9PKg&dib_tag=se&keywords=laptop&qid=1729745479&sprefix=laptop%2Caps%2C128&sr=8-169,679.99,"FREE delivery Sun, Oct 27 ",Only 1 left in stock.,Not available
"HP EliteBook 840 G3 14in Laptop, Core i5-6300U 2.4GHz, 16GB Ram, 500GB SSD, Windows 10 Pro 64bit (Renewed)",https://www.amazon.ca/HP-EliteBook-i5-6300U-Certified-Refurbished/dp/B07GCSDP5H/ref=sr_1_165?crid=1E63C3THFEGDP&dib=eyJ2IjoiMSJ9.QlBdZgEaaFJPpgVm8OgbCU6leoFgPgh6uoRtbPhHf4GB3_tIrVuV1spK7-ifCcjlxu6d0rmljCr4aLEoV6sSQg9ooflZxdThMhV3n0YRg6jy-Ywl95V2Z0DdU4GrwoNc1gkI_48WK4EviW5n05H88cGfC4AhgjYm2chN7WVSbOrgmKMSHndUpZw1zCufqxlPS8TCN1V7VGdmMRoONihXmpdZtWNvDj5jZVBjWCBysHa7uemMfdSVpmq60jNcjjrx1whPjrxMHqDVhaYyFe7wZUPWsAVG7ZB_R045-AHoFa8.xwfRB2oJ4UIo2hcKUbb6GfpZd404CUq8j5xIi-L9PKg&dib_tag=se&keywords=laptop&qid=1729745479&sprefix=laptop%2Caps%2C128&sr=8-165,295.00,4.1,531,Not available
"HBESTORE 10.1Inch Portable Laptop Mini Computer Ultra Thin Notebook with Apollo Lake N3350,6GB RAM and 64GB Storage with Windows10 OS (Blue).",https://www.amazon.ca/HBESTORE-10-1Inch-Portable-Computer-Windows10/dp/B089P1DN49/ref=sr_1_164?crid=1E63C3THFEGDP&dib=eyJ2IjoiMSJ9.QlBdZgEaaFJPpgVm8OgbCU6leoFgPgh6uoRtbPhHf4GB3_tIrVuV1spK7-ifCcjlxu6d0rmljCr4aLEoV6sSQg9ooflZxdThMhV3n0YRg6jy-Ywl95V2Z0DdU4GrwoNc1gkI_48WK4EviW5n05H88cGfC4AhgjYm2chN7WVSbOrgmKMSHndUpZw1zCufqxlPS8TCN1V7VGdmMRoONihXmpdZtWNvDj5jZVBjWCBysHa7uemMfdSVpmq60jNcjjrx1whPjrxMHqDVhaYyFe7wZUPWsAVG7ZB_R045-AHoFa8.xwfRB2oJ4UIo2hcKUbb6GfpZd404CUq8j5xIi-L9PKg&dib_tag=se&keywords=laptop&qid=1729745479&sprefix=laptop%2Caps%2C128&sr=8-164,199.99,3.4,85,Not available
"ASUS Chromebook CX1 Laptop, 15.6"" FHD NanoEdge Display, Intel Celeron N4500 Processor, 64GB eMMC Storage, 4GB RAM, Wi-Fi 6 ChromeOS, CX1500CKA-DH03-CB",https://www.amazon.ca/ASUS-Chromebook-NanoEdge-Processor-CX1500CKA-DH03-CB/dp/B0CPTD9X9S/ref=sr_1_163?crid=1E63C3THFEGDP&dib=eyJ2IjoiMSJ9.QlBdZgEaaFJPpgVm8OgbCU6leoFgPgh6uoRtbPhHf4GB3_tIrVuV1spK7-ifCcjlxu6d0rmljCr4aLEoV6sSQg9ooflZxdThMhV3n0YRg6jy-Ywl95V2Z0DdU4GrwoNc1gkI_48WK4EviW5n05H88cGfC4AhgjYm2chN7WVSbOrgmKMSHndUpZw1zCufqxlPS8TCN1V7VGdmMRoONihXmpdZtWNvDj5jZVBjWCBysHa7uemMfdSVpmq60jNcjjrx1whPjrxMHqDVhaYyFe7wZUPWsAVG7ZB_R045-AHoFa8.xwfRB2oJ4UIo2hcKUbb6GfpZd404CUq8j5xIi-L9PKg&dib_tag=se&keywords=laptop&qid=1729745479&sprefix=laptop%2Caps%2C128&sr=8-163,249.00,1.0,2,Not available
"Lenovo Thinkpad E14 Gen5 14"" WUXGA Laptop - Intel Core i5-1335U, 8GB RAM, 512GB SSD, Windows 11 Pro (with Microfiber Cloth) - Arctic Grey (21JK0060US)",https://www.amazon.ca/Lenovo-Thinkpad-Gen5-WUXGA-Laptop/dp/B0D3VMB1C3/ref=sr_1_162?crid=1E63C3THFEGDP&dib=eyJ2IjoiMSJ9.QlBdZgEaaFJPpgVm8OgbCU6leoFgPgh6uoRtbPhHf4GB3_tIrVuV1spK7-ifCcjlxu6d0rmljCr4aLEoV6sSQg9ooflZxdThMhV3n0YRg6jy-Ywl95V2Z0DdU4GrwoNc1gkI_48WK4EviW5n05H88cGfC4AhgjYm2chN7WVSbOrgmKMSHndUpZw1zCufqxlPS8TCN1V7VGdmMRoONihXmpdZtWNvDj5jZVBjWCBysHa7uemMfdSVpmq60jNcjjrx1whPjrxMHqDVhaYyFe7wZUPWsAVG7ZB_R045-AHoFa8.xwfRB2oJ4UIo2hcKUbb6GfpZd404CUq8j5xIi-L9PKg&dib_tag=se&keywords=laptop&qid=1729745479&sprefix=laptop%2Caps%2C128&sr=8-162,819.99,"FREE delivery Sun, Oct 27 ",Was:,Not available
"Dell Latitude 5510 Business Laptop, 15.6"" FHD 1920 x 1080, Intel Core i5-10210U 1.7GHz, 16GB DDR4 RAM, 512GB SSD, Wi-Fi, Bluetooth, Camera, Windows 10 Pro 64-bit (Renewed)",https://www.amazon.ca/Dell-Latitude-5510-i5-10210U-Bluetooth/dp/B0CCYDXSVG/ref=sr_1_161?crid=1E63C3THFEGDP&dib=eyJ2IjoiMSJ9.QlBdZgEaaFJPpgVm8OgbCU6leoFgPgh6uoRtbPhHf4GB3_tIrVuV1spK7-ifCcjlxu6d0rmljCr4aLEoV6sSQg9ooflZxdThMhV3n0YRg6jy-Ywl95V2Z0DdU4GrwoNc1gkI_48WK4EviW5n05H88cGfC4AhgjYm2chN7WVSbOrgmKMSHndUpZw1zCufqxlPS8TCN1V7VGdmMRoONihXmpdZtWNvDj5jZVBjWCBysHa7uemMfdSVpmq60jNcjjrx1whPjrxMHqDVhaYyFe7wZUPWsAVG7ZB_R045-AHoFa8.xwfRB2oJ4UIo2hcKUbb6GfpZd404CUq8j5xIi-L9PKg&dib_tag=se&keywords=laptop&qid=1729745479&sprefix=laptop%2Caps%2C128&sr=8-161,549.99,3.4,5,Not available
"ASUS TUF Gaming A16 (2023) Gaming Laptop, 16” FHD+ 165Hz, 100% SRGB Display, AMD Radeon RX 7600S, AMD Ryzen 7 7435HS, 16GB DDR5, 512GB PCIe 4.0 SSD, Wi-Fi 6, Windows 11, FA617NSR-AS71-CA",https://www.amazon.ca/Gaming-Laptop-Display-Windows-FA617NSR-AS71-CA/dp/B0CY9TGP47/ref=sr_1_160?crid=1E63C3THFEGDP&dib=eyJ2IjoiMSJ9.QlBdZgEaaFJPpgVm8OgbCU6leoFgPgh6uoRtbPhHf4GB3_tIrVuV1spK7-ifCcjlxu6d0rmljCr4aLEoV6sSQg9ooflZxdThMhV3n0YRg6jy-Ywl95V2Z0DdU4GrwoNc1gkI_48WK4EviW5n05H88cGfC4AhgjYm2chN7WVSbOrgmKMSHndUpZw1zCufqxlPS8TCN1V7VGdmMRoONihXmpdZtWNvDj5jZVBjWCBysHa7uemMfdSVpmq60jNcjjrx1whPjrxMHqDVhaYyFe7wZUPWsAVG7ZB_R045-AHoFa8.xwfRB2oJ4UIo2hcKUbb6GfpZd404CUq8j5xIi-L9PKg&dib_tag=se&keywords=laptop&qid=1729745479&sprefix=laptop%2Caps%2C128&sr=8-160,"1,199.00",3.8,10,Not available
"[Win 11&Office 2019] 14"" Silver FHD IPS Display Ultra-Thin Laptop, Celeron J4125 (2.0-2.7GHz), 8GB DDR4 RAM, SSD, 180° Opening, 2 USB3.0, WiFi/BT, Perfect for Travel, Study and Work (128, GB)",https://www.amazon.ca/Svikou%E3%80%90Win-Display-Ultra-Thin-Celeron-1-5-2-5GHz/dp/B0CZMZFD1N/ref=sr_1_159?crid=1E63C3THFEGDP&dib=eyJ2IjoiMSJ9.QlBdZgEaaFJPpgVm8OgbCU6leoFgPgh6uoRtbPhHf4GB3_tIrVuV1spK7-ifCcjlxu6d0rmljCr4aLEoV6sSQg9ooflZxdThMhV3n0YRg6jy-Ywl95V2Z0DdU4GrwoNc1gkI_48WK4EviW5n05H88cGfC4AhgjYm2chN7WVSbOrgmKMSHndUpZw1zCufqxlPS8TCN1V7VGdmMRoONihXmpdZtWNvDj5jZVBjWCBysHa7uemMfdSVpmq60jNcjjrx1whPjrxMHqDVhaYyFe7wZUPWsAVG7ZB_R045-AHoFa8.xwfRB2oJ4UIo2hcKUbb6GfpZd404CUq8j5xIi-L9PKg&dib_tag=se&keywords=laptop&qid=1729745479&sprefix=laptop%2Caps%2C128&sr=8-159,268.00,4.0,29,Not available
"Acer Aspire 3 Laptop, 15.6"" FHD Display, AMD Ryzen 7 5700U Processor, 40GB RAM, 1TB SSD, AMD Radeon Graphics, Numeric Keypad, Webcam, WiFi 6, Pure Silver, Windows 11 Home, 32GB Hotface USB Card",https://www.amazon.ca/Acer-Aspire-Display-Processor-Graphics/dp/B0D12HB9J4/ref=sr_1_158?crid=1E63C3THFEGDP&dib=eyJ2IjoiMSJ9.QlBdZgEaaFJPpgVm8OgbCU6leoFgPgh6uoRtbPhHf4GB3_tIrVuV1spK7-ifCcjlxu6d0rmljCr4aLEoV6sSQg9ooflZxdThMhV3n0YRg6jy-Ywl95V2Z0DdU4GrwoNc1gkI_48WK4EviW5n05H88cGfC4AhgjYm2chN7WVSbOrgmKMSHndUpZw1zCufqxlPS8TCN1V7VGdmMRoONihXmpdZtWNvDj5jZVBjWCBysHa7uemMfdSVpmq60jNcjjrx1whPjrxMHqDVhaYyFe7wZUPWsAVG7ZB_R045-AHoFa8.xwfRB2oJ4UIo2hcKUbb6GfpZd404CUq8j5xIi-L9PKg&dib_tag=se&keywords=laptop&qid=1729745479&sprefix=laptop%2Caps%2C128&sr=8-158,829.00,4.5,227,Not available
"HP 15.6"" FHD Micro-Edge Touchscreen Laptop, AMD Ryzen 7 5700U, 32GB RAM, 1TB PCIe SSD, Numeric Keypad, 720p HD Webcam, Wi-Fi 5, HP Fast Charge, Win 11 Pro, Silver, 32GB Hotface USB Card",https://www.amazon.ca/HP-15-6-Micro-Edge-Touchscreen-Numeric/dp/B0C31ND8N4/ref=sr_1_157?crid=1E63C3THFEGDP&dib=eyJ2IjoiMSJ9.QlBdZgEaaFJPpgVm8OgbCU6leoFgPgh6uoRtbPhHf4GB3_tIrVuV1spK7-ifCcjlxu6d0rmljCr4aLEoV6sSQg9ooflZxdThMhV3n0YRg6jy-Ywl95V2Z0DdU4GrwoNc1gkI_48WK4EviW5n05H88cGfC4AhgjYm2chN7WVSbOrgmKMSHndUpZw1zCufqxlPS8TCN1V7VGdmMRoONihXmpdZtWNvDj5jZVBjWCBysHa7uemMfdSVpmq60jNcjjrx1whPjrxMHqDVhaYyFe7wZUPWsAVG7ZB_R045-AHoFa8.xwfRB2oJ4UIo2hcKUbb6GfpZd404CUq8j5xIi-L9PKg&dib_tag=se&keywords=laptop&qid=1729745479&sprefix=laptop%2Caps%2C128&sr=8-157,949.00,4.2,273,Not available
"Pink Laptop [Win 11&MS Office 2019] 14’’ FHD IPS Display Ultra-Thin Notebook Celeron N4120 8GB DDR4 RAM 256GB SSD,180°Opening, USB3.0/Dual-Band WiFi/BT 5.0 Suitable for Work,Study and Play (GB, 256)",https://www.amazon.ca/Ultra-Thin-Notebook-180%C2%B0Opening-Dual-Band-Suitable/dp/B0D1FXQ1FD/ref=sr_1_156?crid=1E63C3THFEGDP&dib=eyJ2IjoiMSJ9.QlBdZgEaaFJPpgVm8OgbCU6leoFgPgh6uoRtbPhHf4GB3_tIrVuV1spK7-ifCcjlxu6d0rmljCr4aLEoV6sSQg9ooflZxdThMhV3n0YRg6jy-Ywl95V2Z0DdU4GrwoNc1gkI_48WK4EviW5n05H88cGfC4AhgjYm2chN7WVSbOrgmKMSHndUpZw1zCufqxlPS8TCN1V7VGdmMRoONihXmpdZtWNvDj5jZVBjWCBysHa7uemMfdSVpmq60jNcjjrx1whPjrxMHqDVhaYyFe7wZUPWsAVG7ZB_R045-AHoFa8.xwfRB2oJ4UIo2hcKUbb6GfpZd404CUq8j5xIi-L9PKg&dib_tag=se&keywords=laptop&qid=1729745479&sprefix=laptop%2Caps%2C128&sr=8-156,349.00,5.0,2,Not available
"N4020-win11 G-Anica Laptop Computer, Laptop, 8GB+128GB, Intel Celeron Quad-Core Processors, 10"" Laptops, Bluetooth WiFi Webcam HDMI, and Laptop Bag,Mouse, Mouse Pad, Headphone（Pink）",https://www.amazon.ca/N4020-win11-G-Anica-Quad-Core-Processors-Headphone%EF%BC%88Pink%EF%BC%89/dp/B0DDPVJQBK/ref=sr_1_155?crid=1E63C3THFEGDP&dib=eyJ2IjoiMSJ9.QlBdZgEaaFJPpgVm8OgbCU6leoFgPgh6uoRtbPhHf4GB3_tIrVuV1spK7-ifCcjlxu6d0rmljCr4aLEoV6sSQg9ooflZxdThMhV3n0YRg6jy-Ywl95V2Z0DdU4GrwoNc1gkI_48WK4EviW5n05H88cGfC4AhgjYm2chN7WVSbOrgmKMSHndUpZw1zCufqxlPS8TCN1V7VGdmMRoONihXmpdZtWNvDj5jZVBjWCBysHa7uemMfdSVpmq60jNcjjrx1whPjrxMHqDVhaYyFe7wZUPWsAVG7ZB_R045-AHoFa8.xwfRB2oJ4UIo2hcKUbb6GfpZd404CUq8j5xIi-L9PKg&dib_tag=se&keywords=laptop&qid=1729745479&sprefix=laptop%2Caps%2C128&sr=8-155,249.99,4.1,5,Not available
"Dell Latitude 7490 14 HD Anti-Glare, Intel Core i5-8350U, 16GB DDR4, 256GB Solid State Drive, Webcam, Bluetooth, Windows 10Pro (Renewed)",https://www.amazon.ca/Dell-Latitude-7490-Anti-Glare-Bluetooth/dp/B08FCPDH64/ref=sr_1_154?crid=1E63C3THFEGDP&dib=eyJ2IjoiMSJ9.QlBdZgEaaFJPpgVm8OgbCU6leoFgPgh6uoRtbPhHf4GB3_tIrVuV1spK7-ifCcjlxu6d0rmljCr4aLEoV6sSQg9ooflZxdThMhV3n0YRg6jy-Ywl95V2Z0DdU4GrwoNc1gkI_48WK4EviW5n05H88cGfC4AhgjYm2chN7WVSbOrgmKMSHndUpZw1zCufqxlPS8TCN1V7VGdmMRoONihXmpdZtWNvDj5jZVBjWCBysHa7uemMfdSVpmq60jNcjjrx1whPjrxMHqDVhaYyFe7wZUPWsAVG7ZB_R045-AHoFa8.xwfRB2oJ4UIo2hcKUbb6GfpZd404CUq8j5xIi-L9PKg&dib_tag=se&keywords=laptop&qid=1729745479&sprefix=laptop%2Caps%2C128&sr=8-154,Price not available,4.0,538,Not available
"AOKER Triple Monitor Laptop Screen Extender - 15.6 Inch Portable IPS FHD 1080P Display 360° Rotation Extended Screen for 13""-17.4"" Laptops Compatible with Mac/Wins/Android/Linux/Chrome Work",https://www.amazon.ca/AOKER-Triple-Monitor-Laptop-Extender/dp/B0DF5H3D9G/ref=sr_1_153?crid=1E63C3THFEGDP&dib=eyJ2IjoiMSJ9.QlBdZgEaaFJPpgVm8OgbCU6leoFgPgh6uoRtbPhHf4GB3_tIrVuV1spK7-ifCcjlxu6d0rmljCr4aLEoV6sSQg9ooflZxdThMhV3n0YRg6jy-Ywl95V2Z0DdU4GrwoNc1gkI_48WK4EviW5n05H88cGfC4AhgjYm2chN7WVSbOrgmKMSHndUpZw1zCufqxlPS8TCN1V7VGdmMRoONihXmpdZtWNvDj5jZVBjWCBysHa7uemMfdSVpmq60jNcjjrx1whPjrxMHqDVhaYyFe7wZUPWsAVG7ZB_R045-AHoFa8.xwfRB2oJ4UIo2hcKUbb6GfpZd404CUq8j5xIi-L9PKg&dib_tag=se&keywords=laptop&qid=1729745479&sprefix=laptop%2Caps%2C128&sr=8-153,499.99,4.7,262,Not available
"Dell Inspiron 15.6"" FHD Business Laptop, Intel i3-1215U, 16GB DDR4 RAM, 1TB PCIe SSD, Intel UHD Graphics, Numeric Keypad, Webcam, Wi-Fi 6, Bluetooth, Black, Win 11 Pro",https://www.amazon.ca/Dell-Inspiron-15-6-Business-Bluetooth/dp/B0CNYZSCNF/ref=sr_1_152?crid=1E63C3THFEGDP&dib=eyJ2IjoiMSJ9.QlBdZgEaaFJPpgVm8OgbCU6leoFgPgh6uoRtbPhHf4GB3_tIrVuV1spK7-ifCcjlxu6d0rmljCr4aLEoV6sSQg9ooflZxdThMhV3n0YRg6jy-Ywl95V2Z0DdU4GrwoNc1gkI_48WK4EviW5n05H88cGfC4AhgjYm2chN7WVSbOrgmKMSHndUpZw1zCufqxlPS8TCN1V7VGdmMRoONihXmpdZtWNvDj5jZVBjWCBysHa7uemMfdSVpmq60jNcjjrx1whPjrxMHqDVhaYyFe7wZUPWsAVG7ZB_R045-AHoFa8.xwfRB2oJ4UIo2hcKUbb6GfpZd404CUq8j5xIi-L9PKg&dib_tag=se&keywords=laptop&qid=1729745479&sprefix=laptop%2Caps%2C128&sr=8-152,599.00,2.0,1,Not available
"Auusda Windows Laptop Computer, 16GB DDR4 RAM,1TB M2 PCIe NVMe SSD, 1.7-3.4GHz Intel N95, 15.6"" FHD IPS LCD 180° Screen, Backlight Keyboard, Fingerprint Reader, USB-A, Upgrade 9.5TB Storage [2024]",https://www.amazon.ca/Auusda-Computer-1-7-3-4GHz-Backlight-Fingerprint/dp/B0D89JMLH2/ref=sr_1_151?crid=1E63C3THFEGDP&dib=eyJ2IjoiMSJ9.QlBdZgEaaFJPpgVm8OgbCU6leoFgPgh6uoRtbPhHf4GB3_tIrVuV1spK7-ifCcjlxu6d0rmljCr4aLEoV6sSQg9ooflZxdThMhV3n0YRg6jy-Ywl95V2Z0DdU4GrwoNc1gkI_48WK4EviW5n05H88cGfC4AhgjYm2chN7WVSbOrgmKMSHndUpZw1zCufqxlPS8TCN1V7VGdmMRoONihXmpdZtWNvDj5jZVBjWCBysHa7uemMfdSVpmq60jNcjjrx1whPjrxMHqDVhaYyFe7wZUPWsAVG7ZB_R045-AHoFa8.xwfRB2oJ4UIo2hcKUbb6GfpZd404CUq8j5xIi-L9PKg&dib_tag=se&keywords=laptop&qid=1729745479&sprefix=laptop%2Caps%2C128&sr=8-151,449.99,2.0,1,Not available
"MSI Modern 15 H AI C1MG-029CA 15.6"" Ultra Thin and Light Professional Laptop, Intel Core Ultra 7-155H, ARC Graphics, 32GB DDR5 Memory, 1TB NVMe SSD, Windows 11 Home, Bilingual Keyboard",https://www.amazon.ca/MSI-C1MG-029CA-Professional-Graphics-Bilingual/dp/B0D1HDRBKX/ref=sr_1_150?crid=1E63C3THFEGDP&dib=eyJ2IjoiMSJ9.QlBdZgEaaFJPpgVm8OgbCU6leoFgPgh6uoRtbPhHf4GB3_tIrVuV1spK7-ifCcjlxu6d0rmljCr4aLEoV6sSQg9ooflZxdThMhV3n0YRg6jy-Ywl95V2Z0DdU4GrwoNc1gkI_48WK4EviW5n05H88cGfC4AhgjYm2chN7WVSbOrgmKMSHndUpZw1zCufqxlPS8TCN1V7VGdmMRoONihXmpdZtWNvDj5jZVBjWCBysHa7uemMfdSVpmq60jNcjjrx1whPjrxMHqDVhaYyFe7wZUPWsAVG7ZB_R045-AHoFa8.xwfRB2oJ4UIo2hcKUbb6GfpZd404CUq8j5xIi-L9PKg&dib_tag=se&keywords=laptop&qid=1729745479&sprefix=laptop%2Caps%2C128&sr=8-150,"1,199.00","FREE delivery Sun, Oct 27 ",List:,Not available
"Dell Latitude 5400 14"" Laptop, Intel Core i5, 16GB RAM, 256GB SSD, Win11 Pro (Renewed)",https://www.amazon.ca/Dell-Latitude-Laptop-Intel-Renewed/dp/B0CS4R6BWQ/ref=sr_1_147?crid=1E63C3THFEGDP&dib=eyJ2IjoiMSJ9.QlBdZgEaaFJPpgVm8OgbCU6leoFgPgh6uoRtbPhHf4GB3_tIrVuV1spK7-ifCcjlxu6d0rmljCr4aLEoV6sSQg9ooflZxdThMhV3n0YRg6jy-Ywl95V2Z0DdU4GrwoNc1gkI_48WK4EviW5n05H88cGfC4AhgjYm2chN7WVSbOrgmKMSHndUpZw1zCufqxlPS8TCN1V7VGdmMRoONihXmpdZtWNvDj5jZVBjWCBysHa7uemMfdSVpmq60jNcjjrx1whPjrxMHqDVhaYyFe7wZUPWsAVG7ZB_R045-AHoFa8.xwfRB2oJ4UIo2hcKUbb6GfpZd404CUq8j5xIi-L9PKg&dib_tag=se&keywords=laptop&qid=1729745479&sprefix=laptop%2Caps%2C128&sr=8-147,330.00,4.6,3,Not available
"HP - 15.6"" Micro-Edge IPS Touch-Screen Laptop - Intel Core i3-1215U, 16GB RAM, 256GB SSD, Intel UHD Graphics, HDMI, Windows 11 Home S Mode, Natural Silver",https://www.amazon.ca/HP-Micro-Edge-Touch-Screen-i3-1215U-Graphics/dp/B0DBQWYXL8/ref=sr_1_146?crid=1E63C3THFEGDP&dib=eyJ2IjoiMSJ9.QlBdZgEaaFJPpgVm8OgbCU6leoFgPgh6uoRtbPhHf4GB3_tIrVuV1spK7-ifCcjlxu6d0rmljCr4aLEoV6sSQg9ooflZxdThMhV3n0YRg6jy-Ywl95V2Z0DdU4GrwoNc1gkI_48WK4EviW5n05H88cGfC4AhgjYm2chN7WVSbOrgmKMSHndUpZw1zCufqxlPS8TCN1V7VGdmMRoONihXmpdZtWNvDj5jZVBjWCBysHa7uemMfdSVpmq60jNcjjrx1whPjrxMHqDVhaYyFe7wZUPWsAVG7ZB_R045-AHoFa8.xwfRB2oJ4UIo2hcKUbb6GfpZd404CUq8j5xIi-L9PKg&dib_tag=se&keywords=laptop&qid=1729745479&sprefix=laptop%2Caps%2C128&sr=8-146,509.99,5.0,1,Not available
"Lenovo ThinkPad T490 14 Inch Display Business Laptop, Intel Core i5-8265U Processor 1.6GHz, 16GB RAM, 256GB SSD, Windows 10 Pro 64-bit (Renewed)",https://www.amazon.ca/Lenovo-ThinkPad-T490-Laptop-Processor/dp/B0DF8163S2/ref=sr_1_149?crid=1E63C3THFEGDP&dib=eyJ2IjoiMSJ9.QlBdZgEaaFJPpgVm8OgbCU6leoFgPgh6uoRtbPhHf4GB3_tIrVuV1spK7-ifCcjlxu6d0rmljCr4aLEoV6sSQg9ooflZxdThMhV3n0YRg6jy-Ywl95V2Z0DdU4GrwoNc1gkI_48WK4EviW5n05H88cGfC4AhgjYm2chN7WVSbOrgmKMSHndUpZw1zCufqxlPS8TCN1V7VGdmMRoONihXmpdZtWNvDj5jZVBjWCBysHa7uemMfdSVpmq60jNcjjrx1whPjrxMHqDVhaYyFe7wZUPWsAVG7ZB_R045-AHoFa8.xwfRB2oJ4UIo2hcKUbb6GfpZd404CUq8j5xIi-L9PKg&dib_tag=se&keywords=laptop&qid=1729745479&sprefix=laptop%2Caps%2C128&sr=8-149,315.00,1.0,1,Not available
"HP 15 inch Laptop, HD Display, Intel Processor N100, 4 GB RAM, 128 GB UFS, Intel UHD Graphics, Windows 11 Home in S Mode, 15-fd0000ca",https://www.amazon.ca/HP-Display-Processor-Graphics-15-fd0000ca/dp/B0BX7FD8H7/ref=sr_1_1?crid=1E63C3THFEGDP&dib=eyJ2IjoiMSJ9.8IJhOmDWzPhvmmClWYIoKwA9VFkNUnI3MVUYW5raIrKiVHPXh1JiM9QTjdTE7ykRh95NQVYy24zC1UqrK28-Q8lkTJoNb6yaRjKaKFcIyna_SSS97Bs6PknQbx3AQjBctCz0YDDmHTiWOf88vmXo5ouVdP1Q5NDCme2RVD6BuoVTVe19Lu5I7I9fGUJ4b2iZOB7mQs3AfT7uQ9js_lTJSDzSrbGV4lzAo2fNmn1qtlo-FejUie1F4tsFYTSR1FWHK_bgf_XsFIBJWR6K7qmXEGoB9-fR64EV2n1Gx4uI93I.bv6qJSZ0GEQEUI2q9uEicplDDGWYs10aWBKJDUqzfsI&dib_tag=se&keywords=laptop&qid=1729745479&sprefix=laptop%2Caps%2C128&sr=8-1,379.99,Amazon's Choice,187,Not available
"Premium Dell Latitude E7440 Ultrabook 14 Inch HD Business Laptop (Intel Core i5-4310U up to 3.0GHz, 8GB DDR3 RAM, 256GB SSD USB, HDMI, Windows 10 Pro) (Renewed)",https://www.amazon.ca/Dell-Latitude-Ultrabook-Business-i5-4310U/dp/B07SQK4P2N/ref=sr_1_193?crid=1E63C3THFEGDP&dib=eyJ2IjoiMSJ9.vyT5BBSgt2cX4T0-hKG9fCrM8utZXmkmxN3xLuNgQw6wVAhW-5AklWqDZDHHDrOf0dw6dIklTqdleZmlV6b31ZH8UNazo0Z04bRPs9umLBNrI5LhVPNMXEW9Gyx9yHXiaitBU5-yGKbQpRpfgrKdje0_783rSlzAshG_OKExyD_h6Cseqkn5XoKTXAlnV9emk0y-g3TVeRGPsGG2_YezhDtH3f5uhLGs-MThLTNHo1LYynESUy36iFFeTwf6PRCLp7-YAynHwHwQ7FyoaZhGDzzrocnhbTVWQ1BHeOa0AsE.T0wWaXV_Bw6f7qGYd-T31WGsfZA4teZBRAdr_7nJlDQ&dib_tag=se&keywords=laptop&qid=1729745479&sprefix=laptop%2Caps%2C128&sr=8-193,219.59,4.0,91,Not available
"Acer Newest 15.6"" HD Chromebook/Intel Dual Core Celeron N4000 4M Cache Up to 2.6 GHZ Processor /4G RAM/32G eMMC/USB 3.1/USB TYPE-C/INTEL UHD 600 GRAPHIC/WIFI AC/BLUETOOTH 5.0/Wide View HD CAM/ Micro SD Reader/Long Battery Life! One Year Manufacturer Warranty!",https://www.amazon.ca/Acer-Chromebook-Processor-BLUETOOTH-Manufacturer/dp/B08GF7CBG9/ref=sr_1_97?crid=1E63C3THFEGDP&dib=eyJ2IjoiMSJ9.etQhvvTfXPUbALAy-xmaolhPzlrVxfuVwAiHV0j9z3wGh05wPTdhnvaUVdEXhXV1o-HUmg1afYMhdMEm0jsG70jLyDHHMK7DaVP8O_60HYLC_etTx1_aE60Pwrbn8K06aSdIHlOkU7k5ayeV9w0XY9HUho0og39TuhCk-jhRgzG3k7HmT0p_KGxSyKiPMxm5XsmCA-3DJGGSwm2D_KH-m3Y1yalaPQ30iilj0oKoZohsdX_kjXLRoTJpxaSzJCrMHKC1qBJf0XJEBb9Rry8GkfkoZNu-HzPZBYODN-Lcsgg.RmoGAEwq6HNYKpA-OQ0EuVlmwLhqhXT0s1g7sCmbjiA&dib_tag=se&keywords=laptop&qid=1729745479&sprefix=laptop%2Caps%2C128&sr=8-97,259.00,4.3,126,Not available
"Lenovo Thinkpad T470s Laptop Computer, 14-inch Notebook, Intel Core i7-6600 2.6Ghz, 12GB DDR4 RAM, 512GB SSD, Webcam, HDMI, Bluetooth 4.1, Windows 10 Pro 64-bit (Renewed)",https://www.amazon.ca/Lenovo-Thinkpad-T470s-Computer-Bluetooth/dp/B0CLD9K3YM/ref=sr_1_241?crid=1E63C3THFEGDP&dib=eyJ2IjoiMSJ9.UD6ugI5eMGi-goeWpRbPkGs-M1H22VD6ry80d-nyuIV0j5L_ce_nlqf79GzEcuPKPtPzOJyn4jpooJeqI1huHh7W-rBDv8LcCLXssKPE57bwtAnp2de4Wm3I08l7BELZgK9shwL95KSXT133rm2LUHUYY4jph5l8kvBzvzjncC2mdLKNuTZjN80Zfp_h-iSAttoPGxqO8c7MPvp_YaKleG-o3lV4WOi2mpBpRq57T6czlYVLRvUf3BMvvc8VKmREI7OpYlL1sl9l3MkMmA-4Sy1i7XNw-N7WjUHZ6QekbX4.wDMMGw9evwoH-tDwOvj_W-j1jKWsnE_JU-nR61sO82w&dib_tag=se&keywords=laptop&qid=1729745479&sprefix=laptop%2Caps%2C128&sr=8-241,334.00,3.2,12,Not available
"Samsung Galaxy Book4 Edge Laptop, 14"", Copilot+, Qualcomm Snapdragon X Elite, 16GB RAM, 512GB Storage - Sapphire Blue",https://www.amazon.ca/Samsung-Copilot-Qualcomm-Snapdragon-Storage/dp/B0D4CBSDFC/ref=sr_1_145?crid=1E63C3THFEGDP&dib=eyJ2IjoiMSJ9.QlBdZgEaaFJPpgVm8OgbCU6leoFgPgh6uoRtbPhHf4GB3_tIrVuV1spK7-ifCcjlxu6d0rmljCr4aLEoV6sSQg9ooflZxdThMhV3n0YRg6jy-Ywl95V2Z0DdU4GrwoNc1gkI_48WK4EviW5n05H88cGfC4AhgjYm2chN7WVSbOrgmKMSHndUpZw1zCufqxlPS8TCN1V7VGdmMRoONihXmpdZtWNvDj5jZVBjWCBysHa7uemMfdSVpmq60jNcjjrx1whPjrxMHqDVhaYyFe7wZUPWsAVG7ZB_R045-AHoFa8.xwfRB2oJ4UIo2hcKUbb6GfpZd404CUq8j5xIi-L9PKg&dib_tag=se&keywords=laptop&qid=1729745479&sprefix=laptop%2Caps%2C128&sr=8-145,"1,649.99",4.2,7,Not available
"ASUS Vivobook 15 Laptop, 15.6” FHD (1920 x 1080) Display, Intel Core i7-1355U CPU, Intel Iris Xᵉ Graphics, 16GB RAM, 1TB SSD, Windows 11 Home, Quiet Blue, X1504VA-AS71-CA",https://www.amazon.ca/Vivobook-Display-i7-1355U-Graphics-X1504VA-AS71-CA/dp/B0BW11PP18/ref=sr_1_314?crid=1E63C3THFEGDP&dib=eyJ2IjoiMSJ9.dEF-bIsROI4ar_2Q0mLqXtrqG0eUnZ33bfSjc-lC-22elLLvf6nnhkfhtaZl-fb-yRA-yPruEWcNE0x2xWoUEr0N6zSCt-mGWDwgbGxzGfRDtFDslwG5_96EfshHMgpGKW1sgTvBnDB8leeqVTJraYn6e26_UpLmRMLcJK3o2kOtLbA2gLtPB3OVCIhXV1-MfG2vbkwg4T8c6QbCAlgMdWanSfZL68XXzRCpuUhpPHTYcBO7Um8bIvakUQP0mfERtxKKcGm2uUnFApyxSveBSw.j5VEVdPGhROAk4iGPiONox-B0SZF9iRHuRj-kQ-7iHE&dib_tag=se&keywords=laptop&qid=1729745479&sprefix=laptop%2Caps%2C128&sr=8-314,989.10,4.2,87,Not available
"HP 15.6"" HD Business Laptop, AMD Ryzen 3-5300U Processor, 16GB RAM, 1TB SSD, AMD Radeon Graphics, 720p HD Camera, Numeric Keypad, Wi-Fi, Windows 11, Silver, 32GB Hotface USB Card",https://www.amazon.ca/HP-Business-3-5300U-Processor-Graphics/dp/B0CQ4X2C49/ref=sr_1_313?crid=1E63C3THFEGDP&dib=eyJ2IjoiMSJ9.dEF-bIsROI4ar_2Q0mLqXtrqG0eUnZ33bfSjc-lC-22elLLvf6nnhkfhtaZl-fb-yRA-yPruEWcNE0x2xWoUEr0N6zSCt-mGWDwgbGxzGfRDtFDslwG5_96EfshHMgpGKW1sgTvBnDB8leeqVTJraYn6e26_UpLmRMLcJK3o2kOtLbA2gLtPB3OVCIhXV1-MfG2vbkwg4T8c6QbCAlgMdWanSfZL68XXzRCpuUhpPHTYcBO7Um8bIvakUQP0mfERtxKKcGm2uUnFApyxSveBSw.j5VEVdPGhROAk4iGPiONox-B0SZF9iRHuRj-kQ-7iHE&dib_tag=se&keywords=laptop&qid=1729745479&sprefix=laptop%2Caps%2C128&sr=8-313,619.00,4.2,213,Not available
"ASUS VivoBook 14"" FHD (1920x1080) Laptop - Intel Core i5-1135G7 Processor, 8GB RAM, 256GB SSD, WiFi, Bluetooth, Blacklit Keyboard, Windows 10 Home - Slate Grey (F415EA-UB51)",https://www.amazon.ca/ASUS-VivoBook-FHD-1920x1080-Laptop/dp/B0CS4RRY5P/ref=sr_1_308?crid=1E63C3THFEGDP&dib=eyJ2IjoiMSJ9.dEF-bIsROI4ar_2Q0mLqXtrqG0eUnZ33bfSjc-lC-22elLLvf6nnhkfhtaZl-fb-yRA-yPruEWcNE0x2xWoUEr0N6zSCt-mGWDwgbGxzGfRDtFDslwG5_96EfshHMgpGKW1sgTvBnDB8leeqVTJraYn6e26_UpLmRMLcJK3o2kOtLbA2gLtPB3OVCIhXV1-MfG2vbkwg4T8c6QbCAlgMdWanSfZL68XXzRCpuUhpPHTYcBO7Um8bIvakUQP0mfERtxKKcGm2uUnFApyxSveBSw.j5VEVdPGhROAk4iGPiONox-B0SZF9iRHuRj-kQ-7iHE&dib_tag=se&keywords=laptop&qid=1729745479&sprefix=laptop%2Caps%2C128&sr=8-308,549.98,"FREE delivery Sun, Oct 27 ",Only 6 left in stock.,Not available
"Rose Gold Laptop 15.6 inch FHD IPS Screen, High Speed Celeron N5095(2.0-2.9Ghz), 16G DDR4 RAM 512GB SSD Business/Student Laptop Computer/Backlit KB (16+512G)",https://www.amazon.ca/sspa/click?ie=UTF8&spc=MTo0MzgyOTY4MTQ2NTY2OTM4OjE3Mjk3NDU0Nzk6c3BfYnRmOjMwMDMxNTg1ODA4MTMwMjo6MDo6&url=%2FCeleron-2-0-2-9Ghz-Business-Student-Computer%2Fdp%2FB0D3LSJXVR%2Fref%3Dsr_1_317_sspa%3Fcrid%3D1E63C3THFEGDP%26dib%3DeyJ2IjoiMSJ9.dEF-bIsROI4ar_2Q0mLqXtrqG0eUnZ33bfSjc-lC-22elLLvf6nnhkfhtaZl-fb-yRA-yPruEWcNE0x2xWoUEr0N6zSCt-mGWDwgbGxzGfRDtFDslwG5_96EfshHMgpGKW1sgTvBnDB8leeqVTJraYn6e26_UpLmRMLcJK3o2kOtLbA2gLtPB3OVCIhXV1-MfG2vbkwg4T8c6QbCAlgMdWanSfZL68XXzRCpuUhpPHTYcBO7Um8bIvakUQP0mfERtxKKcGm2uUnFApyxSveBSw.j5VEVdPGhROAk4iGPiONox-B0SZF9iRHuRj-kQ-7iHE%26dib_tag%3Dse%26keywords%3Dlaptop%26qid%3D1729745479%26sprefix%3Dlaptop%252Caps%252C128%26sr%3D8-317-spons%26sp_csd%3Dd2lkZ2V0TmFtZT1zcF9idGY%26psc%3D1,459.90,4.1,5,Not available
"Android 14 Tablet with Keyboard, Headwolf WPad5 Tablet 10 inch with Widevine L1,1920 * 1200 FHD Display Android Tablet, 8GB+128GB Octa Core, 5500mAh, WiFi 6 Tablets",https://www.amazon.ca/sspa/click?ie=UTF8&spc=MTo0MzgyOTY4MTQ2NTY2OTM4OjE3Mjk3NDU0Nzk6c3BfYnRmOjMwMDI2NTQxMjg1NzUwMjo6MDo6&url=%2FAndroid-Keyboard-Headwolf-Widevine-Display%2Fdp%2FB0CXX82Y6W%2Fref%3Dsr_1_318_sspa%3Fcrid%3D1E63C3THFEGDP%26dib%3DeyJ2IjoiMSJ9.dEF-bIsROI4ar_2Q0mLqXtrqG0eUnZ33bfSjc-lC-22elLLvf6nnhkfhtaZl-fb-yRA-yPruEWcNE0x2xWoUEr0N6zSCt-mGWDwgbGxzGfRDtFDslwG5_96EfshHMgpGKW1sgTvBnDB8leeqVTJraYn6e26_UpLmRMLcJK3o2kOtLbA2gLtPB3OVCIhXV1-MfG2vbkwg4T8c6QbCAlgMdWanSfZL68XXzRCpuUhpPHTYcBO7Um8bIvakUQP0mfERtxKKcGm2uUnFApyxSveBSw.j5VEVdPGhROAk4iGPiONox-B0SZF9iRHuRj-kQ-7iHE%26dib_tag%3Dse%26keywords%3Dlaptop%26qid%3D1729745479%26sprefix%3Dlaptop%252Caps%252C128%26sr%3D8-318-spons%26sp_csd%3Dd2lkZ2V0TmFtZT1zcF9idGY%26psc%3D1,189.99,4.3,148,Not available
"Dell Latitude 5410 Business Laptop, 14'' FHD Notebook, 10th Gen Intel Core i5-10210U, 16GB RAM, 512GB SSD, Backlit Keyboard, HDMI, Wi-Fi, Bluetooth, Camera, Windows 10 Pro 64-bit (Renewed)",https://www.amazon.ca/Dell-Latitude-5410-i5-10210U-Bluetooth/dp/B0CKN4WMZW/ref=sr_1_307?crid=1E63C3THFEGDP&dib=eyJ2IjoiMSJ9.dEF-bIsROI4ar_2Q0mLqXtrqG0eUnZ33bfSjc-lC-22elLLvf6nnhkfhtaZl-fb-yRA-yPruEWcNE0x2xWoUEr0N6zSCt-mGWDwgbGxzGfRDtFDslwG5_96EfshHMgpGKW1sgTvBnDB8leeqVTJraYn6e26_UpLmRMLcJK3o2kOtLbA2gLtPB3OVCIhXV1-MfG2vbkwg4T8c6QbCAlgMdWanSfZL68XXzRCpuUhpPHTYcBO7Um8bIvakUQP0mfERtxKKcGm2uUnFApyxSveBSw.j5VEVdPGhROAk4iGPiONox-B0SZF9iRHuRj-kQ-7iHE&dib_tag=se&keywords=laptop&qid=1729745479&sprefix=laptop%2Caps%2C128&sr=8-307,364.99,3.9,24,Not available
"Dell Latitude 5400 Business Laptop, 14"" FHD (1920 x 1080) Non-Touch, Quad Core 8th Gen i5-8365U, 16GB RAM, 512GB SSD, Webcam, Windows 10 Pro (Certified Refurbished)",https://www.amazon.ca/Dell-Latitude-5400-Non-Touch-Refurbished/dp/B095CZJQYN/ref=sr_1_306?crid=1E63C3THFEGDP&dib=eyJ2IjoiMSJ9.dEF-bIsROI4ar_2Q0mLqXtrqG0eUnZ33bfSjc-lC-22elLLvf6nnhkfhtaZl-fb-yRA-yPruEWcNE0x2xWoUEr0N6zSCt-mGWDwgbGxzGfRDtFDslwG5_96EfshHMgpGKW1sgTvBnDB8leeqVTJraYn6e26_UpLmRMLcJK3o2kOtLbA2gLtPB3OVCIhXV1-MfG2vbkwg4T8c6QbCAlgMdWanSfZL68XXzRCpuUhpPHTYcBO7Um8bIvakUQP0mfERtxKKcGm2uUnFApyxSveBSw.j5VEVdPGhROAk4iGPiONox-B0SZF9iRHuRj-kQ-7iHE&dib_tag=se&keywords=laptop&qid=1729745479&sprefix=laptop%2Caps%2C128&sr=8-306,399.25,4.2,200,Not available
"Lenovo IdeaPad 3 Laptop, 15.6"" FHD Touchscreen, Intel Core i3-1115G4, 16GB RAM, 512GB SSD, SD Card Reader, HDMI, Webcam, Wi-Fi 6, Windows 11 Home, Grey",https://www.amazon.ca/Lenovo-IdeaPad-Touchscreen-i3-1115G4-Windows/dp/B0C157S95V/ref=sr_1_305?crid=1E63C3THFEGDP&dib=eyJ2IjoiMSJ9.dEF-bIsROI4ar_2Q0mLqXtrqG0eUnZ33bfSjc-lC-22elLLvf6nnhkfhtaZl-fb-yRA-yPruEWcNE0x2xWoUEr0N6zSCt-mGWDwgbGxzGfRDtFDslwG5_96EfshHMgpGKW1sgTvBnDB8leeqVTJraYn6e26_UpLmRMLcJK3o2kOtLbA2gLtPB3OVCIhXV1-MfG2vbkwg4T8c6QbCAlgMdWanSfZL68XXzRCpuUhpPHTYcBO7Um8bIvakUQP0mfERtxKKcGm2uUnFApyxSveBSw.j5VEVdPGhROAk4iGPiONox-B0SZF9iRHuRj-kQ-7iHE&dib_tag=se&keywords=laptop&qid=1729745479&sprefix=laptop%2Caps%2C128&sr=8-305,579.00,4.1,30,Not available
"Dell Latitude 7200 Multi-Touch 2-in-1 Business Laptop, 12.3'' FHD (1920x1080), Intel Core i5-8th Gen 1.6GHz, 8GB RAM 256GB SSD, Wi-Fi, Webcam, Windows 10pro (Renewed)",https://www.amazon.ca/Dell-Latitude-Multi-Touch-Business-1920x1080/dp/B0C8NFGNM3/ref=sr_1_304?crid=1E63C3THFEGDP&dib=eyJ2IjoiMSJ9.dEF-bIsROI4ar_2Q0mLqXtrqG0eUnZ33bfSjc-lC-22elLLvf6nnhkfhtaZl-fb-yRA-yPruEWcNE0x2xWoUEr0N6zSCt-mGWDwgbGxzGfRDtFDslwG5_96EfshHMgpGKW1sgTvBnDB8leeqVTJraYn6e26_UpLmRMLcJK3o2kOtLbA2gLtPB3OVCIhXV1-MfG2vbkwg4T8c6QbCAlgMdWanSfZL68XXzRCpuUhpPHTYcBO7Um8bIvakUQP0mfERtxKKcGm2uUnFApyxSveBSw.j5VEVdPGhROAk4iGPiONox-B0SZF9iRHuRj-kQ-7iHE&dib_tag=se&keywords=laptop&qid=1729745479&sprefix=laptop%2Caps%2C128&sr=8-304,569.19,4.3,15,Not available
"Ruzava 14"" Laptop 8GB DDR4 256GB SSD Celeron N5095 (Up to 2.9Ghz) 4-Core Win 11 PC with Cooling Fan 1920 * 1200 2K FHD Screen Dual WiFi Support 1TB SSD Expand for Business Study-Pink",https://www.amazon.ca/sspa/click?ie=UTF8&spc=MTo0MzgyOTY4MTQ2NTY2OTM4OjE3Mjk3NDU0Nzk6c3BfYnRmOjMwMDAyNDY5MzYzMzYwMjo6MDo6&url=%2FRuzava-Aocwei-Cooling-Support-Study-Pink%2Fdp%2FB0CBKJRW39%2Fref%3Dsr_1_316_sspa%3Fcrid%3D1E63C3THFEGDP%26dib%3DeyJ2IjoiMSJ9.dEF-bIsROI4ar_2Q0mLqXtrqG0eUnZ33bfSjc-lC-22elLLvf6nnhkfhtaZl-fb-yRA-yPruEWcNE0x2xWoUEr0N6zSCt-mGWDwgbGxzGfRDtFDslwG5_96EfshHMgpGKW1sgTvBnDB8leeqVTJraYn6e26_UpLmRMLcJK3o2kOtLbA2gLtPB3OVCIhXV1-MfG2vbkwg4T8c6QbCAlgMdWanSfZL68XXzRCpuUhpPHTYcBO7Um8bIvakUQP0mfERtxKKcGm2uUnFApyxSveBSw.j5VEVdPGhROAk4iGPiONox-B0SZF9iRHuRj-kQ-7iHE%26dib_tag%3Dse%26keywords%3Dlaptop%26qid%3D1729745479%26sprefix%3Dlaptop%252Caps%252C128%26sr%3D8-316-spons%26sp_csd%3Dd2lkZ2V0TmFtZT1zcF9idGY%26psc%3D1,330.68,4.4,137,Not available
"Laptop Screen Extender Dual Monitor - 14"" Portable Monitor IPS FHD 1080P Attachment Screen Extended Extra Screen USB-C/HDMI Port Compatible with Wins Mac Dex Chrome Travel Work Fits 13""-17"" Laptops",https://www.amazon.ca/Laptop-Screen-Extender-Dual-Monitor/dp/B0CZSB1DMW/ref=sr_1_303?crid=1E63C3THFEGDP&dib=eyJ2IjoiMSJ9.dEF-bIsROI4ar_2Q0mLqXtrqG0eUnZ33bfSjc-lC-22elLLvf6nnhkfhtaZl-fb-yRA-yPruEWcNE0x2xWoUEr0N6zSCt-mGWDwgbGxzGfRDtFDslwG5_96EfshHMgpGKW1sgTvBnDB8leeqVTJraYn6e26_UpLmRMLcJK3o2kOtLbA2gLtPB3OVCIhXV1-MfG2vbkwg4T8c6QbCAlgMdWanSfZL68XXzRCpuUhpPHTYcBO7Um8bIvakUQP0mfERtxKKcGm2uUnFApyxSveBSw.j5VEVdPGhROAk4iGPiONox-B0SZF9iRHuRj-kQ-7iHE&dib_tag=se&keywords=laptop&qid=1729745479&sprefix=laptop%2Caps%2C128&sr=8-303,169.73,4.4,185,Not available
"Ruzava 14"" Traditional Laptop 6GB DDR4 256GB SSD Celeron N4020(Up to 2.8Ghz) 2-Core Win 11 Notebook 1920x1080 FHD Dual WiFi BT 4.2 Support 512GB TF&1TB SSD Expand with Webcam for Business Study-Gold",https://www.amazon.ca/sspa/click?ie=UTF8&spc=MTo0MzgyOTY4MTQ2NTY2OTM4OjE3Mjk3NDU0Nzk6c3BfYnRmOjMwMDA0NjY2MzE0MzQwMjo6MDo6&url=%2FRuzava-Notebook-1920x1080-Wireless-Study-Gold%2Fdp%2FB0CBKJVWL4%2Fref%3Dsr_1_315_sspa%3Fcrid%3D1E63C3THFEGDP%26dib%3DeyJ2IjoiMSJ9.dEF-bIsROI4ar_2Q0mLqXtrqG0eUnZ33bfSjc-lC-22elLLvf6nnhkfhtaZl-fb-yRA-yPruEWcNE0x2xWoUEr0N6zSCt-mGWDwgbGxzGfRDtFDslwG5_96EfshHMgpGKW1sgTvBnDB8leeqVTJraYn6e26_UpLmRMLcJK3o2kOtLbA2gLtPB3OVCIhXV1-MfG2vbkwg4T8c6QbCAlgMdWanSfZL68XXzRCpuUhpPHTYcBO7Um8bIvakUQP0mfERtxKKcGm2uUnFApyxSveBSw.j5VEVdPGhROAk4iGPiONox-B0SZF9iRHuRj-kQ-7iHE%26dib_tag%3Dse%26keywords%3Dlaptop%26qid%3D1729745479%26sprefix%3Dlaptop%252Caps%252C128%26sr%3D8-315-spons%26sp_csd%3Dd2lkZ2V0TmFtZT1zcF9idGY%26psc%3D1,263.99,4.0,84,Not available
"Dell Latitude 5310 Laptop 10th, 14in FHD(1920x1080) 5310 10th Laptop, i5-10th Processor, 16GB RAM, 512GB SSD, Win10 pro(Renewed)",https://www.amazon.ca/sspa/click?ie=UTF8&spc=MTo0MzgyOTY4MTQ2NTY2OTM4OjE3Mjk3NDU0Nzk6c3BfbXRmOjMwMDQzNDUwODIwODUwMjo6MDo6&url=%2FDell-Latitude-5310-1920x1080-Processor%2Fdp%2FB0DF7H27XT%2Fref%3Dsr_1_312_sspa%3Fcrid%3D1E63C3THFEGDP%26dib%3DeyJ2IjoiMSJ9.dEF-bIsROI4ar_2Q0mLqXtrqG0eUnZ33bfSjc-lC-22elLLvf6nnhkfhtaZl-fb-yRA-yPruEWcNE0x2xWoUEr0N6zSCt-mGWDwgbGxzGfRDtFDslwG5_96EfshHMgpGKW1sgTvBnDB8leeqVTJraYn6e26_UpLmRMLcJK3o2kOtLbA2gLtPB3OVCIhXV1-MfG2vbkwg4T8c6QbCAlgMdWanSfZL68XXzRCpuUhpPHTYcBO7Um8bIvakUQP0mfERtxKKcGm2uUnFApyxSveBSw.j5VEVdPGhROAk4iGPiONox-B0SZF9iRHuRj-kQ-7iHE%26dib_tag%3Dse%26keywords%3Dlaptop%26qid%3D1729745479%26sprefix%3Dlaptop%252Caps%252C128%26sr%3D8-312-spons%26sp_csd%3Dd2lkZ2V0TmFtZT1zcF9tdGY%26psc%3D1,389.70,"FREE delivery Sun, Oct 27 ",Only 6 left in stock.,Not available
"MSI Stealth 14 AI Studio A1VFG-041CA 14"" OLED 120Hz Ultra Thin and Light Gaming Laptop, Intel Core Ultra7-155H, RTX 4060, 32GB DDR5, 1TB NVMe SSD, Windows 11 Home",https://www.amazon.ca/MSI-Stealth-Studio-A1VFG-041CA-Ultra7-155H/dp/B0CRKRCF63/ref=sr_1_302?crid=1E63C3THFEGDP&dib=eyJ2IjoiMSJ9.dEF-bIsROI4ar_2Q0mLqXtrqG0eUnZ33bfSjc-lC-22elLLvf6nnhkfhtaZl-fb-yRA-yPruEWcNE0x2xWoUEr0N6zSCt-mGWDwgbGxzGfRDtFDslwG5_96EfshHMgpGKW1sgTvBnDB8leeqVTJraYn6e26_UpLmRMLcJK3o2kOtLbA2gLtPB3OVCIhXV1-MfG2vbkwg4T8c6QbCAlgMdWanSfZL68XXzRCpuUhpPHTYcBO7Um8bIvakUQP0mfERtxKKcGm2uUnFApyxSveBSw.j5VEVdPGhROAk4iGPiONox-B0SZF9iRHuRj-kQ-7iHE&dib_tag=se&keywords=laptop&qid=1729745479&sprefix=laptop%2Caps%2C128&sr=8-302,"2,399.00",3.4,3,Not available
"Acer Aspire 3 A315-59-590J-CA, 15.6"" FHD 1920x1080 Laptop, Intel CoreTM i5-1235U, Intel UHD Graphics, 16GB RAM, 512GB SSD, Windows 11 Home",https://www.amazon.ca/sspa/click?ie=UTF8&spc=MTo0MzgyOTY4MTQ2NTY2OTM4OjE3Mjk3NDU0Nzk6c3BfbXRmOjMwMDQ2NTE1Njg5NzEwMjo6MDo6&url=%2FAcer-A315-59-590J-CA-1920x1080-i5-1235U-Graphics%2Fdp%2FB0D1ZFBPFV%2Fref%3Dsr_1_310_sspa%3Fcrid%3D1E63C3THFEGDP%26dib%3DeyJ2IjoiMSJ9.dEF-bIsROI4ar_2Q0mLqXtrqG0eUnZ33bfSjc-lC-22elLLvf6nnhkfhtaZl-fb-yRA-yPruEWcNE0x2xWoUEr0N6zSCt-mGWDwgbGxzGfRDtFDslwG5_96EfshHMgpGKW1sgTvBnDB8leeqVTJraYn6e26_UpLmRMLcJK3o2kOtLbA2gLtPB3OVCIhXV1-MfG2vbkwg4T8c6QbCAlgMdWanSfZL68XXzRCpuUhpPHTYcBO7Um8bIvakUQP0mfERtxKKcGm2uUnFApyxSveBSw.j5VEVdPGhROAk4iGPiONox-B0SZF9iRHuRj-kQ-7iHE%26dib_tag%3Dse%26keywords%3Dlaptop%26qid%3D1729745479%26sprefix%3Dlaptop%252Caps%252C128%26sr%3D8-310-spons%26sp_csd%3Dd2lkZ2V0TmFtZT1zcF9tdGY%26psc%3D1,699.99,5.0,2,Not available
"Lenovo Thinkpad E16 Gen2 16"" WUXGA Laptop - Intel Core Ultra 7 155U, 16GB RAM, 512GB SSD, Windows 11 Pro (with Microfiber Cloth) - Graphite Black (21MA0035US)",https://www.amazon.ca/Lenovo-Thinkpad-Gen2-WUXGA-Laptop/dp/B0DH92GT44/ref=sr_1_301?crid=1E63C3THFEGDP&dib=eyJ2IjoiMSJ9.dEF-bIsROI4ar_2Q0mLqXtrqG0eUnZ33bfSjc-lC-22elLLvf6nnhkfhtaZl-fb-yRA-yPruEWcNE0x2xWoUEr0N6zSCt-mGWDwgbGxzGfRDtFDslwG5_96EfshHMgpGKW1sgTvBnDB8leeqVTJraYn6e26_UpLmRMLcJK3o2kOtLbA2gLtPB3OVCIhXV1-MfG2vbkwg4T8c6QbCAlgMdWanSfZL68XXzRCpuUhpPHTYcBO7Um8bIvakUQP0mfERtxKKcGm2uUnFApyxSveBSw.j5VEVdPGhROAk4iGPiONox-B0SZF9iRHuRj-kQ-7iHE&dib_tag=se&keywords=laptop&qid=1729745479&sprefix=laptop%2Caps%2C128&sr=8-301,"1,289.99","FREE delivery Mon, Oct 28 ",Only 5 left in stock.,Not available
"Acer Swift 3 SF314-511-52EE, 14"" FHD 1920x1080 IPS EVO Laptop, Intel Core i5-1135G7, 8GB LPDDR4X RAM, 512GB SSD, Windows 11 Home",https://www.amazon.ca/sspa/click?ie=UTF8&spc=MTo0MzgyOTY4MTQ2NTY2OTM4OjE3Mjk3NDU0Nzk6c3BfbXRmOjMwMDQ2NTE1Njg5NzIwMjo6MDo6&url=%2FAcer-SF314-511-52EE-1920x1080-i5-1135G7-LPDDR4X%2Fdp%2FB0CP895B6V%2Fref%3Dsr_1_309_sspa%3Fcrid%3D1E63C3THFEGDP%26dib%3DeyJ2IjoiMSJ9.dEF-bIsROI4ar_2Q0mLqXtrqG0eUnZ33bfSjc-lC-22elLLvf6nnhkfhtaZl-fb-yRA-yPruEWcNE0x2xWoUEr0N6zSCt-mGWDwgbGxzGfRDtFDslwG5_96EfshHMgpGKW1sgTvBnDB8leeqVTJraYn6e26_UpLmRMLcJK3o2kOtLbA2gLtPB3OVCIhXV1-MfG2vbkwg4T8c6QbCAlgMdWanSfZL68XXzRCpuUhpPHTYcBO7Um8bIvakUQP0mfERtxKKcGm2uUnFApyxSveBSw.j5VEVdPGhROAk4iGPiONox-B0SZF9iRHuRj-kQ-7iHE%26dib_tag%3Dse%26keywords%3Dlaptop%26qid%3D1729745479%26sprefix%3Dlaptop%252Caps%252C128%26sr%3D8-309-spons%26sp_csd%3Dd2lkZ2V0TmFtZT1zcF9tdGY%26psc%3D1,599.99,4.8,8,Not available
"Lenovo 2019 Thinkpad T470 14-inch IPS Full HD FHD (1920x1080) Business Laptop (Intel Core i5-6300U, 16GB DDR4 RAM, 256GB PCIe NVMe M.2 SSD) Thunderbolt, Type-C, HDMI, RJ-45, Windows 10 Pro (Renewed)",https://www.amazon.ca/Lenovo-Thinkpad-1920x1080-Business-Thunderbolt/dp/B08T6J8MZK/ref=sr_1_299?crid=1E63C3THFEGDP&dib=eyJ2IjoiMSJ9.dEF-bIsROI4ar_2Q0mLqXtrqG0eUnZ33bfSjc-lC-22elLLvf6nnhkfhtaZl-fb-yRA-yPruEWcNE0x2xWoUEr0N6zSCt-mGWDwgbGxzGfRDtFDslwG5_96EfshHMgpGKW1sgTvBnDB8leeqVTJraYn6e26_UpLmRMLcJK3o2kOtLbA2gLtPB3OVCIhXV1-MfG2vbkwg4T8c6QbCAlgMdWanSfZL68XXzRCpuUhpPHTYcBO7Um8bIvakUQP0mfERtxKKcGm2uUnFApyxSveBSw.j5VEVdPGhROAk4iGPiONox-B0SZF9iRHuRj-kQ-7iHE&dib_tag=se&keywords=laptop&qid=1729745479&sprefix=laptop%2Caps%2C128&sr=8-299,Price not available,4.2,604,Not available
"Dell Latitude 5400 Laptop | 14"" 1920x1080 FHD | Core i7-8665U - 512GB SSD Hard Drive - 16GB RAM | 4 cores @ 4.8 GHz Win 11 Home Black (Renewed)",https://www.amazon.ca/Dell-Latitude-5400-Laptop-1920x1080/dp/B0D28HRSLG/ref=sr_1_300?crid=1E63C3THFEGDP&dib=eyJ2IjoiMSJ9.dEF-bIsROI4ar_2Q0mLqXtrqG0eUnZ33bfSjc-lC-22elLLvf6nnhkfhtaZl-fb-yRA-yPruEWcNE0x2xWoUEr0N6zSCt-mGWDwgbGxzGfRDtFDslwG5_96EfshHMgpGKW1sgTvBnDB8leeqVTJraYn6e26_UpLmRMLcJK3o2kOtLbA2gLtPB3OVCIhXV1-MfG2vbkwg4T8c6QbCAlgMdWanSfZL68XXzRCpuUhpPHTYcBO7Um8bIvakUQP0mfERtxKKcGm2uUnFApyxSveBSw.j5VEVdPGhROAk4iGPiONox-B0SZF9iRHuRj-kQ-7iHE&dib_tag=se&keywords=laptop&qid=1729745479&sprefix=laptop%2Caps%2C128&sr=8-300,475.00,FREE delivery Oct 28 - 30 ,Only 1 left in stock.,Not available
"HP EliteBook 840 G6 14"" Laptop, Intel Core i5, 16GB, 256GB SSD, Win11 Pro. (Renewed)",https://www.amazon.ca/HP-EliteBook-840-G6-Renewed/dp/B0CKLX46PQ/ref=sr_1_298?crid=1E63C3THFEGDP&dib=eyJ2IjoiMSJ9.dEF-bIsROI4ar_2Q0mLqXtrqG0eUnZ33bfSjc-lC-22elLLvf6nnhkfhtaZl-fb-yRA-yPruEWcNE0x2xWoUEr0N6zSCt-mGWDwgbGxzGfRDtFDslwG5_96EfshHMgpGKW1sgTvBnDB8leeqVTJraYn6e26_UpLmRMLcJK3o2kOtLbA2gLtPB3OVCIhXV1-MfG2vbkwg4T8c6QbCAlgMdWanSfZL68XXzRCpuUhpPHTYcBO7Um8bIvakUQP0mfERtxKKcGm2uUnFApyxSveBSw.j5VEVdPGhROAk4iGPiONox-B0SZF9iRHuRj-kQ-7iHE&dib_tag=se&keywords=laptop&qid=1729745479&sprefix=laptop%2Caps%2C128&sr=8-298,289.00,4.7,5,Not available
"Dell 7480 14 HD Laptop, Core i5-6300U 2.4GHz, 16GB RAM, 256GB Solid State Drive, Windows 10 Pro 64Bit (Renewed)",https://www.amazon.ca/Dell-i5-6300U-Windows-Certified-Refurbished/dp/B07S1BVHGC/ref=sr_1_297?crid=1E63C3THFEGDP&dib=eyJ2IjoiMSJ9.dEF-bIsROI4ar_2Q0mLqXtrqG0eUnZ33bfSjc-lC-22elLLvf6nnhkfhtaZl-fb-yRA-yPruEWcNE0x2xWoUEr0N6zSCt-mGWDwgbGxzGfRDtFDslwG5_96EfshHMgpGKW1sgTvBnDB8leeqVTJraYn6e26_UpLmRMLcJK3o2kOtLbA2gLtPB3OVCIhXV1-MfG2vbkwg4T8c6QbCAlgMdWanSfZL68XXzRCpuUhpPHTYcBO7Um8bIvakUQP0mfERtxKKcGm2uUnFApyxSveBSw.j5VEVdPGhROAk4iGPiONox-B0SZF9iRHuRj-kQ-7iHE&dib_tag=se&keywords=laptop&qid=1729745479&sprefix=laptop%2Caps%2C128&sr=8-297,245.82,4.0,101,Not available
"ASUS Vivobook Go 15 Personal Laptop, 15.6"" FHD IPS, AMD Ryzen 5 7520U, 8GB LPDDR5, 512GB SSD, Windows 11 Home, Wi-Fi 5, Bluetooth 5.1, Cool Silver",https://www.amazon.ca/Vivobook-Personal-Laptop-Windows-Bluetooth/dp/B0DDYDDS7S/ref=sr_1_296?crid=1E63C3THFEGDP&dib=eyJ2IjoiMSJ9.dEF-bIsROI4ar_2Q0mLqXtrqG0eUnZ33bfSjc-lC-22elLLvf6nnhkfhtaZl-fb-yRA-yPruEWcNE0x2xWoUEr0N6zSCt-mGWDwgbGxzGfRDtFDslwG5_96EfshHMgpGKW1sgTvBnDB8leeqVTJraYn6e26_UpLmRMLcJK3o2kOtLbA2gLtPB3OVCIhXV1-MfG2vbkwg4T8c6QbCAlgMdWanSfZL68XXzRCpuUhpPHTYcBO7Um8bIvakUQP0mfERtxKKcGm2uUnFApyxSveBSw.j5VEVdPGhROAk4iGPiONox-B0SZF9iRHuRj-kQ-7iHE&dib_tag=se&keywords=laptop&qid=1729745479&sprefix=laptop%2Caps%2C128&sr=8-296,539.99,FREE delivery Oct 29 - 31 ,No reviews available,Not available
"HP EliteBook 840 G3 Laptop 14in HD Display, Intel Core i5-6200U 2.4Ghz, 256GB SSD, 16GB DDR4 RAM, Webcam, WiFi, Windows 10 Pro (Renewed)",https://www.amazon.ca/HP-EliteBook-Display-i5-6300U-Windows/dp/B07WJVPGYP/ref=sr_1_295?crid=1E63C3THFEGDP&dib=eyJ2IjoiMSJ9.dEF-bIsROI4ar_2Q0mLqXtrqG0eUnZ33bfSjc-lC-22elLLvf6nnhkfhtaZl-fb-yRA-yPruEWcNE0x2xWoUEr0N6zSCt-mGWDwgbGxzGfRDtFDslwG5_96EfshHMgpGKW1sgTvBnDB8leeqVTJraYn6e26_UpLmRMLcJK3o2kOtLbA2gLtPB3OVCIhXV1-MfG2vbkwg4T8c6QbCAlgMdWanSfZL68XXzRCpuUhpPHTYcBO7Um8bIvakUQP0mfERtxKKcGm2uUnFApyxSveBSw.j5VEVdPGhROAk4iGPiONox-B0SZF9iRHuRj-kQ-7iHE&dib_tag=se&keywords=laptop&qid=1729745479&sprefix=laptop%2Caps%2C128&sr=8-295,257.45,3.7,"1,495",Not available
Samsung Galaxy Book2 15.6 Inch Amoled i7 (intel 12th Gen) | 8G DDR4x | 256G SSD | Graphite | Windows 11 Home laptop,https://www.amazon.ca/Galaxy-AMOLED-Graphite-Windows-Laptop/dp/B09VWFP3X2/ref=sr_1_294?crid=1E63C3THFEGDP&dib=eyJ2IjoiMSJ9.dEF-bIsROI4ar_2Q0mLqXtrqG0eUnZ33bfSjc-lC-22elLLvf6nnhkfhtaZl-fb-yRA-yPruEWcNE0x2xWoUEr0N6zSCt-mGWDwgbGxzGfRDtFDslwG5_96EfshHMgpGKW1sgTvBnDB8leeqVTJraYn6e26_UpLmRMLcJK3o2kOtLbA2gLtPB3OVCIhXV1-MfG2vbkwg4T8c6QbCAlgMdWanSfZL68XXzRCpuUhpPHTYcBO7Um8bIvakUQP0mfERtxKKcGm2uUnFApyxSveBSw.j5VEVdPGhROAk4iGPiONox-B0SZF9iRHuRj-kQ-7iHE&dib_tag=se&keywords=laptop&qid=1729745479&sprefix=laptop%2Caps%2C128&sr=8-294,836.99,3.5,35,Not available
"Microsoft Surface Laptop 3 – 13.5"" Touch-Screen – Intel Core i7 - 16GB Memory - 256GB Solid State Drive (Latest Model) – Matte Black (Renewed)",https://www.amazon.ca/Microsoft-Surface-Laptop-Touch-Screen-Renewed/dp/B081ZJ1WW9/ref=sr_1_293?crid=1E63C3THFEGDP&dib=eyJ2IjoiMSJ9.dEF-bIsROI4ar_2Q0mLqXtrqG0eUnZ33bfSjc-lC-22elLLvf6nnhkfhtaZl-fb-yRA-yPruEWcNE0x2xWoUEr0N6zSCt-mGWDwgbGxzGfRDtFDslwG5_96EfshHMgpGKW1sgTvBnDB8leeqVTJraYn6e26_UpLmRMLcJK3o2kOtLbA2gLtPB3OVCIhXV1-MfG2vbkwg4T8c6QbCAlgMdWanSfZL68XXzRCpuUhpPHTYcBO7Um8bIvakUQP0mfERtxKKcGm2uUnFApyxSveBSw.j5VEVdPGhROAk4iGPiONox-B0SZF9iRHuRj-kQ-7iHE&dib_tag=se&keywords=laptop&qid=1729745479&sprefix=laptop%2Caps%2C128&sr=8-293,661.11,4.0,64,Not available
No title available,https://www.amazon.ca/s/?k=hp+laptop&ref=sugsr_0&pd_rd_w=pVe7G&content-id=amzn1.sym.ea3d2509-1669-4b70-ad4b-c83615b40ccf:amzn1.sym.ea3d2509-1669-4b70-ad4b-c83615b40ccf&pf_rd_p=ea3d2509-1669-4b70-ad4b-c83615b40ccf&pf_rd_r=SM8SR5SMW0E530D9FAVR&pd_rd_wg=G1omv&pd_rd_r=b3827289-3c6d-470d-82f2-766f8a0d5d83&qid=1729745479,Price not available,Rating not available,hp laptop,Not available
"AOKER Triple Monitor Laptop Screen Extender - 15.6 Inch Portable IPS FHD 1080P Display 360° Rotation Extended Screen for 13""-17.4"" Laptops Compatible with Mac/Wins/Android/Linux/Chrome Work",https://www.amazon.ca/sspa/click?ie=UTF8&spc=MTo0MzgyOTY4MTQ2NTY2OTM4OjE3Mjk3NDU0Nzk6c3BfYXRmX25leHQ6MzAwNDY0Njg1NDMzNDAyOjowOjo&url=%2FAOKER-Triple-Monitor-Laptop-Extender%2Fdp%2FB0DF5H3D9G%2Fref%3Dsr_1_292_sspa%3Fcrid%3D1E63C3THFEGDP%26dib%3DeyJ2IjoiMSJ9.dEF-bIsROI4ar_2Q0mLqXtrqG0eUnZ33bfSjc-lC-22elLLvf6nnhkfhtaZl-fb-yRA-yPruEWcNE0x2xWoUEr0N6zSCt-mGWDwgbGxzGfRDtFDslwG5_96EfshHMgpGKW1sgTvBnDB8leeqVTJraYn6e26_UpLmRMLcJK3o2kOtLbA2gLtPB3OVCIhXV1-MfG2vbkwg4T8c6QbCAlgMdWanSfZL68XXzRCpuUhpPHTYcBO7Um8bIvakUQP0mfERtxKKcGm2uUnFApyxSveBSw.j5VEVdPGhROAk4iGPiONox-B0SZF9iRHuRj-kQ-7iHE%26dib_tag%3Dse%26keywords%3Dlaptop%26qid%3D1729745479%26sprefix%3Dlaptop%252Caps%252C128%26sr%3D8-292-spons%26sp_csd%3Dd2lkZ2V0TmFtZT1zcF9hdGZfbmV4dA%26psc%3D1,499.99,4.7,262,Not available
"Dell Inspiron 16 Laptop 5640-16.0-inch 16:10 FHD+ (1920 x 1200) Display, Intel Core 7-150U Processor, 16GB DDR5 RAM, 1TB SSD, Intel Graphics, Windows 11 Pro, Onsite & Migrate Service - Midnight Blue",https://www.amazon.ca/sspa/click?ie=UTF8&spc=MTo0MzgyOTY4MTQ2NTY2OTM4OjE3Mjk3NDU0Nzk6c3BfYXRmX25leHQ6MzAwMzAwNjc2OTY3ODAyOjowOjo&url=%2FDell-Inspiron-Laptop-5640-16-0-inch-Processor%2Fdp%2FB0D1KQLRR8%2Fref%3Dsr_1_291_sspa%3Fcrid%3D1E63C3THFEGDP%26dib%3DeyJ2IjoiMSJ9.dEF-bIsROI4ar_2Q0mLqXtrqG0eUnZ33bfSjc-lC-22elLLvf6nnhkfhtaZl-fb-yRA-yPruEWcNE0x2xWoUEr0N6zSCt-mGWDwgbGxzGfRDtFDslwG5_96EfshHMgpGKW1sgTvBnDB8leeqVTJraYn6e26_UpLmRMLcJK3o2kOtLbA2gLtPB3OVCIhXV1-MfG2vbkwg4T8c6QbCAlgMdWanSfZL68XXzRCpuUhpPHTYcBO7Um8bIvakUQP0mfERtxKKcGm2uUnFApyxSveBSw.j5VEVdPGhROAk4iGPiONox-B0SZF9iRHuRj-kQ-7iHE%26dib_tag%3Dse%26keywords%3Dlaptop%26qid%3D1729745479%26sprefix%3Dlaptop%252Caps%252C128%26sr%3D8-291-spons%26sp_csd%3Dd2lkZ2V0TmFtZT1zcF9hdGZfbmV4dA%26psc%3D1,"1,229.99",4.3,205,Not available
"2K Laptop Monitor Extender - 13"" IPS 1440P Dual Monitor Attachment Laptop Plug & Play Multiple Screens for 13""-17"" Laptop Compatible with Wins Mac Dex Chrome Travel Gaming Work",https://www.amazon.ca/sspa/click?ie=UTF8&spc=MTo0MzgyOTY4MTQ2NTY2OTM4OjE3Mjk3NDU0Nzk6c3BfYXRmX25leHQ6MzAwNDY0NTE3NjkyMzAyOjowOjo&url=%2FLaptop-Monitor-Extender-Attachment-Compatible%2Fdp%2FB0DCTD926B%2Fref%3Dsr_1_290_sspa%3Fcrid%3D1E63C3THFEGDP%26dib%3DeyJ2IjoiMSJ9.dEF-bIsROI4ar_2Q0mLqXtrqG0eUnZ33bfSjc-lC-22elLLvf6nnhkfhtaZl-fb-yRA-yPruEWcNE0x2xWoUEr0N6zSCt-mGWDwgbGxzGfRDtFDslwG5_96EfshHMgpGKW1sgTvBnDB8leeqVTJraYn6e26_UpLmRMLcJK3o2kOtLbA2gLtPB3OVCIhXV1-MfG2vbkwg4T8c6QbCAlgMdWanSfZL68XXzRCpuUhpPHTYcBO7Um8bIvakUQP0mfERtxKKcGm2uUnFApyxSveBSw.j5VEVdPGhROAk4iGPiONox-B0SZF9iRHuRj-kQ-7iHE%26dib_tag%3Dse%26keywords%3Dlaptop%26qid%3D1729745479%26sprefix%3Dlaptop%252Caps%252C128%26sr%3D8-290-spons%26sp_csd%3Dd2lkZ2V0TmFtZT1zcF9hdGZfbmV4dA%26psc%3D1,299.99,5.0,8,Not available
"Samsung Galaxy Book4 Laptop, 15.6"", Intel i7, 16GB RAM, 512GB Storage - Moonstone Gray",https://www.amazon.ca/sspa/click?ie=UTF8&spc=MTo0MzgyOTY4MTQ2NTY2OTM4OjE3Mjk3NDU0Nzk6c3BfYXRmX25leHQ6MzAwNDY1MTU2ODk2NTAyOjowOjo&url=%2FSamsung-Galaxy-Book4-Laptop-Storage%2Fdp%2FB0CV7GF9L6%2Fref%3Dsr_1_289_sspa%3Fcrid%3D1E63C3THFEGDP%26dib%3DeyJ2IjoiMSJ9.dEF-bIsROI4ar_2Q0mLqXtrqG0eUnZ33bfSjc-lC-22elLLvf6nnhkfhtaZl-fb-yRA-yPruEWcNE0x2xWoUEr0N6zSCt-mGWDwgbGxzGfRDtFDslwG5_96EfshHMgpGKW1sgTvBnDB8leeqVTJraYn6e26_UpLmRMLcJK3o2kOtLbA2gLtPB3OVCIhXV1-MfG2vbkwg4T8c6QbCAlgMdWanSfZL68XXzRCpuUhpPHTYcBO7Um8bIvakUQP0mfERtxKKcGm2uUnFApyxSveBSw.j5VEVdPGhROAk4iGPiONox-B0SZF9iRHuRj-kQ-7iHE%26dib_tag%3Dse%26keywords%3Dlaptop%26qid%3D1729745479%26sprefix%3Dlaptop%252Caps%252C128%26sr%3D8-289-spons%26sp_csd%3Dd2lkZ2V0TmFtZT1zcF9hdGZfbmV4dA%26psc%3D1,899.99,3.7,50,Not available
No title available,https://www.amazon.ca/s?k=hp+laptop&ref=rsl_sug_0_0&pd_rd_w=MACPs&content-id=amzn1.sym.44e6e7c3-130a-4bef-a9b7-4368915a8293:amzn1.sym.44e6e7c3-130a-4bef-a9b7-4368915a8293&pf_rd_p=44e6e7c3-130a-4bef-a9b7-4368915a8293&pf_rd_r=JS90WKAY7BD8QBMKRQMS&pd_rd_wg=sofIn&pd_rd_r=035a3bad-8d7c-41de-abc5-f9942c65f547&qid=1729745487,Price not available,Rating not available,hp laptop,Not available
"Dell Inspiron 16 2-in-1 Laptop 7620-16"" FHD+ Touchscreen Display, Intel Core i7-1260P, 16 GB DDR4 RAM, 1 TB SSD, Intel Iris Xe Graphics, Windows 11 Home - Platinum Silver",https://www.amazon.ca/sspa/click?ie=UTF8&spc=MTo1NTA3MzQ3MTI4MzA3MTAwOjE3Mjk3NDU0ODY6c3BfYnRmOjMwMDQ2NTE1Njg5NjQwMjo6MDo6&url=%2FDell-Inspiron-7620-Laptop-Touchscreen%2Fdp%2FB0B42D79VN%2Fref%3Dsr_1_1068_sspa%3Fcrid%3D1E63C3THFEGDP%26keywords%3Dlaptop%26qid%3D1729745486%26sprefix%3Dlaptop%252Caps%252C128%26sr%3D8-1068-spons%26sp_csd%3Dd2lkZ2V0TmFtZT1zcF9idGY%26psc%3D1,"1,335.00",3.4,32,Not available
"Dell Latitude 7420 Laptop | 14"" 1920x1080 FHD | Core i7-1185G7-512GB SSD Hard Drive - 32GB RAM | 4 cores @ 4.4 GHz Win 11 Pro Black (Renewed)",https://www.amazon.ca/sspa/click?ie=UTF8&spc=MTo1NTA3MzQ3MTI4MzA3MTAwOjE3Mjk3NDU0ODY6c3BfYnRmOjMwMDAyODE2MTAzNDkwMjo6MDo6&url=%2FDell-Latitude-7420-Laptop-i7-512GB%2Fdp%2FB0BHPY14X7%2Fref%3Dsr_1_1067_sspa%3Fcrid%3D1E63C3THFEGDP%26keywords%3Dlaptop%26qid%3D1729745486%26sprefix%3Dlaptop%252Caps%252C128%26sr%3D8-1067-spons%26sp_csd%3Dd2lkZ2V0TmFtZT1zcF9idGY%26psc%3D1,"1,399.99",$30 delivery Oct 29 - 31 ,Only 1 left in stock.,Not available
"Acer Swift 3 SF314-511-52EE, 14"" FHD 1920x1080 IPS EVO Laptop, Intel Core i5-1135G7, 8GB LPDDR4X RAM, 512GB SSD, Windows 11 Home",https://www.amazon.ca/sspa/click?ie=UTF8&spc=MTo1NTA3MzQ3MTI4MzA3MTAwOjE3Mjk3NDU0ODY6c3BfbXRmOjMwMDQ2NTE1Njg5NzIwMjo6MDo6&url=%2FAcer-SF314-511-52EE-1920x1080-i5-1135G7-LPDDR4X%2Fdp%2FB0CP895B6V%2Fref%3Dsr_1_1061_sspa%3Fcrid%3D1E63C3THFEGDP%26keywords%3Dlaptop%26qid%3D1729745486%26sprefix%3Dlaptop%252Caps%252C128%26sr%3D8-1061-spons%26sp_csd%3Dd2lkZ2V0TmFtZT1zcF9tdGY%26psc%3D1,599.99,4.8,8,Not available
"Dell Precision 3470 Mobile Workstation 14"" FHD Laptop - Intel Core i5-1250P, 16GB RAM, 256GB SSD, Windows 10 Pro - Titan Gray (MGHV1)",https://www.amazon.ca/sspa/click?ie=UTF8&spc=MTo1NTA3MzQ3MTI4MzA3MTAwOjE3Mjk3NDU0ODY6c3BfbXRmOjMwMDEzMzU1MjE1ODIwMjo6MDo6&url=%2FDell-Precision-3470-Mobile-Workstation%2Fdp%2FB0BBGT2CL8%2Fref%3Dsr_1_1063_sspa%3Fcrid%3D1E63C3THFEGDP%26keywords%3Dlaptop%26qid%3D1729745486%26sprefix%3Dlaptop%252Caps%252C128%26sr%3D8-1063-spons%26sp_csd%3Dd2lkZ2V0TmFtZT1zcF9tdGY%26psc%3D1,749.99,"FREE delivery Sun, Oct 27 ",No reviews available,Not available
"Dell Inspiron 3530 Laptop - 15.6-inch FHD 120Hz Display, Intel Core i5-1334U Processor, 16GB DDR4 RAM, 512GB SSD, Intel Iris Xe Graphics, Windows 11 Home, Migrate Services - Platinum Silver (Aluminum)",https://www.amazon.ca/sspa/click?ie=UTF8&spc=MTo1NTA3MzQ3MTI4MzA3MTAwOjE3Mjk3NDU0ODY6c3BfYnRmOjMwMDQ2NTE1Njg5NzAwMjo6MDo6&url=%2FDell-Inspiron-3530-Laptop-15-6-inch%2Fdp%2FB0D1KS5VX9%2Fref%3Dsr_1_1065_sspa%3Fcrid%3D1E63C3THFEGDP%26keywords%3Dlaptop%26qid%3D1729745486%26sprefix%3Dlaptop%252Caps%252C128%26sr%3D8-1065-spons%26sp_csd%3Dd2lkZ2V0TmFtZT1zcF9idGY%26psc%3D1,849.99,4.0,194,Not available
LG gram 17 Inch Laptop with WQXGA (2560 * 1600) IPS Touch Display | 16GB | 512GB,https://www.amazon.ca/sspa/click?ie=UTF8&spc=MTo1NTA3MzQ3MTI4MzA3MTAwOjE3Mjk3NDU0ODY6c3BfbXRmOjMwMDM0NTY5NTIzMTMwMjo6MDo6&url=%2FLG-Laptop-WQXGA-Touch-Display%2Fdp%2FB0CVV92SGH%2Fref%3Dsr_1_1064_sspa%3Fcrid%3D1E63C3THFEGDP%26keywords%3Dlaptop%26qid%3D1729745486%26sprefix%3Dlaptop%252Caps%252C128%26sr%3D8-1064-spons%26sp_csd%3Dd2lkZ2V0TmFtZT1zcF9tdGY%26psc%3D1,"1,899.99",4.6,6,Not available
"Dell Inspiron 16 Laptop 5640-16.0-inch 16:10 FHD+ (1920 x 1200) Display, Intel Core 7-150U Processor, 16GB DDR5 RAM, 1TB SSD, Intel Graphics, Windows 11 Pro, Onsite & Migrate Service - Midnight Blue",https://www.amazon.ca/sspa/click?ie=UTF8&spc=MTo1NTA3MzQ3MTI4MzA3MTAwOjE3Mjk3NDU0ODY6c3BfYnRmOjMwMDMwMDY3Njk2NzgwMjo6MDo6&url=%2FDell-Inspiron-Laptop-5640-16-0-inch-Processor%2Fdp%2FB0D1KQLRR8%2Fref%3Dsr_1_1066_sspa%3Fcrid%3D1E63C3THFEGDP%26keywords%3Dlaptop%26qid%3D1729745486%26sprefix%3Dlaptop%252Caps%252C128%26sr%3D8-1066-spons%26sp_csd%3Dd2lkZ2V0TmFtZT1zcF9idGY%26psc%3D1,"1,229.99",4.3,205,Not available
"HP EliteBook 845 G8 14"" FHD Business Laptop, AMD Ryzen 5 PRO 5650U, 64GB RAM, 2TB SSD, AMD Radeon Graphics, Fingerprint Reader, HD Camera, Wi‑Fi 6, Win 11 Pro, Silver, 32GB Hotface USB Card",https://www.amazon.ca/sspa/click?ie=UTF8&spc=MTo1NTA3MzQ3MTI4MzA3MTAwOjE3Mjk3NDU0ODY6c3BfYXRmX25leHQ6MzAwMzY5MDgxMDcwNjAyOjowOjo&url=%2FHP-EliteBook-Business-Graphics-Fingerprint%2Fdp%2FB0CW2M9Y6X%2Fref%3Dsr_1_1059_sspa%3Fcrid%3D1E63C3THFEGDP%26keywords%3Dlaptop%26qid%3D1729745486%26sprefix%3Dlaptop%252Caps%252C128%26sr%3D8-1059-spons%26sp_csd%3Dd2lkZ2V0TmFtZT1zcF9hdGZfbmV4dA%26psc%3D1,"1,149.00",4.7,15,Not available
"Acer Aspire 3 A315-59-590J-CA, 15.6"" FHD 1920x1080 Laptop, Intel CoreTM i5-1235U, Intel UHD Graphics, 16GB RAM, 512GB SSD, Windows 11 Home",https://www.amazon.ca/sspa/click?ie=UTF8&spc=MTo1NTA3MzQ3MTI4MzA3MTAwOjE3Mjk3NDU0ODY6c3BfbXRmOjMwMDQ2NTE1Njg5NzEwMjo6MDo6&url=%2FAcer-A315-59-590J-CA-1920x1080-i5-1235U-Graphics%2Fdp%2FB0D1ZFBPFV%2Fref%3Dsr_1_1062_sspa%3Fcrid%3D1E63C3THFEGDP%26keywords%3Dlaptop%26qid%3D1729745486%26sprefix%3Dlaptop%252Caps%252C128%26sr%3D8-1062-spons%26sp_csd%3Dd2lkZ2V0TmFtZT1zcF9tdGY%26psc%3D1,699.99,5.0,2,Not available
"HP 15.6"" FHD Laptop, Intel i3-1215U, 32GB RAM, 1TB SSD, Intel UHD Graphics, HD Webcam, Numpad, Wi-Fi 6, Bluetooth, Gray, Windows 11 Pro, 32GB Hotface USB Card",https://www.amazon.ca/sspa/click?ie=UTF8&spc=MTozMTc0ODczNTA4NTYwNzkwOjE3Mjk3NDU0ODg6c3Bfc2VhcmNoX3RoZW1hdGljOjMwMDM3MTE2NTE0MjQwMjo6NDo6&url=%2FHP-i3-1215U-Graphics-Bluetooth-Windows%2Fdp%2FB0CPHRTBL5%2Fref%3Dsxin_15_pa_sp_search_thematic_sspa%3Fcontent-id%3Damzn1.sym.ead4008e-f313-4943-84c5-6b44d3477e63%253Aamzn1.sym.ead4008e-f313-4943-84c5-6b44d3477e63%26crid%3D1E63C3THFEGDP%26cv_ct_cx%3Dlaptop%26dib%3DeyJ2IjoiMSJ9.FHHSlSumQWWMhfDkkPD88GQ04Tr_ECdjWOpHMMeb_zXUU6uNsfMXu_8uv7_4SY2sdyaRyUnjoyUDq5Ja14P-Sw.4PdFwldXhaK-HumDs75EnZ57tyMvIynNpnMstAIr2mU%26dib_tag%3Dse%26keywords%3Dlaptop%26pd_rd_i%3DB0CPHRTBL5%26pd_rd_r%3D04b6da08-7cfc-41f2-878a-be48b9a25e13%26pd_rd_w%3DVli9m%26pd_rd_wg%3DdKptU%26pf_rd_p%3Dead4008e-f313-4943-84c5-6b44d3477e63%26pf_rd_r%3D4F8H4SSV08J3X8N567TY%26qid%3D1729745488%26sbo%3DRZvfv%252F%252FHxDF%252BO5021pAnSA%253D%253D%26sprefix%3Dlaptop%252Caps%252C128%26sr%3D1-1541-1cd13166-e9fe-46a7-89b4-109ca0ed00af-spons%26sp_csd%3Dd2lkZ2V0TmFtZT1zcF9zZWFyY2hfdGhlbWF0aWM%26psc%3D1,739.00,4.1,151,Not available
"LG gram 17"" WQXGA Lightweight Business Laptop, 13th Gen Intel Core i7-1360P, 16GB LPDDR4X RAM, 512GB PCIe SSD, Intel Iris Xe, Backlit Keyboard, Wi-Fi 6E, Win 11 Pro, Black, 32GB Hotface USB Card",https://www.amazon.ca/sspa/click?ie=UTF8&spc=MTozMTc0ODczNTA4NTYwNzkwOjE3Mjk3NDU0ODg6c3Bfc2VhcmNoX3RoZW1hdGljOjMwMDA5NzIzMDY4MTcwMjo6MDo6&url=%2FLG-gram-17-Lightweight-Business%2Fdp%2FB0CP3Q6HF3%2Fref%3Dsxin_15_pa_sp_search_thematic_sspa%3Fcontent-id%3Damzn1.sym.ead4008e-f313-4943-84c5-6b44d3477e63%253Aamzn1.sym.ead4008e-f313-4943-84c5-6b44d3477e63%26crid%3D1E63C3THFEGDP%26cv_ct_cx%3Dlaptop%26dib%3DeyJ2IjoiMSJ9.FHHSlSumQWWMhfDkkPD88GQ04Tr_ECdjWOpHMMeb_zXUU6uNsfMXu_8uv7_4SY2sdyaRyUnjoyUDq5Ja14P-Sw.4PdFwldXhaK-HumDs75EnZ57tyMvIynNpnMstAIr2mU%26dib_tag%3Dse%26keywords%3Dlaptop%26pd_rd_i%3DB0CP3Q6HF3%26pd_rd_r%3D04b6da08-7cfc-41f2-878a-be48b9a25e13%26pd_rd_w%3DVli9m%26pd_rd_wg%3DdKptU%26pf_rd_p%3Dead4008e-f313-4943-84c5-6b44d3477e63%26pf_rd_r%3D4F8H4SSV08J3X8N567TY%26qid%3D1729745488%26sbo%3DRZvfv%252F%252FHxDF%252BO5021pAnSA%253D%253D%26sprefix%3Dlaptop%252Caps%252C128%26sr%3D1-1537-1cd13166-e9fe-46a7-89b4-109ca0ed00af-spons%26sp_csd%3Dd2lkZ2V0TmFtZT1zcF9zZWFyY2hfdGhlbWF0aWM%26psc%3D1,"1,679.00",4.4,508,Not available
"ASUS Vivobook 15.6"" FHD Touchscreen Laptop, Intel i5-1135G7 Processor, 36GB RAM, 1TB PCIe SSD, Intel Iris Xe Graphics, Number Pad, Bluetooth, Win 11 Pro, Gray, 32GB Hotface USB Card",https://www.amazon.ca/sspa/click?ie=UTF8&spc=MTozMTc0ODczNTA4NTYwNzkwOjE3Mjk3NDU0ODg6c3Bfc2VhcmNoX3RoZW1hdGljOjMwMDM3MzIzNDk5NjQwMjo6MTo6&url=%2FASUS-Vivobook-Touchscreen-i5-1135G7-Processor%2Fdp%2FB0CSFGYJN2%2Fref%3Dsxin_15_pa_sp_search_thematic_sspa%3Fcontent-id%3Damzn1.sym.ead4008e-f313-4943-84c5-6b44d3477e63%253Aamzn1.sym.ead4008e-f313-4943-84c5-6b44d3477e63%26crid%3D1E63C3THFEGDP%26cv_ct_cx%3Dlaptop%26dib%3DeyJ2IjoiMSJ9.FHHSlSumQWWMhfDkkPD88GQ04Tr_ECdjWOpHMMeb_zXUU6uNsfMXu_8uv7_4SY2sdyaRyUnjoyUDq5Ja14P-Sw.4PdFwldXhaK-HumDs75EnZ57tyMvIynNpnMstAIr2mU%26dib_tag%3Dse%26keywords%3Dlaptop%26pd_rd_i%3DB0CSFGYJN2%26pd_rd_r%3D04b6da08-7cfc-41f2-878a-be48b9a25e13%26pd_rd_w%3DVli9m%26pd_rd_wg%3DdKptU%26pf_rd_p%3Dead4008e-f313-4943-84c5-6b44d3477e63%26pf_rd_r%3D4F8H4SSV08J3X8N567TY%26qid%3D1729745488%26sbo%3DRZvfv%252F%252FHxDF%252BO5021pAnSA%253D%253D%26sprefix%3Dlaptop%252Caps%252C128%26sr%3D1-1538-1cd13166-e9fe-46a7-89b4-109ca0ed00af-spons%26sp_csd%3Dd2lkZ2V0TmFtZT1zcF9zZWFyY2hfdGhlbWF0aWM%26psc%3D1,879.00,4.1,109,Not available
"Ruzava 14"" Laptop 8GB DDR4 256GB SSD Celeron N5095 (Up to 2.9Ghz) 4-Core Win 11 PC with Cooling Fan 1920 * 1200 2K FHD Screen Dual WiFi Support 1TB SSD Expand for Business Study-Pink",https://www.amazon.ca/sspa/click?ie=UTF8&spc=MTozMTc0ODczNTA4NTYwNzkwOjE3Mjk3NDU0ODg6c3Bfc2VhcmNoX3RoZW1hdGljOjMwMDAyNDY5MzYzMzYwMjo6Mjo6&url=%2FRuzava-Aocwei-Cooling-Support-Study-Pink%2Fdp%2FB0CBKJRW39%2Fref%3Dsxin_15_pa_sp_search_thematic_sspa%3Fcontent-id%3Damzn1.sym.ead4008e-f313-4943-84c5-6b44d3477e63%253Aamzn1.sym.ead4008e-f313-4943-84c5-6b44d3477e63%26crid%3D1E63C3THFEGDP%26cv_ct_cx%3Dlaptop%26dib%3DeyJ2IjoiMSJ9.FHHSlSumQWWMhfDkkPD88GQ04Tr_ECdjWOpHMMeb_zXUU6uNsfMXu_8uv7_4SY2sdyaRyUnjoyUDq5Ja14P-Sw.4PdFwldXhaK-HumDs75EnZ57tyMvIynNpnMstAIr2mU%26dib_tag%3Dse%26keywords%3Dlaptop%26pd_rd_i%3DB0CBKJRW39%26pd_rd_r%3D04b6da08-7cfc-41f2-878a-be48b9a25e13%26pd_rd_w%3DVli9m%26pd_rd_wg%3DdKptU%26pf_rd_p%3Dead4008e-f313-4943-84c5-6b44d3477e63%26pf_rd_r%3D4F8H4SSV08J3X8N567TY%26qid%3D1729745488%26sbo%3DRZvfv%252F%252FHxDF%252BO5021pAnSA%253D%253D%26sprefix%3Dlaptop%252Caps%252C128%26sr%3D1-1539-1cd13166-e9fe-46a7-89b4-109ca0ed00af-spons%26sp_csd%3Dd2lkZ2V0TmFtZT1zcF9zZWFyY2hfdGhlbWF0aWM%26psc%3D1,330.68,4.4,137,Not available
"Lenovo Ideapad 1i 15.6"" FHD Touchscreen Laptop, Intel i3-1215U, 8GB RAM, 416GB Storage(256GB SSD+160GB Docking Station Set), Intel UHD Graphics, Numeric Keypad, Windows 11 Pro, Gray",https://www.amazon.ca/sspa/click?ie=UTF8&spc=MTozMTc0ODczNTA4NTYwNzkwOjE3Mjk3NDU0ODg6c3Bfc2VhcmNoX3RoZW1hdGljOjMwMDM2OTAwOTgyODIwMjo6Mzo6&url=%2FLenovo-Ideapad-1i-Touchscreen-i3-1215U%2Fdp%2FB0D5HMDLG6%2Fref%3Dsxin_15_pa_sp_search_thematic_sspa%3Fcontent-id%3Damzn1.sym.ead4008e-f313-4943-84c5-6b44d3477e63%253Aamzn1.sym.ead4008e-f313-4943-84c5-6b44d3477e63%26crid%3D1E63C3THFEGDP%26cv_ct_cx%3Dlaptop%26dib%3DeyJ2IjoiMSJ9.FHHSlSumQWWMhfDkkPD88GQ04Tr_ECdjWOpHMMeb_zXUU6uNsfMXu_8uv7_4SY2sdyaRyUnjoyUDq5Ja14P-Sw.4PdFwldXhaK-HumDs75EnZ57tyMvIynNpnMstAIr2mU%26dib_tag%3Dse%26keywords%3Dlaptop%26pd_rd_i%3DB0D5HMDLG6%26pd_rd_r%3D04b6da08-7cfc-41f2-878a-be48b9a25e13%26pd_rd_w%3DVli9m%26pd_rd_wg%3DdKptU%26pf_rd_p%3Dead4008e-f313-4943-84c5-6b44d3477e63%26pf_rd_r%3D4F8H4SSV08J3X8N567TY%26qid%3D1729745488%26sbo%3DRZvfv%252F%252FHxDF%252BO5021pAnSA%253D%253D%26sprefix%3Dlaptop%252Caps%252C128%26sr%3D1-1540-1cd13166-e9fe-46a7-89b4-109ca0ed00af-spons%26sp_csd%3Dd2lkZ2V0TmFtZT1zcF9zZWFyY2hfdGhlbWF0aWM%26psc%3D1,559.00,4.5,637,Not available
"Samsung Galaxy Book4 Laptop, 15.6"", Intel i7, 16GB RAM, 512GB Storage - Moonstone Gray",https://www.amazon.ca/sspa/click?ie=UTF8&spc=MTo1NTA3MzQ3MTI4MzA3MTAwOjE3Mjk3NDU0ODY6c3BfYXRmX25leHQ6MzAwNDY1MTU2ODk2NTAyOjowOjo&url=%2FSamsung-Galaxy-Book4-Laptop-Storage%2Fdp%2FB0CV7GF9L6%2Fref%3Dsr_1_1058_sspa%3Fcrid%3D1E63C3THFEGDP%26keywords%3Dlaptop%26qid%3D1729745486%26sprefix%3Dlaptop%252Caps%252C128%26sr%3D8-1058-spons%26sp_csd%3Dd2lkZ2V0TmFtZT1zcF9hdGZfbmV4dA%26psc%3D1,899.99,3.7,50,Not available
"HP Spectre x360 14 inch 2-in-1 Laptop, 2.8K OLED Touchscreen, Intel Evo Powered by Intel Core Ultra 5 125H, 16 GB RAM, 512 GB SSD, Intel Arc Graphics, Windows 11 Home, Fingerprint Reader, 14-eu0060ca",https://www.amazon.ca/sspa/click?ie=UTF8&spc=MTo1NTA3MzQ3MTI4MzA3MTAwOjE3Mjk3NDU0ODY6c3BfYXRmX25leHQ6MzAwMjk3MDc2MzMxMDAyOjowOjo&url=%2FHP-Touchscreen-Graphics-Fingerprint-14-eu0060ca%2Fdp%2FB0CSVBPG5S%2Fref%3Dsr_1_1057_sspa%3Fcrid%3D1E63C3THFEGDP%26keywords%3Dlaptop%26qid%3D1729745486%26sprefix%3Dlaptop%252Caps%252C128%26sr%3D8-1057-spons%26sp_csd%3Dd2lkZ2V0TmFtZT1zcF9hdGZfbmV4dA%26psc%3D1,"1,809.99",4.7,9,Not available
"Lenovo Ideapad 1i 15.6"" FHD Touchscreen Laptop, Intel i3-1215U, 40GB RAM, 2.16TB Storage(2TB SSD+160GB Docking Station Set), Intel UHD Graphics, Numeric Keypad, Windows 11 Pro, Gray",https://www.amazon.ca/sspa/click?ie=UTF8&spc=MTozMTI2MDQ4MzQxNDM4MjgwOjE3Mjk3NDU0ODY6c3Bfc2VhcmNoX3RoZW1hdGljOjMwMDQwODAwNTE3OTMwMjo6NDo6&url=%2FLenovo-Ideapad-1i-Touchscreen-i3-1215U%2Fdp%2FB0D5HL2D6Y%2Fref%3Dsxin_15_pa_sp_search_thematic_sspa%3Fcontent-id%3Damzn1.sym.ead4008e-f313-4943-84c5-6b44d3477e63%253Aamzn1.sym.ead4008e-f313-4943-84c5-6b44d3477e63%26crid%3D1E63C3THFEGDP%26cv_ct_cx%3Dlaptop%26dib%3DeyJ2IjoiMSJ9.wEJptN0Ngz6wzR67QfzX7FAVhbm98gtO3ijB-47Z3LASTgLxjOHrLqDB6H2xn-Dbr-cNUpTA4CthETFseKRHRQ.uGkbKX4waG5d7gc8B0kGqfDCsdFxpUbhsdOYydtUWzE%26dib_tag%3Dse%26keywords%3Dlaptop%26pd_rd_i%3DB0D5HL2D6Y%26pd_rd_r%3Dfad3e50d-d15b-4471-be04-83edd3129ef4%26pd_rd_w%3DQPBst%26pd_rd_wg%3DLxC6X%26pf_rd_p%3Dead4008e-f313-4943-84c5-6b44d3477e63%26pf_rd_r%3DS5WX7K86QEH956PGGEEP%26qid%3D1729745486%26sbo%3DRZvfv%252F%252FHxDF%252BO5021pAnSA%253D%253D%26sprefix%3Dlaptop%252Caps%252C128%26sr%3D1-965-1cd13166-e9fe-46a7-89b4-109ca0ed00af-spons%26sp_csd%3Dd2lkZ2V0TmFtZT1zcF9zZWFyY2hfdGhlbWF0aWM%26psc%3D1,839.00,4.5,637,Not available
No title available,https://www.amazon.ca/s?k=hp+laptop&ref=rsl_sug_0_0&pd_rd_w=oLTuJ&content-id=amzn1.sym.44e6e7c3-130a-4bef-a9b7-4368915a8293:amzn1.sym.44e6e7c3-130a-4bef-a9b7-4368915a8293&pf_rd_p=44e6e7c3-130a-4bef-a9b7-4368915a8293&pf_rd_r=MTY92C54MTDYPV69V1BB&pd_rd_wg=jmKNe&pd_rd_r=da0e63f3-ddf1-4693-8842-02317df9cf30&qid=1729745487,Price not available,Rating not available,hp laptop,Not available
"ASUS VivoBook 15.6"" FHD Touchscreen Laptop, Intel i7-1255U, 16GB RAM, 512GB PCIe SSD, Intel Iris Xe Graphics, Backlit Keyboard, WiFi 6, Win 11 Pro, Quiet Blue, 32GB Hotface USB Card",https://www.amazon.ca/sspa/click?ie=UTF8&spc=MTozMTI2MDQ4MzQxNDM4MjgwOjE3Mjk3NDU0ODY6c3Bfc2VhcmNoX3RoZW1hdGljOjMwMDM3MzQwMjEwMDcwMjo6Mzo6&url=%2FASUS-VivoBook-Touchscreen-i7-1255U-Graphics%2Fdp%2FB0CSYZ4YP7%2Fref%3Dsxin_15_pa_sp_search_thematic_sspa%3Fcontent-id%3Damzn1.sym.ead4008e-f313-4943-84c5-6b44d3477e63%253Aamzn1.sym.ead4008e-f313-4943-84c5-6b44d3477e63%26crid%3D1E63C3THFEGDP%26cv_ct_cx%3Dlaptop%26dib%3DeyJ2IjoiMSJ9.wEJptN0Ngz6wzR67QfzX7FAVhbm98gtO3ijB-47Z3LASTgLxjOHrLqDB6H2xn-Dbr-cNUpTA4CthETFseKRHRQ.uGkbKX4waG5d7gc8B0kGqfDCsdFxpUbhsdOYydtUWzE%26dib_tag%3Dse%26keywords%3Dlaptop%26pd_rd_i%3DB0CSYZ4YP7%26pd_rd_r%3Dfad3e50d-d15b-4471-be04-83edd3129ef4%26pd_rd_w%3DQPBst%26pd_rd_wg%3DLxC6X%26pf_rd_p%3Dead4008e-f313-4943-84c5-6b44d3477e63%26pf_rd_r%3DS5WX7K86QEH956PGGEEP%26qid%3D1729745486%26sbo%3DRZvfv%252F%252FHxDF%252BO5021pAnSA%253D%253D%26sprefix%3Dlaptop%252Caps%252C128%26sr%3D1-964-1cd13166-e9fe-46a7-89b4-109ca0ed00af-spons%26sp_csd%3Dd2lkZ2V0TmFtZT1zcF9zZWFyY2hfdGhlbWF0aWM%26psc%3D1,919.00,4.0,252,Not available
ACEMAGIC Laptop Computer AMD Ryzen 7 5700U Gaming Laptop 16GB DDR4 512GB M.2 2280 NVMe SSD Windows Laptop Office Laptops Home Laptops Windows11 16.1-inch IPS FHD WIFI6 BT5.2 HDMI Type-C USB3.2,https://www.amazon.ca/sspa/click?ie=UTF8&spc=MTozMTI2MDQ4MzQxNDM4MjgwOjE3Mjk3NDU0ODY6c3Bfc2VhcmNoX3RoZW1hdGljOjMwMDMyOTQyNzI1ODAwMjo6MDo6&url=%2FACEMAGIC-i7-1265U-Windows-Graphics-Backlit%2Fdp%2FB0CPYCV9BM%2Fref%3Dsxin_15_pa_sp_search_thematic_sspa%3Fcontent-id%3Damzn1.sym.ead4008e-f313-4943-84c5-6b44d3477e63%253Aamzn1.sym.ead4008e-f313-4943-84c5-6b44d3477e63%26crid%3D1E63C3THFEGDP%26cv_ct_cx%3Dlaptop%26dib%3DeyJ2IjoiMSJ9.wEJptN0Ngz6wzR67QfzX7FAVhbm98gtO3ijB-47Z3LASTgLxjOHrLqDB6H2xn-Dbr-cNUpTA4CthETFseKRHRQ.uGkbKX4waG5d7gc8B0kGqfDCsdFxpUbhsdOYydtUWzE%26dib_tag%3Dse%26keywords%3Dlaptop%26pd_rd_i%3DB0CPYCV9BM%26pd_rd_r%3Dfad3e50d-d15b-4471-be04-83edd3129ef4%26pd_rd_w%3DQPBst%26pd_rd_wg%3DLxC6X%26pf_rd_p%3Dead4008e-f313-4943-84c5-6b44d3477e63%26pf_rd_r%3DS5WX7K86QEH956PGGEEP%26qid%3D1729745486%26sbo%3DRZvfv%252F%252FHxDF%252BO5021pAnSA%253D%253D%26sprefix%3Dlaptop%252Caps%252C128%26sr%3D1-961-1cd13166-e9fe-46a7-89b4-109ca0ed00af-spons%26sp_csd%3Dd2lkZ2V0TmFtZT1zcF9zZWFyY2hfdGhlbWF0aWM%26psc%3D1,899.99,4.1,120,Not available
"ASUS Vivobook 15.6"" FHD Touchscreen Laptop, Intel i5-1135G7 Processor, 36GB RAM, 2TB PCIe SSD, Intel Iris Xe Graphics, Number Pad, Bluetooth, Win 11 Pro, Gray, 32GB Hotface USB Card",https://www.amazon.ca/sspa/click?ie=UTF8&spc=MTozMTI2MDQ4MzQxNDM4MjgwOjE3Mjk3NDU0ODY6c3Bfc2VhcmNoX3RoZW1hdGljOjMwMDM3MzIzNDk5NjUwMjo6MTo6&url=%2FASUS-Vivobook-Touchscreen-i5-1135G7-Processor%2Fdp%2FB0CSF2FP9S%2Fref%3Dsxin_15_pa_sp_search_thematic_sspa%3Fcontent-id%3Damzn1.sym.ead4008e-f313-4943-84c5-6b44d3477e63%253Aamzn1.sym.ead4008e-f313-4943-84c5-6b44d3477e63%26crid%3D1E63C3THFEGDP%26cv_ct_cx%3Dlaptop%26dib%3DeyJ2IjoiMSJ9.wEJptN0Ngz6wzR67QfzX7FAVhbm98gtO3ijB-47Z3LASTgLxjOHrLqDB6H2xn-Dbr-cNUpTA4CthETFseKRHRQ.uGkbKX4waG5d7gc8B0kGqfDCsdFxpUbhsdOYydtUWzE%26dib_tag%3Dse%26keywords%3Dlaptop%26pd_rd_i%3DB0CSF2FP9S%26pd_rd_r%3Dfad3e50d-d15b-4471-be04-83edd3129ef4%26pd_rd_w%3DQPBst%26pd_rd_wg%3DLxC6X%26pf_rd_p%3Dead4008e-f313-4943-84c5-6b44d3477e63%26pf_rd_r%3DS5WX7K86QEH956PGGEEP%26qid%3D1729745486%26sbo%3DRZvfv%252F%252FHxDF%252BO5021pAnSA%253D%253D%26sprefix%3Dlaptop%252Caps%252C128%26sr%3D1-962-1cd13166-e9fe-46a7-89b4-109ca0ed00af-spons%26sp_csd%3Dd2lkZ2V0TmFtZT1zcF9zZWFyY2hfdGhlbWF0aWM%26psc%3D1,929.00,4.1,109,Not available
"LG gram 17"" WQXGA Lightweight Business Laptop, 13th Gen Intel Core i7-1360P, 16GB LPDDR4X RAM, 1TB PCIe SSD, Intel Iris Xe, Backlit Keyboard, Wi-Fi 6E, Win 11 Pro, Black, 32GB Hotface USB Card",https://www.amazon.ca/sspa/click?ie=UTF8&spc=MTozMTI2MDQ4MzQxNDM4MjgwOjE3Mjk3NDU0ODY6c3Bfc2VhcmNoX3RoZW1hdGljOjMwMDA5NzIzMDY4MTUwMjo6Mjo6&url=%2FLG-gram-17-Lightweight-Business%2Fdp%2FB0CP3PXKTK%2Fref%3Dsxin_15_pa_sp_search_thematic_sspa%3Fcontent-id%3Damzn1.sym.ead4008e-f313-4943-84c5-6b44d3477e63%253Aamzn1.sym.ead4008e-f313-4943-84c5-6b44d3477e63%26crid%3D1E63C3THFEGDP%26cv_ct_cx%3Dlaptop%26dib%3DeyJ2IjoiMSJ9.wEJptN0Ngz6wzR67QfzX7FAVhbm98gtO3ijB-47Z3LASTgLxjOHrLqDB6H2xn-Dbr-cNUpTA4CthETFseKRHRQ.uGkbKX4waG5d7gc8B0kGqfDCsdFxpUbhsdOYydtUWzE%26dib_tag%3Dse%26keywords%3Dlaptop%26pd_rd_i%3DB0CP3PXKTK%26pd_rd_r%3Dfad3e50d-d15b-4471-be04-83edd3129ef4%26pd_rd_w%3DQPBst%26pd_rd_wg%3DLxC6X%26pf_rd_p%3Dead4008e-f313-4943-84c5-6b44d3477e63%26pf_rd_r%3DS5WX7K86QEH956PGGEEP%26qid%3D1729745486%26sbo%3DRZvfv%252F%252FHxDF%252BO5021pAnSA%253D%253D%26sprefix%3Dlaptop%252Caps%252C128%26sr%3D1-963-1cd13166-e9fe-46a7-89b4-109ca0ed00af-spons%26sp_csd%3Dd2lkZ2V0TmFtZT1zcF9zZWFyY2hfdGhlbWF0aWM%26psc%3D1,"1,749.00",4.4,508,Not available
"HP EliteBook 845 G8 14"" FHD Business Laptop, AMD Ryzen 5 PRO 5650U, 16GB RAM, 512GB SSD, AMD Radeon Graphics, Fingerprint Reader, HD Camera, Wi‑Fi 6, Win 11 Pro, Silver, 32GB Hotface USB Card",https://www.amazon.ca/sspa/click?ie=UTF8&spc=MTo1NTA3MzQ3MTI4MzA3MTAwOjE3Mjk3NDU0ODY6c3BfYXRmX25leHQ6MzAwMzY5MDgxMDcwNDAyOjowOjo&url=%2FHP-EliteBook-Business-Graphics-Fingerprint%2Fdp%2FB0CW2HKNLT%2Fref%3Dsr_1_1060_sspa%3Fcrid%3D1E63C3THFEGDP%26keywords%3Dlaptop%26qid%3D1729745486%26sprefix%3Dlaptop%252Caps%252C128%26sr%3D8-1060-spons%26sp_csd%3Dd2lkZ2V0TmFtZT1zcF9hdGZfbmV4dA%26psc%3D1,889.00,1.0,1,Not available
No title available,https://www.amazon.ca/s?k=hp+laptop&ref=rsl_sug_0_0&pd_rd_w=q0jHw&content-id=amzn1.sym.44e6e7c3-130a-4bef-a9b7-4368915a8293:amzn1.sym.44e6e7c3-130a-4bef-a9b7-4368915a8293&pf_rd_p=44e6e7c3-130a-4bef-a9b7-4368915a8293&pf_rd_r=BWE4W4M4SM4ER0C06RAC&pd_rd_wg=W7T23&pd_rd_r=da3709eb-3f7b-4f9d-b8cd-f74465591f86&qid=1729745486,Price not available,Rating not available,hp laptop,Not available
No title available,https://www.amazon.ca/s?k=hp+laptop&ref=rsl_sug_0_0&pd_rd_w=SfTLJ&content-id=amzn1.sym.44e6e7c3-130a-4bef-a9b7-4368915a8293:amzn1.sym.44e6e7c3-130a-4bef-a9b7-4368915a8293&pf_rd_p=44e6e7c3-130a-4bef-a9b7-4368915a8293&pf_rd_r=QJ62ZAFQ1DM25QXBN7SV&pd_rd_wg=k5L2E&pd_rd_r=f7a48814-a5b3-4022-ab1a-2e71b42792f2&qid=1729745487,Price not available,Rating not available,hp laptop,Not available
No title available,https://www.amazon.ca/s?k=hp+laptop&ref=rsl_sug_0_0&pd_rd_w=xbFIo&content-id=amzn1.sym.44e6e7c3-130a-4bef-a9b7-4368915a8293:amzn1.sym.44e6e7c3-130a-4bef-a9b7-4368915a8293&pf_rd_p=44e6e7c3-130a-4bef-a9b7-4368915a8293&pf_rd_r=5Y682Z74MFCQCVCTF7CW&pd_rd_wg=fm4RS&pd_rd_r=80333584-bf9d-4a84-ab05-8bfa144d4f12&qid=1729745486,Price not available,Rating not available,hp laptop,Not available
No title available,https://www.amazon.ca/s?k=hp+laptop&ref=rsl_sug_0_0&pd_rd_w=84a9q&content-id=amzn1.sym.44e6e7c3-130a-4bef-a9b7-4368915a8293:amzn1.sym.44e6e7c3-130a-4bef-a9b7-4368915a8293&pf_rd_p=44e6e7c3-130a-4bef-a9b7-4368915a8293&pf_rd_r=QFH26VHF9GSVZTN7K03V&pd_rd_wg=0AjoV&pd_rd_r=5d903669-6874-4928-ba0b-566eba13598a&qid=1729745490,Price not available,Rating not available,hp laptop,Not available
No title available,https://www.amazon.ca/s?k=hp+laptop&ref=rsl_sug_0_0&pd_rd_w=QCYhM&content-id=amzn1.sym.44e6e7c3-130a-4bef-a9b7-4368915a8293:amzn1.sym.44e6e7c3-130a-4bef-a9b7-4368915a8293&pf_rd_p=44e6e7c3-130a-4bef-a9b7-4368915a8293&pf_rd_r=ZZ725TFXT65KXPMZZ7XR&pd_rd_wg=Yx7cA&pd_rd_r=82b90b7d-3b89-4d16-ac11-73cc7868a09f&qid=1729745490,Price not available,Rating not available,hp laptop,Not available
"Lenovo ThinkPad P53 Laptop | 15.6"" 1920x1080 FHD | Core i7-9850H - 512GB SSD + 1TB HDD Hard Drive - 32GB RAM - Nvidia Quadro RTX 3000 | 6 cores @ 4.6 GHz - 4GB GDDR6 Win 10 Pro Black (Renewed)",https://www.amazon.ca/sspa/click?ie=UTF8&spc=MTo3ODIwOTU5Mjc0ODQzODE2OjE3Mjk3NDU0OTE6c3BfbXRmOjMwMDMzMzU2ODAwNTcwMjo6MDo6&url=%2FLenovo-ThinkPad-P53-Laptop-1920x1080%2Fdp%2FB0DBGVP7MK%2Fref%3Dsr_1_2456_sspa%3Fcrid%3D1E63C3THFEGDP%26keywords%3Dlaptop%26qid%3D1729745491%26sprefix%3Dlaptop%252Caps%252C128%26sr%3D8-2456-spons%26sp_csd%3Dd2lkZ2V0TmFtZT1zcF9tdGY%26psc%3D1,"1,449.99",$30 delivery Oct 29 - 31 ,No reviews available,Not available
"ASUS Zenbook DUO (2024), Dual 14” FHD OLED Touch Laptop, Intel Evo Certified, Intel Core Ultra 7 155H CPU, Intel Arc Graphics, 16GB Memory, 1TB SSD, Windows 11 Home, UX8406MA-DS71T-CA",https://www.amazon.ca/sspa/click?ie=UTF8&spc=MTo3ODIwOTU5Mjc0ODQzODE2OjE3Mjk3NDU0OTE6c3BfYnRmOjMwMDM0NTY5NTIzMDQwMjo6MDo6&url=%2FASUS-Zenbook-Certified-Graphics-UX8406MA-DS71T-CA%2Fdp%2FB0CTBF21XL%2Fref%3Dsr_1_2457_sspa%3Fcrid%3D1E63C3THFEGDP%26keywords%3Dlaptop%26qid%3D1729745491%26sprefix%3Dlaptop%252Caps%252C128%26sr%3D8-2457-spons%26sp_csd%3Dd2lkZ2V0TmFtZT1zcF9idGY%26psc%3D1,"1,899.97",3.4,14,Not available
"Acer Chromebook CB315 15.6"" HD Laptop - Intel Celeron N4020, 4GB RAM, 64GB eMMC, Chrome OS, Protective Sleeve Included (with Microfiber Cloth) - Silver",https://www.amazon.ca/sspa/click?ie=UTF8&spc=MTo3ODIwOTU5Mjc0ODQzODE2OjE3Mjk3NDU0OTE6c3BfYnRmOjMwMDMxNjg2NDcwNTQwMjo6MDo6&url=%2FAcer-Chromebook-CB315-15-6-Laptop%2Fdp%2FB0D3JBTL4L%2Fref%3Dsr_1_2458_sspa%3Fcrid%3D1E63C3THFEGDP%26keywords%3Dlaptop%26qid%3D1729745491%26sprefix%3Dlaptop%252Caps%252C128%26sr%3D8-2458-spons%26sp_csd%3Dd2lkZ2V0TmFtZT1zcF9idGY%26psc%3D1,279.99,"FREE delivery Sun, Oct 27 ",Only 9 left in stock.,Not available
"LeadsaiL Wireless Keyboard and Mouse Combo, Full-Sized Ergonomic Computer Keyboard with Phone Tablet Holder, 2.4GHz Silent Cordless Keyboard Mouse Set for Windows Laptop, PC, Desktop - Pink",https://www.amazon.ca/sspa/click?ie=UTF8&spc=MTo3ODIwOTU5Mjc0ODQzODE2OjE3Mjk3NDU0OTE6c3BfYnRmOjMwMDQ5NTY0MDg4NDEwMjo6MDo6&url=%2FWireless-Keyboard-Full-Sized-Ergonomic-Computer%2Fdp%2FB09YNC9SVM%2Fref%3Dsr_1_2460_sspa%3Fcrid%3D1E63C3THFEGDP%26keywords%3Dlaptop%26qid%3D1729745491%26sprefix%3Dlaptop%252Caps%252C128%26sr%3D8-2460-spons%26sp_csd%3Dd2lkZ2V0TmFtZT1zcF9idGY%26psc%3D1,37.99,4.4,926,Not available
"Dell Latitude 7370 Business Laptop with Backlict Keyboard, 13.3in FHD(1920x1080) Notebook, Intel Core M5-6Y54 Processor 2.8GHz, 8GB RAM, 256GB SSD, Windows 10 Pro (Renewed)",https://www.amazon.ca/sspa/click?ie=UTF8&spc=MTo3ODIwOTU5Mjc0ODQzODE2OjE3Mjk3NDU0OTE6c3BfYnRmOjMwMDQ2NDU5NzU3MjkwMjo6MDo6&url=%2FDell-Latitude-Laptop-Intel-Renewed%2Fdp%2FB0B111XQKP%2Fref%3Dsr_1_2459_sspa%3Fcrid%3D1E63C3THFEGDP%26keywords%3Dlaptop%26qid%3D1729745491%26sprefix%3Dlaptop%252Caps%252C128%26sr%3D8-2459-spons%26sp_csd%3Dd2lkZ2V0TmFtZT1zcF9idGY%26psc%3D1,239.00,2.1,3,Not available
"Dell Latitude 5590 15.6"" Touchscreen Laptop, Intel Core i5, 16GB RAM, 512GB SSD, Win11 Pro (Renewed)",https://www.amazon.ca/sspa/click?ie=UTF8&spc=MTo3ODIwOTU5Mjc0ODQzODE2OjE3Mjk3NDU0OTE6c3BfbXRmOjMwMDIwNjk1MjI5ODYwMjo6MDo6&url=%2FDell-Latitude-5590-Touchscreen-Renewed%2Fdp%2FB0D4WRQ533%2Fref%3Dsr_1_2454_sspa%3Fcrid%3D1E63C3THFEGDP%26keywords%3Dlaptop%26qid%3D1729745491%26sprefix%3Dlaptop%252Caps%252C128%26sr%3D8-2454-spons%26sp_csd%3Dd2lkZ2V0TmFtZT1zcF9tdGY%26psc%3D1,435.00,4.6,5,Not available
"Dell Latitude 7370 13.3"" Touchscreen Laptop, Intel Core M5, 8GB RAM, 256GB SSD, Win10 Pro (Renewed)",https://www.amazon.ca/sspa/click?ie=UTF8&spc=MTo3ODIwOTU5Mjc0ODQzODE2OjE3Mjk3NDU0OTE6c3BfbXRmOjMwMDQ3MTY5NDY3OTAwMjo6MDo6&url=%2FDell-Latitude-Touchscreen-Laptop-Renewed%2Fdp%2FB0CRWWSNRW%2Fref%3Dsr_1_2455_sspa%3Fcrid%3D1E63C3THFEGDP%26keywords%3Dlaptop%26qid%3D1729745491%26sprefix%3Dlaptop%252Caps%252C128%26sr%3D8-2455-spons%26sp_csd%3Dd2lkZ2V0TmFtZT1zcF9tdGY%26psc%3D1,275.00,5.0,1,Not available
"Android 14 Tablet with Keyboard, Headwolf WPad5 Tablet 10 inch with Widevine L1,1920 * 1200 FHD Display Android Tablet, 8GB+128GB Octa Core, 5500mAh, WiFi 6 Tablets",https://www.amazon.ca/sspa/click?ie=UTF8&spc=MTo0NTc0NTkzMDUzNTcwMTc6MTcyOTc0NTQ5MDpzcF9idGY6MzAwMjY1NDEyODU3NTAyOjowOjo&url=%2FAndroid-Keyboard-Headwolf-Widevine-Display%2Fdp%2FB0CXX82Y6W%2Fref%3Dsr_1_1738_sspa%3Fcrid%3D1E63C3THFEGDP%26keywords%3Dlaptop%26qid%3D1729745490%26sprefix%3Dlaptop%252Caps%252C128%26sr%3D8-1738-spons%26sp_csd%3Dd2lkZ2V0TmFtZT1zcF9idGY%26psc%3D1,189.99,4.3,148,Not available
"Lenovo ThinkPad X1 Carbon 6th gen Laptop, 14.0in FHD (1920x1080), Intel Core i7-8550U, 16GB LPDDR3, 512 GB Solid State Drive, Windows 10 Pro (Renewed)",https://www.amazon.ca/sspa/click?ie=UTF8&spc=MTo0NTc0NTkzMDUzNTcwMTc6MTcyOTc0NTQ5MDpzcF9idGY6MzAwMDI1OTczNzI2MzAyOjowOjo&url=%2FLenovo-ThinkPad-X1-Carbon-Refurbished%2Fdp%2FB07MLGSYFV%2Fref%3Dsr_1_1739_sspa%3Fcrid%3D1E63C3THFEGDP%26keywords%3Dlaptop%26qid%3D1729745490%26sprefix%3Dlaptop%252Caps%252C128%26sr%3D8-1739-spons%26sp_csd%3Dd2lkZ2V0TmFtZT1zcF9idGY%26psc%3D1,799.99,$30 delivery Oct 29 - 31 ,No reviews available,Not available
"fanxiang S100 128GB SSD SATA III 2.5"" Internal Solid State Drive, Read Speed up to 550MB/sec, Compatible with Laptop and PC",https://www.amazon.ca/sspa/click?ie=UTF8&spc=MTo3ODIwOTU5Mjc0ODQzODE2OjE3Mjk3NDU0OTE6c3BfYXRmX25leHQ6MzAwNDcyNjYxMDk1NjAyOjowOjo&url=%2Ffanxiang-S100-Internal-Compatible-Laptop%2Fdp%2FB0BX612GB7%2Fref%3Dsr_1_2452_sspa%3Fcrid%3D1E63C3THFEGDP%26keywords%3Dlaptop%26qid%3D1729745491%26sprefix%3Dlaptop%252Caps%252C128%26sr%3D8-2452-spons%26sp_csd%3Dd2lkZ2V0TmFtZT1zcF9hdGZfbmV4dA%26psc%3D1,18.99,4.5,568,Not available
2020 Dell Precision 5550 Laptop 15.6in - Xeon W-10855M - Six Core 5.1Ghz - 2TB SSD + 1TB SSD - 32GB RAM - Nvidia Quadro T2000 - 1920x1200 FHD+ - Windows 10 Pro (Renewed),https://www.amazon.ca/sspa/click?ie=UTF8&spc=MTo3ODIwOTU5Mjc0ODQzODE2OjE3Mjk3NDU0OTE6c3BfYXRmX25leHQ6MzAwMDEwMDg4Njg5MzAyOjowOjo&url=%2F2020-Dell-Precision-5550-Laptop%2Fdp%2FB096T67ZRS%2Fref%3Dsr_1_2450_sspa%3Fcrid%3D1E63C3THFEGDP%26keywords%3Dlaptop%26qid%3D1729745491%26sprefix%3Dlaptop%252Caps%252C128%26sr%3D8-2450-spons%26sp_csd%3Dd2lkZ2V0TmFtZT1zcF9hdGZfbmV4dA%26psc%3D1,"1,549.99",$30 delivery Oct 29 - 31 ,Only 1 left in stock.,Not available
"Ruzava 14"" Traditional Laptop 6GB DDR4 256GB SSD Celeron N4020(Up to 2.8Ghz) 2-Core Win 11 Notebook 1920x1080 FHD Dual WiFi BT 4.2 Support 512GB TF&1TB SSD Expand with Webcam for Business Study-Gold",https://www.amazon.ca/sspa/click?ie=UTF8&spc=MTo3ODIwOTU5Mjc0ODQzODE2OjE3Mjk3NDU0OTE6c3BfbXRmOjMwMDA0NjY2MzE0MzQwMjo6MDo6&url=%2FRuzava-Notebook-1920x1080-Wireless-Study-Gold%2Fdp%2FB0CBKJVWL4%2Fref%3Dsr_1_2453_sspa%3Fcrid%3D1E63C3THFEGDP%26keywords%3Dlaptop%26qid%3D1729745491%26sprefix%3Dlaptop%252Caps%252C128%26sr%3D8-2453-spons%26sp_csd%3Dd2lkZ2V0TmFtZT1zcF9tdGY%26psc%3D1,263.99,4.0,84,Not available
"2K Laptop Monitor Extender - 13"" IPS 1440P Dual Monitor Attachment Laptop Plug & Play Multiple Screens for 13""-17"" Laptop Compatible with Wins Mac Dex Chrome Travel Gaming Work",https://www.amazon.ca/sspa/click?ie=UTF8&spc=MTo0NTc0NTkzMDUzNTcwMTc6MTcyOTc0NTQ5MDpzcF9idGY6MzAwNDY0NTE3NjkyMzAyOjowOjo&url=%2FLaptop-Monitor-Extender-Attachment-Compatible%2Fdp%2FB0DCTD926B%2Fref%3Dsr_1_1740_sspa%3Fcrid%3D1E63C3THFEGDP%26keywords%3Dlaptop%26qid%3D1729745490%26sprefix%3Dlaptop%252Caps%252C128%26sr%3D8-1740-spons%26sp_csd%3Dd2lkZ2V0TmFtZT1zcF9idGY%26psc%3D1,299.99,5.0,8,Not available
"ProtoArc Foldable Keyboard and Mouse, XKM01 Folding Bluetooth Keyboard Mouse Combo for Business and Travel, 2.4G+Dual Bluetooth, Full-Size Portable Keyboard for Laptop iPad Tablets(Space Gray)",https://www.amazon.ca/sspa/click?ie=UTF8&spc=MTo3ODIwOTU5Mjc0ODQzODE2OjE3Mjk3NDU0OTE6c3BfYXRmX25leHQ6MzAwMTIyNzM3NjQ3MDAyOjowOjo&url=%2FProtoArc-Foldable-Keyboard-Bluetooth-Full-Size%2Fdp%2FB0BTNMVJ43%2Fref%3Dsr_1_2451_sspa%3Fcrid%3D1E63C3THFEGDP%26keywords%3Dlaptop%26qid%3D1729745491%26sprefix%3Dlaptop%252Caps%252C128%26sr%3D8-2451-spons%26sp_csd%3Dd2lkZ2V0TmFtZT1zcF9hdGZfbmV4dA%26psc%3D1,69.29,4.4,"1,215",Not available
"Dell Latitude 5510 Laptop PC, 15.6in FHD(1920 x 1080) Business Notebook, Intel Core i5-10210U 10th Gen Processor, 16GB RAM, 512GB SSD, Webcam, Windows 10 Pro (Renewed)",https://www.amazon.ca/sspa/click?ie=UTF8&spc=MTo0NTc0NTkzMDUzNTcwMTc6MTcyOTc0NTQ5MDpzcF9idGY6MzAwMTY0NDA2OTg0MTAyOjowOjo&url=%2FDell-Latitude-Business-i5-10210U-Processor%2Fdp%2FB0CWNRY1MC%2Fref%3Dsr_1_1737_sspa%3Fcrid%3D1E63C3THFEGDP%26keywords%3Dlaptop%26qid%3D1729745490%26sprefix%3Dlaptop%252Caps%252C128%26sr%3D8-1737-spons%26sp_csd%3Dd2lkZ2V0TmFtZT1zcF9idGY%26psc%3D1,485.00,5.0,1,Not available
"AOKER Triple Monitor Laptop Screen Extender - 15.6 Inch Portable IPS FHD 1080P Display 360° Rotation Extended Screen for 13""-17.4"" Laptops Compatible with Mac/Wins/Android/Linux/Chrome Work",https://www.amazon.ca/sspa/click?ie=UTF8&spc=MTo0NTc0NTkzMDUzNTcwMTc6MTcyOTc0NTQ5MDpzcF9tdGY6MzAwNDY0Njg1NDMzNDAyOjowOjo&url=%2FAOKER-Triple-Monitor-Laptop-Extender%2Fdp%2FB0DF5H3D9G%2Fref%3Dsr_1_1733_sspa%3Fcrid%3D1E63C3THFEGDP%26keywords%3Dlaptop%26qid%3D1729745490%26sprefix%3Dlaptop%252Caps%252C128%26sr%3D8-1733-spons%26sp_csd%3Dd2lkZ2V0TmFtZT1zcF9tdGY%26psc%3D1,499.99,4.7,262,Not available
"Ruzava 14"" Traditional Laptop 6GB DDR4 128GB SSD Celeron N4020(Up to 2.8Ghz) Dual-Core Win PC1920x1080 FHD Dual WiFi BT 4.2 Support 512GB TF&1TB SSD Expand with Webcam for Business Entertainment-Blue",https://www.amazon.ca/sspa/click?ie=UTF8&spc=MTo0NTc0NTkzMDUzNTcwMTc6MTcyOTc0NTQ5MDpzcF9tdGY6MzAwMjY0OTYxMzY1NDAyOjowOjo&url=%2FRuzava-Notebook-1920x1080-Wireless-Business-Blue%2Fdp%2FB0CMZXD9C6%2Fref%3Dsr_1_1734_sspa%3Fcrid%3D1E63C3THFEGDP%26keywords%3Dlaptop%26qid%3D1729745490%26sprefix%3Dlaptop%252Caps%252C128%26sr%3D8-1734-spons%26sp_csd%3Dd2lkZ2V0TmFtZT1zcF9tdGY%26psc%3D1,230.99,4.0,84,Not available
"Lenovo ThinkPad X280 Laptop Touch 12.5"" FHD (1920x1080) Ultrabook, Intel i5-8250U, 8GB DDR4 RAM, 256GB SSD, Wecam, HDMI, USB Type-C Windows 10 Pro (Renewed)",https://www.amazon.ca/sspa/click?ie=UTF8&spc=MTo0NTc0NTkzMDUzNTcwMTc6MTcyOTc0NTQ5MDpzcF9tdGY6MzAwMTYzODQwMjQwNDAyOjowOjo&url=%2FLenovo-ThinkPad-1920x1080-Ultrabook-i5-8250U%2Fdp%2FB0CVVPG13J%2Fref%3Dsr_1_1736_sspa%3Fcrid%3D1E63C3THFEGDP%26keywords%3Dlaptop%26qid%3D1729745490%26sprefix%3Dlaptop%252Caps%252C128%26sr%3D8-1736-spons%26sp_csd%3Dd2lkZ2V0TmFtZT1zcF9tdGY%26psc%3D1,282.00,5.0,3,Not available
Lenovo Business V14 G3 IAP - 14 inch FHD - Intel core i7-1255U 1.70 GHZ 10 cores - 16 GB RAM - 512 GB SSD - Windows 11 pro - Business_Black,https://www.amazon.ca/sspa/click?ie=UTF8&spc=MTo0NTc0NTkzMDUzNTcwMTc6MTcyOTc0NTQ5MDpzcF9tdGY6MzAwMjkxMTA2NDA4OTAyOjowOjo&url=%2FLenovo-Business-V14-IAP-Business_Black%2Fdp%2FB0CMHVRT1J%2Fref%3Dsr_1_1735_sspa%3Fcrid%3D1E63C3THFEGDP%26keywords%3Dlaptop%26qid%3D1729745490%26sprefix%3Dlaptop%252Caps%252C128%26sr%3D8-1735-spons%26sp_csd%3Dd2lkZ2V0TmFtZT1zcF9tdGY%26psc%3D1,749.00,5.0,1,Not available
"Lenovo ThinkPad L13 Yoga 13.3"" Touchscreen FHD 2-in-1 Business Laptop, Intel Core i5-1145G7 up to 4.2GHz, 16GB DDR4 RAM, 256GB SSD, Backlit Keyboard, WiFi, BT, Windows 10 Pro (Renewed)",https://www.amazon.ca/sspa/click?ie=UTF8&spc=MTo0NTc0NTkzMDUzNTcwMTc6MTcyOTc0NTQ5MDpzcF9hdGZfbmV4dDozMDAyOTY2NzI3OTg0MDI6OjA6Og&url=%2FLenovo-ThinkPad-Touchscreen-Business-i5-1145G7%2Fdp%2FB0CM6CVYB2%2Fref%3Dsr_1_1732_sspa%3Fcrid%3D1E63C3THFEGDP%26keywords%3Dlaptop%26qid%3D1729745490%26sprefix%3Dlaptop%252Caps%252C128%26sr%3D8-1732-spons%26sp_csd%3Dd2lkZ2V0TmFtZT1zcF9hdGZfbmV4dA%26psc%3D1,479.00,4.1,82,Not available
"Dell Latitude 5310 Laptop 10th, 14in FHD(1920x1080) 5310 10th Laptop, i5-10th Processor, 16GB RAM, 512GB SSD, Win10 pro(Renewed)",https://www.amazon.ca/sspa/click?ie=UTF8&spc=MTo0NTc0NTkzMDUzNTcwMTc6MTcyOTc0NTQ5MDpzcF9hdGZfbmV4dDozMDA0MzQ1MDgyMDg1MDI6OjA6Og&url=%2FDell-Latitude-5310-1920x1080-Processor%2Fdp%2FB0DF7H27XT%2Fref%3Dsr_1_1731_sspa%3Fcrid%3D1E63C3THFEGDP%26keywords%3Dlaptop%26qid%3D1729745490%26sprefix%3Dlaptop%252Caps%252C128%26sr%3D8-1731-spons%26sp_csd%3Dd2lkZ2V0TmFtZT1zcF9hdGZfbmV4dA%26psc%3D1,389.70,"FREE delivery Sun, Oct 27 ",Only 6 left in stock.,Not available
No title available,https://www.amazon.ca/s?k=hp+laptop&ref=rsl_sug_0_0&pd_rd_w=oMGqK&content-id=amzn1.sym.44e6e7c3-130a-4bef-a9b7-4368915a8293:amzn1.sym.44e6e7c3-130a-4bef-a9b7-4368915a8293&pf_rd_p=44e6e7c3-130a-4bef-a9b7-4368915a8293&pf_rd_r=PJ459NFWZ2MB85TV1VY4&pd_rd_wg=AiJsc&pd_rd_r=db177001-bab4-4bed-9389-e0bbb4e8c385&qid=1729745491,Price not available,Rating not available,hp laptop,Not available
"Dell Precision 7750 Workstation Laptop | 17.3"" 1920x1080 FHD | Xeon W - 10885M - 1TB SSD + 1TB SSD Hard Drive - 32GB RAM - Nvidia Quadro T1000 | 8 cores @ 5.3 GHz - 4GB GDDR6 Win 10 Pro (Renewed)",https://www.amazon.ca/sspa/click?ie=UTF8&spc=MTo0NTc0NTkzMDUzNTcwMTc6MTcyOTc0NTQ5MDpzcF9hdGZfbmV4dDozMDAxMDQ4NjUyMzI3MDI6OjA6Og&url=%2F2020-Dell-Precision-7750-Laptop%2Fdp%2FB096V7YR3D%2Fref%3Dsr_1_1730_sspa%3Fcrid%3D1E63C3THFEGDP%26keywords%3Dlaptop%26qid%3D1729745490%26sprefix%3Dlaptop%252Caps%252C128%26sr%3D8-1730-spons%26sp_csd%3Dd2lkZ2V0TmFtZT1zcF9hdGZfbmV4dA%26psc%3D1,"1,999.99",$30 delivery Oct 29 - 31 ,Only 5 left in stock.,Not available
"Samsung Galaxy Book4 Laptop, 15.6"", Intel i5, 8GB RAM, 256GB Storage - Moonstone Gray",https://www.amazon.ca/sspa/click?ie=UTF8&spc=MTo0NTc0NTkzMDUzNTcwMTc6MTcyOTc0NTQ5MDpzcF9hdGZfbmV4dDozMDA0NjUxNTY4OTY5MDI6OjA6Og&url=%2FSamsung-Galaxy-Book4-Laptop-Storage%2Fdp%2FB0CV7KZ95D%2Fref%3Dsr_1_1729_sspa%3Fcrid%3D1E63C3THFEGDP%26keywords%3Dlaptop%26qid%3D1729745490%26sprefix%3Dlaptop%252Caps%252C128%26sr%3D8-1729-spons%26sp_csd%3Dd2lkZ2V0TmFtZT1zcF9hdGZfbmV4dA%26psc%3D1,899.94,3.7,50,Not available
"Dell Latitude 7420 Laptop | 14"" 1920x1080 FHD | Core i7-1165G7-1TB SSD Hard Drive - 32GB RAM | 4 cores @ 4.7 GHz Win 11 Pro Black (Renewed)",https://www.amazon.ca/sspa/click?ie=UTF8&spc=MTo3ODIwOTU5Mjc0ODQzODE2OjE3Mjk3NDU0OTE6c3BfYXRmX25leHQ6MzAwMDQxNjU0Nzk2NzAyOjowOjo&url=%2FDell-Latitude-7000-Laptop-i7-1TB%2Fdp%2FB0CCRTJH3H%2Fref%3Dsr_1_2449_sspa%3Fcrid%3D1E63C3THFEGDP%26keywords%3Dlaptop%26qid%3D1729745491%26sprefix%3Dlaptop%252Caps%252C128%26sr%3D8-2449-spons%26sp_csd%3Dd2lkZ2V0TmFtZT1zcF9hdGZfbmV4dA%26psc%3D1,"1,349.99",1.0,1,Not available
No title available,https://www.amazon.ca/s?k=hp+laptop&ref=rsl_sug_0_0&pd_rd_w=KUOkr&content-id=amzn1.sym.44e6e7c3-130a-4bef-a9b7-4368915a8293:amzn1.sym.44e6e7c3-130a-4bef-a9b7-4368915a8293&pf_rd_p=44e6e7c3-130a-4bef-a9b7-4368915a8293&pf_rd_r=N03R2NRBNZKWKSNWGWXM&pd_rd_wg=VSo6F&pd_rd_r=b8c4a9dc-1bc5-461c-a346-4f4ffc091c74&qid=1729745492,Price not available,Rating not available,hp laptop,Not available
No title available,https://www.amazon.ca/s?k=hp+laptop&ref=rsl_sug_0_0&pd_rd_w=TtCfx&content-id=amzn1.sym.44e6e7c3-130a-4bef-a9b7-4368915a8293:amzn1.sym.44e6e7c3-130a-4bef-a9b7-4368915a8293&pf_rd_p=44e6e7c3-130a-4bef-a9b7-4368915a8293&pf_rd_r=XRS1MK3VY4KGV096FTPA&pd_rd_wg=3S19o&pd_rd_r=51eacd78-6add-4a42-9eeb-137b72a193d7&qid=1729745491,Price not available,Rating not available,hp laptop,Not available
No title available,https://www.amazon.ca/s?k=hp+laptop&ref=rsl_sug_0_0&pd_rd_w=F6E3h&content-id=amzn1.sym.44e6e7c3-130a-4bef-a9b7-4368915a8293:amzn1.sym.44e6e7c3-130a-4bef-a9b7-4368915a8293&pf_rd_p=44e6e7c3-130a-4bef-a9b7-4368915a8293&pf_rd_r=2ZSKTX4CEM5TDZN1PK1G&pd_rd_wg=nPI1t&pd_rd_r=943156db-24f6-46ed-901f-129412a0ab94&qid=1729745494,Price not available,Rating not available,hp laptop,Not available
"fanxiang SODIMM DDR4 RAM 64GB (2x32GB) 3200mhz, Intel AMD Laptop Memory CL22 1.2V Dual Channel,Ideal for Gaming and Productivity",https://www.amazon.ca/sspa/click?ie=UTF8&spc=MTo0ODMyNTQwMDUzMzA5MzE6MTcyOTc0NTQ5NDpzcF9idGY6MzAwNDg0ODY0NTYwMjAyOjowOjo&url=%2Ffanxiang-SODIMM-3200mhz-Channel-Productivity%2Fdp%2FB0DGL5CWYZ%2Fref%3Dsr_1_2939_sspa%3Fcrid%3D1E63C3THFEGDP%26keywords%3Dlaptop%26qid%3D1729745494%26sprefix%3Dlaptop%252Caps%252C128%26sr%3D8-2939-spons%26sp_csd%3Dd2lkZ2V0TmFtZT1zcF9idGY%26psc%3D1,167.99,"FREE delivery Sun, Oct 27 ",No reviews available,Not available
"HP EliteBook 830 G7 13"" Laptop, Intel Core i7-10th Gen, 32GB, 512GB SSD, Win11 Pro (Renewed)",https://www.amazon.ca/sspa/click?ie=UTF8&spc=MTo0ODMyNTQwMDUzMzA5MzE6MTcyOTc0NTQ5NDpzcF9idGY6MzAwMTY2NTM3NDkyNDAyOjowOjo&url=%2FHP-EliteBook-830-G7-i7-10th%2Fdp%2FB0CWWF8149%2Fref%3Dsr_1_2937_sspa%3Fcrid%3D1E63C3THFEGDP%26keywords%3Dlaptop%26qid%3D1729745494%26sprefix%3Dlaptop%252Caps%252C128%26sr%3D8-2937-spons%26sp_csd%3Dd2lkZ2V0TmFtZT1zcF9idGY%26psc%3D1,519.00,2.5,2,Not available
"Lenovo Ideapad 1i 15.6"" FHD Touchscreen Laptop, Intel i3-1215U, 40GB RAM, 1.16TB Storage(1TB SSD+160GB Docking Station Set), Intel UHD Graphics, Numeric Keypad, Windows 11 Pro, Gray",https://www.amazon.ca/sspa/click?ie=UTF8&spc=MToxNDIzOTQ3MzUyODkwMjExOjE3Mjk3NDU0OTQ6c3Bfc2VhcmNoX3RoZW1hdGljOjMwMDM2OTAwOTgyODAwMjo6NDo6&url=%2FLenovo-Ideapad-1i-Touchscreen-i3-1215U%2Fdp%2FB0D5HM1V9F%2Fref%3Dsxin_15_pa_sp_search_thematic_sspa%3Fcontent-id%3Damzn1.sym.ead4008e-f313-4943-84c5-6b44d3477e63%253Aamzn1.sym.ead4008e-f313-4943-84c5-6b44d3477e63%26crid%3D1E63C3THFEGDP%26cv_ct_cx%3Dlaptop%26dib%3DeyJ2IjoiMSJ9.9T4atqVafk2O5aSM6d7RNZSSJfjD2QLeP5zNBWoOCq_A6cCnG1hVVTuoQzwG7gev67tSM3BTTH4uHMxtjnCYuA.dSpdnQinjNiMZOjigOLwstR7bDm-pVFIXk6YzlzjnKE%26dib_tag%3Dse%26keywords%3Dlaptop%26pd_rd_i%3DB0D5HM1V9F%26pd_rd_r%3De7588983-cfc2-4e91-a04f-ccfc2c8f73f6%26pd_rd_w%3DO2jgj%26pd_rd_wg%3DEzKo1%26pf_rd_p%3Dead4008e-f313-4943-84c5-6b44d3477e63%26pf_rd_r%3DDWGVPFSWRQ0FRR43570M%26qid%3D1729745494%26sbo%3DRZvfv%252F%252FHxDF%252BO5021pAnSA%253D%253D%26sprefix%3Dlaptop%252Caps%252C128%26sr%3D1-2645-1cd13166-e9fe-46a7-89b4-109ca0ed00af-spons%26sp_csd%3Dd2lkZ2V0TmFtZT1zcF9zZWFyY2hfdGhlbWF0aWM%26psc%3D1,739.00,4.5,637,Not available
"Dell Inspiron 3520 15.6"" FHD (1920 x 1080) Laptop, 120Hz - Intel Core i5-1235U (10 Core) Processor, 8GB RAM, 256GB SSD, WiFi 6, Bluetooth, HDMI, Windows 11 - Carbon Black",https://www.amazon.ca/sspa/click?ie=UTF8&spc=MTo0ODMyNTQwMDUzMzA5MzE6MTcyOTc0NTQ5NDpzcF9idGY6MzAwMDkzMDkzNjQ3NjAyOjowOjo&url=%2FDell-Inspiron-3520-Laptop-120Hz%2Fdp%2FB0CMSD8PWH%2Fref%3Dsr_1_2938_sspa%3Fcrid%3D1E63C3THFEGDP%26keywords%3Dlaptop%26qid%3D1729745494%26sprefix%3Dlaptop%252Caps%252C128%26sr%3D8-2938-spons%26sp_csd%3Dd2lkZ2V0TmFtZT1zcF9idGY%26psc%3D1,579.98,4.1,6,Not available
"Acer Aspire 3 A315-59-56K8, 15.6"" FHD 1920x1080 Laptop, Intel Core i5-1235U Processor, 8GB DDR4 RAM, 512GB SSD, Windows 11",https://www.amazon.ca/sspa/click?ie=UTF8&spc=MTo0ODMyNTQwMDUzMzA5MzE6MTcyOTc0NTQ5NDpzcF9idGY6MzAwMjk3MDc2MzMxMjAyOjowOjo&url=%2FAcer-A315-59-56K8-1920x1080-i5-1235U-Processor%2Fdp%2FB0CSPSVP7H%2Fref%3Dsr_1_2940_sspa%3Fcrid%3D1E63C3THFEGDP%26keywords%3Dlaptop%26qid%3D1729745494%26sprefix%3Dlaptop%252Caps%252C128%26sr%3D8-2940-spons%26sp_csd%3Dd2lkZ2V0TmFtZT1zcF9idGY%26psc%3D1,599.99,4.5,11,Not available
"Lenovo Ideapad 3i 14"" FHD Laptop, Intel i5-1155G7, 8GB RAM, 512GB SSD, ‎Intel Iris Xe Graphics, Bluetooth, 720P Webcam, WiFi 6, Artic Grey, Windows 11 Pro, 32GB Hotface USB Card",https://www.amazon.ca/sspa/click?ie=UTF8&spc=MTo0MDQzNjU5NjEzMDQ1MTMxOjE3Mjk3NDU0OTU6c3Bfc2VhcmNoX3RoZW1hdGljOjMwMDM2NjU3MTE5NDEwMjo6Mzo6&url=%2FLenovo-Ideapad-3i-i5-1155G7-Bluetooth%2Fdp%2FB0CQNDDZFD%2Fref%3Dsxin_15_pa_sp_search_thematic_sspa%3Fcontent-id%3Damzn1.sym.ead4008e-f313-4943-84c5-6b44d3477e63%253Aamzn1.sym.ead4008e-f313-4943-84c5-6b44d3477e63%26crid%3D1E63C3THFEGDP%26cv_ct_cx%3Dlaptop%26dib%3DeyJ2IjoiMSJ9.bzKb8X9tgt7nfHKVS2JF6bV-L4_mzkWYNWdGODwkHkRquBCncOLd7ALmLnUw2Ff3oXLES4zqfAiVcV2heT5xtA.kWodh70EcCiXhhVuv7OooV8-mQLjd5anLG7cvda-PcQ%26dib_tag%3Dse%26keywords%3Dlaptop%26pd_rd_i%3DB0CQNDDZFD%26pd_rd_r%3Dad84e3fe-b886-4789-a76d-53c4d33719f1%26pd_rd_w%3DmgaaL%26pd_rd_wg%3Dyhdl5%26pf_rd_p%3Dead4008e-f313-4943-84c5-6b44d3477e63%26pf_rd_r%3D8BH153E6R5PM503DM14Q%26qid%3D1729745495%26sbo%3DRZvfv%252F%252FHxDF%252BO5021pAnSA%253D%253D%26sprefix%3Dlaptop%252Caps%252C128%26sr%3D1-3364-1cd13166-e9fe-46a7-89b4-109ca0ed00af-spons%26sp_csd%3Dd2lkZ2V0TmFtZT1zcF9zZWFyY2hfdGhlbWF0aWM%26psc%3D1,649.00,4.2,232,Not available
"Dell Inspiron 5645 Laptop - 16.0 16:10 FHD+ (1920 x 1200) Display, AMD Ryzen 7-8840U, 16GB DDR5 RAM, 1TB SSD, AMD Radeon Graphics, Windows 11 Home, Onsite & Migrate Services - Midnight Blue",https://www.amazon.ca/sspa/click?ie=UTF8&spc=MTo0MDQzNjU5NjEzMDQ1MTMxOjE3Mjk3NDU0OTU6c3Bfc2VhcmNoX3RoZW1hdGljOjMwMDIxMTQxMzkxODMwMjo6NDo6&url=%2FDell-Inspiron-5645-Laptop-Graphics%2Fdp%2FB0CZ59B6MH%2Fref%3Dsxin_15_pa_sp_search_thematic_sspa%3Fcontent-id%3Damzn1.sym.ead4008e-f313-4943-84c5-6b44d3477e63%253Aamzn1.sym.ead4008e-f313-4943-84c5-6b44d3477e63%26crid%3D1E63C3THFEGDP%26cv_ct_cx%3Dlaptop%26dib%3DeyJ2IjoiMSJ9.bzKb8X9tgt7nfHKVS2JF6bV-L4_mzkWYNWdGODwkHkRquBCncOLd7ALmLnUw2Ff3oXLES4zqfAiVcV2heT5xtA.kWodh70EcCiXhhVuv7OooV8-mQLjd5anLG7cvda-PcQ%26dib_tag%3Dse%26keywords%3Dlaptop%26pd_rd_i%3DB0CZ59B6MH%26pd_rd_r%3Dad84e3fe-b886-4789-a76d-53c4d33719f1%26pd_rd_w%3DmgaaL%26pd_rd_wg%3Dyhdl5%26pf_rd_p%3Dead4008e-f313-4943-84c5-6b44d3477e63%26pf_rd_r%3D8BH153E6R5PM503DM14Q%26qid%3D1729745495%26sbo%3DRZvfv%252F%252FHxDF%252BO5021pAnSA%253D%253D%26sprefix%3Dlaptop%252Caps%252C128%26sr%3D1-3365-1cd13166-e9fe-46a7-89b4-109ca0ed00af-spons%26sp_csd%3Dd2lkZ2V0TmFtZT1zcF9zZWFyY2hfdGhlbWF0aWM%26psc%3D1,"1,099.99",4.3,205,Not available
"Lenovo IdeaPad 3i 15.6"" FHD Touchscreen Laptop, Intel i5-1155G7, 40GB RAM, 1TB PCIe SSD, Intel Iris Xe Graphics, Num Pad, WiFi 6, Webcam, Windows 11 Pro, Abyss Blue, 32GB Hotface USB Card",https://www.amazon.ca/sspa/click?ie=UTF8&spc=MTo0MDQzNjU5NjEzMDQ1MTMxOjE3Mjk3NDU0OTU6c3Bfc2VhcmNoX3RoZW1hdGljOjMwMDM2OTAyNzk5OTgwMjo6MTo6&url=%2FLenovo-IdeaPad-3i-Touchscreen-i5-1155G7%2Fdp%2FB0CTGY48TX%2Fref%3Dsxin_15_pa_sp_search_thematic_sspa%3Fcontent-id%3Damzn1.sym.ead4008e-f313-4943-84c5-6b44d3477e63%253Aamzn1.sym.ead4008e-f313-4943-84c5-6b44d3477e63%26crid%3D1E63C3THFEGDP%26cv_ct_cx%3Dlaptop%26dib%3DeyJ2IjoiMSJ9.bzKb8X9tgt7nfHKVS2JF6bV-L4_mzkWYNWdGODwkHkRquBCncOLd7ALmLnUw2Ff3oXLES4zqfAiVcV2heT5xtA.kWodh70EcCiXhhVuv7OooV8-mQLjd5anLG7cvda-PcQ%26dib_tag%3Dse%26keywords%3Dlaptop%26pd_rd_i%3DB0CTGY48TX%26pd_rd_r%3Dad84e3fe-b886-4789-a76d-53c4d33719f1%26pd_rd_w%3DmgaaL%26pd_rd_wg%3Dyhdl5%26pf_rd_p%3Dead4008e-f313-4943-84c5-6b44d3477e63%26pf_rd_r%3D8BH153E6R5PM503DM14Q%26qid%3D1729745495%26sbo%3DRZvfv%252F%252FHxDF%252BO5021pAnSA%253D%253D%26sprefix%3Dlaptop%252Caps%252C128%26sr%3D1-3362-1cd13166-e9fe-46a7-89b4-109ca0ed00af-spons%26sp_csd%3Dd2lkZ2V0TmFtZT1zcF9zZWFyY2hfdGhlbWF0aWM%26psc%3D1,869.00,4.2,362,Not available
"HP Stream 14"" HD Laptop, Intel Celeron N4120, 8GB RAM, 128GB eMMC, Intel UHD Graphics, Webcam, 1 Year Office 365, Silver, Win 11 S, 128GB Hotface USB Card",https://www.amazon.ca/sspa/click?ie=UTF8&spc=MTo0MDQzNjU5NjEzMDQ1MTMxOjE3Mjk3NDU0OTU6c3Bfc2VhcmNoX3RoZW1hdGljOjMwMDE2NDM4OTY3NTYwMjo6Mjo6&url=%2FHP-Stream-Celeron-Graphics-Hotface%2Fdp%2FB0CZLRHY7Y%2Fref%3Dsxin_15_pa_sp_search_thematic_sspa%3Fcontent-id%3Damzn1.sym.ead4008e-f313-4943-84c5-6b44d3477e63%253Aamzn1.sym.ead4008e-f313-4943-84c5-6b44d3477e63%26crid%3D1E63C3THFEGDP%26cv_ct_cx%3Dlaptop%26dib%3DeyJ2IjoiMSJ9.bzKb8X9tgt7nfHKVS2JF6bV-L4_mzkWYNWdGODwkHkRquBCncOLd7ALmLnUw2Ff3oXLES4zqfAiVcV2heT5xtA.kWodh70EcCiXhhVuv7OooV8-mQLjd5anLG7cvda-PcQ%26dib_tag%3Dse%26keywords%3Dlaptop%26pd_rd_i%3DB0CZLRHY7Y%26pd_rd_r%3Dad84e3fe-b886-4789-a76d-53c4d33719f1%26pd_rd_w%3DmgaaL%26pd_rd_wg%3Dyhdl5%26pf_rd_p%3Dead4008e-f313-4943-84c5-6b44d3477e63%26pf_rd_r%3D8BH153E6R5PM503DM14Q%26qid%3D1729745495%26sbo%3DRZvfv%252F%252FHxDF%252BO5021pAnSA%253D%253D%26sprefix%3Dlaptop%252Caps%252C128%26sr%3D1-3363-1cd13166-e9fe-46a7-89b4-109ca0ed00af-spons%26sp_csd%3Dd2lkZ2V0TmFtZT1zcF9zZWFyY2hfdGhlbWF0aWM%26psc%3D1,399.00,4.3,"1,212",Not available
"Ruzava 16"" Laptop 12+512GB Celeron CPU N5095 (Up to 2.9Ghz) 4-Core Win 11 PC with Cooling Fan 1920 * 1200 2K Screen Dual WiFi BT4.2 Support 2.5"" HDD 1TB SSD Expand for Business Study-Black",https://www.amazon.ca/sspa/click?ie=UTF8&spc=MTo0MDQzNjU5NjEzMDQ1MTMxOjE3Mjk3NDU0OTU6c3Bfc2VhcmNoX3RoZW1hdGljOjMwMDA1Njg2NDc4OTgwMjo6MDo6&url=%2FRuzava-Aocwei-Cooling-Support-Study-Black%2Fdp%2FB0CBKHGHLN%2Fref%3Dsxin_15_pa_sp_search_thematic_sspa%3Fcontent-id%3Damzn1.sym.ead4008e-f313-4943-84c5-6b44d3477e63%253Aamzn1.sym.ead4008e-f313-4943-84c5-6b44d3477e63%26crid%3D1E63C3THFEGDP%26cv_ct_cx%3Dlaptop%26dib%3DeyJ2IjoiMSJ9.bzKb8X9tgt7nfHKVS2JF6bV-L4_mzkWYNWdGODwkHkRquBCncOLd7ALmLnUw2Ff3oXLES4zqfAiVcV2heT5xtA.kWodh70EcCiXhhVuv7OooV8-mQLjd5anLG7cvda-PcQ%26dib_tag%3Dse%26keywords%3Dlaptop%26pd_rd_i%3DB0CBKHGHLN%26pd_rd_r%3Dad84e3fe-b886-4789-a76d-53c4d33719f1%26pd_rd_w%3DmgaaL%26pd_rd_wg%3Dyhdl5%26pf_rd_p%3Dead4008e-f313-4943-84c5-6b44d3477e63%26pf_rd_r%3D8BH153E6R5PM503DM14Q%26qid%3D1729745495%26sbo%3DRZvfv%252F%252FHxDF%252BO5021pAnSA%253D%253D%26sprefix%3Dlaptop%252Caps%252C128%26sr%3D1-3361-1cd13166-e9fe-46a7-89b4-109ca0ed00af-spons%26sp_csd%3Dd2lkZ2V0TmFtZT1zcF9zZWFyY2hfdGhlbWF0aWM%26psc%3D1,499.99,4.4,352,Not available
LG Gram 16 Inch Laptop with WQXGA (2560 * 1600) IPS Touch Display | 32GB | 1TB,https://www.amazon.ca/sspa/click?ie=UTF8&spc=MTo0ODMyNTQwMDUzMzA5MzE6MTcyOTc0NTQ5NDpzcF9tdGY6MzAwMzQ1Njk1MjMxMTAyOjowOjo&url=%2FLG-Laptop-WQXGA-Touch-Display%2Fdp%2FB0CXL4GSJT%2Fref%3Dsr_1_2936_sspa%3Fcrid%3D1E63C3THFEGDP%26keywords%3Dlaptop%26qid%3D1729745494%26sprefix%3Dlaptop%252Caps%252C128%26sr%3D8-2936-spons%26sp_csd%3Dd2lkZ2V0TmFtZT1zcF9tdGY%26psc%3D1,"2,207.99",4.6,6,Not available
Microsoft Surface Laptop 4 13.5 Touch i5-1135G7 8GB 512GB Certified Refurbished,https://www.amazon.ca/sspa/click?ie=UTF8&spc=MTo0ODMyNTQwMDUzMzA5MzE6MTcyOTc0NTQ5NDpzcF9tdGY6MzAwNDg1OTMxMDQ3MjAyOjowOjo&url=%2FMicrosoft-Surface-Laptop-Touchscreen-English%2Fdp%2FB0976P9ZN3%2Fref%3Dsr_1_2934_sspa%3Fcrid%3D1E63C3THFEGDP%26keywords%3Dlaptop%26qid%3D1729745494%26sprefix%3Dlaptop%252Caps%252C128%26sr%3D8-2934-spons%26sp_csd%3Dd2lkZ2V0TmFtZT1zcF9tdGY%26psc%3D1,675.00,3.5,10,Not available
"SOEYBAE Fiber Optic HDMI Cable 30M, Fiber HDMI Cable 2.0 Supports 4K@60Hz,18Gbps, 4:4:4, HDR, Dolby, Vision, HDCP2.2, ARC, 3D,Suitable for TV LCD Laptop PS3 PS4 Projector Computer,Cable HDMI",https://www.amazon.ca/sspa/click?ie=UTF8&spc=MToyMjcwOTkyMTc5NjQ4NDU6MTcyOTc0NTQ5NjpzcF9hdGZfbmV4dDozMDA0MDI4MDk4NDU0MDI6OjA6Og&url=%2FSOEYBAE-Fiber-Optic-Supports-18Gbps%2Fdp%2FB09HTX9S34%2Fref%3Dsr_1_3553_sspa%3Fcrid%3D1E63C3THFEGDP%26keywords%3Dlaptop%26qid%3D1729745496%26sprefix%3Dlaptop%252Caps%252C128%26sr%3D8-3553-spons%26sp_csd%3Dd2lkZ2V0TmFtZT1zcF9hdGZfbmV4dA%26psc%3D1,90.00,4.4,621,Not available
"Microsoft Surface Laptop Studio 14.4"" Touch i5 16GB 256GB Certified Refurbished",https://www.amazon.ca/sspa/click?ie=UTF8&spc=MTo0ODMyNTQwMDUzMzA5MzE6MTcyOTc0NTQ5NDpzcF9tdGY6MzAwMTgxOTQ0MzY5ODAyOjowOjo&url=%2FMicrosoft-Surface-Laptop-Certified-Refurbished%2Fdp%2FB09N8V3YBP%2Fref%3Dsr_1_2935_sspa%3Fcrid%3D1E63C3THFEGDP%26keywords%3Dlaptop%26qid%3D1729745494%26sprefix%3Dlaptop%252Caps%252C128%26sr%3D8-2935-spons%26sp_csd%3Dd2lkZ2V0TmFtZT1zcF9tdGY%26psc%3D1,989.00,4.2,26,Not available
"Lenovo ThinkPad X280 Touchscreen Ultrabook Business Laptop, 12.5"" FHD(1920x1080), Intel Core i5-8350U 1.70 GHz Up to 3.6GHz, 16GB RAM, 256 GB SSD, Windows 10 Pro 64-bit (English) (Renewed)",https://www.amazon.ca/sspa/click?ie=UTF8&spc=MTo0ODMyNTQwMDUzMzA5MzE6MTcyOTc0NTQ5NDpzcF9tdGY6MzAwMDc3MzQ2ODQ2ODAyOjowOjo&url=%2FLenovo-X280-Touchscreen-Ultrabook-1920x1080%2Fdp%2FB0CKZ25RT1%2Fref%3Dsr_1_2933_sspa%3Fcrid%3D1E63C3THFEGDP%26keywords%3Dlaptop%26qid%3D1729745494%26sprefix%3Dlaptop%252Caps%252C128%26sr%3D8-2933-spons%26sp_csd%3Dd2lkZ2V0TmFtZT1zcF9tdGY%26psc%3D1,319.00,"FREE delivery Tue, Oct 29 ",Only 5 left in stock.,Not available
"ORICO Y20 NAND SSD Hard Solid Drive- 2.5 Inch - SATA III - 6Gbps-Read Speed up to 500MB/sec, 1TB Internal Solid State Drive for Desktop Laptop",https://www.amazon.ca/sspa/click?ie=UTF8&spc=MToyMjcwOTkyMTc5NjQ4NDU6MTcyOTc0NTQ5NjpzcF9idGY6MzAwNDQ4NTA2MzE3ODAyOjowOjo&url=%2FORICO-NAND-Hard-Solid-Drive%2Fdp%2FB0CG1S9XDD%2Fref%3Dsr_1_3563_sspa%3Fcrid%3D1E63C3THFEGDP%26keywords%3Dlaptop%26qid%3D1729745496%26sprefix%3Dlaptop%252Caps%252C128%26sr%3D8-3563-spons%26sp_csd%3Dd2lkZ2V0TmFtZT1zcF9idGY%26psc%3D1,75.99,4.5,60,Not available
"Dell Latitude 5300 Laptop,13.3'' Intel Core i5-8365U Notebook, 16GB DDR4 RAM, 512GB SSD, 1.6GHz, Webcam, WiFi, Type-C, RJ-45, Windows 10 Pro (Renewed)",https://www.amazon.ca/sspa/click?ie=UTF8&spc=MToyMjcwOTkyMTc5NjQ4NDU6MTcyOTc0NTQ5NjpzcF9idGY6MzAwMzk3MzMwMzg1ODAyOjowOjo&url=%2FDell-Latitude-i5-8365U-Notebook-Windows%2Fdp%2FB0C1SHW84C%2Fref%3Dsr_1_3564_sspa%3Fcrid%3D1E63C3THFEGDP%26keywords%3Dlaptop%26qid%3D1729745496%26sprefix%3Dlaptop%252Caps%252C128%26sr%3D8-3564-spons%26sp_csd%3Dd2lkZ2V0TmFtZT1zcF9idGY%26psc%3D1,318.70,3.3,23,Not available
"Lenovo ThinkPad T470 14 FHD, Core i5-7300U 2.6GHz, 16GB RAM, 512GB M.2-NVMe, Windows 10 Pro 64Bit, CAM, (Renewed)",https://www.amazon.ca/sspa/click?ie=UTF8&spc=MToyMjcwOTkyMTc5NjQ4NDU6MTcyOTc0NTQ5NjpzcF9idGY6MzAwNDQyMzQ1NzY1NjAyOjowOjo&url=%2FLenovo-ThinkPad-T470-i5-7300U-M-2-NVMe%2Fdp%2FB08F2SKKN8%2Fref%3Dsr_1_3562_sspa%3Fcrid%3D1E63C3THFEGDP%26keywords%3Dlaptop%26qid%3D1729745496%26sprefix%3Dlaptop%252Caps%252C128%26sr%3D8-3562-spons%26sp_csd%3Dd2lkZ2V0TmFtZT1zcF9idGY%26psc%3D1,299.00,3.7,4,Not available
"HP EliteBook 830 G7 13"" Laptop, Intel Core i7-10th Gen, 16GB, 256GB SSD, Win11 Pro (Renewed)",https://www.amazon.ca/sspa/click?ie=UTF8&spc=MToyMjcwOTkyMTc5NjQ4NDU6MTcyOTc0NTQ5NjpzcF9idGY6MzAwMTY2NTM3NDkyNjAyOjowOjo&url=%2FHP-EliteBook-Laptop-i7-10th-Renewed%2Fdp%2FB0CXZB5P3N%2Fref%3Dsr_1_3561_sspa%3Fcrid%3D1E63C3THFEGDP%26keywords%3Dlaptop%26qid%3D1729745496%26sprefix%3Dlaptop%252Caps%252C128%26sr%3D8-3561-spons%26sp_csd%3Dd2lkZ2V0TmFtZT1zcF9idGY%26psc%3D1,449.00,2.6,4,Not available
"Microsoft Surface Laptop 4: 15"" Touchscreen (Intel® Core i7/32GB RAM/1TB SSD) Black - English (Renewed)",https://www.amazon.ca/sspa/click?ie=UTF8&spc=MToyMjcwOTkyMTc5NjQ4NDU6MTcyOTc0NTQ5NjpzcF9tdGY6MzAwMTgxOTQ0MzY5NDAyOjowOjo&url=%2FMicrosoft-Surface-Laptop-Touchscreen-English%2Fdp%2FB09J3GP44X%2Fref%3Dsr_1_3560_sspa%3Fcrid%3D1E63C3THFEGDP%26keywords%3Dlaptop%26qid%3D1729745496%26sprefix%3Dlaptop%252Caps%252C128%26sr%3D8-3560-spons%26sp_csd%3Dd2lkZ2V0TmFtZT1zcF9tdGY%26psc%3D1,"1,225.00",4.6,23,Not available
"BENFEI DVI to DVI Cable, 1.8 Meter DVI-D 24+1 Gold Plated Cable, Dual Link Support High Resolution 2560x1600 for Gaming, DVD, Laptop, HDTV",https://www.amazon.ca/sspa/click?ie=UTF8&spc=MToyMjcwOTkyMTc5NjQ4NDU6MTcyOTc0NTQ5NjpzcF9tdGY6MjAwMDcxNTE4Mjc0OTk4OjowOjo&url=%2FBENFEI-Plated-Support-Resolution-2560x1600%2Fdp%2FB07RHSBWXL%2Fref%3Dsr_1_3558_sspa%3Fcrid%3D1E63C3THFEGDP%26keywords%3Dlaptop%26qid%3D1729745496%26sprefix%3Dlaptop%252Caps%252C128%26sr%3D8-3558-spons%26sp_csd%3Dd2lkZ2V0TmFtZT1zcF9tdGY%26psc%3D1,13.99,4.6,"6,268",Not available
"HP EliteBook 830 G7 13.3"" FHD, Core i7-10610U 1.8GHz, 32GB RAM, 2TB M.2-NVMe, Windows 11 Pro 64Bit, CAM, (Renewed)",https://www.amazon.ca/sspa/click?ie=UTF8&spc=MToyMjcwOTkyMTc5NjQ4NDU6MTcyOTc0NTQ5NjpzcF9tdGY6MzAwMjY2ODgwODA5ODAyOjowOjo&url=%2FHP-EliteBook-830-G7-Compatible%2Fdp%2FB0B4YKWT53%2Fref%3Dsr_1_3559_sspa%3Fcrid%3D1E63C3THFEGDP%26keywords%3Dlaptop%26qid%3D1729745496%26sprefix%3Dlaptop%252Caps%252C128%26sr%3D8-3559-spons%26sp_csd%3Dd2lkZ2V0TmFtZT1zcF9tdGY%26psc%3D1,"1,149.99",$30 delivery Oct 29 - 31 ,No reviews available,Not available
"Ruzava 14"" Traditional Laptop 6GB DDR4 256GB SSD Celeron N4020(Up to 2.8Ghz) 2-Core Win 11 Notebook 1920x1080 FHD Dual WiFi BT 4.2 Support 512GB TF&1TB SSD Expand with Webcam for Business Study-Blue",https://www.amazon.ca/sspa/click?ie=UTF8&spc=MToyMjcwOTkyMTc5NjQ4NDU6MTcyOTc0NTQ5NjpzcF9tdGY6MzAwMDQ2NjYzMTQzMjAyOjowOjo&url=%2FRuzava-Notebook-1920x1080-Wireless-Study-Blue%2Fdp%2FB0CBKHWNB2%2Fref%3Dsr_1_3557_sspa%3Fcrid%3D1E63C3THFEGDP%26keywords%3Dlaptop%26qid%3D1729745496%26sprefix%3Dlaptop%252Caps%252C128%26sr%3D8-3557-spons%26sp_csd%3Dd2lkZ2V0TmFtZT1zcF9tdGY%26psc%3D1,267.99,4.0,84,Not available
"Fuwaderp HDMI Cable 100 ft-Big OD 9.0 in-Wall CL3 Rated 18Gbps Supports 4K@60HZ,HDR,ARC,Ultra HD,3D,1080P Compatible with Laptop UHD TV Monitor PS4/PS5 ect",https://www.amazon.ca/sspa/click?ie=UTF8&spc=MToyMjcwOTkyMTc5NjQ4NDU6MTcyOTc0NTQ5NjpzcF9hdGZfbmV4dDozMDAxMTMxMTg1OTY2MDI6OjA6Og&url=%2FFuwaderp-ft-Big-Supports-Compatible-Monitor%2Fdp%2FB0CJ9F4NHC%2Fref%3Dsr_1_3556_sspa%3Fcrid%3D1E63C3THFEGDP%26keywords%3Dlaptop%26qid%3D1729745496%26sprefix%3Dlaptop%252Caps%252C128%26sr%3D8-3556-spons%26sp_csd%3Dd2lkZ2V0TmFtZT1zcF9hdGZfbmV4dA%26psc%3D1,71.27,"$14.44 delivery Tue, Oct 29 ",No reviews available,Not available
"Outdoor Cat 7 Ethernet Cable 100ft, 26AWG Heavy-Duty Cat7 Networking Cord Patch Cable RJ45 Transmission Speed 10GbpsTransmission Bandwidth 600Mhz LAN Wire Cable SFTP Waterproof Direct Burial (100FT)…",https://www.amazon.ca/sspa/click?ie=UTF8&spc=MToyMjcwOTkyMTc5NjQ4NDU6MTcyOTc0NTQ5NjpzcF9hdGZfbmV4dDoyMDAwMzM3MTMwMTU4OTg6OjA6Og&url=%2FHeavy-Duty-Networking-Transmission-10GbpsTransmission-Waterproof%2Fdp%2FB07KKH1LMS%2Fref%3Dsr_1_3554_sspa%3Fcrid%3D1E63C3THFEGDP%26keywords%3Dlaptop%26qid%3D1729745496%26sprefix%3Dlaptop%252Caps%252C128%26sr%3D8-3554-spons%26sp_csd%3Dd2lkZ2V0TmFtZT1zcF9hdGZfbmV4dA%26psc%3D1,45.99,4.5,"1,913",Not available
"fanxiang S100 250GB SSD SATA III 2.5"" Internal Solid State Drive, Read Speed up to 550MB/sec, Compatible with Laptop and PC",https://www.amazon.ca/sspa/click?ie=UTF8&spc=MToyMjcwOTkyMTc5NjQ4NDU6MTcyOTc0NTQ5NjpzcF9hdGZfbmV4dDozMDA0NzI2NjEwOTU3MDI6OjA6Og&url=%2Ffanxiang-S100-Internal-Compatible-Laptop%2Fdp%2FB0C4P3MTKL%2Fref%3Dsr_1_3555_sspa%3Fcrid%3D1E63C3THFEGDP%26keywords%3Dlaptop%26qid%3D1729745496%26sprefix%3Dlaptop%252Caps%252C128%26sr%3D8-3555-spons%26sp_csd%3Dd2lkZ2V0TmFtZT1zcF9hdGZfbmV4dA%26psc%3D1,27.99,4.5,568,Not available
"Outdoor Cat7 Ethernet Cable 300ft, 26AWG Heavy-Duty Cat7 Networking Cord Patch Cable RJ45 Transmission Speed 10GbpsTransmission Bandwidth 600Mhz LAN Wire Cable SFTP Waterproof Direct Burial (300FT)…",https://www.amazon.ca/sspa/click?ie=UTF8&spc=MTo0ODMyNTQwMDUzMzA5MzE6MTcyOTc0NTQ5NDpzcF9hdGZfbmV4dDoyMDAwMzM3MDEzODc4OTg6OjA6Og&url=%2FHeavy-Duty-Networking-Transmission-10GbpsTransmission-Waterproof%2Fdp%2FB07XXYCMB4%2Fref%3Dsr_1_2932_sspa%3Fcrid%3D1E63C3THFEGDP%26keywords%3Dlaptop%26qid%3D1729745494%26sprefix%3Dlaptop%252Caps%252C128%26sr%3D8-2932-spons%26sp_csd%3Dd2lkZ2V0TmFtZT1zcF9hdGZfbmV4dA%26psc%3D1,99.99,4.5,"1,913",Not available
"Ruzava 14"" Traditional Laptop 6GB DDR4 256GB SSD Celeron N4020(Up to 2.8Ghz) 2-Core Win 11 Notebook 1920x1080 FHD Dual WiFi BT 4.2 Support 512GB TF&1TB SSD Expand with Webcam for Business Study-Red",https://www.amazon.ca/sspa/click?ie=UTF8&spc=MTo0ODMyNTQwMDUzMzA5MzE6MTcyOTc0NTQ5NDpzcF9hdGZfbmV4dDozMDAwNDY2NjMxNDMzMDI6OjA6Og&url=%2FRuzava-Notebook-1920x1080-Wireless-Study-Red%2Fdp%2FB0CBKHCTQ4%2Fref%3Dsr_1_2931_sspa%3Fcrid%3D1E63C3THFEGDP%26keywords%3Dlaptop%26qid%3D1729745494%26sprefix%3Dlaptop%252Caps%252C128%26sr%3D8-2931-spons%26sp_csd%3Dd2lkZ2V0TmFtZT1zcF9hdGZfbmV4dA%26psc%3D1,287.99,4.0,84,Not available
Fanxiang 512GB External SSD Portable Hard Drive-Up to 550MB/s USB Flash Drive Thumb Drive SSD Stick USB 3.2 Gen2 External Solid State Drive for PC/Laptop Zinc Alloy(FF511),https://www.amazon.ca/sspa/click?ie=UTF8&spc=MTo0ODMyNTQwMDUzMzA5MzE6MTcyOTc0NTQ5NDpzcF9hdGZfbmV4dDozMDAxNjM4NzAyOTkxMDI6OjA6Og&url=%2FFanxiang-External-Portable-Drive-Up-Laptop%2Fdp%2FB0CMHN12YY%2Fref%3Dsr_1_2930_sspa%3Fcrid%3D1E63C3THFEGDP%26keywords%3Dlaptop%26qid%3D1729745494%26sprefix%3Dlaptop%252Caps%252C128%26sr%3D8-2930-spons%26sp_csd%3Dd2lkZ2V0TmFtZT1zcF9hdGZfbmV4dA%26psc%3D1,59.99,4.2,88,Not available
"HP EliteBook 830 G7 13"" Laptop, Intel Core i7-10th Gen, 32GB, 512GB SSD, Win11 Pro (Renewed)",https://www.amazon.ca/sspa/click?ie=UTF8&spc=MToyMzM2NzUwNDE2NjIzMTUyOjE3Mjk3NDU0OTQ6c3BfYnRmOjMwMDE2NjUzNzQ5MjQwMjo6MDo6&url=%2FHP-EliteBook-830-G7-i7-10th%2Fdp%2FB0CWWF8149%2Fref%3Dsr_1_3180_sspa%3Fcrid%3D1E63C3THFEGDP%26keywords%3Dlaptop%26qid%3D1729745494%26sprefix%3Dlaptop%252Caps%252C128%26sr%3D8-3180-spons%26sp_csd%3Dd2lkZ2V0TmFtZT1zcF9idGY%26psc%3D1,519.00,2.5,2,Not available
"SOEYBAE Fiber Optic HDMI Cable 20M, Fiber HDMI Cable 2.0 Supports 4K@60Hz,18Gbps, 4:4:4, HDR, Dolby, Vision, HDCP2.2, ARC, 3D,Suitable for TV LCD Laptop PS3 PS4 Projector Computer,Cable HDMI",https://www.amazon.ca/sspa/click?ie=UTF8&spc=MToyMzM2NzUwNDE2NjIzMTUyOjE3Mjk3NDU0OTQ6c3BfYnRmOjMwMDQwMjgwOTg0NTYwMjo6MDo6&url=%2FSOEYBAE-Fiber-Optic-Supports-18Gbps%2Fdp%2FB09HTVJGL4%2Fref%3Dsr_1_3179_sspa%3Fcrid%3D1E63C3THFEGDP%26keywords%3Dlaptop%26qid%3D1729745494%26sprefix%3Dlaptop%252Caps%252C128%26sr%3D8-3179-spons%26sp_csd%3Dd2lkZ2V0TmFtZT1zcF9idGY%26psc%3D1,80.00,4.4,621,Not available
"Dell Inspiron 3520 15.6"" FHD (1920 x 1080) Laptop, 120Hz - Intel Core i5-1235U (10 Core) Processor, 8GB RAM, 256GB SSD, WiFi 6, Bluetooth, HDMI, Windows 11 - Carbon Black",https://www.amazon.ca/sspa/click?ie=UTF8&spc=MToyMzM2NzUwNDE2NjIzMTUyOjE3Mjk3NDU0OTQ6c3BfYnRmOjMwMDA5MzA5MzY0NzYwMjo6MDo6&url=%2FDell-Inspiron-3520-Laptop-120Hz%2Fdp%2FB0CMSD8PWH%2Fref%3Dsr_1_3178_sspa%3Fcrid%3D1E63C3THFEGDP%26keywords%3Dlaptop%26qid%3D1729745494%26sprefix%3Dlaptop%252Caps%252C128%26sr%3D8-3178-spons%26sp_csd%3Dd2lkZ2V0TmFtZT1zcF9idGY%26psc%3D1,579.98,4.1,6,Not available
"Selfie Light for Phone, Update Phone Light Clip on with 3 Light Colors+6 RGB, 5/24h Duration, Portable Rechargeable Video Fill Light for for Phone, IPad, Laptop, Makeup, Live Stream,TikTok,Vlog",https://www.amazon.ca/sspa/click?ie=UTF8&spc=MToyMzM2NzUwNDE2NjIzMTUyOjE3Mjk3NDU0OTQ6c3BfYnRmOjMwMDM4MjA3NTc4OTAwMjo6MDo6&url=%2FSelfie-Update-Duration-Portable-Rechargeable%2Fdp%2FB0D2TNLX63%2Fref%3Dsr_1_3177_sspa%3Fcrid%3D1E63C3THFEGDP%26keywords%3Dlaptop%26qid%3D1729745494%26sprefix%3Dlaptop%252Caps%252C128%26sr%3D8-3177-spons%26sp_csd%3Dd2lkZ2V0TmFtZT1zcF9idGY%26psc%3D1,38.99,4.0,8,Not available
LG Gram 16 Inch Laptop with WQXGA (2560 * 1600) IPS Touch Display | 32GB | 1TB,https://www.amazon.ca/sspa/click?ie=UTF8&spc=MToyMzM2NzUwNDE2NjIzMTUyOjE3Mjk3NDU0OTQ6c3BfbXRmOjMwMDM0NTY5NTIzMTEwMjo6MDo6&url=%2FLG-Laptop-WQXGA-Touch-Display%2Fdp%2FB0CXL4GSJT%2Fref%3Dsr_1_3176_sspa%3Fcrid%3D1E63C3THFEGDP%26keywords%3Dlaptop%26qid%3D1729745494%26sprefix%3Dlaptop%252Caps%252C128%26sr%3D8-3176-spons%26sp_csd%3Dd2lkZ2V0TmFtZT1zcF9tdGY%26psc%3D1,"2,207.99",4.6,6,Not available
"Microsoft Surface Laptop Studio 14.4"" Touch i5 16GB 256GB Certified Refurbished",https://www.amazon.ca/sspa/click?ie=UTF8&spc=MToyMzM2NzUwNDE2NjIzMTUyOjE3Mjk3NDU0OTQ6c3BfbXRmOjMwMDE4MTk0NDM2OTgwMjo6MDo6&url=%2FMicrosoft-Surface-Laptop-Certified-Refurbished%2Fdp%2FB09N8V3YBP%2Fref%3Dsr_1_3175_sspa%3Fcrid%3D1E63C3THFEGDP%26keywords%3Dlaptop%26qid%3D1729745494%26sprefix%3Dlaptop%252Caps%252C128%26sr%3D8-3175-spons%26sp_csd%3Dd2lkZ2V0TmFtZT1zcF9tdGY%26psc%3D1,989.00,4.2,26,Not available
Microsoft Surface Laptop 4 13.5 Touch i5-1135G7 8GB 512GB Certified Refurbished,https://www.amazon.ca/sspa/click?ie=UTF8&spc=MToyMzM2NzUwNDE2NjIzMTUyOjE3Mjk3NDU0OTQ6c3BfbXRmOjMwMDQ4NTkzMTA0NzIwMjo6MDo6&url=%2FMicrosoft-Surface-Laptop-Touchscreen-English%2Fdp%2FB0976P9ZN3%2Fref%3Dsr_1_3174_sspa%3Fcrid%3D1E63C3THFEGDP%26keywords%3Dlaptop%26qid%3D1729745494%26sprefix%3Dlaptop%252Caps%252C128%26sr%3D8-3174-spons%26sp_csd%3Dd2lkZ2V0TmFtZT1zcF9tdGY%26psc%3D1,675.00,3.5,10,Not available
"Ruzava 14"" Traditional Laptop 6GB DDR4 256GB SSD Celeron N4020(Up to 2.8Ghz) 2-Core Win 11 Notebook 1920x1080 FHD Dual WiFi BT 4.2 Support 512GB TF&1TB SSD Expand with Webcam for Business Study-Red",https://www.amazon.ca/sspa/click?ie=UTF8&spc=MToyMzM2NzUwNDE2NjIzMTUyOjE3Mjk3NDU0OTQ6c3BfYXRmX25leHQ6MzAwMDQ2NjYzMTQzMzAyOjowOjo&url=%2FRuzava-Notebook-1920x1080-Wireless-Study-Red%2Fdp%2FB0CBKHCTQ4%2Fref%3Dsr_1_3171_sspa%3Fcrid%3D1E63C3THFEGDP%26keywords%3Dlaptop%26qid%3D1729745494%26sprefix%3Dlaptop%252Caps%252C128%26sr%3D8-3171-spons%26sp_csd%3Dd2lkZ2V0TmFtZT1zcF9hdGZfbmV4dA%26psc%3D1,287.99,4.0,84,Not available
Fanxiang 512GB External SSD Portable Hard Drive-Up to 550MB/s USB Flash Drive Thumb Drive SSD Stick USB 3.2 Gen2 External Solid State Drive for PC/Laptop Zinc Alloy(FF511),https://www.amazon.ca/sspa/click?ie=UTF8&spc=MToyMzM2NzUwNDE2NjIzMTUyOjE3Mjk3NDU0OTQ6c3BfYXRmX25leHQ6MzAwMTYzODcwMjk5MTAyOjowOjo&url=%2FFanxiang-External-Portable-Drive-Up-Laptop%2Fdp%2FB0CMHN12YY%2Fref%3Dsr_1_3172_sspa%3Fcrid%3D1E63C3THFEGDP%26keywords%3Dlaptop%26qid%3D1729745494%26sprefix%3Dlaptop%252Caps%252C128%26sr%3D8-3172-spons%26sp_csd%3Dd2lkZ2V0TmFtZT1zcF9hdGZfbmV4dA%26psc%3D1,59.99,4.2,88,Not available
"Lenovo ThinkPad X280 Touchscreen Ultrabook Business Laptop, 12.5"" FHD(1920x1080), Intel Core i5-8350U 1.70 GHz Up to 3.6GHz, 16GB RAM, 256 GB SSD, Windows 10 Pro 64-bit (English) (Renewed)",https://www.amazon.ca/sspa/click?ie=UTF8&spc=MToyMzM2NzUwNDE2NjIzMTUyOjE3Mjk3NDU0OTQ6c3BfbXRmOjMwMDA3NzM0Njg0NjgwMjo6MDo6&url=%2FLenovo-X280-Touchscreen-Ultrabook-1920x1080%2Fdp%2FB0CKZ25RT1%2Fref%3Dsr_1_3173_sspa%3Fcrid%3D1E63C3THFEGDP%26keywords%3Dlaptop%26qid%3D1729745494%26sprefix%3Dlaptop%252Caps%252C128%26sr%3D8-3173-spons%26sp_csd%3Dd2lkZ2V0TmFtZT1zcF9tdGY%26psc%3D1,319.00,"FREE delivery Tue, Oct 29 ",Only 5 left in stock.,Not available
"Outdoor Cat7 Ethernet Cable 300ft, 26AWG Heavy-Duty Cat7 Networking Cord Patch Cable RJ45 Transmission Speed 10GbpsTransmission Bandwidth 600Mhz LAN Wire Cable SFTP Waterproof Direct Burial (300FT)…",https://www.amazon.ca/sspa/click?ie=UTF8&spc=MToyMzM2NzUwNDE2NjIzMTUyOjE3Mjk3NDU0OTQ6c3BfYXRmX25leHQ6MjAwMDMzNzAxMzg3ODk4OjowOjo&url=%2FHeavy-Duty-Networking-Transmission-10GbpsTransmission-Waterproof%2Fdp%2FB07XXYCMB4%2Fref%3Dsr_1_3170_sspa%3Fcrid%3D1E63C3THFEGDP%26keywords%3Dlaptop%26qid%3D1729745494%26sprefix%3Dlaptop%252Caps%252C128%26sr%3D8-3170-spons%26sp_csd%3Dd2lkZ2V0TmFtZT1zcF9hdGZfbmV4dA%26psc%3D1,99.99,4.5,"1,913",Not available
"SOEYBAE Fiber Optic HDMI Cable 20M, Fiber HDMI Cable 2.0 Supports 4K@60Hz,18Gbps, 4:4:4, HDR, Dolby, Vision, HDCP2.2, ARC, 3D,Suitable for TV LCD Laptop PS3 PS4 Projector Computer,Cable HDMI",https://www.amazon.ca/sspa/click?ie=UTF8&spc=MTo2NDM4NzIyMDE3NzkwNzMwOjE3Mjk3NDU0OTQ6c3BfYnRmOjMwMDQwMjgwOTg0NTYwMjo6MDo6&url=%2FSOEYBAE-Fiber-Optic-Supports-18Gbps%2Fdp%2FB09HTVJGL4%2Fref%3Dsr_1_3132_sspa%3Fcrid%3D1E63C3THFEGDP%26keywords%3Dlaptop%26qid%3D1729745494%26sprefix%3Dlaptop%252Caps%252C128%26sr%3D8-3132-spons%26sp_csd%3Dd2lkZ2V0TmFtZT1zcF9idGY%26psc%3D1,80.00,4.4,621,Not available
"HP EliteBook 830 G7 13"" Laptop, Intel Core i7-10th Gen, 32GB, 512GB SSD, Win11 Pro (Renewed)",https://www.amazon.ca/sspa/click?ie=UTF8&spc=MTo2NDM4NzIyMDE3NzkwNzMwOjE3Mjk3NDU0OTQ6c3BfYnRmOjMwMDE2NjUzNzQ5MjQwMjo6MDo6&url=%2FHP-EliteBook-830-G7-i7-10th%2Fdp%2FB0CWWF8149%2Fref%3Dsr_1_3131_sspa%3Fcrid%3D1E63C3THFEGDP%26keywords%3Dlaptop%26qid%3D1729745494%26sprefix%3Dlaptop%252Caps%252C128%26sr%3D8-3131-spons%26sp_csd%3Dd2lkZ2V0TmFtZT1zcF9idGY%26psc%3D1,519.00,2.5,2,Not available
"Dell Inspiron 3520 15.6"" FHD (1920 x 1080) Laptop, 120Hz - Intel Core i5-1235U (10 Core) Processor, 8GB RAM, 256GB SSD, WiFi 6, Bluetooth, HDMI, Windows 11 - Carbon Black",https://www.amazon.ca/sspa/click?ie=UTF8&spc=MTo2NDM4NzIyMDE3NzkwNzMwOjE3Mjk3NDU0OTQ6c3BfYnRmOjMwMDA5MzA5MzY0NzYwMjo6MDo6&url=%2FDell-Inspiron-3520-Laptop-120Hz%2Fdp%2FB0CMSD8PWH%2Fref%3Dsr_1_3129_sspa%3Fcrid%3D1E63C3THFEGDP%26keywords%3Dlaptop%26qid%3D1729745494%26sprefix%3Dlaptop%252Caps%252C128%26sr%3D8-3129-spons%26sp_csd%3Dd2lkZ2V0TmFtZT1zcF9idGY%26psc%3D1,579.98,4.1,6,Not available
"Selfie Light for Phone, Update Phone Light Clip on with 3 Light Colors+6 RGB, 5/24h Duration, Portable Rechargeable Video Fill Light for for Phone, IPad, Laptop, Makeup, Live Stream,TikTok,Vlog",https://www.amazon.ca/sspa/click?ie=UTF8&spc=MTo2NDM4NzIyMDE3NzkwNzMwOjE3Mjk3NDU0OTQ6c3BfYnRmOjMwMDM4MjA3NTc4OTAwMjo6MDo6&url=%2FSelfie-Update-Duration-Portable-Rechargeable%2Fdp%2FB0D2TNLX63%2Fref%3Dsr_1_3130_sspa%3Fcrid%3D1E63C3THFEGDP%26keywords%3Dlaptop%26qid%3D1729745494%26sprefix%3Dlaptop%252Caps%252C128%26sr%3D8-3130-spons%26sp_csd%3Dd2lkZ2V0TmFtZT1zcF9idGY%26psc%3D1,38.99,4.0,8,Not available
No title available,https://www.amazon.ca/s?k=hp+laptop&ref=rsl_sug_0_0&pd_rd_w=sjxnV&content-id=amzn1.sym.44e6e7c3-130a-4bef-a9b7-4368915a8293:amzn1.sym.44e6e7c3-130a-4bef-a9b7-4368915a8293&pf_rd_p=44e6e7c3-130a-4bef-a9b7-4368915a8293&pf_rd_r=G6AMZ5CNDJ4J8DZB7G4B&pd_rd_wg=GU0J1&pd_rd_r=de8ab414-1cd0-406c-9139-11b87676f504&qid=1729745494,Price not available,Rating not available,hp laptop,Not available
LG Gram 16 Inch Laptop with WQXGA (2560 * 1600) IPS Touch Display | 32GB | 1TB,https://www.amazon.ca/sspa/click?ie=UTF8&spc=MTo2NDM4NzIyMDE3NzkwNzMwOjE3Mjk3NDU0OTQ6c3BfbXRmOjMwMDM0NTY5NTIzMTEwMjo6MDo6&url=%2FLG-Laptop-WQXGA-Touch-Display%2Fdp%2FB0CXL4GSJT%2Fref%3Dsr_1_3128_sspa%3Fcrid%3D1E63C3THFEGDP%26keywords%3Dlaptop%26qid%3D1729745494%26sprefix%3Dlaptop%252Caps%252C128%26sr%3D8-3128-spons%26sp_csd%3Dd2lkZ2V0TmFtZT1zcF9tdGY%26psc%3D1,"2,207.99",4.6,6,Not available
"Microsoft Surface Laptop Studio 14.4"" Touch i5 16GB 256GB Certified Refurbished",https://www.amazon.ca/sspa/click?ie=UTF8&spc=MTo2NDM4NzIyMDE3NzkwNzMwOjE3Mjk3NDU0OTQ6c3BfbXRmOjMwMDE4MTk0NDM2OTgwMjo6MDo6&url=%2FMicrosoft-Surface-Laptop-Certified-Refurbished%2Fdp%2FB09N8V3YBP%2Fref%3Dsr_1_3127_sspa%3Fcrid%3D1E63C3THFEGDP%26keywords%3Dlaptop%26qid%3D1729745494%26sprefix%3Dlaptop%252Caps%252C128%26sr%3D8-3127-spons%26sp_csd%3Dd2lkZ2V0TmFtZT1zcF9tdGY%26psc%3D1,989.00,4.2,26,Not available
Fanxiang 512GB External SSD Portable Hard Drive-Up to 550MB/s USB Flash Drive Thumb Drive SSD Stick USB 3.2 Gen2 External Solid State Drive for PC/Laptop Zinc Alloy(FF511),https://www.amazon.ca/sspa/click?ie=UTF8&spc=MTo2NDM4NzIyMDE3NzkwNzMwOjE3Mjk3NDU0OTQ6c3BfYXRmX25leHQ6MzAwMTYzODcwMjk5MTAyOjowOjo&url=%2FFanxiang-External-Portable-Drive-Up-Laptop%2Fdp%2FB0CMHN12YY%2Fref%3Dsr_1_3124_sspa%3Fcrid%3D1E63C3THFEGDP%26keywords%3Dlaptop%26qid%3D1729745494%26sprefix%3Dlaptop%252Caps%252C128%26sr%3D8-3124-spons%26sp_csd%3Dd2lkZ2V0TmFtZT1zcF9hdGZfbmV4dA%26psc%3D1,59.99,4.2,88,Not available
"Lenovo ThinkPad X280 Touchscreen Ultrabook Business Laptop, 12.5"" FHD(1920x1080), Intel Core i5-8350U 1.70 GHz Up to 3.6GHz, 16GB RAM, 256 GB SSD, Windows 10 Pro 64-bit (English) (Renewed)",https://www.amazon.ca/sspa/click?ie=UTF8&spc=MTo2NDM4NzIyMDE3NzkwNzMwOjE3Mjk3NDU0OTQ6c3BfbXRmOjMwMDA3NzM0Njg0NjgwMjo6MDo6&url=%2FLenovo-X280-Touchscreen-Ultrabook-1920x1080%2Fdp%2FB0CKZ25RT1%2Fref%3Dsr_1_3125_sspa%3Fcrid%3D1E63C3THFEGDP%26keywords%3Dlaptop%26qid%3D1729745494%26sprefix%3Dlaptop%252Caps%252C128%26sr%3D8-3125-spons%26sp_csd%3Dd2lkZ2V0TmFtZT1zcF9tdGY%26psc%3D1,319.00,"FREE delivery Tue, Oct 29 ",Only 5 left in stock.,Not available
"Ruzava 14"" Traditional Laptop 6GB DDR4 256GB SSD Celeron N4020(Up to 2.8Ghz) 2-Core Win 11 Notebook 1920x1080 FHD Dual WiFi BT 4.2 Support 512GB TF&1TB SSD Expand with Webcam for Business Study-Red",https://www.amazon.ca/sspa/click?ie=UTF8&spc=MTo2NDM4NzIyMDE3NzkwNzMwOjE3Mjk3NDU0OTQ6c3BfYXRmX25leHQ6MzAwMDQ2NjYzMTQzMzAyOjowOjo&url=%2FRuzava-Notebook-1920x1080-Wireless-Study-Red%2Fdp%2FB0CBKHCTQ4%2Fref%3Dsr_1_3123_sspa%3Fcrid%3D1E63C3THFEGDP%26keywords%3Dlaptop%26qid%3D1729745494%26sprefix%3Dlaptop%252Caps%252C128%26sr%3D8-3123-spons%26sp_csd%3Dd2lkZ2V0TmFtZT1zcF9hdGZfbmV4dA%26psc%3D1,287.99,4.0,84,Not available
"Outdoor Cat7 Ethernet Cable 300ft, 26AWG Heavy-Duty Cat7 Networking Cord Patch Cable RJ45 Transmission Speed 10GbpsTransmission Bandwidth 600Mhz LAN Wire Cable SFTP Waterproof Direct Burial (300FT)…",https://www.amazon.ca/sspa/click?ie=UTF8&spc=MTo2NDM4NzIyMDE3NzkwNzMwOjE3Mjk3NDU0OTQ6c3BfYXRmX25leHQ6MjAwMDMzNzAxMzg3ODk4OjowOjo&url=%2FHeavy-Duty-Networking-Transmission-10GbpsTransmission-Waterproof%2Fdp%2FB07XXYCMB4%2Fref%3Dsr_1_3122_sspa%3Fcrid%3D1E63C3THFEGDP%26keywords%3Dlaptop%26qid%3D1729745494%26sprefix%3Dlaptop%252Caps%252C128%26sr%3D8-3122-spons%26sp_csd%3Dd2lkZ2V0TmFtZT1zcF9hdGZfbmV4dA%26psc%3D1,99.99,4.5,"1,913",Not available
"fanxiang S100 256GB SSD SATA III 2.5"" Internal Solid State Drive, Read Speed up to 550MB/sec, Compatible with Laptop and PC",https://www.amazon.ca/sspa/click?ie=UTF8&spc=MTo0ODMyNTQwMDUzMzA5MzE6MTcyOTc0NTQ5NDpzcF9hdGZfbmV4dDozMDA0NzI2NjEwOTU4MDI6OjA6Og&url=%2Ffanxiang-S100-Internal-Compatible-Laptop%2Fdp%2FB0BX62TD7L%2Fref%3Dsr_1_2929_sspa%3Fcrid%3D1E63C3THFEGDP%26keywords%3Dlaptop%26qid%3D1729745494%26sprefix%3Dlaptop%252Caps%252C128%26sr%3D8-2929-spons%26sp_csd%3Dd2lkZ2V0TmFtZT1zcF9hdGZfbmV4dA%26psc%3D1,28.99,4.5,568,Not available
"fanxiang S100 256GB SSD SATA III 2.5"" Internal Solid State Drive, Read Speed up to 550MB/sec, Compatible with Laptop and PC",https://www.amazon.ca/sspa/click?ie=UTF8&spc=MTo2NDM4NzIyMDE3NzkwNzMwOjE3Mjk3NDU0OTQ6c3BfYXRmX25leHQ6MzAwNDcyNjYxMDk1ODAyOjowOjo&url=%2Ffanxiang-S100-Internal-Compatible-Laptop%2Fdp%2FB0BX62TD7L%2Fref%3Dsr_1_3121_sspa%3Fcrid%3D1E63C3THFEGDP%26keywords%3Dlaptop%26qid%3D1729745494%26sprefix%3Dlaptop%252Caps%252C128%26sr%3D8-3121-spons%26sp_csd%3Dd2lkZ2V0TmFtZT1zcF9hdGZfbmV4dA%26psc%3D1,28.99,4.5,568,Not available
"fanxiang S100 256GB SSD SATA III 2.5"" Internal Solid State Drive, Read Speed up to 550MB/sec, Compatible with Laptop and PC",https://www.amazon.ca/sspa/click?ie=UTF8&spc=MToyMzM2NzUwNDE2NjIzMTUyOjE3Mjk3NDU0OTQ6c3BfYXRmX25leHQ6MzAwNDcyNjYxMDk1ODAyOjowOjo&url=%2Ffanxiang-S100-Internal-Compatible-Laptop%2Fdp%2FB0BX62TD7L%2Fref%3Dsr_1_3169_sspa%3Fcrid%3D1E63C3THFEGDP%26keywords%3Dlaptop%26qid%3D1729745494%26sprefix%3Dlaptop%252Caps%252C128%26sr%3D8-3169-spons%26sp_csd%3Dd2lkZ2V0TmFtZT1zcF9hdGZfbmV4dA%26psc%3D1,28.99,4.5,568,Not available
"ASUS VivoBook 15.6"" FHD Touchscreen Laptop, Intel i7-1255U, 40GB RAM, 2TB PCIe SSD, Intel Iris Xe Graphics, Backlit Keyboard, WiFi 6, Win 11 Pro, Quiet Blue, 32GB Hotface USB Card",https://www.amazon.ca/sspa/click?ie=UTF8&spc=MToxNDIzOTQ3MzUyODkwMjExOjE3Mjk3NDU0OTQ6c3Bfc2VhcmNoX3RoZW1hdGljOjMwMDM3MzQwMjEwMDUwMjo6Mjo6&url=%2FASUS-VivoBook-Touchscreen-i7-1255U-Graphics%2Fdp%2FB0CSYFPW5P%2Fref%3Dsxin_15_pa_sp_search_thematic_sspa%3Fcontent-id%3Damzn1.sym.ead4008e-f313-4943-84c5-6b44d3477e63%253Aamzn1.sym.ead4008e-f313-4943-84c5-6b44d3477e63%26crid%3D1E63C3THFEGDP%26cv_ct_cx%3Dlaptop%26dib%3DeyJ2IjoiMSJ9.9T4atqVafk2O5aSM6d7RNZSSJfjD2QLeP5zNBWoOCq_A6cCnG1hVVTuoQzwG7gev67tSM3BTTH4uHMxtjnCYuA.dSpdnQinjNiMZOjigOLwstR7bDm-pVFIXk6YzlzjnKE%26dib_tag%3Dse%26keywords%3Dlaptop%26pd_rd_i%3DB0CSYFPW5P%26pd_rd_r%3De7588983-cfc2-4e91-a04f-ccfc2c8f73f6%26pd_rd_w%3DO2jgj%26pd_rd_wg%3DEzKo1%26pf_rd_p%3Dead4008e-f313-4943-84c5-6b44d3477e63%26pf_rd_r%3DDWGVPFSWRQ0FRR43570M%26qid%3D1729745494%26sbo%3DRZvfv%252F%252FHxDF%252BO5021pAnSA%253D%253D%26sprefix%3Dlaptop%252Caps%252C128%26sr%3D1-2643-1cd13166-e9fe-46a7-89b4-109ca0ed00af-spons%26sp_csd%3Dd2lkZ2V0TmFtZT1zcF9zZWFyY2hfdGhlbWF0aWM%26psc%3D1,"1,179.00",4.0,252,Not available
"ASUS BR1100 Laptop, BR1100FKA-CES1S-CA, 11.6"" HD Touch Screen Glossy Display, Intel Celeron N4500 Processor, 4GB RAM, 128GB Storage, MIL-STD 810H Durability, TPM 2.0, Windows 10 Pro, Star Grey",https://www.amazon.ca/sspa/click?ie=UTF8&spc=MToxNDIzOTQ3MzUyODkwMjExOjE3Mjk3NDU0OTQ6c3Bfc2VhcmNoX3RoZW1hdGljOjMwMDI5MTEwNjQwOTQwMjo6Mzo6&url=%2FBR1100FKA-CES1S-CA-Display-Celeron-Processor-Durability%2Fdp%2FB09HN3TWSG%2Fref%3Dsxin_15_pa_sp_search_thematic_sspa%3Fcontent-id%3Damzn1.sym.ead4008e-f313-4943-84c5-6b44d3477e63%253Aamzn1.sym.ead4008e-f313-4943-84c5-6b44d3477e63%26crid%3D1E63C3THFEGDP%26cv_ct_cx%3Dlaptop%26dib%3DeyJ2IjoiMSJ9.9T4atqVafk2O5aSM6d7RNZSSJfjD2QLeP5zNBWoOCq_A6cCnG1hVVTuoQzwG7gev67tSM3BTTH4uHMxtjnCYuA.dSpdnQinjNiMZOjigOLwstR7bDm-pVFIXk6YzlzjnKE%26dib_tag%3Dse%26keywords%3Dlaptop%26pd_rd_i%3DB09HN3TWSG%26pd_rd_r%3De7588983-cfc2-4e91-a04f-ccfc2c8f73f6%26pd_rd_w%3DO2jgj%26pd_rd_wg%3DEzKo1%26pf_rd_p%3Dead4008e-f313-4943-84c5-6b44d3477e63%26pf_rd_r%3DDWGVPFSWRQ0FRR43570M%26qid%3D1729745494%26sbo%3DRZvfv%252F%252FHxDF%252BO5021pAnSA%253D%253D%26sprefix%3Dlaptop%252Caps%252C128%26sr%3D1-2644-1cd13166-e9fe-46a7-89b4-109ca0ed00af-spons%26sp_csd%3Dd2lkZ2V0TmFtZT1zcF9zZWFyY2hfdGhlbWF0aWM%26psc%3D1,299.00,4.1,214,Not available
"Ruzava 14"" Laptop 8GB DDR4 256GB SSD Celeron N5095 (Up to 2.9Ghz) 4-Core Win 11 PC with Cooling Fan 1920 * 1200 2K FHD Screen Dual WiFi Support 1TB SSD Expand for Business Study-Blue",https://www.amazon.ca/sspa/click?ie=UTF8&spc=MToxNDIzOTQ3MzUyODkwMjExOjE3Mjk3NDU0OTQ6c3Bfc2VhcmNoX3RoZW1hdGljOjMwMDAyNDY5MzYzMzUwMjo6MTo6&url=%2FRuzava-Celeron-Cooling-Support-Study-Blue%2Fdp%2FB0CBKKHD7R%2Fref%3Dsxin_15_pa_sp_search_thematic_sspa%3Fcontent-id%3Damzn1.sym.ead4008e-f313-4943-84c5-6b44d3477e63%253Aamzn1.sym.ead4008e-f313-4943-84c5-6b44d3477e63%26crid%3D1E63C3THFEGDP%26cv_ct_cx%3Dlaptop%26dib%3DeyJ2IjoiMSJ9.9T4atqVafk2O5aSM6d7RNZSSJfjD2QLeP5zNBWoOCq_A6cCnG1hVVTuoQzwG7gev67tSM3BTTH4uHMxtjnCYuA.dSpdnQinjNiMZOjigOLwstR7bDm-pVFIXk6YzlzjnKE%26dib_tag%3Dse%26keywords%3Dlaptop%26pd_rd_i%3DB0CBKKHD7R%26pd_rd_r%3De7588983-cfc2-4e91-a04f-ccfc2c8f73f6%26pd_rd_w%3DO2jgj%26pd_rd_wg%3DEzKo1%26pf_rd_p%3Dead4008e-f313-4943-84c5-6b44d3477e63%26pf_rd_r%3DDWGVPFSWRQ0FRR43570M%26qid%3D1729745494%26sbo%3DRZvfv%252F%252FHxDF%252BO5021pAnSA%253D%253D%26sprefix%3Dlaptop%252Caps%252C128%26sr%3D1-2642-1cd13166-e9fe-46a7-89b4-109ca0ed00af-spons%26sp_csd%3Dd2lkZ2V0TmFtZT1zcF9zZWFyY2hfdGhlbWF0aWM%26psc%3D1,344.27,4.4,137,Not available
No title available,https://www.amazon.ca/s?k=hp+laptop&ref=rsl_sug_0_0&pd_rd_w=3CNPR&content-id=amzn1.sym.44e6e7c3-130a-4bef-a9b7-4368915a8293:amzn1.sym.44e6e7c3-130a-4bef-a9b7-4368915a8293&pf_rd_p=44e6e7c3-130a-4bef-a9b7-4368915a8293&pf_rd_r=KZRZ41MPF2D5QEZ0B12N&pd_rd_wg=hrkPO&pd_rd_r=38181499-8688-44f8-b9ad-27cc3fce445e&qid=1729745494,Price not available,Rating not available,hp laptop,Not available
"ASUS Vivobook 15.6"" FHD Touchscreen Laptop, Intel i5-1135G7 Processor, 20GB RAM, 1TB PCIe SSD, Intel Iris Xe Graphics, Number Pad, Bluetooth, Win 11 Pro, Gray, 32GB Hotface USB Card",https://www.amazon.ca/sspa/click?ie=UTF8&spc=MToxNDIzOTQ3MzUyODkwMjExOjE3Mjk3NDU0OTQ6c3Bfc2VhcmNoX3RoZW1hdGljOjMwMDM3MzIzNDk5NjgwMjo6MDo6&url=%2FASUS-Vivobook-Touchscreen-i5-1135G7-Processor%2Fdp%2FB0CSFGWHHV%2Fref%3Dsxin_15_pa_sp_search_thematic_sspa%3Fcontent-id%3Damzn1.sym.ead4008e-f313-4943-84c5-6b44d3477e63%253Aamzn1.sym.ead4008e-f313-4943-84c5-6b44d3477e63%26crid%3D1E63C3THFEGDP%26cv_ct_cx%3Dlaptop%26dib%3DeyJ2IjoiMSJ9.9T4atqVafk2O5aSM6d7RNZSSJfjD2QLeP5zNBWoOCq_A6cCnG1hVVTuoQzwG7gev67tSM3BTTH4uHMxtjnCYuA.dSpdnQinjNiMZOjigOLwstR7bDm-pVFIXk6YzlzjnKE%26dib_tag%3Dse%26keywords%3Dlaptop%26pd_rd_i%3DB0CSFGWHHV%26pd_rd_r%3De7588983-cfc2-4e91-a04f-ccfc2c8f73f6%26pd_rd_w%3DO2jgj%26pd_rd_wg%3DEzKo1%26pf_rd_p%3Dead4008e-f313-4943-84c5-6b44d3477e63%26pf_rd_r%3DDWGVPFSWRQ0FRR43570M%26qid%3D1729745494%26sbo%3DRZvfv%252F%252FHxDF%252BO5021pAnSA%253D%253D%26sprefix%3Dlaptop%252Caps%252C128%26sr%3D1-2641-1cd13166-e9fe-46a7-89b4-109ca0ed00af-spons%26sp_csd%3Dd2lkZ2V0TmFtZT1zcF9zZWFyY2hfdGhlbWF0aWM%26psc%3D1,829.00,4.1,109,Not available
No title available,https://www.amazon.ca/s?k=hp+laptop&ref=rsl_sug_0_0&pd_rd_w=8VdHq&content-id=amzn1.sym.44e6e7c3-130a-4bef-a9b7-4368915a8293:amzn1.sym.44e6e7c3-130a-4bef-a9b7-4368915a8293&pf_rd_p=44e6e7c3-130a-4bef-a9b7-4368915a8293&pf_rd_r=BTS8H1S6REHRNKMBRGGY&pd_rd_wg=cS0pU&pd_rd_r=b96d8d87-874e-45db-b789-322f52a4c877&qid=1729745494,Price not available,Rating not available,hp laptop,Not available
"135W for Lenovo ThinkPad P1 20MD 20ME ThinkPad X1 Extreme 20MG ADL135SDC3A, SA10E75864, 00HM686 Gaming Laptop",https://www.amazon.ca/sspa/click?ie=UTF8&spc=MTo0NDA2MDUwOTk2NjAzNzY6MTcyOTc0NTQ5ODpzcF9tdGY6MzAwNDA4NjA4MjIwMTAyOjowOjo&url=%2FThinkPad-Extreme-ADL135SDC3A-SA10E75864-00HM686%2Fdp%2FB0D14514T7%2Fref%3Dsr_1_3749_sspa%3Fcrid%3D1E63C3THFEGDP%26keywords%3Dlaptop%26qid%3D1729745498%26sprefix%3Dlaptop%252Caps%252C128%26sr%3D8-3749-spons%26sp_csd%3Dd2lkZ2V0TmFtZT1zcF9tdGY%26psc%3D1,45.99,4.7,10,Not available
"230W Laptop Charger for MSI GE66 GE76 Raider GP66 GP76 Leopard Gaming Charger, MSI 20V 11.5A AC Adapter",https://www.amazon.ca/sspa/click?ie=UTF8&spc=MTo0NDA2MDUwOTk2NjAzNzY6MTcyOTc0NTQ5ODpzcF9tdGY6MzAwNDAxMTAzOTk0MjAyOjowOjo&url=%2FLaptop-Charger-Raider-Leopard-Adapter%2Fdp%2FB0CWF2TV3G%2Fref%3Dsr_1_3750_sspa%3Fcrid%3D1E63C3THFEGDP%26keywords%3Dlaptop%26qid%3D1729745498%26sprefix%3Dlaptop%252Caps%252C128%26sr%3D8-3750-spons%26sp_csd%3Dd2lkZ2V0TmFtZT1zcF9tdGY%26psc%3D1,98.88,5.0,4,Not available
Dell Latitude 5300 Laptop 13.3 - Intel Core i7 8th Gen - i7-8665U - Quad Core 4.8Ghz - 512GB SSD - 16GB RAM - 1920x1080 FHD - Windows 10 Pro (Renewed),https://www.amazon.ca/sspa/click?ie=UTF8&spc=MTo0NDA2MDUwOTk2NjAzNzY6MTcyOTc0NTQ5ODpzcF9idGY6MzAwNDc4MzAyNTE1NjAyOjowOjo&url=%2FDell-Latitude-5300-Laptop-13-3%2Fdp%2FB08ZL2ZY5Q%2Fref%3Dsr_1_3755_sspa%3Fcrid%3D1E63C3THFEGDP%26keywords%3Dlaptop%26qid%3D1729745498%26sprefix%3Dlaptop%252Caps%252C128%26sr%3D8-3755-spons%26sp_csd%3Dd2lkZ2V0TmFtZT1zcF9idGY%26psc%3D1,369.00,4.2,34,Not available
"135W Thinkpad Charger Fit for Lenovo Thinkpad X1 Extreme,Fit for Lenovo Ideapad Gaming Laptop L340,3-15 Also Fit for Lenovo Yoga 9i,Lenovo Dock Charger",https://www.amazon.ca/sspa/click?ie=UTF8&spc=MTo0NDA2MDUwOTk2NjAzNzY6MTcyOTc0NTQ5ODpzcF9idGY6MzAwNDQwMzYwNDUyMDAyOjowOjo&url=%2FThinkpad-Charger-Lenovo-Extreme-Ideapad%2Fdp%2FB0D7LWY1HQ%2Fref%3Dsr_1_3756_sspa%3Fcrid%3D1E63C3THFEGDP%26keywords%3Dlaptop%26qid%3D1729745498%26sprefix%3Dlaptop%252Caps%252C128%26sr%3D8-3756-spons%26sp_csd%3Dd2lkZ2V0TmFtZT1zcF9idGY%26psc%3D1,45.88,"FREE delivery Sun, Oct 27 ",No reviews available,Not available
Pixio PX222 22 inch 75Hz Refresh Rate FHD 1080p Resolution VA Panel Gaming Monitor with VGA and HDMI Inputs,https://www.amazon.ca/sspa/click?ie=UTF8&spc=MTo0NDA2MDUwOTk2NjAzNzY6MTcyOTc0NTQ5ODpzcF9tdGY6MjAwMDU4OTkzNTkxMzk4OjowOjo&url=%2FPX222-1920x1080-Premier-Productivity-Computer%2Fdp%2FB09NPB93X7%2Fref%3Dsr_1_3751_sspa%3Fcrid%3D1E63C3THFEGDP%26keywords%3Dlaptop%26qid%3D1729745498%26sprefix%3Dlaptop%252Caps%252C128%26sr%3D8-3751-spons%26sp_csd%3Dd2lkZ2V0TmFtZT1zcF9tdGY%26psc%3D1,129.99,4.1,"3,188",Not available
"LeadsaiL Wireless Keyboard and Mouse Combo with Phone and Tablet Holder, Wireless USB Mouse and Full-Sized Computer Keyboard Set for Windows Laptop, Desktop, PC-Black",https://www.amazon.ca/sspa/click?ie=UTF8&spc=MTo0NDA2MDUwOTk2NjAzNzY6MTcyOTc0NTQ5ODpzcF9idGY6MzAwNDk1NjQwODgzOTAyOjowOjo&url=%2FLeadsaiL-Wireless-Keyboard-Full-Sized-Computer%2Fdp%2FB09YNFVGM8%2Fref%3Dsr_1_3753_sspa%3Fcrid%3D1E63C3THFEGDP%26keywords%3Dlaptop%26qid%3D1729745498%26sprefix%3Dlaptop%252Caps%252C128%26sr%3D8-3753-spons%26sp_csd%3Dd2lkZ2V0TmFtZT1zcF9idGY%26psc%3D1,37.99,4.4,926,Not available
"Naclud 15.6 Inch Laptop, 12GB DDR4 1024GB SSD, Laptops with Celeron N5095 Processor(Up to 2.9GHz), FHD 1920x1080 Notebook with 2xUSB 3.0, Bluetooth 4.2, Dual Band WiFi(Gray)",https://www.amazon.ca/sspa/click?ie=UTF8&spc=MTo0NDA2MDUwOTk2NjAzNzY6MTcyOTc0NTQ5ODpzcF9tdGY6MzAwNDkwMjQzNzg4MTAyOjowOjo&url=%2FNaclud-Processor-1920x1080-Notebook-Bluetooth%2Fdp%2FB0DDY9R6B1%2Fref%3Dsr_1_3752_sspa%3Fcrid%3D1E63C3THFEGDP%26keywords%3Dlaptop%26qid%3D1729745498%26sprefix%3Dlaptop%252Caps%252C128%26sr%3D8-3752-spons%26sp_csd%3Dd2lkZ2V0TmFtZT1zcF9tdGY%26psc%3D1,409.99,4.6,18,Not available
"SGIN 15.6 Inch Laptops, 4GB RAM, 128GB SSD Laptop Computer, Celeron N4120 Processor, 2.4G/5G WiFi, Mini HDMI, Webcam, 8 Hrs Long Battery Life, 1TB TF Card Expansion, Type-C",https://www.amazon.ca/sspa/click?ie=UTF8&spc=MTo0NDA2MDUwOTk2NjAzNzY6MTcyOTc0NTQ5ODpzcF9idGY6MzAwNDc2MDQyNzQxMjAyOjowOjo&url=%2FSGIN-Laptops-Computer-Processor-Expansion%2Fdp%2FB0DFMMHCPF%2Fref%3Dsr_1_3754_sspa%3Fcrid%3D1E63C3THFEGDP%26keywords%3Dlaptop%26qid%3D1729745498%26sprefix%3Dlaptop%252Caps%252C128%26sr%3D8-3754-spons%26sp_csd%3Dd2lkZ2V0TmFtZT1zcF9idGY%26psc%3D1,309.99,4.6,6,Not available
"Dell Latitude 3400 Business Laptop, 14in Wide Screen Notebook, Intel i5-8265 Dual-core Processor up to 2.6GHz, 8GB RAM, 256GB SSD, Win10 pro(Renewed)",https://www.amazon.ca/sspa/click?ie=UTF8&spc=MTo0NDA2MDUwOTk2NjAzNzY6MTcyOTc0NTQ5ODpzcF9hdGZfbmV4dDozMDAyMzIzNzk3NzEwMDI6OjA6Og&url=%2FDell-Latitude-Business-Dual-core-Processor%2Fdp%2FB0CV49SJ55%2Fref%3Dsr_1_3748_sspa%3Fcrid%3D1E63C3THFEGDP%26keywords%3Dlaptop%26qid%3D1729745498%26sprefix%3Dlaptop%252Caps%252C128%26sr%3D8-3748-spons%26sp_csd%3Dd2lkZ2V0TmFtZT1zcF9hdGZfbmV4dA%26psc%3D1,259.70,"FREE delivery Sun, Oct 27 ",Only 4 left in stock.,Not available
"Outdoor Cat7 Ethernet Cable 250ft, 26AWG Heavy-Duty Cat7 Networking Cord Patch Cable RJ45 Transmission Speed 10GbpsTransmission Bandwidth 600Mhz LAN Wire Cable SFTP Waterproof Direct Burial (250FT)…",https://www.amazon.ca/sspa/click?ie=UTF8&spc=MTo0NDA2MDUwOTk2NjAzNzY6MTcyOTc0NTQ5ODpzcF9hdGZfbmV4dDoyMDAwMzM3MDYzMTQ0OTg6OjA6Og&url=%2FHeavy-Duty-Networking-Transmission-10GbpsTransmission-Waterproof%2Fdp%2FB07XY1LPG7%2Fref%3Dsr_1_3745_sspa%3Fcrid%3D1E63C3THFEGDP%26keywords%3Dlaptop%26qid%3D1729745498%26sprefix%3Dlaptop%252Caps%252C128%26sr%3D8-3745-spons%26sp_csd%3Dd2lkZ2V0TmFtZT1zcF9hdGZfbmV4dA%26psc%3D1,79.98,4.5,"1,913",Not available
"Camera Backpack, BAGSMART Camera Bag Anti-Theft DSLR SLR Canvas Backpack Fit up to 15"" Laptop with Rain Cover, Tripod Holder for Women and Men,Khaki",https://www.amazon.ca/sspa/click?ie=UTF8&spc=MTo0NDA2MDUwOTk2NjAzNzY6MTcyOTc0NTQ5ODpzcF9hdGZfbmV4dDozMDAwODU5OTgzOTM4MDI6OjA6Og&url=%2FBAGSMART-Camera-Backpack-Resistant-Canvas%2Fdp%2FB08CB9HGW5%2Fref%3Dsr_1_3747_sspa%3Fcrid%3D1E63C3THFEGDP%26keywords%3Dlaptop%26qid%3D1729745498%26sprefix%3Dlaptop%252Caps%252C128%26sr%3D8-3747-spons%26sp_csd%3Dd2lkZ2V0TmFtZT1zcF9hdGZfbmV4dA%26psc%3D1,66.84,4.7,95,Not available
"Fuwaderp HDMI Cable 75 ft-Big OD 9.0 in-Wall CL3 Rated 18Gbps Supports 4K@60HZ,HDR,ARC,Ultra HD,3D,1080P Compatible with Laptop UHD TV Monitor PS4/PS5 ect",https://www.amazon.ca/sspa/click?ie=UTF8&spc=MTo0NDA2MDUwOTk2NjAzNzY6MTcyOTc0NTQ5ODpzcF9hdGZfbmV4dDozMDAxMTMxMTg1OTY3MDI6OjA6Og&url=%2FFuwaderp-ft-Big-Supports-Compatible-Monitor%2Fdp%2FB0CJ9DX5D1%2Fref%3Dsr_1_3746_sspa%3Fcrid%3D1E63C3THFEGDP%26keywords%3Dlaptop%26qid%3D1729745498%26sprefix%3Dlaptop%252Caps%252C128%26sr%3D8-3746-spons%26sp_csd%3Dd2lkZ2V0TmFtZT1zcF9hdGZfbmV4dA%26psc%3D1,62.99,"$11.74 delivery Mon, Oct 28 ",No reviews available,Not available
No title available,https://www.amazon.ca/s?k=hp+laptop&ref=rsl_sug_0_0&pd_rd_w=iUfbl&content-id=amzn1.sym.44e6e7c3-130a-4bef-a9b7-4368915a8293:amzn1.sym.44e6e7c3-130a-4bef-a9b7-4368915a8293&pf_rd_p=44e6e7c3-130a-4bef-a9b7-4368915a8293&pf_rd_r=C689V6G8WWQSTDGYDXF9&pd_rd_wg=alZt5&pd_rd_r=68a254e7-d1fd-407f-9474-9f771b0096d2&qid=1729745498,Price not available,Rating not available,hp laptop,Not available
No title available,https://www.amazon.ca/s?k=hp+laptop&ref=rsl_sug_0_0&pd_rd_w=SokhB&content-id=amzn1.sym.44e6e7c3-130a-4bef-a9b7-4368915a8293:amzn1.sym.44e6e7c3-130a-4bef-a9b7-4368915a8293&pf_rd_p=44e6e7c3-130a-4bef-a9b7-4368915a8293&pf_rd_r=CSWMX81P91A1SKR7TQKD&pd_rd_wg=t6x6N&pd_rd_r=f6598bd0-7d2a-46a5-a0a5-b91371dad811&qid=1729745498,Price not available,Rating not available,hp laptop,Not available
No title available,https://www.amazon.ca/s?k=hp+laptop&ref=rsl_sug_0_0&pd_rd_w=hc8W5&content-id=amzn1.sym.44e6e7c3-130a-4bef-a9b7-4368915a8293:amzn1.sym.44e6e7c3-130a-4bef-a9b7-4368915a8293&pf_rd_p=44e6e7c3-130a-4bef-a9b7-4368915a8293&pf_rd_r=BWTNAX1WA51BQDJAWSWP&pd_rd_wg=Irhbk&pd_rd_r=8399cbbd-e8c5-4f4d-935b-52118e16a036&qid=1729745499,Price not available,Rating not available,hp laptop,Not available
No title available,https://www.amazon.ca/s?k=hp+laptop&ref=rsl_sug_0_0&pd_rd_w=UP329&content-id=amzn1.sym.44e6e7c3-130a-4bef-a9b7-4368915a8293:amzn1.sym.44e6e7c3-130a-4bef-a9b7-4368915a8293&pf_rd_p=44e6e7c3-130a-4bef-a9b7-4368915a8293&pf_rd_r=B1J9GJDTTNFZFJ2W0DQV&pd_rd_wg=44VP9&pd_rd_r=e60e04d4-686e-4b88-b7fd-7d3392bdb863&qid=1729745500,Price not available,Rating not available,hp laptop,Not available
No title available,https://www.amazon.ca/s?k=hp+laptop&ref=rsl_sug_0_0&pd_rd_w=OgYjB&content-id=amzn1.sym.44e6e7c3-130a-4bef-a9b7-4368915a8293:amzn1.sym.44e6e7c3-130a-4bef-a9b7-4368915a8293&pf_rd_p=44e6e7c3-130a-4bef-a9b7-4368915a8293&pf_rd_r=B9YAKBXJEKTN8K08BCCK&pd_rd_wg=YFcaf&pd_rd_r=83579466-8d2f-45de-b013-b968bf141a42&qid=1729745502,Price not available,Rating not available,hp laptop,Not available
No title available,https://www.amazon.ca/s?k=hp+laptop&ref=rsl_sug_0_0&pd_rd_w=VwHbn&content-id=amzn1.sym.44e6e7c3-130a-4bef-a9b7-4368915a8293:amzn1.sym.44e6e7c3-130a-4bef-a9b7-4368915a8293&pf_rd_p=44e6e7c3-130a-4bef-a9b7-4368915a8293&pf_rd_r=PZM0D77E9NT9F6356768&pd_rd_wg=yiD8u&pd_rd_r=d7b425d6-b0a7-4ffc-84a5-ec63c41a0c69&qid=1729745502,Price not available,Rating not available,hp laptop,Not available
"HP Stream 14"" HD Laptop, Intel Celeron N4120, 4GB RAM, 128GB eMMC, Intel UHD Graphics, Webcam, 1 Year Office 365, Silver, Win 11 S, 128GB Hotface USB Card",https://www.amazon.ca/sspa/click?ie=UTF8&spc=MTo5OTcxMzY0NTU5MjgwNDE6MTcyOTc0NTUwMjpzcF9zZWFyY2hfdGhlbWF0aWM6MzAwMTYzODUxMjc1NTAyOjoyOjo&url=%2FHP-Stream-Celeron-Graphics-Hotface%2Fdp%2FB0CZKNRJ4D%2Fref%3Dsxin_15_pa_sp_search_thematic_sspa%3Fcontent-id%3Damzn1.sym.ead4008e-f313-4943-84c5-6b44d3477e63%253Aamzn1.sym.ead4008e-f313-4943-84c5-6b44d3477e63%26crid%3D1E63C3THFEGDP%26cv_ct_cx%3Dlaptop%26dib%3DeyJ2IjoiMSJ9.zUj50KO9KPPGHUHLQ3Z2U_jAfTHWUWy93kwDPkR8dCds3mcsnSPtjbmc_2JMDjNc5eKsoJSeusc3STUqjYcFYw.lCr-n2WLrajQm5sOxoWS6C9XB8ZB7QwMOIs-64p2Qlc%26dib_tag%3Dse%26keywords%3Dlaptop%26pd_rd_i%3DB0CZKNRJ4D%26pd_rd_r%3D9c347f5a-3832-41dc-82ce-3ba3278c2c67%26pd_rd_w%3DCtxHX%26pd_rd_wg%3DoeCYt%26pf_rd_p%3Dead4008e-f313-4943-84c5-6b44d3477e63%26pf_rd_r%3DPZM0D77E9NT9F6356768%26qid%3D1729745502%26sbo%3DRZvfv%252F%252FHxDF%252BO5021pAnSA%253D%253D%26sprefix%3Dlaptop%252Caps%252C128%26sr%3D1-4899-1cd13166-e9fe-46a7-89b4-109ca0ed00af-spons%26sp_csd%3Dd2lkZ2V0TmFtZT1zcF9zZWFyY2hfdGhlbWF0aWM%26psc%3D1,379.00,4.3,"1,212",Not available
"HP 15.6"" FHD Laptop, Intel i3-1215U, 16GB RAM, 1TB SSD, Intel UHD Graphics, HD Webcam, Numpad, Wi-Fi 6, Bluetooth, Gray, Windows 11 Pro, 32GB Hotface USB Card",https://www.amazon.ca/sspa/click?ie=UTF8&spc=MTo5OTcxMzY0NTU5MjgwNDE6MTcyOTc0NTUwMjpzcF9zZWFyY2hfdGhlbWF0aWM6MzAwMzcxMTY1MTQyMzAyOjozOjo&url=%2FHP-i3-1215U-Graphics-Bluetooth-Windows%2Fdp%2FB0CPHXMKWV%2Fref%3Dsxin_15_pa_sp_search_thematic_sspa%3Fcontent-id%3Damzn1.sym.ead4008e-f313-4943-84c5-6b44d3477e63%253Aamzn1.sym.ead4008e-f313-4943-84c5-6b44d3477e63%26crid%3D1E63C3THFEGDP%26cv_ct_cx%3Dlaptop%26dib%3DeyJ2IjoiMSJ9.zUj50KO9KPPGHUHLQ3Z2U_jAfTHWUWy93kwDPkR8dCds3mcsnSPtjbmc_2JMDjNc5eKsoJSeusc3STUqjYcFYw.lCr-n2WLrajQm5sOxoWS6C9XB8ZB7QwMOIs-64p2Qlc%26dib_tag%3Dse%26keywords%3Dlaptop%26pd_rd_i%3DB0CPHXMKWV%26pd_rd_r%3D9c347f5a-3832-41dc-82ce-3ba3278c2c67%26pd_rd_w%3DCtxHX%26pd_rd_wg%3DoeCYt%26pf_rd_p%3Dead4008e-f313-4943-84c5-6b44d3477e63%26pf_rd_r%3DPZM0D77E9NT9F6356768%26qid%3D1729745502%26sbo%3DRZvfv%252F%252FHxDF%252BO5021pAnSA%253D%253D%26sprefix%3Dlaptop%252Caps%252C128%26sr%3D1-4900-1cd13166-e9fe-46a7-89b4-109ca0ed00af-spons%26sp_csd%3Dd2lkZ2V0TmFtZT1zcF9zZWFyY2hfdGhlbWF0aWM%26psc%3D1,659.00,4.1,151,Not available
"HP Stream 14-inch Laptop, Intel Celeron N4000, 4 GB RAM, 64 GB eMMC, Windows 10 Home in S Mode with Office 365 Personal for 1 Year (14-cb187nr, Diamond White)",https://www.amazon.ca/sspa/click?ie=UTF8&spc=MTo5OTcxMzY0NTU5MjgwNDE6MTcyOTc0NTUwMjpzcF9zZWFyY2hfdGhlbWF0aWM6MzAwNDg1OTMxMDQ3MTAyOjowOjo&url=%2FHP-14-inch-Celeron-Storage-14-cb187nr%2Fdp%2FB084SCLNB1%2Fref%3Dsxin_15_pa_sp_search_thematic_sspa%3Fcontent-id%3Damzn1.sym.ead4008e-f313-4943-84c5-6b44d3477e63%253Aamzn1.sym.ead4008e-f313-4943-84c5-6b44d3477e63%26crid%3D1E63C3THFEGDP%26cv_ct_cx%3Dlaptop%26dib%3DeyJ2IjoiMSJ9.zUj50KO9KPPGHUHLQ3Z2U_jAfTHWUWy93kwDPkR8dCds3mcsnSPtjbmc_2JMDjNc5eKsoJSeusc3STUqjYcFYw.lCr-n2WLrajQm5sOxoWS6C9XB8ZB7QwMOIs-64p2Qlc%26dib_tag%3Dse%26keywords%3Dlaptop%26pd_rd_i%3DB084SCLNB1%26pd_rd_r%3D9c347f5a-3832-41dc-82ce-3ba3278c2c67%26pd_rd_w%3DCtxHX%26pd_rd_wg%3DoeCYt%26pf_rd_p%3Dead4008e-f313-4943-84c5-6b44d3477e63%26pf_rd_r%3DPZM0D77E9NT9F6356768%26qid%3D1729745502%26sbo%3DRZvfv%252F%252FHxDF%252BO5021pAnSA%253D%253D%26sprefix%3Dlaptop%252Caps%252C128%26sr%3D1-4897-1cd13166-e9fe-46a7-89b4-109ca0ed00af-spons%26sp_csd%3Dd2lkZ2V0TmFtZT1zcF9zZWFyY2hfdGhlbWF0aWM%26psc%3D1,289.00,4.0,818,Not available
"Outdoor Cat 7 Ethernet Cable 150ft, 26AWG Heavy-Duty Cat7 Networking Cord Patch Cable RJ45 Transmission Speed 10GbpsTransmission Bandwidth 600Mhz LAN Wire Cable SFTP Waterproof Direct Burial (150FT)…",https://www.amazon.ca/sspa/click?ie=UTF8&spc=MTo0Nzc5OTg0NjQ3ODA5MjEwOjE3Mjk3NDU1MDI6c3BfYXRmX25leHQ6MjAwMDMzNzAxMzU2Nzk4OjowOjo&url=%2FHeavy-Duty-Networking-Transmission-10GbpsTransmission-Waterproof%2Fdp%2FB07KKJ8L44%2Fref%3Dsr_1_5041_sspa%3Fcrid%3D1E63C3THFEGDP%26keywords%3Dlaptop%26qid%3D1729745502%26sprefix%3Dlaptop%252Caps%252C128%26sr%3D8-5041-spons%26sp_csd%3Dd2lkZ2V0TmFtZT1zcF9hdGZfbmV4dA%26psc%3D1,59.99,4.5,"1,913",Not available
"Lenovo Ideapad 1i 15.6"" FHD Touchscreen Laptop, Intel i3-1215U, 16GB RAM, 1.16TB Storage(1TB SSD+160GB Docking Station Set), Intel UHD Graphics, Numeric Keypad, Windows 11 Pro, Gray",https://www.amazon.ca/sspa/click?ie=UTF8&spc=MTo5OTcxMzY0NTU5MjgwNDE6MTcyOTc0NTUwMjpzcF9zZWFyY2hfdGhlbWF0aWM6MzAwMzY5MDA5ODI3ODAyOjo0Ojo&url=%2FLenovo-Ideapad-1i-Touchscreen-i3-1215U%2Fdp%2FB0D5HKJ3T2%2Fref%3Dsxin_15_pa_sp_search_thematic_sspa%3Fcontent-id%3Damzn1.sym.ead4008e-f313-4943-84c5-6b44d3477e63%253Aamzn1.sym.ead4008e-f313-4943-84c5-6b44d3477e63%26crid%3D1E63C3THFEGDP%26cv_ct_cx%3Dlaptop%26dib%3DeyJ2IjoiMSJ9.zUj50KO9KPPGHUHLQ3Z2U_jAfTHWUWy93kwDPkR8dCds3mcsnSPtjbmc_2JMDjNc5eKsoJSeusc3STUqjYcFYw.lCr-n2WLrajQm5sOxoWS6C9XB8ZB7QwMOIs-64p2Qlc%26dib_tag%3Dse%26keywords%3Dlaptop%26pd_rd_i%3DB0D5HKJ3T2%26pd_rd_r%3D9c347f5a-3832-41dc-82ce-3ba3278c2c67%26pd_rd_w%3DCtxHX%26pd_rd_wg%3DoeCYt%26pf_rd_p%3Dead4008e-f313-4943-84c5-6b44d3477e63%26pf_rd_r%3DPZM0D77E9NT9F6356768%26qid%3D1729745502%26sbo%3DRZvfv%252F%252FHxDF%252BO5021pAnSA%253D%253D%26sprefix%3Dlaptop%252Caps%252C128%26sr%3D1-4901-1cd13166-e9fe-46a7-89b4-109ca0ed00af-spons%26sp_csd%3Dd2lkZ2V0TmFtZT1zcF9zZWFyY2hfdGhlbWF0aWM%26psc%3D1,689.00,4.5,637,Not available
"Ruzava 16"" Laptop 12+512GB Celeron CPU N5095 (Up to 2.9Ghz) 4-Core Win 11 PC with Cooling Fan 1920 * 1200 2K Screen Dual WiFi BT4.2 Support 2.5"" HDD 1TB SSD Expand for Business Study-Red",https://www.amazon.ca/sspa/click?ie=UTF8&spc=MTo5OTcxMzY0NTU5MjgwNDE6MTcyOTc0NTUwMjpzcF9zZWFyY2hfdGhlbWF0aWM6MzAwMTA4NDc3OTY5NzAyOjoxOjo&url=%2FRuzava-Aocwei-Cooling-Support-Study-Red%2Fdp%2FB0CBKH1NSP%2Fref%3Dsxin_15_pa_sp_search_thematic_sspa%3Fcontent-id%3Damzn1.sym.ead4008e-f313-4943-84c5-6b44d3477e63%253Aamzn1.sym.ead4008e-f313-4943-84c5-6b44d3477e63%26crid%3D1E63C3THFEGDP%26cv_ct_cx%3Dlaptop%26dib%3DeyJ2IjoiMSJ9.zUj50KO9KPPGHUHLQ3Z2U_jAfTHWUWy93kwDPkR8dCds3mcsnSPtjbmc_2JMDjNc5eKsoJSeusc3STUqjYcFYw.lCr-n2WLrajQm5sOxoWS6C9XB8ZB7QwMOIs-64p2Qlc%26dib_tag%3Dse%26keywords%3Dlaptop%26pd_rd_i%3DB0CBKH1NSP%26pd_rd_r%3D9c347f5a-3832-41dc-82ce-3ba3278c2c67%26pd_rd_w%3DCtxHX%26pd_rd_wg%3DoeCYt%26pf_rd_p%3Dead4008e-f313-4943-84c5-6b44d3477e63%26pf_rd_r%3DPZM0D77E9NT9F6356768%26qid%3D1729745502%26sbo%3DRZvfv%252F%252FHxDF%252BO5021pAnSA%253D%253D%26sprefix%3Dlaptop%252Caps%252C128%26sr%3D1-4898-1cd13166-e9fe-46a7-89b4-109ca0ed00af-spons%26sp_csd%3Dd2lkZ2V0TmFtZT1zcF9zZWFyY2hfdGhlbWF0aWM%26psc%3D1,499.99,4.4,352,Not available
"BENFEI USB C to DisplayPort 6 Feet Cable(8K@60Hz 4K@144Hz), USB Type-C to DP Adapter [Thunderbolt 3/4 Compatible] with iPhone 15 Pro/Max, MacBook Pro/Air 2023, iPad Pro, iMac, S23, XPS 17 and More",https://www.amazon.ca/sspa/click?ie=UTF8&spc=MTo0Nzc5OTg0NjQ3ODA5MjEwOjE3Mjk3NDU1MDI6c3BfbXRmOjIwMDA3MTkyNzA5OTg5ODo6MDo6&url=%2FThunderbolt-DisplayPort-Display-Adapter-Gold-Plated%2Fdp%2FB06XFG1YKT%2Fref%3Dsr_1_5048_sspa%3Fcrid%3D1E63C3THFEGDP%26keywords%3Dlaptop%26qid%3D1729745502%26sprefix%3Dlaptop%252Caps%252C128%26sr%3D8-5048-spons%26sp_csd%3Dd2lkZ2V0TmFtZT1zcF9tdGY%26psc%3D1%26smid%3DA22IT5YXEXLEXM,16.99,4.4,"5,193",Not available
"Adauxter 10K 8K HDMI 2.1 Cable 6.6 FT, Certified 48Gbps Ultra High Speed HDMI Cable with Ethernet 4K 240Hz 165Hz 120Hz 8K60Hz eARC HDCP2.3 HDR10+ PC Laptop TV Monitor Projector PS5 X-Box",https://www.amazon.ca/sspa/click?ie=UTF8&spc=MTo0Nzc5OTg0NjQ3ODA5MjEwOjE3Mjk3NDU1MDI6c3BfbXRmOjMwMDQ1NDAzNDgzNzEwMjo6MDo6&url=%2FCertified-Cable-48Gbps-Ethernet-Function%2Fdp%2FB098T3LSY3%2Fref%3Dsr_1_5047_sspa%3Fcrid%3D1E63C3THFEGDP%26keywords%3Dlaptop%26qid%3D1729745502%26sprefix%3Dlaptop%252Caps%252C128%26sr%3D8-5047-spons%26sp_csd%3Dd2lkZ2V0TmFtZT1zcF9tdGY%26psc%3D1,17.99,4.6,"3,959",Not available
AC Charger for HP ZBook 15u G3 G4 HP ZBook 15 G3 G4 HP ZBook Studio G3 G4 HP OMEN 15 5000 5100 5200 HP Pavilion 15-bc251nr 15-bc220nr Laptop Power Adapter Supply,https://www.amazon.ca/sspa/click?ie=UTF8&spc=MTo0Nzc5OTg0NjQ3ODA5MjEwOjE3Mjk3NDU1MDI6c3BfYnRmOjIwMDEwNTU4NDUxODc5ODo6MDo6&url=%2FCharger-Pavilion-15-bc251nr-15-bc220nr-Adapter%2Fdp%2FB0BGSJSR55%2Fref%3Dsr_1_5049_sspa%3Fcrid%3D1E63C3THFEGDP%26keywords%3Dlaptop%26qid%3D1729745502%26sprefix%3Dlaptop%252Caps%252C128%26sr%3D8-5049-spons%26sp_csd%3Dd2lkZ2V0TmFtZT1zcF9idGY%26psc%3D1,52.99,4.5,2,Not available
"TESmart 8K@60Hz USB-C KVM Switch 1 Monitors 2 Computers, USB 3.0 KVM Switch 2 Port 4K@144Hz for 2 Laptops, Type C 60W Charging, 1G Ethernet, EDID, Hotkey Switch, ADI Chip for Gaming & Home Office",https://www.amazon.ca/sspa/click?ie=UTF8&spc=MTo0Nzc5OTg0NjQ3ODA5MjEwOjE3Mjk3NDU1MDI6c3BfYnRmOjMwMDQ3MDQ2OTYzNjUwMjo6MDo6&url=%2FTESmart-Monitors-Computers-Charging-Ethernet%2Fdp%2FB0D6GFSHZW%2Fref%3Dsr_1_5050_sspa%3Fcrid%3D1E63C3THFEGDP%26keywords%3Dlaptop%26qid%3D1729745502%26sprefix%3Dlaptop%252Caps%252C128%26sr%3D8-5050-spons%26sp_csd%3Dd2lkZ2V0TmFtZT1zcF9idGY%26psc%3D1,729.99,"FREE delivery Sun, Oct 27 ",Only 10 left in stock.,Not available
230W Charger for ASUS ROG Laptop Zephyrus: ADP-230GB B for Asus ROG Zephyrus S GX531GW GX701GX GX701GW GX701GV GL702V GX501V ROG Strix Scar II GL704GM-DH74 GL703GM-DS74 Gaming Laptop Power Supply Cord,https://www.amazon.ca/sspa/click?ie=UTF8&spc=MTo0Nzc5OTg0NjQ3ODA5MjEwOjE3Mjk3NDU1MDI6c3BfYnRmOjMwMDEzODcyNDQ4NzcwMjo6MDo6&url=%2F230W-Charger-ASUS-Laptop-Zephyrus%2Fdp%2FB0CPKZLSD4%2Fref%3Dsr_1_5052_sspa%3Fcrid%3D1E63C3THFEGDP%26keywords%3Dlaptop%26qid%3D1729745502%26sprefix%3Dlaptop%252Caps%252C128%26sr%3D8-5052-spons%26sp_csd%3Dd2lkZ2V0TmFtZT1zcF9idGY%26psc%3D1,59.99,3.5,3,Not available
"Ideapad 1 14"" HD Laptop - AMD Athlon Silver 3050e, 4GB RAM, 128GB SSD, Windows 10 S Mode - Ice Blue (82GW001CUS)",https://www.amazon.ca/sspa/click?ie=UTF8&spc=MTo0Nzc5OTg0NjQ3ODA5MjEwOjE3Mjk3NDU1MDI6c3BfbXRmOjIwMDA0NTA3NTA3MDU5ODo6MDo6&url=%2FIdeapad-14-HD-Laptop-82GW001CUS%2Fdp%2FB09F4XB4F5%2Fref%3Dsr_1_5046_sspa%3Fcrid%3D1E63C3THFEGDP%26keywords%3Dlaptop%26qid%3D1729745502%26sprefix%3Dlaptop%252Caps%252C128%26sr%3D8-5046-spons%26sp_csd%3Dd2lkZ2V0TmFtZT1zcF9tdGY%26psc%3D1,314.98,3.7,8,Not available
230W AC Charger Fit for Lenovo LOQ 15 16 15APH8 116IRH8 Legion 5 7 5i Slim 5 C7 S7 Y740 Y7000 Y9000 Y900K Y9000X Thinkpad P1 Gen 3 4 5 6 P73 P53s P53 P52s P50 W540 ADL230NDC3A Laptop Adapter,https://www.amazon.ca/sspa/click?ie=UTF8&spc=MTo0Nzc5OTg0NjQ3ODA5MjEwOjE3Mjk3NDU1MDI6c3BfbXRmOjMwMDM5NDg2NjUyMDYwMjo6MDo6&url=%2FCharger-116IRH8-Thinkpad-ADL230NDC3A-Adapter%2Fdp%2FB0CWR71C1X%2Fref%3Dsr_1_5045_sspa%3Fcrid%3D1E63C3THFEGDP%26keywords%3Dlaptop%26qid%3D1729745502%26sprefix%3Dlaptop%252Caps%252C128%26sr%3D8-5045-spons%26sp_csd%3Dd2lkZ2V0TmFtZT1zcF9tdGY%26psc%3D1,56.85,5.0,1,Not available
"USB C Hub,Laptop USB c Adapter with 87W PD, 4K 30Hz HDMI Port, 2 USB A Ports, TF/SD for Windows,Dell, XPS, Thinkpad and More",https://www.amazon.ca/sspa/click?ie=UTF8&spc=MTo0Nzc5OTg0NjQ3ODA5MjEwOjE3Mjk3NDU1MDI6c3BfYXRmX25leHQ6MzAwNDY0NTY1NTQyODAyOjowOjo&url=%2FLaptop-Adapter-Ports-Windows-Thinkpad%2Fdp%2FB0DCVXD413%2Fref%3Dsr_1_5044_sspa%3Fcrid%3D1E63C3THFEGDP%26keywords%3Dlaptop%26qid%3D1729745502%26sprefix%3Dlaptop%252Caps%252C128%26sr%3D8-5044-spons%26sp_csd%3Dd2lkZ2V0TmFtZT1zcF9hdGZfbmV4dA%26psc%3D1,40.99,"FREE delivery Sun, Oct 27 ",Save 30%,Not available
65W 45W AC Adapter Supply Power Cord for Lenovo V14 V15 V17 G2 G3 G4 G5 V14-ADA V14-ARE V15-ITL V15-IRU V15-IAN V17-IRU IdeaPad 1 3 5 310 320 330 330s s340 ADLX65CLGC2A Laptop Charger,https://www.amazon.ca/sspa/click?ie=UTF8&spc=MTo0Nzc5OTg0NjQ3ODA5MjEwOjE3Mjk3NDU1MDI6c3BfYXRmX25leHQ6MzAwMjgwODc0Njg4NzAyOjowOjo&url=%2FAdapter-V14-ADA-V14-ARE-V15-ITL-ADLX65CLGC2A%2Fdp%2FB0D46TTCYQ%2Fref%3Dsr_1_5043_sspa%3Fcrid%3D1E63C3THFEGDP%26keywords%3Dlaptop%26qid%3D1729745502%26sprefix%3Dlaptop%252Caps%252C128%26sr%3D8-5043-spons%26sp_csd%3Dd2lkZ2V0TmFtZT1zcF9hdGZfbmV4dA%26psc%3D1,27.54,5.0,2,Not available
"Lenovo ThinkPad L13 Yoga Gen 2 13.3"" Touchscreen FHD 2-in-1 Business Laptop, Intel Core i5-1145G7 up to 4.4GHz, 16GB DDR4 RAM, 512GB SSD, Backlit Keyboard, WiFi, Windows 10 Pro (Renewed)",https://www.amazon.ca/sspa/click?ie=UTF8&spc=MTo0Nzc5OTg0NjQ3ODA5MjEwOjE3Mjk3NDU1MDI6c3BfYXRmX25leHQ6MzAwMjk2NjcyNzk3NzAyOjowOjo&url=%2FLenovo-ThinkPad-Touchscreen-Business-i5-1145G7%2Fdp%2FB0CMZXJPTX%2Fref%3Dsr_1_5042_sspa%3Fcrid%3D1E63C3THFEGDP%26keywords%3Dlaptop%26qid%3D1729745502%26sprefix%3Dlaptop%252Caps%252C128%26sr%3D8-5042-spons%26sp_csd%3Dd2lkZ2V0TmFtZT1zcF9hdGZfbmV4dA%26psc%3D1,519.00,4.0,99,Not available
No title available,https://www.amazon.ca/s?k=hp+laptop&ref=rsl_sug_0_0&pd_rd_w=sEfLF&content-id=amzn1.sym.44e6e7c3-130a-4bef-a9b7-4368915a8293:amzn1.sym.44e6e7c3-130a-4bef-a9b7-4368915a8293&pf_rd_p=44e6e7c3-130a-4bef-a9b7-4368915a8293&pf_rd_r=FZQBBDX5VKE02DJ8GMPX&pd_rd_wg=6FTkA&pd_rd_r=49b45b66-3b92-4cbb-9e6d-9b5c733f562e&qid=1729745502,Price not available,Rating not available,hp laptop,Not available
No title available,https://www.amazon.ca/s?k=hp+laptop&ref=rsl_sug_0_0&pd_rd_w=iBHfF&content-id=amzn1.sym.44e6e7c3-130a-4bef-a9b7-4368915a8293:amzn1.sym.44e6e7c3-130a-4bef-a9b7-4368915a8293&pf_rd_p=44e6e7c3-130a-4bef-a9b7-4368915a8293&pf_rd_r=9HZ9SZV9H4APEMJ142DS&pd_rd_wg=v4tHf&pd_rd_r=cb7d79e7-023f-4936-99e8-c79ac57d128f&qid=1729745502,Price not available,Rating not available,hp laptop,Not available
No title available,https://www.amazon.ca/s?k=hp+laptop&ref=rsl_sug_0_0&pd_rd_w=UeeWO&content-id=amzn1.sym.44e6e7c3-130a-4bef-a9b7-4368915a8293:amzn1.sym.44e6e7c3-130a-4bef-a9b7-4368915a8293&pf_rd_p=44e6e7c3-130a-4bef-a9b7-4368915a8293&pf_rd_r=Z1DHNPRAEGDHXBCDEK35&pd_rd_wg=MlaT3&pd_rd_r=9bda9953-0f4a-482d-bc16-179e573ba7a2&qid=1729745503,Price not available,Rating not available,hp laptop,Not available
No title available,https://www.amazon.ca/s?k=hp+laptop&ref=rsl_sug_0_0&pd_rd_w=aiHrn&content-id=amzn1.sym.44e6e7c3-130a-4bef-a9b7-4368915a8293:amzn1.sym.44e6e7c3-130a-4bef-a9b7-4368915a8293&pf_rd_p=44e6e7c3-130a-4bef-a9b7-4368915a8293&pf_rd_r=NR6X16YD5VC3YKHGC2A0&pd_rd_wg=AduJq&pd_rd_r=089352b5-6bce-4436-9c3d-3de79d745a5d&qid=1729745502,Price not available,Rating not available,hp laptop,Not available
No title available,https://www.amazon.ca/s?k=hp+laptop&ref=rsl_sug_0_0&pd_rd_w=V3eoo&content-id=amzn1.sym.44e6e7c3-130a-4bef-a9b7-4368915a8293:amzn1.sym.44e6e7c3-130a-4bef-a9b7-4368915a8293&pf_rd_p=44e6e7c3-130a-4bef-a9b7-4368915a8293&pf_rd_r=K6MZ6XC0TAJVXM4Y2GZF&pd_rd_wg=PrUlM&pd_rd_r=3ac2e5ea-8182-4f4a-af2a-af2c563536e5&qid=1729745502,Price not available,Rating not available,hp laptop,Not available
No title available,https://www.amazon.ca/s?k=hp+laptop&ref=rsl_sug_0_0&pd_rd_w=zySeS&content-id=amzn1.sym.44e6e7c3-130a-4bef-a9b7-4368915a8293:amzn1.sym.44e6e7c3-130a-4bef-a9b7-4368915a8293&pf_rd_p=44e6e7c3-130a-4bef-a9b7-4368915a8293&pf_rd_r=6KKKAH6XVVHS9EYTB47S&pd_rd_wg=bTqV2&pd_rd_r=9cb555c3-e3e9-43ff-aa23-c55fce365a5e&qid=1729745506,Price not available,Rating not available,hp laptop,Not available
No title available,https://www.amazon.ca/s?k=hp+laptop&ref=rsl_sug_0_0&pd_rd_w=8wIHl&content-id=amzn1.sym.44e6e7c3-130a-4bef-a9b7-4368915a8293:amzn1.sym.44e6e7c3-130a-4bef-a9b7-4368915a8293&pf_rd_p=44e6e7c3-130a-4bef-a9b7-4368915a8293&pf_rd_r=JN3JYFS6CN6S4HKP65AZ&pd_rd_wg=0qZ6i&pd_rd_r=712bb7bd-6f0c-43e3-b628-08046a96f4a2&qid=1729745507,Price not available,Rating not available,hp laptop,Not available
"BENFEI USB C to VGA Adapter, Thunderbolt 3/4 to VGA Adapter Compatible with iPhone 15 Pro/Max, MacBook Pro/Air 2023, iPad Pro, iMac, S23, XPS 17, Surface Book 3 and More [Aluminium Shell,Grey]",https://www.amazon.ca/sspa/click?ie=UTF8&spc=MToyOTczOTU3MDAzNTA3NjI2OjE3Mjk3NDU1MDc6c3BfbXRmOjIwMDE2OTk5NDA1NDA5ODo6MDo6&url=%2FAdapter-Benfei-Thunderbolt-Converter-MacBook%2Fdp%2FB076X2XS9R%2Fref%3Dsr_1_6056_sspa%3Fcrid%3D1E63C3THFEGDP%26keywords%3Dlaptop%26qid%3D1729745507%26sprefix%3Dlaptop%252Caps%252C128%26sr%3D8-6056-spons%26sp_csd%3Dd2lkZ2V0TmFtZT1zcF9tdGY%26psc%3D1,13.99,4.4,"4,910",Not available
180W AC Adapter Fit for Dell Precision 7510 7520 7530 7540 7550 Laptop Charger Power Supply,https://www.amazon.ca/sspa/click?ie=UTF8&spc=MToyOTczOTU3MDAzNTA3NjI2OjE3Mjk3NDU1MDc6c3BfYnRmOjMwMDQ4MjI2MzE3MjQwMjo6MDo6&url=%2FAdapter-Precision-Laptop-Charger-Supply%2Fdp%2FB0D8WBQHCG%2Fref%3Dsr_1_6058_sspa%3Fcrid%3D1E63C3THFEGDP%26keywords%3Dlaptop%26qid%3D1729745507%26sprefix%3Dlaptop%252Caps%252C128%26sr%3D8-6058-spons%26sp_csd%3Dd2lkZ2V0TmFtZT1zcF9idGY%26psc%3D1,48.29,"$7.22 delivery Mon, Oct 28 ",No reviews available,Not available
"RAPOO VT9Pro4K Wireless Gaming Mouse - 26000 DPI, Superlight 4K Polling Gaming Mouse, PAW 3398 Sensor Optical Mouse for PC Laptop, 10 Programmable Buttons, 180h Battery Life, On-Board Memory, Black",https://www.amazon.ca/sspa/click?ie=UTF8&spc=MToyOTczOTU3MDAzNTA3NjI2OjE3Mjk3NDU1MDc6c3BfYnRmOjMwMDE3NTc3MTE0OTQwMjo6MDo6&url=%2FRAPOO-VT9Pro4K-Wireless-Gaming-Mouse%2Fdp%2FB0CM5W3LK4%2Fref%3Dsr_1_6059_sspa%3Fcrid%3D1E63C3THFEGDP%26keywords%3Dlaptop%26qid%3D1729745507%26sprefix%3Dlaptop%252Caps%252C128%26sr%3D8-6059-spons%26sp_csd%3Dd2lkZ2V0TmFtZT1zcF9idGY%26psc%3D1,69.99,4.2,666,Not available
"TESmart HDMI DisplayPort USB-C KVM Switch 3 Monitors 2 Computers USB 3.0, Docking Station KVM Switch Triple Monitor 4K@60Hz for Laptop & Desktop with MST & EDID, Support 1G Ethernet, Hotkey Switch",https://www.amazon.ca/sspa/click?ie=UTF8&spc=MToyOTczOTU3MDAzNTA3NjI2OjE3Mjk3NDU1MDc6c3BfYnRmOjMwMDQ3MDU1NTAxODQwMjo6MDo6&url=%2FTESmart-DisplayPort-Monitors-Computers-Ethernet%2Fdp%2FB0D9NWRP9Q%2Fref%3Dsr_1_6060_sspa%3Fcrid%3D1E63C3THFEGDP%26keywords%3Dlaptop%26qid%3D1729745507%26sprefix%3Dlaptop%252Caps%252C128%26sr%3D8-6060-spons%26sp_csd%3Dd2lkZ2V0TmFtZT1zcF9idGY%26psc%3D1,899.99,"FREE delivery Sun, Oct 27 ",Only 5 left in stock.,Not available
No title available,https://www.amazon.ca/s?k=hp+laptop&ref=rsl_sug_0_0&pd_rd_w=FtFoX&content-id=amzn1.sym.44e6e7c3-130a-4bef-a9b7-4368915a8293:amzn1.sym.44e6e7c3-130a-4bef-a9b7-4368915a8293&pf_rd_p=44e6e7c3-130a-4bef-a9b7-4368915a8293&pf_rd_r=54GVKTQNN04SB52CZF0H&pd_rd_wg=tZsgx&pd_rd_r=7c00a9ed-7206-444d-a069-aa51dbefb78c&qid=1729745506,Price not available,Rating not available,hp laptop,Not available
65W Laptop Charger for Lenovo Thinkpad T470 T470S T460 E531 E570 E560 L470 L460 L440 T440 T450 T540P X270 X250 X240 AC Adapter ADLX65NLC2A ADLX65NCC3A ADLX65NDT3A Power Supply Cord Square Tip,https://www.amazon.ca/sspa/click?ie=UTF8&spc=MToyOTczOTU3MDAzNTA3NjI2OjE3Mjk3NDU1MDc6c3BfbXRmOjMwMDMxMTkwODIyOTQwMjo6MDo6&url=%2FCharger-ThinkPad-ADLX65NDT3A-ADLX65NLC2A-65W-F04%2Fdp%2FB0CQ86NG4Z%2Fref%3Dsr_1_6053_sspa%3Fcrid%3D1E63C3THFEGDP%26keywords%3Dlaptop%26qid%3D1729745507%26sprefix%3Dlaptop%252Caps%252C128%26sr%3D8-6053-spons%26sp_csd%3Dd2lkZ2V0TmFtZT1zcF9tdGY%26psc%3D1,30.99,3.6,8,Not available
230W 200W AC Charger Fit for Razer Blade 14 15 Inch Razer Blade Pro 17 4K (2018-2023) RZ09 Series RC30-0248 RC30-0238 Gaming Laptop Power Supply Adapter Cord,https://www.amazon.ca/sspa/click?ie=UTF8&spc=MToyOTczOTU3MDAzNTA3NjI2OjE3Mjk3NDU1MDc6c3BfYXRmX25leHQ6MzAwMzk3NDAwMzY1OTAyOjowOjo&url=%2FCharger-2018-2023-RC30-0248-RC30-0238-Adapter%2Fdp%2FB0D8MSD3CM%2Fref%3Dsr_1_6052_sspa%3Fcrid%3D1E63C3THFEGDP%26keywords%3Dlaptop%26qid%3D1729745507%26sprefix%3Dlaptop%252Caps%252C128%26sr%3D8-6052-spons%26sp_csd%3Dd2lkZ2V0TmFtZT1zcF9hdGZfbmV4dA%26psc%3D1,75.99,5.0,1,Not available
65W USB C Charger for Samsung Galaxy Book 2 Pro 360/3 Pro 360/4 Pro 360/4 Edge/Ion/Flex/Pro Chromebook 4/4+/Plus/Pro Galaxy Chromebook 2/Go 15.6” 13.3” Notebook 7 9 Pen/Pro/Spin Laptop,https://www.amazon.ca/sspa/click?ie=UTF8&spc=MToyOTczOTU3MDAzNTA3NjI2OjE3Mjk3NDU1MDc6c3BfYXRmX25leHQ6MzAwNDI5NDExMjkzMDAyOjowOjo&url=%2FCharger-Samsung-Galaxy-Chromebook-Notebook%2Fdp%2FB0D9FMLGKF%2Fref%3Dsr_1_6051_sspa%3Fcrid%3D1E63C3THFEGDP%26keywords%3Dlaptop%26qid%3D1729745507%26sprefix%3Dlaptop%252Caps%252C128%26sr%3D8-6051-spons%26sp_csd%3Dd2lkZ2V0TmFtZT1zcF9hdGZfbmV4dA%26psc%3D1,29.99,"FREE delivery Sun, Oct 27 on your first order",No reviews available,Not available
"Surface Book 2 Charger, 102W Watt Power Supply Fit for Surface Book 2 & 3 Surface Laptop 1/2/3/4 Surface Go 2, Surface Pro 3 4 5 6 7 8 X,1834 1835 1793 1813 1832 1798 Power Cord",https://www.amazon.ca/sspa/click?ie=UTF8&spc=MToyOTczOTU3MDAzNTA3NjI2OjE3Mjk3NDU1MDc6c3BfYXRmX25leHQ6MzAwMDIyMTU5MjE4MjAyOjowOjo&url=%2FSurface-Cargador-Power-Supply-Laptop%2Fdp%2FB09VXY56YG%2Fref%3Dsr_1_6050_sspa%3Fcrid%3D1E63C3THFEGDP%26keywords%3Dlaptop%26qid%3D1729745507%26sprefix%3Dlaptop%252Caps%252C128%26sr%3D8-6050-spons%26sp_csd%3Dd2lkZ2V0TmFtZT1zcF9hdGZfbmV4dA%26psc%3D1,39.99,4.3,42,Not available
"120W Power Supply Adapter for HP USB-C G5 Dock USB-C/A Universal Dock G2 Elite USB-C Pavilion 15"" 17"" Envy Touch Smart M6 M7 15 17 Inch Omen 15"" 15-5000 5100 5200 Laptop 710415-001 709984-001",https://www.amazon.ca/sspa/click?ie=UTF8&spc=MToyOTczOTU3MDAzNTA3NjI2OjE3Mjk3NDU1MDc6c3BfbXRmOjMwMDMyOTU5NDU4OTkwMjo6MDo6&url=%2FAdapter-Universal-Pavilion-710415-001-709984-001%2Fdp%2FB0D8C2SF7F%2Fref%3Dsr_1_6054_sspa%3Fcrid%3D1E63C3THFEGDP%26keywords%3Dlaptop%26qid%3D1729745507%26sprefix%3Dlaptop%252Caps%252C128%26sr%3D8-6054-spons%26sp_csd%3Dd2lkZ2V0TmFtZT1zcF9tdGY%26psc%3D1,49.99,"FREE delivery Sun, Oct 27 ",No reviews available,Not available
200W 19.5V 10.3A AC Charger Compatible with HP OMEN Pavilion 15 16 17 Envy 15 2020 ZBook 15 17 Victus 15 16 ZBook Firefly 15 17 G3 G4 G5 Laptop Power Adapter Supply,https://www.amazon.ca/sspa/click?ie=UTF8&spc=MToyOTczOTU3MDAzNTA3NjI2OjE3Mjk3NDU1MDc6c3BfbXRmOjMwMDM5NDA4MjU0MDMwMjo6MDo6&url=%2FCharger-Compatible-Pavilion-Firefly-Adapter%2Fdp%2FB0DB1GFD24%2Fref%3Dsr_1_6055_sspa%3Fcrid%3D1E63C3THFEGDP%26keywords%3Dlaptop%26qid%3D1729745507%26sprefix%3Dlaptop%252Caps%252C128%26sr%3D8-6055-spons%26sp_csd%3Dd2lkZ2V0TmFtZT1zcF9tdGY%26psc%3D1,68.99,"FREE delivery Sun, Oct 27 ",No reviews available,Not available
"Outdoor Cat7 Ethernet Cable 400ft, 26AWG Heavy-Duty Cat7 Networking Cord Patch Cable RJ45 Transmission Speed 10GbpsTransmission Bandwidth 600Mhz LAN Wire Cable SFTP Waterproof Direct Burial (400FT)…",https://www.amazon.ca/sspa/click?ie=UTF8&spc=MToyOTczOTU3MDAzNTA3NjI2OjE3Mjk3NDU1MDc6c3BfYXRmX25leHQ6MjAwMDU5NDAyMDM4Njk4OjowOjo&url=%2FHeavy-Duty-Networking-Transmission-10GbpsTransmission-Waterproof%2Fdp%2FB07XY49ZLK%2Fref%3Dsr_1_6049_sspa%3Fcrid%3D1E63C3THFEGDP%26keywords%3Dlaptop%26qid%3D1729745507%26sprefix%3Dlaptop%252Caps%252C128%26sr%3D8-6049-spons%26sp_csd%3Dd2lkZ2V0TmFtZT1zcF9hdGZfbmV4dA%26psc%3D1,119.98,4.5,"1,913",Not available
No title available,https://www.amazon.ca/s?k=hp+laptop&ref=rsl_sug_0_0&pd_rd_w=xOyEi&content-id=amzn1.sym.44e6e7c3-130a-4bef-a9b7-4368915a8293:amzn1.sym.44e6e7c3-130a-4bef-a9b7-4368915a8293&pf_rd_p=44e6e7c3-130a-4bef-a9b7-4368915a8293&pf_rd_r=PATEKMVGDFA2T8D9JKD7&pd_rd_wg=SRznw&pd_rd_r=96f1ecde-a0cc-4bcd-8ff8-a47af6a3e826&qid=1729745507,Price not available,Rating not available,hp laptop,Not available
No title available,https://www.amazon.ca/s?k=hp+laptop&ref=rsl_sug_0_0&pd_rd_w=HL6KE&content-id=amzn1.sym.44e6e7c3-130a-4bef-a9b7-4368915a8293:amzn1.sym.44e6e7c3-130a-4bef-a9b7-4368915a8293&pf_rd_p=44e6e7c3-130a-4bef-a9b7-4368915a8293&pf_rd_r=N8V56GCZ9B693PHD2QHF&pd_rd_wg=KhvAQ&pd_rd_r=ec1b0151-91d5-4752-8b25-09940c5046d1&qid=1729745508,Price not available,Rating not available,hp laptop,Not available
"Outdoor Cat 7 Ethernet Cable 200ft, 26AWG Heavy-Duty Cat7 Networking Cord Patch Cable RJ45 Transmission Speed 10GbpsTransmission Bandwidth 600Mhz LAN Wire Cable SFTP Waterproof Direct Burial (200FT)…",https://www.amazon.ca/sspa/click?ie=UTF8&spc=MTo1MDQxNDUwNzYxMDgyNDUyOjE3Mjk3NDU1MDg6c3BfYXRmX25leHQ6MjAwMDMzNzE4MDk1NDk4OjowOjo&url=%2FHeavy-Duty-Networking-Transmission-10GbpsTransmission-Waterproof%2Fdp%2FB07KKJCGC9%2Fref%3Dsr_1_6433_sspa%3Fcrid%3D1E63C3THFEGDP%26keywords%3Dlaptop%26qid%3D1729745508%26sprefix%3Dlaptop%252Caps%252C128%26sr%3D8-6433-spons%26sp_csd%3Dd2lkZ2V0TmFtZT1zcF9hdGZfbmV4dA%26psc%3D1,65.99,4.5,"1,913",Not available
"RAPOO 1680 Quiet Wireless Mouse - 2.4G Wireless Computer Mouse Silent Mouse Portable USB Receiver, Long Battery Life, Suitable for Desktop Computers Laptops, All-Day Comfort - Black",https://www.amazon.ca/sspa/click?ie=UTF8&spc=MTo1MDQxNDUwNzYxMDgyNDUyOjE3Mjk3NDU1MDg6c3BfYnRmOjMwMDAwNTM5Mzg1MzIwMjo6MDo6&url=%2FRAPOO-1680-Quiet-Wireless-Mouse%2Fdp%2FB07R66QQNS%2Fref%3Dsr_1_6442_sspa%3Fcrid%3D1E63C3THFEGDP%26keywords%3Dlaptop%26qid%3D1729745508%26sprefix%3Dlaptop%252Caps%252C128%26sr%3D8-6442-spons%26sp_csd%3Dd2lkZ2V0TmFtZT1zcF9idGY%26psc%3D1,16.14,4.2,949,Not available
"TESmart USB-C + HDMI KVM Switch 2 Monitors 4 Computers 4K@60Hz, USB 3.0 Dual Monitor USB-C KVM Docking Station for 2 Laptops 2 PCs with MST&EDID, Gigabit Network, Headset, Hotkey Switch, Input Cables",https://www.amazon.ca/sspa/click?ie=UTF8&spc=MTo1MDQxNDUwNzYxMDgyNDUyOjE3Mjk3NDU1MDg6c3BfYnRmOjMwMDE3MTk1MDY1MzAwMjo6MDo6&url=%2FTESmart-Monitors-Computers-Monitor-Docking%2Fdp%2FB0CWLJKG2Y%2Fref%3Dsr_1_6443_sspa%3Fcrid%3D1E63C3THFEGDP%26keywords%3Dlaptop%26qid%3D1729745508%26sprefix%3Dlaptop%252Caps%252C128%26sr%3D8-6443-spons%26sp_csd%3Dd2lkZ2V0TmFtZT1zcF9idGY%26psc%3D1,"1,079.99",4.5,3,Not available
"32GB USB Stick Flash Drives 10 Pack, TOPESEL 32GB USB 2.0 Drive Flash Drive Swivel Thumb Drive Memory Stick Bulk Jump Drive Zip Drive (Colorful)",https://www.amazon.ca/sspa/click?ie=UTF8&spc=MTo1MDQxNDUwNzYxMDgyNDUyOjE3Mjk3NDU1MDg6c3BfYnRmOjMwMDQ5MzI0Nzc2ODgwMjo6MDo6&url=%2FSwivel-TOPESEL-Storage-Sharing-Multi-Color%2Fdp%2FB07RPSVMMS%2Fref%3Dsr_1_6444_sspa%3Fcrid%3D1E63C3THFEGDP%26keywords%3Dlaptop%26qid%3D1729745508%26sprefix%3Dlaptop%252Caps%252C128%26sr%3D8-6444-spons%26sp_csd%3Dd2lkZ2V0TmFtZT1zcF9idGY%26psc%3D1,45.99,4.4,795,Not available
"New 2020 Macbook Pro 13 Inch Screen Protector M1 A2338 A2289 A2251 A2159 A1989 A1708, Anti Glare and Anti Blue Light Screen Protector for Apple Mac Pro 13 Touch Bar (2020/2016)",https://www.amazon.ca/sspa/click?ie=UTF8&spc=MTo1MDQxNDUwNzYxMDgyNDUyOjE3Mjk3NDU1MDg6c3BfYnRmOjIwMDA4NjU4NDMwMzYzMTo6MDo6&url=%2FMacbook-13-Screen-Protector-A2338%2Fdp%2FB092CPZBL5%2Fref%3Dsr_1_6441_sspa%3Fcrid%3D1E63C3THFEGDP%26keywords%3Dlaptop%26qid%3D1729745508%26sprefix%3Dlaptop%252Caps%252C128%26sr%3D8-6441-spons%26sp_csd%3Dd2lkZ2V0TmFtZT1zcF9idGY%26psc%3D1,9.99,4.4,24,Not available
"SUNWHEEL 200W Car Power Inverter, DC 12V to 110V AC Converter, Fast Car Charger Adapter with [USB-QC(18W)/ 1A USB/2A Dual USB/Dual AC Outlet], Car Plug Adapter Outlet for Laptop",https://www.amazon.ca/sspa/click?ie=UTF8&spc=MTo1MDQxNDUwNzYxMDgyNDUyOjE3Mjk3NDU1MDg6c3BfbXRmOjMwMDQ3MjcwMzYzNjYwMjo6MDo6&url=%2FSUNWHEEL-Inverter-Converter-Charger-Adapter%2Fdp%2FB0DDPC8N2X%2Fref%3Dsr_1_6439_sspa%3Fcrid%3D1E63C3THFEGDP%26keywords%3Dlaptop%26qid%3D1729745508%26sprefix%3Dlaptop%252Caps%252C128%26sr%3D8-6439-spons%26sp_csd%3Dd2lkZ2V0TmFtZT1zcF9tdGY%26psc%3D1,32.59,4.1,17,Not available
"EKVANBEL Bluetooth Headset V5.2, Wireless Headphones with Noise Cancelling Microphone, On Ear Wireless Headset for Cell Phones Laptop Computer",https://www.amazon.ca/sspa/click?ie=UTF8&spc=MTo1MDQxNDUwNzYxMDgyNDUyOjE3Mjk3NDU1MDg6c3BfbXRmOjIwMDEwNDA2NzYzMzI5ODo6MDo6&url=%2FBluetooth-Headphones-EKVANBEL-Cancelling-Microphone%2Fdp%2FB09SNQ6FQ2%2Fref%3Dsr_1_6440_sspa%3Fcrid%3D1E63C3THFEGDP%26keywords%3Dlaptop%26qid%3D1729745508%26sprefix%3Dlaptop%252Caps%252C128%26sr%3D8-6440-spons%26sp_csd%3Dd2lkZ2V0TmFtZT1zcF9tdGY%26psc%3D1,89.99,4.2,"2,492",Not available
"Nuroum C46 4K Video Conference Webcam, 8MP CMOS/AI Auto-Framing/5x Zoom, Conference Room Camera with Noise Cancelling Microphone&Speaker, 16ft Voice Pickup for PC/Laptop Zoom Teams",https://www.amazon.ca/sspa/click?ie=UTF8&spc=MTo1MDQxNDUwNzYxMDgyNDUyOjE3Mjk3NDU1MDg6c3BfbXRmOjMwMDQwODU3MTgzOTkwMjo6MDo6&url=%2FConference-Auto-Framing-Cancelling-Microphone-Speaker%2Fdp%2FB0D41V91LW%2Fref%3Dsr_1_6438_sspa%3Fcrid%3D1E63C3THFEGDP%26keywords%3Dlaptop%26qid%3D1729745508%26sprefix%3Dlaptop%252Caps%252C128%26sr%3D8-6438-spons%26sp_csd%3Dd2lkZ2V0TmFtZT1zcF9tdGY%26psc%3D1,449.99,4.8,6,Not available
"Nuroum C10(2nd Gen) 1080P Conference Webcam with Microphone Speaker, Portable All in One Computer Camera for Video Conference, AI Noise Cancellation & AGC, USB Plug&Play for PC/Laptop",https://www.amazon.ca/sspa/click?ie=UTF8&spc=MTo1MDQxNDUwNzYxMDgyNDUyOjE3Mjk3NDU1MDg6c3BfbXRmOjMwMDQwODU3MTg0MDAwMjo6MDo6&url=%2FConference-Microphone-Portable-Computer-Cancellation%2Fdp%2FB0D41L8ZR7%2Fref%3Dsr_1_6437_sspa%3Fcrid%3D1E63C3THFEGDP%26keywords%3Dlaptop%26qid%3D1729745508%26sprefix%3Dlaptop%252Caps%252C128%26sr%3D8-6437-spons%26sp_csd%3Dd2lkZ2V0TmFtZT1zcF9tdGY%26psc%3D1,119.99,4.5,10,Not available
150W AC Charger fit for HP OMEN 15 17 Pavilion Gaming 15 17 15-BC202TX 15-BC220NR 15-bc251nr 15-ec1009ns 776620-001 917649-850 TPN-CA11 19.5V 7.7A Laptop Power Adapter,https://www.amazon.ca/sspa/click?ie=UTF8&spc=MTo1MDQxNDUwNzYxMDgyNDUyOjE3Mjk3NDU1MDg6c3BfYXRmX25leHQ6MzAwNDU4NjUyNTQ2NjAyOjowOjo&url=%2F15-BC202TX-15-BC220NR-15-bc251nr-15-ec1009ns-776620-001%2Fdp%2FB0DCZJXQ55%2Fref%3Dsr_1_6436_sspa%3Fcrid%3D1E63C3THFEGDP%26keywords%3Dlaptop%26qid%3D1729745508%26sprefix%3Dlaptop%252Caps%252C128%26sr%3D8-6436-spons%26sp_csd%3Dd2lkZ2V0TmFtZT1zcF9hdGZfbmV4dA%26psc%3D1,61.20,"FREE delivery Sun, Oct 27 ",No reviews available,Not available
"Surface Pro Charger 65W for Microsoft Surface Pro 9, 8, 7+, 7, 6, 5, 4, 3, X, Surface Laptop Charger Windows Tablet Power Adapter Surface Laptop 1/2/3/4/5 Surface Go/2/3 Surface Book",https://www.amazon.ca/sspa/click?ie=UTF8&spc=MTo1MDQxNDUwNzYxMDgyNDUyOjE3Mjk3NDU1MDg6c3BfYXRmX25leHQ6MzAwMjU1Mzc2ODIxNDAyOjowOjo&url=%2FSurface-Charger-Microsoft-Windows-Adapter%2Fdp%2FB0CSG1C6VH%2Fref%3Dsr_1_6435_sspa%3Fcrid%3D1E63C3THFEGDP%26keywords%3Dlaptop%26qid%3D1729745508%26sprefix%3Dlaptop%252Caps%252C128%26sr%3D8-6435-spons%26sp_csd%3Dd2lkZ2V0TmFtZT1zcF9hdGZfbmV4dA%26psc%3D1,25.99,4.5,193,Not available
WDX0R Laptop Battery for Dell Inspiron 13 15 5000 7000 7579 7570 7569 7560 7378 5775 5579 5578 5570 5568 5567 5565 5379 5378 5368 Latitude 3590 3500 3490 3400 3390 3340 3190 3180 Vostro 5468 5568 42Wh,https://www.amazon.ca/sspa/click?ie=UTF8&spc=MTo1MDQxNDUwNzYxMDgyNDUyOjE3Mjk3NDU1MDg6c3BfYXRmX25leHQ6MzAwMDA2MTQzMzk2MjAyOjowOjo&url=%2FLaptop-Battery-Inspiron-Latitude-Vostro%2Fdp%2FB08D5ZGNV9%2Fref%3Dsr_1_6434_sspa%3Fcrid%3D1E63C3THFEGDP%26keywords%3Dlaptop%26qid%3D1729745508%26sprefix%3Dlaptop%252Caps%252C128%26sr%3D8-6434-spons%26sp_csd%3Dd2lkZ2V0TmFtZT1zcF9hdGZfbmV4dA%26psc%3D1,45.99,3.8,63,Not available
No title available,https://www.amazon.ca/s?k=hp+laptop&ref=rsl_sug_0_0&pd_rd_w=hMtUs&content-id=amzn1.sym.44e6e7c3-130a-4bef-a9b7-4368915a8293:amzn1.sym.44e6e7c3-130a-4bef-a9b7-4368915a8293&pf_rd_p=44e6e7c3-130a-4bef-a9b7-4368915a8293&pf_rd_r=TGB7NHVHQ2WZHBR23QKZ&pd_rd_wg=vQt7f&pd_rd_r=35a002e5-f972-4890-aef6-8b7d90c059bc&qid=1729745506,Price not available,Rating not available,hp laptop,Not available
No title available,https://www.amazon.ca/s?k=hp+laptop&ref=rsl_sug_0_0&pd_rd_w=AZPuS&content-id=amzn1.sym.44e6e7c3-130a-4bef-a9b7-4368915a8293:amzn1.sym.44e6e7c3-130a-4bef-a9b7-4368915a8293&pf_rd_p=44e6e7c3-130a-4bef-a9b7-4368915a8293&pf_rd_r=MYC6QC8TT47AA2J8W3WG&pd_rd_wg=HpaPp&pd_rd_r=4fd8fa90-70e4-47dd-84c3-7d40acee4c28&qid=1729745506,Price not available,Rating not available,hp laptop,Not available
No title available,https://www.amazon.ca/s?k=hp+laptop&ref=rsl_sug_0_0&pd_rd_w=Ey42y&content-id=amzn1.sym.44e6e7c3-130a-4bef-a9b7-4368915a8293:amzn1.sym.44e6e7c3-130a-4bef-a9b7-4368915a8293&pf_rd_p=44e6e7c3-130a-4bef-a9b7-4368915a8293&pf_rd_r=B2R5PT77PSK278BH5BG5&pd_rd_wg=7g1g4&pd_rd_r=de9b18b4-17ee-4a15-81ed-c7fb69906d97&qid=1729745508,Price not available,Rating not available,hp laptop,Not available
No title available,https://www.amazon.ca/s?k=hp+laptop&ref=rsl_sug_0_0&pd_rd_w=31UM5&content-id=amzn1.sym.44e6e7c3-130a-4bef-a9b7-4368915a8293:amzn1.sym.44e6e7c3-130a-4bef-a9b7-4368915a8293&pf_rd_p=44e6e7c3-130a-4bef-a9b7-4368915a8293&pf_rd_r=37W2BDGF4FPWSXE19V7B&pd_rd_wg=Kw3jS&pd_rd_r=0e602225-d533-4381-97b0-84488a6e80a2&qid=1729745510,Price not available,Rating not available,hp laptop,Not available
Product Title,Product Link,Product Price,Rating,Number of Reviews,Frequently Bought Together
No title available,https://www.amazon.ca/s?k=hp+laptop&ref=rsl_sug_0_0&pd_rd_w=CnCzz&content-id=amzn1.sym.44e6e7c3-130a-4bef-a9b7-4368915a8293:amzn1.sym.44e6e7c3-130a-4bef-a9b7-4368915a8293&pf_rd_p=44e6e7c3-130a-4bef-a9b7-4368915a8293&pf_rd_r=4JPVQKRR5CQ97EX7WK99&pd_rd_wg=E1L7T&pd_rd_r=cbf0a0b1-a069-4452-bd28-39a7b464d55d&qid=1729745573,Price not available,Rating not available,hp laptop,Not available
"Lenovo Ideapad 1i 15.6"" FHD Touchscreen Laptop, Intel i3-1215U, 40GB RAM, 2.16TB Storage(2TB SSD+160GB Docking Station Set), Intel UHD Graphics, Numeric Keypad, Windows 11 Pro, Gray",https://www.amazon.ca/sspa/click?ie=UTF8&spc=MTo4OTQ3MTU1NDgwMTEwMjI5OjE3Mjk3NDU1NzM6c3BfbXRmOjMwMDQwODAwNTE3OTMwMjo6MDo6&url=%2FLenovo-Ideapad-1i-Touchscreen-i3-1215U%2Fdp%2FB0D5HL2D6Y%2Fref%3Dsr_1_582_sspa%3Fcrid%3D1E63C3THFEGDP%26keywords%3Dlaptop%26qid%3D1729745572%26sprefix%3Dlaptop%252Caps%252C128%26sr%3D8-582-spons%26sp_csd%3Dd2lkZ2V0TmFtZT1zcF9tdGY%26psc%3D1,839.00,4.5,637,Not available
"ASUS Vivobook 15, Intel® Core™ i5-1235U Processor, ‎Intel UHD Graphics 620, 8GB DDR4, 512GB SSD, Wi-Fi 5, Windows 11, Quiet Blue, X1504ZA-BS55-CB",https://www.amazon.ca/sspa/click?ie=UTF8&spc=MTo4OTQ3MTU1NDgwMTEwMjI5OjE3Mjk3NDU1NzM6c3BfbXRmOjMwMDQ2NTE1Njg5NzMwMjo6MDo6&url=%2FVivobook-i5-1235U-Processor-Graphics-X1504ZA-BS55-CB%2Fdp%2FB0D5SXCKCD%2Fref%3Dsr_1_583_sspa%3Fcrid%3D1E63C3THFEGDP%26keywords%3Dlaptop%26qid%3D1729745572%26sprefix%3Dlaptop%252Caps%252C128%26sr%3D8-583-spons%26sp_csd%3Dd2lkZ2V0TmFtZT1zcF9tdGY%26psc%3D1,549.00,3.8,6,Not available
"Alienware X16 R2 Gaming Laptop - 16-inch QHD+ 240Hz 3ms Display, Intel Core Ultra 9-185H, 32GB LPDDR5X RAM, 1TB SSD, NVIDIA GeForce RTX 4090 16GB GDDR6, Windows 11 Home, Onsite Service - Lunar Silver",https://www.amazon.ca/sspa/click?ie=UTF8&spc=MTo4OTQ3MTU1NDgwMTEwMjI5OjE3Mjk3NDU1NzM6c3BfYnRmOjMwMDQ2NTE1Njg5NTMwMjo6MDo6&url=%2FAlienware-X16-R2-Gaming-Laptop%2Fdp%2FB0CZRY94ZW%2Fref%3Dsr_1_585_sspa%3Fcrid%3D1E63C3THFEGDP%26keywords%3Dlaptop%26qid%3D1729745572%26sprefix%3Dlaptop%252Caps%252C128%26sr%3D8-585-spons%26sp_csd%3Dd2lkZ2V0TmFtZT1zcF9idGY%26psc%3D1,"5,048.24",3.9,39,Not available
"Android 14 Tablet with Keyboard, Headwolf WPad5 Tablet 10 inch with Widevine L1,1920 * 1200 FHD Display Android Tablet, 8GB+128GB Octa Core, 5500mAh, WiFi 6 Tablets",https://www.amazon.ca/sspa/click?ie=UTF8&spc=MTo4OTQ3MTU1NDgwMTEwMjI5OjE3Mjk3NDU1NzM6c3BfYnRmOjMwMDI2NTQxMjg1NzUwMjo6MDo6&url=%2FAndroid-Keyboard-Headwolf-Widevine-Display%2Fdp%2FB0CXX82Y6W%2Fref%3Dsr_1_588_sspa%3Fcrid%3D1E63C3THFEGDP%26keywords%3Dlaptop%26qid%3D1729745572%26sprefix%3Dlaptop%252Caps%252C128%26sr%3D8-588-spons%26sp_csd%3Dd2lkZ2V0TmFtZT1zcF9idGY%26psc%3D1,189.99,4.3,148,Not available
"Acer Swift 3 SF314-511-52EE, 14"" FHD 1920x1080 IPS EVO Laptop, Intel Core i5-1135G7, 8GB LPDDR4X RAM, 512GB SSD, Windows 11 Home",https://www.amazon.ca/sspa/click?ie=UTF8&spc=MTo4OTQ3MTU1NDgwMTEwMjI5OjE3Mjk3NDU1NzM6c3BfYnRmOjMwMDQ2NTE5OTgwODgwMjo6MDo6&url=%2FAcer-SF314-511-52EE-1920x1080-i5-1135G7-LPDDR4X%2Fdp%2FB0CP895B6V%2Fref%3Dsr_1_586_sspa%3Fcrid%3D1E63C3THFEGDP%26keywords%3Dlaptop%26qid%3D1729745572%26sprefix%3Dlaptop%252Caps%252C128%26sr%3D8-586-spons%26sp_csd%3Dd2lkZ2V0TmFtZT1zcF9idGY%26psc%3D1,599.99,4.8,8,Not available
"Ruzava 14"" Laptop 8GB DDR4 256GB SSD Celeron N5095 (Up to 2.9Ghz) 4-Core Win 11 PC with Cooling Fan 1920 * 1200 2K FHD Screen Dual WiFi Support 1TB SSD Expand for Business Study-Pink",https://www.amazon.ca/sspa/click?ie=UTF8&spc=MTo4OTQ3MTU1NDgwMTEwMjI5OjE3Mjk3NDU1NzM6c3BfbXRmOjMwMDAyNDY5MzYzMzYwMjo6MDo6&url=%2FRuzava-Aocwei-Cooling-Support-Study-Pink%2Fdp%2FB0CBKJRW39%2Fref%3Dsr_1_584_sspa%3Fcrid%3D1E63C3THFEGDP%26keywords%3Dlaptop%26qid%3D1729745572%26sprefix%3Dlaptop%252Caps%252C128%26sr%3D8-584-spons%26sp_csd%3Dd2lkZ2V0TmFtZT1zcF9tdGY%26psc%3D1,330.68,4.4,137,Not available
"Rose Gold Laptop 15.6 inch FHD IPS Screen, High Speed Celeron N5095(2.0-2.9Ghz), 16G DDR4 RAM 512GB SSD Business/Student Laptop Computer/Backlit KB (16+512G)",https://www.amazon.ca/sspa/click?ie=UTF8&spc=MTo4OTQ3MTU1NDgwMTEwMjI5OjE3Mjk3NDU1NzM6c3BfYnRmOjMwMDMxNTg1ODA4MTMwMjo6MDo6&url=%2FCeleron-2-0-2-9Ghz-Business-Student-Computer%2Fdp%2FB0D3LSJXVR%2Fref%3Dsr_1_587_sspa%3Fcrid%3D1E63C3THFEGDP%26keywords%3Dlaptop%26qid%3D1729745572%26sprefix%3Dlaptop%252Caps%252C128%26sr%3D8-587-spons%26sp_csd%3Dd2lkZ2V0TmFtZT1zcF9idGY%26psc%3D1,459.90,4.1,5,Not available
"AOKER Triple Monitor Laptop Screen Extender - 15.6 Inch Portable IPS FHD 1080P Display 360° Rotation Extended Screen for 13""-17.4"" Laptops Compatible with Mac/Wins/Android/Linux/Chrome Work",https://www.amazon.ca/sspa/click?ie=UTF8&spc=MTo4OTQ3MTU1NDgwMTEwMjI5OjE3Mjk3NDU1NzM6c3BfYXRmX25leHQ6MzAwNDY0Njg1NDMzNDAyOjowOjo&url=%2FAOKER-Triple-Monitor-Laptop-Extender%2Fdp%2FB0DF5H3D9G%2Fref%3Dsr_1_578_sspa%3Fcrid%3D1E63C3THFEGDP%26keywords%3Dlaptop%26qid%3D1729745572%26sprefix%3Dlaptop%252Caps%252C128%26sr%3D8-578-spons%26sp_csd%3Dd2lkZ2V0TmFtZT1zcF9hdGZfbmV4dA%26psc%3D1,499.99,4.7,262,Not available
"Acer Aspire 3 A315-59-590J-CA, 15.6"" FHD 1920x1080 Laptop, Intel CoreTM i5-1235U, Intel UHD Graphics, 16GB RAM, 512GB SSD, Windows 11 Home",https://www.amazon.ca/sspa/click?ie=UTF8&spc=MTo4OTQ3MTU1NDgwMTEwMjI5OjE3Mjk3NDU1NzM6c3BfYXRmX25leHQ6MzAwNDY1MTU2ODk3MTAyOjowOjo&url=%2FAcer-A315-59-590J-CA-1920x1080-i5-1235U-Graphics%2Fdp%2FB0D1ZFBPFV%2Fref%3Dsr_1_580_sspa%3Fcrid%3D1E63C3THFEGDP%26keywords%3Dlaptop%26qid%3D1729745572%26sprefix%3Dlaptop%252Caps%252C128%26sr%3D8-580-spons%26sp_csd%3Dd2lkZ2V0TmFtZT1zcF9hdGZfbmV4dA%26psc%3D1,699.99,5.0,2,Not available
"2K Laptop Monitor Extender - 13"" IPS 1440P Dual Monitor Attachment Laptop Plug & Play Multiple Screens for 13""-17"" Laptop Compatible with Wins Mac Dex Chrome Travel Gaming Work",https://www.amazon.ca/sspa/click?ie=UTF8&spc=MTo4OTQ3MTU1NDgwMTEwMjI5OjE3Mjk3NDU1NzM6c3BfYXRmX25leHQ6MzAwNDY0NTE3NjkyMzAyOjowOjo&url=%2FLaptop-Monitor-Extender-Attachment-Compatible%2Fdp%2FB0DCTD926B%2Fref%3Dsr_1_579_sspa%3Fcrid%3D1E63C3THFEGDP%26keywords%3Dlaptop%26qid%3D1729745572%26sprefix%3Dlaptop%252Caps%252C128%26sr%3D8-579-spons%26sp_csd%3Dd2lkZ2V0TmFtZT1zcF9hdGZfbmV4dA%26psc%3D1,299.99,5.0,8,Not available
"Ruzava 14"" Traditional Laptop 6GB DDR4 256GB SSD Celeron N4020(Up to 2.8Ghz) 2-Core Win 11 Notebook 1920x1080 FHD Dual WiFi BT 4.2 Support 512GB TF&1TB SSD Expand with Webcam for Business Study-Gold",https://www.amazon.ca/sspa/click?ie=UTF8&spc=MTo4OTQ3MTU1NDgwMTEwMjI5OjE3Mjk3NDU1NzM6c3BfbXRmOjMwMDA0NjY2MzE0MzQwMjo6MDo6&url=%2FRuzava-Notebook-1920x1080-Wireless-Study-Gold%2Fdp%2FB0CBKJVWL4%2Fref%3Dsr_1_581_sspa%3Fcrid%3D1E63C3THFEGDP%26keywords%3Dlaptop%26qid%3D1729745572%26sprefix%3Dlaptop%252Caps%252C128%26sr%3D8-581-spons%26sp_csd%3Dd2lkZ2V0TmFtZT1zcF9tdGY%26psc%3D1,263.99,4.0,84,Not available
"Samsung Galaxy Book4 Laptop, 15.6"", Intel i7, 16GB RAM, 512GB Storage - Moonstone Gray",https://www.amazon.ca/sspa/click?ie=UTF8&spc=MTo4OTQ3MTU1NDgwMTEwMjI5OjE3Mjk3NDU1NzM6c3BfYXRmX25leHQ6MzAwNDY1MTU2ODk2NTAyOjowOjo&url=%2FSamsung-Galaxy-Book4-Laptop-Storage%2Fdp%2FB0CV7GF9L6%2Fref%3Dsr_1_577_sspa%3Fcrid%3D1E63C3THFEGDP%26keywords%3Dlaptop%26qid%3D1729745572%26sprefix%3Dlaptop%252Caps%252C128%26sr%3D8-577-spons%26sp_csd%3Dd2lkZ2V0TmFtZT1zcF9hdGZfbmV4dA%26psc%3D1,899.99,3.7,50,Not available
No title available,https://www.amazon.ca/s?k=hp+laptop&ref=rsl_sug_0_0&pd_rd_w=Nio7q&content-id=amzn1.sym.44e6e7c3-130a-4bef-a9b7-4368915a8293:amzn1.sym.44e6e7c3-130a-4bef-a9b7-4368915a8293&pf_rd_p=44e6e7c3-130a-4bef-a9b7-4368915a8293&pf_rd_r=GSFJP8F8YJ18E0WCWCG2&pd_rd_wg=k2UHk&pd_rd_r=dcda303c-0ef3-458e-9cae-5a1be6f90230&qid=1729745572,Price not available,Rating not available,hp laptop,Not available
Dell Inspiron 15 3000 3520 12th Gen Intel i5-1235U 512GB SSD 16GB RAM 15.6-inch 1920x1080 FHD Laptop Windows 11 Home,https://www.amazon.ca/Dell-Inspiron-3520-15-6-inch-1920x1080/dp/B0CKFQRSXZ/ref=sr_1_94?crid=1E63C3THFEGDP&dib=eyJ2IjoiMSJ9.akMDTOG5KBho4VWXJdqFI8EQq3zg3Tep4GghGuvoFQ_7cp8iETpMHFO4NgIhB7cnSrYyeL6kWqeyqJujKxZbY4WJ6OVWgaXZyQU9NMzTm12fRp0_aHi6oQPZpwiQK25cXLVKgbjjFaeX1jzmIAXXiGyaBY5Bn_AqJh9gUuU56hc3gH3Jypbn3IFcRZC6idPfLPhOpBgOadc-k3o4vBqT7Ohxiaur0e7JYKLhGAZMTmIfgOTYFC8cZ_1Vg-GClmy7ct76t8Or8SSxPTK0h_Lrzjb0-EHZnyWqZAIzlDe1_qs.Smq7ndAv-9kZOWzK0DqkmjS3Sucx5kL_RA2TnxMk96A&dib_tag=se&keywords=laptop&qid=1729745572&sprefix=laptop%2Caps%2C128&sr=8-94,659.90,5.0,1,Not available
"Lenovo 2019 Thinkpad T470 14-inch IPS Full HD FHD (1920x1080) Business Laptop (Intel Core i5-6300U, 16GB DDR4 RAM, 256GB PCIe NVMe M.2 SSD) Thunderbolt, Type-C, HDMI, RJ-45, Windows 10 Pro (Renewed)",https://www.amazon.ca/Lenovo-Thinkpad-1920x1080-Business-Thunderbolt/dp/B08T6J8MZK/ref=sr_1_96?crid=1E63C3THFEGDP&dib=eyJ2IjoiMSJ9.akMDTOG5KBho4VWXJdqFI8EQq3zg3Tep4GghGuvoFQ_7cp8iETpMHFO4NgIhB7cnSrYyeL6kWqeyqJujKxZbY4WJ6OVWgaXZyQU9NMzTm12fRp0_aHi6oQPZpwiQK25cXLVKgbjjFaeX1jzmIAXXiGyaBY5Bn_AqJh9gUuU56hc3gH3Jypbn3IFcRZC6idPfLPhOpBgOadc-k3o4vBqT7Ohxiaur0e7JYKLhGAZMTmIfgOTYFC8cZ_1Vg-GClmy7ct76t8Or8SSxPTK0h_Lrzjb0-EHZnyWqZAIzlDe1_qs.Smq7ndAv-9kZOWzK0DqkmjS3Sucx5kL_RA2TnxMk96A&dib_tag=se&keywords=laptop&qid=1729745572&sprefix=laptop%2Caps%2C128&sr=8-96,Price not available,4.2,604,Not available
"Lenovo IdeaPad Slim 5 Multimedia Laptop, 16"" WUXGA Touchscreen, AMD Ryzen 7 7730U 8 Cores, 16GB LPDDR4+ 512GB SSD, Win10 Home, HDMI 1.4, Wi-Fi 6, Fullsize Backlit Keyboard, Fingerprint Reader",https://www.amazon.ca/Lenovo-IdeaPad-Slim-Touchscreen-Fingerprint/dp/B0D4917VWZ/ref=sr_1_95?crid=1E63C3THFEGDP&dib=eyJ2IjoiMSJ9.akMDTOG5KBho4VWXJdqFI8EQq3zg3Tep4GghGuvoFQ_7cp8iETpMHFO4NgIhB7cnSrYyeL6kWqeyqJujKxZbY4WJ6OVWgaXZyQU9NMzTm12fRp0_aHi6oQPZpwiQK25cXLVKgbjjFaeX1jzmIAXXiGyaBY5Bn_AqJh9gUuU56hc3gH3Jypbn3IFcRZC6idPfLPhOpBgOadc-k3o4vBqT7Ohxiaur0e7JYKLhGAZMTmIfgOTYFC8cZ_1Vg-GClmy7ct76t8Or8SSxPTK0h_Lrzjb0-EHZnyWqZAIzlDe1_qs.Smq7ndAv-9kZOWzK0DqkmjS3Sucx5kL_RA2TnxMk96A&dib_tag=se&keywords=laptop&qid=1729745572&sprefix=laptop%2Caps%2C128&sr=8-95,669.99,FREE delivery Oct 25 - 28 ,Only 1 left in stock.,Not available
"MSI Thin A15 B7UC-057CA 15.6"" 144Hz Gaming Laptop AMD Ryzen R7 7735HS RTX 3050 16GB 1TB NVMe SSD Win11",https://www.amazon.ca/MSI-Thin-A15-B7UC-057CA-Gaming/dp/B0CRKQS256/ref=sr_1_92?crid=1E63C3THFEGDP&dib=eyJ2IjoiMSJ9.akMDTOG5KBho4VWXJdqFI8EQq3zg3Tep4GghGuvoFQ_7cp8iETpMHFO4NgIhB7cnSrYyeL6kWqeyqJujKxZbY4WJ6OVWgaXZyQU9NMzTm12fRp0_aHi6oQPZpwiQK25cXLVKgbjjFaeX1jzmIAXXiGyaBY5Bn_AqJh9gUuU56hc3gH3Jypbn3IFcRZC6idPfLPhOpBgOadc-k3o4vBqT7Ohxiaur0e7JYKLhGAZMTmIfgOTYFC8cZ_1Vg-GClmy7ct76t8Or8SSxPTK0h_Lrzjb0-EHZnyWqZAIzlDe1_qs.Smq7ndAv-9kZOWzK0DqkmjS3Sucx5kL_RA2TnxMk96A&dib_tag=se&keywords=laptop&qid=1729745572&sprefix=laptop%2Caps%2C128&sr=8-92,"1,299.00",3.0,3,Not available
"HP 17.3"" FHD IPS Anti-Glare Laptop, Intel Core i3-1215U, 16GB RAM, 1TB PCIe SSD, Intel UHD Graphics, HD Webcam, Numpad, HP Fast Charge, Silver, Win 11 Pro, 32GB Hotface USB Card",https://www.amazon.ca/HP-17-3-Anti-Glare-i3-1215U-Graphics/dp/B0D12GK8P3/ref=sr_1_93?crid=1E63C3THFEGDP&dib=eyJ2IjoiMSJ9.akMDTOG5KBho4VWXJdqFI8EQq3zg3Tep4GghGuvoFQ_7cp8iETpMHFO4NgIhB7cnSrYyeL6kWqeyqJujKxZbY4WJ6OVWgaXZyQU9NMzTm12fRp0_aHi6oQPZpwiQK25cXLVKgbjjFaeX1jzmIAXXiGyaBY5Bn_AqJh9gUuU56hc3gH3Jypbn3IFcRZC6idPfLPhOpBgOadc-k3o4vBqT7Ohxiaur0e7JYKLhGAZMTmIfgOTYFC8cZ_1Vg-GClmy7ct76t8Or8SSxPTK0h_Lrzjb0-EHZnyWqZAIzlDe1_qs.Smq7ndAv-9kZOWzK0DqkmjS3Sucx5kL_RA2TnxMk96A&dib_tag=se&keywords=laptop&qid=1729745572&sprefix=laptop%2Caps%2C128&sr=8-93,769.00,4.2,424,Not available
"Lenovo Ideapad i3 15.6"" FHD IPS Touchscreen Laptop, Intel i3-1115G4, 16GB RAM, 512GB PCIe SSD, Intel UHD Graphics, Numeric Keypad, HD Webcam, Wi-Fi 6, Windows 11, Gray, 32GB USB Card",https://www.amazon.ca/Ideapad-Touchscreen-i3-1115G4-Graphics-Numeric/dp/B0CN8B697S/ref=sr_1_91?crid=1E63C3THFEGDP&dib=eyJ2IjoiMSJ9.akMDTOG5KBho4VWXJdqFI8EQq3zg3Tep4GghGuvoFQ_7cp8iETpMHFO4NgIhB7cnSrYyeL6kWqeyqJujKxZbY4WJ6OVWgaXZyQU9NMzTm12fRp0_aHi6oQPZpwiQK25cXLVKgbjjFaeX1jzmIAXXiGyaBY5Bn_AqJh9gUuU56hc3gH3Jypbn3IFcRZC6idPfLPhOpBgOadc-k3o4vBqT7Ohxiaur0e7JYKLhGAZMTmIfgOTYFC8cZ_1Vg-GClmy7ct76t8Or8SSxPTK0h_Lrzjb0-EHZnyWqZAIzlDe1_qs.Smq7ndAv-9kZOWzK0DqkmjS3Sucx5kL_RA2TnxMk96A&dib_tag=se&keywords=laptop&qid=1729745572&sprefix=laptop%2Caps%2C128&sr=8-91,639.00,4.3,"3,983",Not available
Dell Latitude E7250 Microsoft Renewed Laptop,https://www.amazon.ca/Dell-Latitude-i5-5300U-Certified-Refurbished/dp/B07FDHGH2R/ref=sr_1_90?crid=1E63C3THFEGDP&dib=eyJ2IjoiMSJ9.akMDTOG5KBho4VWXJdqFI8EQq3zg3Tep4GghGuvoFQ_7cp8iETpMHFO4NgIhB7cnSrYyeL6kWqeyqJujKxZbY4WJ6OVWgaXZyQU9NMzTm12fRp0_aHi6oQPZpwiQK25cXLVKgbjjFaeX1jzmIAXXiGyaBY5Bn_AqJh9gUuU56hc3gH3Jypbn3IFcRZC6idPfLPhOpBgOadc-k3o4vBqT7Ohxiaur0e7JYKLhGAZMTmIfgOTYFC8cZ_1Vg-GClmy7ct76t8Or8SSxPTK0h_Lrzjb0-EHZnyWqZAIzlDe1_qs.Smq7ndAv-9kZOWzK0DqkmjS3Sucx5kL_RA2TnxMk96A&dib_tag=se&keywords=laptop&qid=1729745572&sprefix=laptop%2Caps%2C128&sr=8-90,188.66,4.1,404,Not available
"ASUS BR1100 Laptop, BR1100FKA-CES1S-CA, 11.6"" HD Touch Screen Glossy Display, Intel Celeron N4500 Processor, 4GB RAM, 128GB Storage, MIL-STD 810H Durability, TPM 2.0, Windows 10 Pro, Star Grey",https://www.amazon.ca/BR1100FKA-CES1S-CA-Display-Celeron-Processor-Durability/dp/B09HN3TWSG/ref=sr_1_87?crid=1E63C3THFEGDP&dib=eyJ2IjoiMSJ9.akMDTOG5KBho4VWXJdqFI8EQq3zg3Tep4GghGuvoFQ_7cp8iETpMHFO4NgIhB7cnSrYyeL6kWqeyqJujKxZbY4WJ6OVWgaXZyQU9NMzTm12fRp0_aHi6oQPZpwiQK25cXLVKgbjjFaeX1jzmIAXXiGyaBY5Bn_AqJh9gUuU56hc3gH3Jypbn3IFcRZC6idPfLPhOpBgOadc-k3o4vBqT7Ohxiaur0e7JYKLhGAZMTmIfgOTYFC8cZ_1Vg-GClmy7ct76t8Or8SSxPTK0h_Lrzjb0-EHZnyWqZAIzlDe1_qs.Smq7ndAv-9kZOWzK0DqkmjS3Sucx5kL_RA2TnxMk96A&dib_tag=se&keywords=laptop&qid=1729745572&sprefix=laptop%2Caps%2C128&sr=8-87,299.00,4.1,214,Not available
"ASUS Vivobook 15, Intel® Core™ i5-1235U Processor, ‎Intel UHD Graphics 620, 8GB DDR4, 512GB SSD, Wi-Fi 5, Windows 11, Quiet Blue, X1504ZA-BS55-CB",https://www.amazon.ca/Vivobook-i5-1235U-Processor-Graphics-X1504ZA-BS55-CB/dp/B0D5SXCKCD/ref=sr_1_89?crid=1E63C3THFEGDP&dib=eyJ2IjoiMSJ9.akMDTOG5KBho4VWXJdqFI8EQq3zg3Tep4GghGuvoFQ_7cp8iETpMHFO4NgIhB7cnSrYyeL6kWqeyqJujKxZbY4WJ6OVWgaXZyQU9NMzTm12fRp0_aHi6oQPZpwiQK25cXLVKgbjjFaeX1jzmIAXXiGyaBY5Bn_AqJh9gUuU56hc3gH3Jypbn3IFcRZC6idPfLPhOpBgOadc-k3o4vBqT7Ohxiaur0e7JYKLhGAZMTmIfgOTYFC8cZ_1Vg-GClmy7ct76t8Or8SSxPTK0h_Lrzjb0-EHZnyWqZAIzlDe1_qs.Smq7ndAv-9kZOWzK0DqkmjS3Sucx5kL_RA2TnxMk96A&dib_tag=se&keywords=laptop&qid=1729745572&sprefix=laptop%2Caps%2C128&sr=8-89,549.00,3.8,6,Not available
"HP Essential 255 G8 Laptop, 15.6"" FHD Display, AMD Ryzen 5 5500U, 16GB RAM, 1TB PCIe SSD, Webcam, SD Card Reader, HDMI, Wi-Fi 6, Windows 11 Pro, Dark Ash Silver…",https://www.amazon.ca/HP-Essential-Laptop-Display-Windows/dp/B0CNJCY4MG/ref=sr_1_88?crid=1E63C3THFEGDP&dib=eyJ2IjoiMSJ9.akMDTOG5KBho4VWXJdqFI8EQq3zg3Tep4GghGuvoFQ_7cp8iETpMHFO4NgIhB7cnSrYyeL6kWqeyqJujKxZbY4WJ6OVWgaXZyQU9NMzTm12fRp0_aHi6oQPZpwiQK25cXLVKgbjjFaeX1jzmIAXXiGyaBY5Bn_AqJh9gUuU56hc3gH3Jypbn3IFcRZC6idPfLPhOpBgOadc-k3o4vBqT7Ohxiaur0e7JYKLhGAZMTmIfgOTYFC8cZ_1Vg-GClmy7ct76t8Or8SSxPTK0h_Lrzjb0-EHZnyWqZAIzlDe1_qs.Smq7ndAv-9kZOWzK0DqkmjS3Sucx5kL_RA2TnxMk96A&dib_tag=se&keywords=laptop&qid=1729745572&sprefix=laptop%2Caps%2C128&sr=8-88,725.00,4.9,10,Not available
"Acer Aspire 3 Laptop 15.6"" FHD Display, AMD Athlon 7120U CPU, 8GB LPDDR5 RAM, Fast 256GB SSD, Win 11 Home (1 yr Manufacturer Warranty) (Renewed)",https://www.amazon.ca/Acer-Display-Manufacturer-Warranty-Renewed/dp/B0CN9SKYB4/ref=sr_1_86?crid=1E63C3THFEGDP&dib=eyJ2IjoiMSJ9.akMDTOG5KBho4VWXJdqFI8EQq3zg3Tep4GghGuvoFQ_7cp8iETpMHFO4NgIhB7cnSrYyeL6kWqeyqJujKxZbY4WJ6OVWgaXZyQU9NMzTm12fRp0_aHi6oQPZpwiQK25cXLVKgbjjFaeX1jzmIAXXiGyaBY5Bn_AqJh9gUuU56hc3gH3Jypbn3IFcRZC6idPfLPhOpBgOadc-k3o4vBqT7Ohxiaur0e7JYKLhGAZMTmIfgOTYFC8cZ_1Vg-GClmy7ct76t8Or8SSxPTK0h_Lrzjb0-EHZnyWqZAIzlDe1_qs.Smq7ndAv-9kZOWzK0DqkmjS3Sucx5kL_RA2TnxMk96A&dib_tag=se&keywords=laptop&qid=1729745572&sprefix=laptop%2Caps%2C128&sr=8-86,355.00,4.2,8,Not available
"Lenovo Thinkpad E16 Gen 1 16"" WUXGA (1920 x 1200) Laptop - Intel Core i7-1355U (10 Core) Processor, 16GB RAM, 512GB SSD, Windows 11 Pro - Graphite Black",https://www.amazon.ca/Lenovo-Thinkpad-WUXGA-1920-Laptop/dp/B0CLW3PXHC/ref=sr_1_84?crid=1E63C3THFEGDP&dib=eyJ2IjoiMSJ9.akMDTOG5KBho4VWXJdqFI8EQq3zg3Tep4GghGuvoFQ_7cp8iETpMHFO4NgIhB7cnSrYyeL6kWqeyqJujKxZbY4WJ6OVWgaXZyQU9NMzTm12fRp0_aHi6oQPZpwiQK25cXLVKgbjjFaeX1jzmIAXXiGyaBY5Bn_AqJh9gUuU56hc3gH3Jypbn3IFcRZC6idPfLPhOpBgOadc-k3o4vBqT7Ohxiaur0e7JYKLhGAZMTmIfgOTYFC8cZ_1Vg-GClmy7ct76t8Or8SSxPTK0h_Lrzjb0-EHZnyWqZAIzlDe1_qs.Smq7ndAv-9kZOWzK0DqkmjS3Sucx5kL_RA2TnxMk96A&dib_tag=se&keywords=laptop&qid=1729745572&sprefix=laptop%2Caps%2C128&sr=8-84,"1,209.99",4.2,24,Not available
"HP EliteBook 840 G1 14in Laptop, Core i5-4300U 1.9GHz, 8GB Ram, 500GB HDD, Windows 10 Pro 64bit (Renewed)",https://www.amazon.ca/HP-EliteBook-i5-4300U-Certified-Refurbished/dp/B077T24RT6/ref=sr_1_83?crid=1E63C3THFEGDP&dib=eyJ2IjoiMSJ9.akMDTOG5KBho4VWXJdqFI8EQq3zg3Tep4GghGuvoFQ_7cp8iETpMHFO4NgIhB7cnSrYyeL6kWqeyqJujKxZbY4WJ6OVWgaXZyQU9NMzTm12fRp0_aHi6oQPZpwiQK25cXLVKgbjjFaeX1jzmIAXXiGyaBY5Bn_AqJh9gUuU56hc3gH3Jypbn3IFcRZC6idPfLPhOpBgOadc-k3o4vBqT7Ohxiaur0e7JYKLhGAZMTmIfgOTYFC8cZ_1Vg-GClmy7ct76t8Or8SSxPTK0h_Lrzjb0-EHZnyWqZAIzlDe1_qs.Smq7ndAv-9kZOWzK0DqkmjS3Sucx5kL_RA2TnxMk96A&dib_tag=se&keywords=laptop&qid=1729745572&sprefix=laptop%2Caps%2C128&sr=8-83,Price not available,5.0,7,Not available
Lenovo B210,https://www.amazon.ca/Lenovo-Backpack-15-6-Inch-Water-Repellent-GX40Q17226/dp/B075Y7H8V6/ref=sr_1_85?crid=1E63C3THFEGDP&dib=eyJ2IjoiMSJ9.akMDTOG5KBho4VWXJdqFI8EQq3zg3Tep4GghGuvoFQ_7cp8iETpMHFO4NgIhB7cnSrYyeL6kWqeyqJujKxZbY4WJ6OVWgaXZyQU9NMzTm12fRp0_aHi6oQPZpwiQK25cXLVKgbjjFaeX1jzmIAXXiGyaBY5Bn_AqJh9gUuU56hc3gH3Jypbn3IFcRZC6idPfLPhOpBgOadc-k3o4vBqT7Ohxiaur0e7JYKLhGAZMTmIfgOTYFC8cZ_1Vg-GClmy7ct76t8Or8SSxPTK0h_Lrzjb0-EHZnyWqZAIzlDe1_qs.Smq7ndAv-9kZOWzK0DqkmjS3Sucx5kL_RA2TnxMk96A&dib_tag=se&keywords=laptop&qid=1729745572&sprefix=laptop%2Caps%2C128&sr=8-85,10.99,4.4,"11,148",Not available
"HP 15.6 inch Laptop, Full HD Display, AMD Ryzen 5 7520U Processor, 16 GB RAM, 512 GB SSD, AMD Radeon Graphics, Windows 11 Home, 15-fc0006ca",https://www.amazon.ca/HP-Display-Processor-Graphics-15-fc0006ca/dp/B0CWK151D1/ref=sr_1_82?crid=1E63C3THFEGDP&dib=eyJ2IjoiMSJ9.akMDTOG5KBho4VWXJdqFI8EQq3zg3Tep4GghGuvoFQ_7cp8iETpMHFO4NgIhB7cnSrYyeL6kWqeyqJujKxZbY4WJ6OVWgaXZyQU9NMzTm12fRp0_aHi6oQPZpwiQK25cXLVKgbjjFaeX1jzmIAXXiGyaBY5Bn_AqJh9gUuU56hc3gH3Jypbn3IFcRZC6idPfLPhOpBgOadc-k3o4vBqT7Ohxiaur0e7JYKLhGAZMTmIfgOTYFC8cZ_1Vg-GClmy7ct76t8Or8SSxPTK0h_Lrzjb0-EHZnyWqZAIzlDe1_qs.Smq7ndAv-9kZOWzK0DqkmjS3Sucx5kL_RA2TnxMk96A&dib_tag=se&keywords=laptop&qid=1729745572&sprefix=laptop%2Caps%2C128&sr=8-82,699.99,4.5,5,Not available
Dell Latitude E7470 Laptop 14 - Intel Core i7 6th Gen - i7-6600U - 3.4Ghz - 256GB SSD - 8GB RAM - 1920x1080 FHD - Windows 10 Pro (Renewed),https://www.amazon.ca/Latitude-E7470-Ultrabook-Bluetooth-Refurbished/dp/B07GH93TB5/ref=sr_1_81?crid=1E63C3THFEGDP&dib=eyJ2IjoiMSJ9.akMDTOG5KBho4VWXJdqFI8EQq3zg3Tep4GghGuvoFQ_7cp8iETpMHFO4NgIhB7cnSrYyeL6kWqeyqJujKxZbY4WJ6OVWgaXZyQU9NMzTm12fRp0_aHi6oQPZpwiQK25cXLVKgbjjFaeX1jzmIAXXiGyaBY5Bn_AqJh9gUuU56hc3gH3Jypbn3IFcRZC6idPfLPhOpBgOadc-k3o4vBqT7Ohxiaur0e7JYKLhGAZMTmIfgOTYFC8cZ_1Vg-GClmy7ct76t8Or8SSxPTK0h_Lrzjb0-EHZnyWqZAIzlDe1_qs.Smq7ndAv-9kZOWzK0DqkmjS3Sucx5kL_RA2TnxMk96A&dib_tag=se&keywords=laptop&qid=1729745572&sprefix=laptop%2Caps%2C128&sr=8-81,299.99,3.3,11,Not available
"Dell Precision 3470 Mobile Workstation 14"" FHD Laptop - Intel Core i5-1250P, 16GB RAM, 256GB SSD, Windows 10 Pro - Titan Gray (MGHV1)",https://www.amazon.ca/Dell-Precision-3470-Mobile-Workstation/dp/B0BBGT2CL8/ref=sr_1_240?crid=1E63C3THFEGDP&dib=eyJ2IjoiMSJ9.vyT5BBSgt2cX4T0-hKG9fCrM8utZXmkmxN3xLuNgQw6wVAhW-5AklWqDZDHHDrOf0dw6dIklTqdleZmlV6b31ZH8UNazo0Z04bRPs9umLBNrI5LhVPNMXEW9Gyx9yHXiaitBU5-yGKbQpRpfgrKdje0_783rSlzAshG_OKExyD_h6Cseqkn5XoKTXAlnV9emk0y-g3TVeRGPsGG2_YezhDtH3f5uhLGs-MThLTNHo1LYynESUy36iFFeTwf6PRCLp7-YAynHwHwQ7FyoaZhGDzzrocnhbTVWQ1BHeOa0AsE.bmxRA8EdH27bq7XobOGl-B482gCv4OJYU9FP-KqP9HY&dib_tag=se&keywords=laptop&qid=1729745572&sprefix=laptop%2Caps%2C128&sr=8-240,749.99,"FREE delivery Sun, Oct 27 ",No reviews available,Not available
"Dell G15 5530 15.6"" FHD 165Hz Gaming Laptop 2023 | Intel i9-13900HX 24-Core | NVIDIA GeForce RTX 4060 8GB | 4-Zone RGB Backlit Keyboard | USB-C | WiFi 6 | HDMI 2.1 | 32GB DDR5 1TB SSD | Win11 Pro",https://www.amazon.ca/Dell-i9-13900HX-24-Core-GeForce-Keyboard/dp/B0CPPCJ8QF/ref=sr_1_239?crid=1E63C3THFEGDP&dib=eyJ2IjoiMSJ9.vyT5BBSgt2cX4T0-hKG9fCrM8utZXmkmxN3xLuNgQw6wVAhW-5AklWqDZDHHDrOf0dw6dIklTqdleZmlV6b31ZH8UNazo0Z04bRPs9umLBNrI5LhVPNMXEW9Gyx9yHXiaitBU5-yGKbQpRpfgrKdje0_783rSlzAshG_OKExyD_h6Cseqkn5XoKTXAlnV9emk0y-g3TVeRGPsGG2_YezhDtH3f5uhLGs-MThLTNHo1LYynESUy36iFFeTwf6PRCLp7-YAynHwHwQ7FyoaZhGDzzrocnhbTVWQ1BHeOa0AsE.bmxRA8EdH27bq7XobOGl-B482gCv4OJYU9FP-KqP9HY&dib_tag=se&keywords=laptop&qid=1729745572&sprefix=laptop%2Caps%2C128&sr=8-239,"2,632.02",5.0,1,Not available
"Lenovo Ideapad 3i 15.6"" HD Touchscreen Laptop, (81X800MCUS)",https://www.amazon.ca/Lenovo-Ideapad-Touchscreen-81X800MCUS-Platinum/dp/B0BM53D3VR/ref=sr_1_237?crid=1E63C3THFEGDP&dib=eyJ2IjoiMSJ9.vyT5BBSgt2cX4T0-hKG9fCrM8utZXmkmxN3xLuNgQw6wVAhW-5AklWqDZDHHDrOf0dw6dIklTqdleZmlV6b31ZH8UNazo0Z04bRPs9umLBNrI5LhVPNMXEW9Gyx9yHXiaitBU5-yGKbQpRpfgrKdje0_783rSlzAshG_OKExyD_h6Cseqkn5XoKTXAlnV9emk0y-g3TVeRGPsGG2_YezhDtH3f5uhLGs-MThLTNHo1LYynESUy36iFFeTwf6PRCLp7-YAynHwHwQ7FyoaZhGDzzrocnhbTVWQ1BHeOa0AsE.bmxRA8EdH27bq7XobOGl-B482gCv4OJYU9FP-KqP9HY&dib_tag=se&keywords=laptop&qid=1729745572&sprefix=laptop%2Caps%2C128&sr=8-237,494.13,4.0,21,Not available
"HP 15.6"" HD Everyday Laptop, Intel Pentium Silver N5030, 32GB RAM, 1TB PCIe SSD, Intel UHD Graphics 605, Island-Style Keyboard, HP Fast Charge, HD Camera, Win 11, Blue, 32GB USB Card (Renewed)",https://www.amazon.ca/HP-Everyday-Graphics-Island-Style-Keyboard/dp/B0CWK6VTN2/ref=sr_1_236?crid=1E63C3THFEGDP&dib=eyJ2IjoiMSJ9.vyT5BBSgt2cX4T0-hKG9fCrM8utZXmkmxN3xLuNgQw6wVAhW-5AklWqDZDHHDrOf0dw6dIklTqdleZmlV6b31ZH8UNazo0Z04bRPs9umLBNrI5LhVPNMXEW9Gyx9yHXiaitBU5-yGKbQpRpfgrKdje0_783rSlzAshG_OKExyD_h6Cseqkn5XoKTXAlnV9emk0y-g3TVeRGPsGG2_YezhDtH3f5uhLGs-MThLTNHo1LYynESUy36iFFeTwf6PRCLp7-YAynHwHwQ7FyoaZhGDzzrocnhbTVWQ1BHeOa0AsE.bmxRA8EdH27bq7XobOGl-B482gCv4OJYU9FP-KqP9HY&dib_tag=se&keywords=laptop&qid=1729745572&sprefix=laptop%2Caps%2C128&sr=8-236,529.00,4.3,32,Not available
"ASUS ROG Strix G15 (2022) Gaming Laptop, 15.6” 165Hz IPS Type WQHD Display, NVIDIA GeForce RTX 3060, AMD Ryzen 7 6800H, 16GB DDR5, 1TB PCIe SSD, RGB Keyboard, Windows 11 Home, G513RM-AS71-CA",https://www.amazon.ca/Display-GeForce-Keyboard-Windows-G513RM-AS71-CA/dp/B09V6VTGYG/ref=sr_1_235?crid=1E63C3THFEGDP&dib=eyJ2IjoiMSJ9.vyT5BBSgt2cX4T0-hKG9fCrM8utZXmkmxN3xLuNgQw6wVAhW-5AklWqDZDHHDrOf0dw6dIklTqdleZmlV6b31ZH8UNazo0Z04bRPs9umLBNrI5LhVPNMXEW9Gyx9yHXiaitBU5-yGKbQpRpfgrKdje0_783rSlzAshG_OKExyD_h6Cseqkn5XoKTXAlnV9emk0y-g3TVeRGPsGG2_YezhDtH3f5uhLGs-MThLTNHo1LYynESUy36iFFeTwf6PRCLp7-YAynHwHwQ7FyoaZhGDzzrocnhbTVWQ1BHeOa0AsE.bmxRA8EdH27bq7XobOGl-B482gCv4OJYU9FP-KqP9HY&dib_tag=se&keywords=laptop&qid=1729745572&sprefix=laptop%2Caps%2C128&sr=8-235,"1,679.00",4.2,272,Not available
"Samsung Galaxy Book3 Pro 360 16"" AMOLED 2-in-1 Touchscreen Laptop, Intel i7-1360P, 1TB SSD, 16GB RAM, Windows 11 Home, NP960QFG-KA2CA - Graphite (Renewed)",https://www.amazon.ca/Samsung-Touchscreen-i7-1360P-Windows-NP960QFG-KA2CA/dp/B0CBSWQ2CL/ref=sr_1_234?crid=1E63C3THFEGDP&dib=eyJ2IjoiMSJ9.vyT5BBSgt2cX4T0-hKG9fCrM8utZXmkmxN3xLuNgQw6wVAhW-5AklWqDZDHHDrOf0dw6dIklTqdleZmlV6b31ZH8UNazo0Z04bRPs9umLBNrI5LhVPNMXEW9Gyx9yHXiaitBU5-yGKbQpRpfgrKdje0_783rSlzAshG_OKExyD_h6Cseqkn5XoKTXAlnV9emk0y-g3TVeRGPsGG2_YezhDtH3f5uhLGs-MThLTNHo1LYynESUy36iFFeTwf6PRCLp7-YAynHwHwQ7FyoaZhGDzzrocnhbTVWQ1BHeOa0AsE.bmxRA8EdH27bq7XobOGl-B482gCv4OJYU9FP-KqP9HY&dib_tag=se&keywords=laptop&qid=1729745572&sprefix=laptop%2Caps%2C128&sr=8-234,"1,297.00",4.7,12,Not available
"Dell Latitude 5410 Business Laptop, 14'' FHD Notebook, 10th Gen Intel Core i5-10210U, 16GB RAM, 512GB SSD, Backlit Keyboard, HDMI, Wi-Fi, Bluetooth, Camera, Windows 10 Pro 64-bit (Renewed)",https://www.amazon.ca/Dell-Latitude-5410-i5-10210U-Bluetooth/dp/B0CKN4WMZW/ref=sr_1_233?crid=1E63C3THFEGDP&dib=eyJ2IjoiMSJ9.vyT5BBSgt2cX4T0-hKG9fCrM8utZXmkmxN3xLuNgQw6wVAhW-5AklWqDZDHHDrOf0dw6dIklTqdleZmlV6b31ZH8UNazo0Z04bRPs9umLBNrI5LhVPNMXEW9Gyx9yHXiaitBU5-yGKbQpRpfgrKdje0_783rSlzAshG_OKExyD_h6Cseqkn5XoKTXAlnV9emk0y-g3TVeRGPsGG2_YezhDtH3f5uhLGs-MThLTNHo1LYynESUy36iFFeTwf6PRCLp7-YAynHwHwQ7FyoaZhGDzzrocnhbTVWQ1BHeOa0AsE.bmxRA8EdH27bq7XobOGl-B482gCv4OJYU9FP-KqP9HY&dib_tag=se&keywords=laptop&qid=1729745572&sprefix=laptop%2Caps%2C128&sr=8-233,364.99,3.9,24,Not available
"HP Elitebook 840 G3 14in Laptop, Core i5-6300U 2.4GHz, 8GB RAM, 256GB Solid State Drive, Windows 10 Pro 64bit, CAM (Renewed)",https://www.amazon.ca/HP-Elitebook-i5-6300U-Windows-Renewed/dp/B07MNTPW8B/ref=sr_1_232?crid=1E63C3THFEGDP&dib=eyJ2IjoiMSJ9.vyT5BBSgt2cX4T0-hKG9fCrM8utZXmkmxN3xLuNgQw6wVAhW-5AklWqDZDHHDrOf0dw6dIklTqdleZmlV6b31ZH8UNazo0Z04bRPs9umLBNrI5LhVPNMXEW9Gyx9yHXiaitBU5-yGKbQpRpfgrKdje0_783rSlzAshG_OKExyD_h6Cseqkn5XoKTXAlnV9emk0y-g3TVeRGPsGG2_YezhDtH3f5uhLGs-MThLTNHo1LYynESUy36iFFeTwf6PRCLp7-YAynHwHwQ7FyoaZhGDzzrocnhbTVWQ1BHeOa0AsE.bmxRA8EdH27bq7XobOGl-B482gCv4OJYU9FP-KqP9HY&dib_tag=se&keywords=laptop&qid=1729745572&sprefix=laptop%2Caps%2C128&sr=8-232,234.99,4.2,48,Not available
"Acer Aspire 5 Laptop | 15.6"" Full HD Display | 13th Gen Intel i3-1315U | 8GB LPDDR5 | 512GB NVMe SSD | Windows 11 Home (1 YR Manufacturer Warranty)",https://www.amazon.ca/Acer-Aspire-i3-1315U-Manufacturer-Warranty/dp/B0CHRSJLZC/ref=sr_1_231?crid=1E63C3THFEGDP&dib=eyJ2IjoiMSJ9.vyT5BBSgt2cX4T0-hKG9fCrM8utZXmkmxN3xLuNgQw6wVAhW-5AklWqDZDHHDrOf0dw6dIklTqdleZmlV6b31ZH8UNazo0Z04bRPs9umLBNrI5LhVPNMXEW9Gyx9yHXiaitBU5-yGKbQpRpfgrKdje0_783rSlzAshG_OKExyD_h6Cseqkn5XoKTXAlnV9emk0y-g3TVeRGPsGG2_YezhDtH3f5uhLGs-MThLTNHo1LYynESUy36iFFeTwf6PRCLp7-YAynHwHwQ7FyoaZhGDzzrocnhbTVWQ1BHeOa0AsE.bmxRA8EdH27bq7XobOGl-B482gCv4OJYU9FP-KqP9HY&dib_tag=se&keywords=laptop&qid=1729745572&sprefix=laptop%2Caps%2C128&sr=8-231,559.00,"FREE delivery Sun, Oct 27 ",Only 1 left in stock.,Not available
"HP 15-dy2001ca 15.6"" Touchscreen Laptop with Intel® i3-1125G4, 256GB SSD, 8GB RAM & Windows 10 Home",https://www.amazon.ca/HP-15-dy2001ca-Touchscreen-i3-1125G4-Windows/dp/B0CKJ1LXXM/ref=sr_1_230?crid=1E63C3THFEGDP&dib=eyJ2IjoiMSJ9.vyT5BBSgt2cX4T0-hKG9fCrM8utZXmkmxN3xLuNgQw6wVAhW-5AklWqDZDHHDrOf0dw6dIklTqdleZmlV6b31ZH8UNazo0Z04bRPs9umLBNrI5LhVPNMXEW9Gyx9yHXiaitBU5-yGKbQpRpfgrKdje0_783rSlzAshG_OKExyD_h6Cseqkn5XoKTXAlnV9emk0y-g3TVeRGPsGG2_YezhDtH3f5uhLGs-MThLTNHo1LYynESUy36iFFeTwf6PRCLp7-YAynHwHwQ7FyoaZhGDzzrocnhbTVWQ1BHeOa0AsE.bmxRA8EdH27bq7XobOGl-B482gCv4OJYU9FP-KqP9HY&dib_tag=se&keywords=laptop&qid=1729745572&sprefix=laptop%2Caps%2C128&sr=8-230,Price not available,4.0,"2,110",Not available
"Lenovo ThinkPad T470 14"" FHD IPS Touch-Screen Laptop, Intel Core i5-6300U up to 3.0GHz, 8GB DDR4, 256GB PCIe SSD, Webcam, Wireless AC, LTE-A, Thunderbolt, Fingerprint Reader, Windows 10 Professional (Renewed)",https://www.amazon.ca/Lenovo-Touch-Screen-Thunderbolt-Fingerprint-Professional/dp/B08KYJ6DMX/ref=sr_1_228?crid=1E63C3THFEGDP&dib=eyJ2IjoiMSJ9.vyT5BBSgt2cX4T0-hKG9fCrM8utZXmkmxN3xLuNgQw6wVAhW-5AklWqDZDHHDrOf0dw6dIklTqdleZmlV6b31ZH8UNazo0Z04bRPs9umLBNrI5LhVPNMXEW9Gyx9yHXiaitBU5-yGKbQpRpfgrKdje0_783rSlzAshG_OKExyD_h6Cseqkn5XoKTXAlnV9emk0y-g3TVeRGPsGG2_YezhDtH3f5uhLGs-MThLTNHo1LYynESUy36iFFeTwf6PRCLp7-YAynHwHwQ7FyoaZhGDzzrocnhbTVWQ1BHeOa0AsE.bmxRA8EdH27bq7XobOGl-B482gCv4OJYU9FP-KqP9HY&dib_tag=se&keywords=laptop&qid=1729745572&sprefix=laptop%2Caps%2C128&sr=8-228,268.00,5.0,2,Not available
"Lenovo Ideapad 3i 15.6"" Touchscreen FHD Laptop - Intel Core i5-1155G7, 8GB RAM, 512GB SSD, Windows 11 S Mode - Abyss Blue (82H803SBUS)",https://www.amazon.ca/Lenovo-Ideapad-15-6-Touchscreen-Laptop/dp/B0CT3Y84T8/ref=sr_1_227?crid=1E63C3THFEGDP&dib=eyJ2IjoiMSJ9.vyT5BBSgt2cX4T0-hKG9fCrM8utZXmkmxN3xLuNgQw6wVAhW-5AklWqDZDHHDrOf0dw6dIklTqdleZmlV6b31ZH8UNazo0Z04bRPs9umLBNrI5LhVPNMXEW9Gyx9yHXiaitBU5-yGKbQpRpfgrKdje0_783rSlzAshG_OKExyD_h6Cseqkn5XoKTXAlnV9emk0y-g3TVeRGPsGG2_YezhDtH3f5uhLGs-MThLTNHo1LYynESUy36iFFeTwf6PRCLp7-YAynHwHwQ7FyoaZhGDzzrocnhbTVWQ1BHeOa0AsE.bmxRA8EdH27bq7XobOGl-B482gCv4OJYU9FP-KqP9HY&dib_tag=se&keywords=laptop&qid=1729745572&sprefix=laptop%2Caps%2C128&sr=8-227,599.98,3.0,1,Not available
"Lenovo IdeaPad 1 | 15.6"" FHD Laptop | AMD Ryzen 5 5500U | 16GB Memory | 512GB PCIe SSD | Windows 11 Home| Radeon Graphics",https://www.amazon.ca/Lenovo-IdeaPad-Laptop-Windows-Graphics/dp/B0D944Q65J/ref=sr_1_226?crid=1E63C3THFEGDP&dib=eyJ2IjoiMSJ9.vyT5BBSgt2cX4T0-hKG9fCrM8utZXmkmxN3xLuNgQw6wVAhW-5AklWqDZDHHDrOf0dw6dIklTqdleZmlV6b31ZH8UNazo0Z04bRPs9umLBNrI5LhVPNMXEW9Gyx9yHXiaitBU5-yGKbQpRpfgrKdje0_783rSlzAshG_OKExyD_h6Cseqkn5XoKTXAlnV9emk0y-g3TVeRGPsGG2_YezhDtH3f5uhLGs-MThLTNHo1LYynESUy36iFFeTwf6PRCLp7-YAynHwHwQ7FyoaZhGDzzrocnhbTVWQ1BHeOa0AsE.bmxRA8EdH27bq7XobOGl-B482gCv4OJYU9FP-KqP9HY&dib_tag=se&keywords=laptop&qid=1729745572&sprefix=laptop%2Caps%2C128&sr=8-226,579.99,FREE delivery Oct 29 - 31 ,No reviews available,Not available
"HP Laptop 14"" HD Display, Intel Celeron N4120 Quad-Core Processor 1.1GHz, 4GB RAM, 64GB eMMC, Bluetooth & Wi-Fi Connectivity, Windows 11 Home S, Snowflake White (Renewed)",https://www.amazon.ca/HP-Quad-Core-Processor-Bluetooth-Connectivity/dp/B0B7265ZP6/ref=sr_1_229?crid=1E63C3THFEGDP&dib=eyJ2IjoiMSJ9.vyT5BBSgt2cX4T0-hKG9fCrM8utZXmkmxN3xLuNgQw6wVAhW-5AklWqDZDHHDrOf0dw6dIklTqdleZmlV6b31ZH8UNazo0Z04bRPs9umLBNrI5LhVPNMXEW9Gyx9yHXiaitBU5-yGKbQpRpfgrKdje0_783rSlzAshG_OKExyD_h6Cseqkn5XoKTXAlnV9emk0y-g3TVeRGPsGG2_YezhDtH3f5uhLGs-MThLTNHo1LYynESUy36iFFeTwf6PRCLp7-YAynHwHwQ7FyoaZhGDzzrocnhbTVWQ1BHeOa0AsE.bmxRA8EdH27bq7XobOGl-B482gCv4OJYU9FP-KqP9HY&dib_tag=se&keywords=laptop&qid=1729745572&sprefix=laptop%2Caps%2C128&sr=8-229,235.00,3.8,32,Not available
"Acer USB Hub 3.0, 4-Port Ultra Slim USB Adapter with Type C 5V3A, USB Splitter Extender Compatible with Laptop/Desktop/Mouse/Keyboard,Compatible with Windows,Linux,Acer,Chromebook,Surface-2FT",https://www.amazon.ca/Acer-Multiple-Splitter-Extender-Windows/dp/B0CN3F9Y1Z/ref=sr_1_285?crid=1E63C3THFEGDP&dib=eyJ2IjoiMSJ9.UD6ugI5eMGi-goeWpRbPkGs-M1H22VD6ry80d-nyuIV0j5L_ce_nlqf79GzEcuPKPtPzOJyn4jpooJeqI1huHh7W-rBDv8LcCLXssKPE57bwtAnp2de4Wm3I08l7BELZgK9shwL95KSXT133rm2LUHUYY4jph5l8kvBzvzjncC2mdLKNuTZjN80Zfp_h-iSAttoPGxqO8c7MPvp_YaKleG-o3lV4WOi2mpBpRq57T6czlYVLRvUf3BMvvc8VKmREI7OpYlL1sl9l3MkMmA-4Sy1i7XNw-N7WjUHZ6QekbX4.Rqri-sD6gBHHByPcXpEEGnBllzGDHoeVkvnYnJYOAnA&dib_tag=se&keywords=laptop&qid=1729745572&sprefix=laptop%2Caps%2C128&sr=8-285,15.99,4.6,"2,506",Not available
"ASUS TUF A16 16"" 165Hz FHD Gaming Laptop, AMD Ryzen 7-7735HS, 32GB DDR5, 1TB SSD, AMD Radeon RX 7700S, Backlit Keyboard, 720p Camera, WiFi 6, Off Black, Win 11 Pro, 256GB Docking Station Set",https://www.amazon.ca/ASUS-TUF-A16-Gaming-7-7735HS/dp/B0D4TMVMKJ/ref=sr_1_288?crid=1E63C3THFEGDP&dib=eyJ2IjoiMSJ9.UD6ugI5eMGi-goeWpRbPkGs-M1H22VD6ry80d-nyuIV0j5L_ce_nlqf79GzEcuPKPtPzOJyn4jpooJeqI1huHh7W-rBDv8LcCLXssKPE57bwtAnp2de4Wm3I08l7BELZgK9shwL95KSXT133rm2LUHUYY4jph5l8kvBzvzjncC2mdLKNuTZjN80Zfp_h-iSAttoPGxqO8c7MPvp_YaKleG-o3lV4WOi2mpBpRq57T6czlYVLRvUf3BMvvc8VKmREI7OpYlL1sl9l3MkMmA-4Sy1i7XNw-N7WjUHZ6QekbX4.Rqri-sD6gBHHByPcXpEEGnBllzGDHoeVkvnYnJYOAnA&dib_tag=se&keywords=laptop&qid=1729745572&sprefix=laptop%2Caps%2C128&sr=8-288,"1,679.00",4.2,87,Not available
"Dell Inspiron 15.6"" FHD 1920x1080 Touch Screen Laptop, Intel Core i5-1135G7, 16GB RAM, 512GB PCIe SSD, Carbon Black, Windows 11 Home in S Mode",https://www.amazon.ca/Dell-Inspiron-1920x1080-i5-1135G7-Windows/dp/B0D6VFDY3K/ref=sr_1_287?crid=1E63C3THFEGDP&dib=eyJ2IjoiMSJ9.UD6ugI5eMGi-goeWpRbPkGs-M1H22VD6ry80d-nyuIV0j5L_ce_nlqf79GzEcuPKPtPzOJyn4jpooJeqI1huHh7W-rBDv8LcCLXssKPE57bwtAnp2de4Wm3I08l7BELZgK9shwL95KSXT133rm2LUHUYY4jph5l8kvBzvzjncC2mdLKNuTZjN80Zfp_h-iSAttoPGxqO8c7MPvp_YaKleG-o3lV4WOi2mpBpRq57T6czlYVLRvUf3BMvvc8VKmREI7OpYlL1sl9l3MkMmA-4Sy1i7XNw-N7WjUHZ6QekbX4.Rqri-sD6gBHHByPcXpEEGnBllzGDHoeVkvnYnJYOAnA&dib_tag=se&keywords=laptop&qid=1729745572&sprefix=laptop%2Caps%2C128&sr=8-287,679.99,FREE delivery Oct 29 - Nov 1 ,No reviews available,Not available
"HP Victus 15.6"" 144Hz FHD Gaming Laptop, AMD Ryzen 5 7535HS, 32GB DDR5 RAM, 1TB PCIe SSD, NVIDIA GeForce RTX 2050, Backlit Keyboard, Fast Charge, Mica Silver, Windows 11 Home, 32GB Hotface USB Card",https://www.amazon.ca/HP-Victus-15-6-GeForce-Keyboard/dp/B0CP3MZSS3/ref=sr_1_286?crid=1E63C3THFEGDP&dib=eyJ2IjoiMSJ9.UD6ugI5eMGi-goeWpRbPkGs-M1H22VD6ry80d-nyuIV0j5L_ce_nlqf79GzEcuPKPtPzOJyn4jpooJeqI1huHh7W-rBDv8LcCLXssKPE57bwtAnp2de4Wm3I08l7BELZgK9shwL95KSXT133rm2LUHUYY4jph5l8kvBzvzjncC2mdLKNuTZjN80Zfp_h-iSAttoPGxqO8c7MPvp_YaKleG-o3lV4WOi2mpBpRq57T6czlYVLRvUf3BMvvc8VKmREI7OpYlL1sl9l3MkMmA-4Sy1i7XNw-N7WjUHZ6QekbX4.Rqri-sD6gBHHByPcXpEEGnBllzGDHoeVkvnYnJYOAnA&dib_tag=se&keywords=laptop&qid=1729745572&sprefix=laptop%2Caps%2C128&sr=8-286,"1,199.00",4.6,158,Not available
"HP Victus 16.1"" FHD 144Hz Gaming Laptop, AMD Ryzen 7-8845HS, 32GB DDR5, 1TB SSD, NVIDIA GeForce RTX 4070, Backlit Keyboard, FHD Camera, Wi-Fi 6, Win 11 Home, Silver, 256GB Docking Station Set",https://www.amazon.ca/HP-Victus-7-8845HS-GeForce-Keyboard/dp/B0DBGYCBWG/ref=sr_1_284?crid=1E63C3THFEGDP&dib=eyJ2IjoiMSJ9.UD6ugI5eMGi-goeWpRbPkGs-M1H22VD6ry80d-nyuIV0j5L_ce_nlqf79GzEcuPKPtPzOJyn4jpooJeqI1huHh7W-rBDv8LcCLXssKPE57bwtAnp2de4Wm3I08l7BELZgK9shwL95KSXT133rm2LUHUYY4jph5l8kvBzvzjncC2mdLKNuTZjN80Zfp_h-iSAttoPGxqO8c7MPvp_YaKleG-o3lV4WOi2mpBpRq57T6czlYVLRvUf3BMvvc8VKmREI7OpYlL1sl9l3MkMmA-4Sy1i7XNw-N7WjUHZ6QekbX4.Rqri-sD6gBHHByPcXpEEGnBllzGDHoeVkvnYnJYOAnA&dib_tag=se&keywords=laptop&qid=1729745572&sprefix=laptop%2Caps%2C128&sr=8-284,"1,989.00",4.8,5,Not available
"Microsoft Surface Laptop 5: 13"" Touchscreen Laptop (Intel Core i5/8GB RAM/256GB SSD/Windows 11 Home) Platinum (Renewed)",https://www.amazon.ca/Microsoft-Surface-Laptop-Touchscreen-Platinum/dp/B0D4GNLYWC/ref=sr_1_283?crid=1E63C3THFEGDP&dib=eyJ2IjoiMSJ9.UD6ugI5eMGi-goeWpRbPkGs-M1H22VD6ry80d-nyuIV0j5L_ce_nlqf79GzEcuPKPtPzOJyn4jpooJeqI1huHh7W-rBDv8LcCLXssKPE57bwtAnp2de4Wm3I08l7BELZgK9shwL95KSXT133rm2LUHUYY4jph5l8kvBzvzjncC2mdLKNuTZjN80Zfp_h-iSAttoPGxqO8c7MPvp_YaKleG-o3lV4WOi2mpBpRq57T6czlYVLRvUf3BMvvc8VKmREI7OpYlL1sl9l3MkMmA-4Sy1i7XNw-N7WjUHZ6QekbX4.Rqri-sD6gBHHByPcXpEEGnBllzGDHoeVkvnYnJYOAnA&dib_tag=se&keywords=laptop&qid=1729745572&sprefix=laptop%2Caps%2C128&sr=8-283,749.00,FREE delivery Oct 29 - 31 ,New Price:,Not available
"Dell Inspiron 15 3000 Laptop, 15.6"" FHD LED Display, Intel Core i3 1115G4 Processor, 16GB DDR4 RAM, 1TB PCIe SSD, HDMI, Webcam, Windows 11 Pro, Black",https://www.amazon.ca/Dell-Inspiron-15-Display-Processor/dp/B07T6H4ZH4/ref=sr_1_282?crid=1E63C3THFEGDP&dib=eyJ2IjoiMSJ9.UD6ugI5eMGi-goeWpRbPkGs-M1H22VD6ry80d-nyuIV0j5L_ce_nlqf79GzEcuPKPtPzOJyn4jpooJeqI1huHh7W-rBDv8LcCLXssKPE57bwtAnp2de4Wm3I08l7BELZgK9shwL95KSXT133rm2LUHUYY4jph5l8kvBzvzjncC2mdLKNuTZjN80Zfp_h-iSAttoPGxqO8c7MPvp_YaKleG-o3lV4WOi2mpBpRq57T6czlYVLRvUf3BMvvc8VKmREI7OpYlL1sl9l3MkMmA-4Sy1i7XNw-N7WjUHZ6QekbX4.Rqri-sD6gBHHByPcXpEEGnBllzGDHoeVkvnYnJYOAnA&dib_tag=se&keywords=laptop&qid=1729745572&sprefix=laptop%2Caps%2C128&sr=8-282,879.00,"FREE delivery Sun, Oct 27 ",No reviews available,Not available
"HP Envy 15.6"" 2-in-1 Touch Screen FHD Laptop - AMD Ryzen 5 7530U, 8GB RAM, 256GB SSD, Win 11 - Nightfall Black (15-fh0013dx)",https://www.amazon.ca/HP-Envy-Touch-Screen-Laptop/dp/B0CZ4P53CB/ref=sr_1_281?crid=1E63C3THFEGDP&dib=eyJ2IjoiMSJ9.UD6ugI5eMGi-goeWpRbPkGs-M1H22VD6ry80d-nyuIV0j5L_ce_nlqf79GzEcuPKPtPzOJyn4jpooJeqI1huHh7W-rBDv8LcCLXssKPE57bwtAnp2de4Wm3I08l7BELZgK9shwL95KSXT133rm2LUHUYY4jph5l8kvBzvzjncC2mdLKNuTZjN80Zfp_h-iSAttoPGxqO8c7MPvp_YaKleG-o3lV4WOi2mpBpRq57T6czlYVLRvUf3BMvvc8VKmREI7OpYlL1sl9l3MkMmA-4Sy1i7XNw-N7WjUHZ6QekbX4.Rqri-sD6gBHHByPcXpEEGnBllzGDHoeVkvnYnJYOAnA&dib_tag=se&keywords=laptop&qid=1729745572&sprefix=laptop%2Caps%2C128&sr=8-281,729.99,"FREE delivery Sun, Oct 27 ",Only 9 left in stock.,Not available
"Dell Latitude 7410 FHD (1920x1080) 14"" Laptop - Intel Core i7-10610U Dual Core 4.9Ghz, 16GB RAM, 512GB SSD, Backlit Keyboard, Windows 10Pro (Renewed)",https://www.amazon.ca/Dell-Latitude-7410-1920x1080-Laptop/dp/B0CG5X9V65/ref=sr_1_280?crid=1E63C3THFEGDP&dib=eyJ2IjoiMSJ9.UD6ugI5eMGi-goeWpRbPkGs-M1H22VD6ry80d-nyuIV0j5L_ce_nlqf79GzEcuPKPtPzOJyn4jpooJeqI1huHh7W-rBDv8LcCLXssKPE57bwtAnp2de4Wm3I08l7BELZgK9shwL95KSXT133rm2LUHUYY4jph5l8kvBzvzjncC2mdLKNuTZjN80Zfp_h-iSAttoPGxqO8c7MPvp_YaKleG-o3lV4WOi2mpBpRq57T6czlYVLRvUf3BMvvc8VKmREI7OpYlL1sl9l3MkMmA-4Sy1i7XNw-N7WjUHZ6QekbX4.Rqri-sD6gBHHByPcXpEEGnBllzGDHoeVkvnYnJYOAnA&dib_tag=se&keywords=laptop&qid=1729745572&sprefix=laptop%2Caps%2C128&sr=8-280,Price not available,3.4,22,Not available
"ASUS VivoBook 15 OLED Laptop, 15.6"" FHD OLED Display, AMD Ryzen 7 7730U, Fingerprint Reader, 32GB RAM, 512GB SSD, AMD Radeon Graphics, Windows 11 Home, Indie Black",https://www.amazon.ca/VivoBook-Display-Fingerprint-Graphics-Windows/dp/B0DGSZQ8ZJ/ref=sr_1_279?crid=1E63C3THFEGDP&dib=eyJ2IjoiMSJ9.UD6ugI5eMGi-goeWpRbPkGs-M1H22VD6ry80d-nyuIV0j5L_ce_nlqf79GzEcuPKPtPzOJyn4jpooJeqI1huHh7W-rBDv8LcCLXssKPE57bwtAnp2de4Wm3I08l7BELZgK9shwL95KSXT133rm2LUHUYY4jph5l8kvBzvzjncC2mdLKNuTZjN80Zfp_h-iSAttoPGxqO8c7MPvp_YaKleG-o3lV4WOi2mpBpRq57T6czlYVLRvUf3BMvvc8VKmREI7OpYlL1sl9l3MkMmA-4Sy1i7XNw-N7WjUHZ6QekbX4.Rqri-sD6gBHHByPcXpEEGnBllzGDHoeVkvnYnJYOAnA&dib_tag=se&keywords=laptop&qid=1729745572&sprefix=laptop%2Caps%2C128&sr=8-279,949.99,FREE delivery Oct 29 - Nov 1 ,No reviews available,Not available
"ASUS Vivobook 16"" WUXGA Laptop, Intel i7-1355U, 40GB RAM, 2.28TB Storage(2TB SSD+288GB Docking Station Set), Intel Iris Xe Graphics, 720p HD Camera, Number Pad, Windows 11 Pro, Black",https://www.amazon.ca/ASUS-Vivobook-i7-1355U-Storage-Graphics/dp/B0DHVDZQWB/ref=sr_1_277?crid=1E63C3THFEGDP&dib=eyJ2IjoiMSJ9.UD6ugI5eMGi-goeWpRbPkGs-M1H22VD6ry80d-nyuIV0j5L_ce_nlqf79GzEcuPKPtPzOJyn4jpooJeqI1huHh7W-rBDv8LcCLXssKPE57bwtAnp2de4Wm3I08l7BELZgK9shwL95KSXT133rm2LUHUYY4jph5l8kvBzvzjncC2mdLKNuTZjN80Zfp_h-iSAttoPGxqO8c7MPvp_YaKleG-o3lV4WOi2mpBpRq57T6czlYVLRvUf3BMvvc8VKmREI7OpYlL1sl9l3MkMmA-4Sy1i7XNw-N7WjUHZ6QekbX4.Rqri-sD6gBHHByPcXpEEGnBllzGDHoeVkvnYnJYOAnA&dib_tag=se&keywords=laptop&qid=1729745572&sprefix=laptop%2Caps%2C128&sr=8-277,"1,269.00",5.0,1,Not available
"HP Stream 14"" HD BrightView Laptop, Intel Celeron N4020 Processor, 16GB RAM, 64GB SSD, Intel HD Graphics, HD Webcam, 1 Year Office 365, Pink, Win 11S, 32GB Hotface USB Card",https://www.amazon.ca/HP-Stream-BrightView-Processor-Graphics/dp/B0CQGGLX9J/ref=sr_1_275?crid=1E63C3THFEGDP&dib=eyJ2IjoiMSJ9.UD6ugI5eMGi-goeWpRbPkGs-M1H22VD6ry80d-nyuIV0j5L_ce_nlqf79GzEcuPKPtPzOJyn4jpooJeqI1huHh7W-rBDv8LcCLXssKPE57bwtAnp2de4Wm3I08l7BELZgK9shwL95KSXT133rm2LUHUYY4jph5l8kvBzvzjncC2mdLKNuTZjN80Zfp_h-iSAttoPGxqO8c7MPvp_YaKleG-o3lV4WOi2mpBpRq57T6czlYVLRvUf3BMvvc8VKmREI7OpYlL1sl9l3MkMmA-4Sy1i7XNw-N7WjUHZ6QekbX4.Rqri-sD6gBHHByPcXpEEGnBllzGDHoeVkvnYnJYOAnA&dib_tag=se&keywords=laptop&qid=1729745572&sprefix=laptop%2Caps%2C128&sr=8-275,409.00,4.1,288,Not available
"SGIN 15.6 Inch Laptop, Laptops Computer with 8GB DDR3 512GB SSD I3 Processor (up to 2.4 GHz), Mini HDMI, Wi-Fi 5, 7000mAh, Numeric Keypad, Type-C, USB3.0, Bluetooth4.2(Black)",https://www.amazon.ca/SGIN-Laptops-Computer-Processor-Bluetooth4-2/dp/B0DBR1DNRT/ref=sr_1_278?crid=1E63C3THFEGDP&dib=eyJ2IjoiMSJ9.UD6ugI5eMGi-goeWpRbPkGs-M1H22VD6ry80d-nyuIV0j5L_ce_nlqf79GzEcuPKPtPzOJyn4jpooJeqI1huHh7W-rBDv8LcCLXssKPE57bwtAnp2de4Wm3I08l7BELZgK9shwL95KSXT133rm2LUHUYY4jph5l8kvBzvzjncC2mdLKNuTZjN80Zfp_h-iSAttoPGxqO8c7MPvp_YaKleG-o3lV4WOi2mpBpRq57T6czlYVLRvUf3BMvvc8VKmREI7OpYlL1sl9l3MkMmA-4Sy1i7XNw-N7WjUHZ6QekbX4.Rqri-sD6gBHHByPcXpEEGnBllzGDHoeVkvnYnJYOAnA&dib_tag=se&keywords=laptop&qid=1729745572&sprefix=laptop%2Caps%2C128&sr=8-278,Price not available,4.7,16,Not available
"HP 15.6"" FHD Laptop, 11th Gen Intel Core i5-1135G7(Beats i7-1165g7), 16GB DDR4 RAM, 1TB PCIe SSD, Intel Iris Xe Graphics, HD Webcam, Stereo Speakers, Windows 11, Silver, 32GB Hotface USB Card",https://www.amazon.ca/HP-Laptop-i5-1135G7-i7-1165g7-Graphics/dp/B0CMC3W9FS/ref=sr_1_276?crid=1E63C3THFEGDP&dib=eyJ2IjoiMSJ9.UD6ugI5eMGi-goeWpRbPkGs-M1H22VD6ry80d-nyuIV0j5L_ce_nlqf79GzEcuPKPtPzOJyn4jpooJeqI1huHh7W-rBDv8LcCLXssKPE57bwtAnp2de4Wm3I08l7BELZgK9shwL95KSXT133rm2LUHUYY4jph5l8kvBzvzjncC2mdLKNuTZjN80Zfp_h-iSAttoPGxqO8c7MPvp_YaKleG-o3lV4WOi2mpBpRq57T6czlYVLRvUf3BMvvc8VKmREI7OpYlL1sl9l3MkMmA-4Sy1i7XNw-N7WjUHZ6QekbX4.Rqri-sD6gBHHByPcXpEEGnBllzGDHoeVkvnYnJYOAnA&dib_tag=se&keywords=laptop&qid=1729745572&sprefix=laptop%2Caps%2C128&sr=8-276,779.00,4.1,151,Not available
"HP Stream 14"" Laptop, Intel Quad-Core Processor, 8GB RAM, 128GB Storage, Windows 11 Home in S Mode, 1-Year Microsoft Office 365, Webcam, Long Battery Life, Pink",https://www.amazon.ca/HP-Quad-Core-Processor-Storage-Microsoft/dp/B0DK41N2B1/ref=sr_1_274?crid=1E63C3THFEGDP&dib=eyJ2IjoiMSJ9.UD6ugI5eMGi-goeWpRbPkGs-M1H22VD6ry80d-nyuIV0j5L_ce_nlqf79GzEcuPKPtPzOJyn4jpooJeqI1huHh7W-rBDv8LcCLXssKPE57bwtAnp2de4Wm3I08l7BELZgK9shwL95KSXT133rm2LUHUYY4jph5l8kvBzvzjncC2mdLKNuTZjN80Zfp_h-iSAttoPGxqO8c7MPvp_YaKleG-o3lV4WOi2mpBpRq57T6czlYVLRvUf3BMvvc8VKmREI7OpYlL1sl9l3MkMmA-4Sy1i7XNw-N7WjUHZ6QekbX4.Rqri-sD6gBHHByPcXpEEGnBllzGDHoeVkvnYnJYOAnA&dib_tag=se&keywords=laptop&qid=1729745572&sprefix=laptop%2Caps%2C128&sr=8-274,359.99,FREE delivery Oct 29 - Nov 1 ,No reviews available,Not available
No title available,https://www.amazon.ca/s?k=hp+laptop&ref=rsl_sug_0_0&pd_rd_w=CxBzf&content-id=amzn1.sym.44e6e7c3-130a-4bef-a9b7-4368915a8293:amzn1.sym.44e6e7c3-130a-4bef-a9b7-4368915a8293&pf_rd_p=44e6e7c3-130a-4bef-a9b7-4368915a8293&pf_rd_r=REB2P8WPZ7C57WQSNDJR&pd_rd_wg=O1DfR&pd_rd_r=c0416ec1-e353-4355-ad5e-7bdd1ba2745b&qid=1729745571,Price not available,Rating not available,hp laptop,Not available
"HP EliteBook Folio Folio 9480M 14in Laptop, Core i5-4310U 2.0GHz, 8GB Ram, 500GB HDD, Windows 10 Pro 64bit, Webcam (Renewed)",https://www.amazon.ca/HP-EliteBook-i5-4310U-Certified-Refurbished/dp/B07GCRL9V3/ref=sr_1_273?crid=1E63C3THFEGDP&dib=eyJ2IjoiMSJ9.UD6ugI5eMGi-goeWpRbPkGs-M1H22VD6ry80d-nyuIV0j5L_ce_nlqf79GzEcuPKPtPzOJyn4jpooJeqI1huHh7W-rBDv8LcCLXssKPE57bwtAnp2de4Wm3I08l7BELZgK9shwL95KSXT133rm2LUHUYY4jph5l8kvBzvzjncC2mdLKNuTZjN80Zfp_h-iSAttoPGxqO8c7MPvp_YaKleG-o3lV4WOi2mpBpRq57T6czlYVLRvUf3BMvvc8VKmREI7OpYlL1sl9l3MkMmA-4Sy1i7XNw-N7WjUHZ6QekbX4.Rqri-sD6gBHHByPcXpEEGnBllzGDHoeVkvnYnJYOAnA&dib_tag=se&keywords=laptop&qid=1729745572&sprefix=laptop%2Caps%2C128&sr=8-273,198.99,3.7,151,Not available
"Lenovo IdeaPad Slim 3 15.6"" FHD Laptop for Everyday Use, AMD Ryzen 7 7730U, 16GB DDR4, 2.28TB Storage(2TB SSD + 288GB Docking Station Set), AMD Radeon Graphics, Wi-Fi 6, HDMI, Windows 11 Pro, Gray",https://www.amazon.ca/Lenovo-IdeaPad-Slim-Everyday-Graphics/dp/B0D7PVXPBN/ref=sr_1_272?crid=1E63C3THFEGDP&dib=eyJ2IjoiMSJ9.UD6ugI5eMGi-goeWpRbPkGs-M1H22VD6ry80d-nyuIV0j5L_ce_nlqf79GzEcuPKPtPzOJyn4jpooJeqI1huHh7W-rBDv8LcCLXssKPE57bwtAnp2de4Wm3I08l7BELZgK9shwL95KSXT133rm2LUHUYY4jph5l8kvBzvzjncC2mdLKNuTZjN80Zfp_h-iSAttoPGxqO8c7MPvp_YaKleG-o3lV4WOi2mpBpRq57T6czlYVLRvUf3BMvvc8VKmREI7OpYlL1sl9l3MkMmA-4Sy1i7XNw-N7WjUHZ6QekbX4.Rqri-sD6gBHHByPcXpEEGnBllzGDHoeVkvnYnJYOAnA&dib_tag=se&keywords=laptop&qid=1729745572&sprefix=laptop%2Caps%2C128&sr=8-272,"1,049.00",4.6,94,Not available
"ASUS TUF F17 Gaming Laptop, 17.3” FHD 144Hz Laptop, Intel Core i5-12500H, GeForce RTX 3050, 32GB RAM, 1TB PCIe SSD, Wi-Fi 6, Windows 11 Home, Mecha Gray",https://www.amazon.ca/Gaming-Laptop-i5-12500H-GeForce-Windows/dp/B0DDYCSW99/ref=sr_1_192?crid=1E63C3THFEGDP&dib=eyJ2IjoiMSJ9.9m4ZlSJUAmVhJpm_WyfD--TwqWm7LotpJAJ3KxWdLEKB3_tIrVuV1spK7-ifCcjlze6AheE2LofSTe6ny_ctSuRJ0KD8G4aW4FSjGhByJHuAfkxlwAkMXD_rpMfkcGsv3wvz65H4hKZKcZRaIXJxkphZFA13cFuRAdA7GuicACOcKRJ0yKhx_dWVyFujw98mqRUXVeoiGFpiWj-GjMqUWoDZ0KBJ1bYlkOIjOEsZtfeV3lhJGte6yHe4A8XaoBk_Z_oW31CeN7hlHM45DIdze8LeR6U1BM4QXagPzTDExXE.eF6OQXN-24UGIaFI_iJSiXNw9adzsktY-hhWJSIT3Nc&dib_tag=se&keywords=laptop&qid=1729745571&sprefix=laptop%2Caps%2C128&sr=8-192,"1,279.99",5.0,1,Not available
"Svikou [Win 11/Office 2019] 15.6"" Large Screen Laptop Computer, 12th Gen Alder Lake N95(Up to 3.4Ghz) Quad-Core CPU, DDR4 16G RAM, 1TB NVMe SSD,Portable Notebook PC with Backlit KB(Silver 1TB)",https://www.amazon.ca/Svikou-Computer-Quad-Core-Portable-Notebook/dp/B0CZL2T667/ref=sr_1_191?crid=1E63C3THFEGDP&dib=eyJ2IjoiMSJ9.9m4ZlSJUAmVhJpm_WyfD--TwqWm7LotpJAJ3KxWdLEKB3_tIrVuV1spK7-ifCcjlze6AheE2LofSTe6ny_ctSuRJ0KD8G4aW4FSjGhByJHuAfkxlwAkMXD_rpMfkcGsv3wvz65H4hKZKcZRaIXJxkphZFA13cFuRAdA7GuicACOcKRJ0yKhx_dWVyFujw98mqRUXVeoiGFpiWj-GjMqUWoDZ0KBJ1bYlkOIjOEsZtfeV3lhJGte6yHe4A8XaoBk_Z_oW31CeN7hlHM45DIdze8LeR6U1BM4QXagPzTDExXE.eF6OQXN-24UGIaFI_iJSiXNw9adzsktY-hhWJSIT3Nc&dib_tag=se&keywords=laptop&qid=1729745571&sprefix=laptop%2Caps%2C128&sr=8-191,479.90,4.0,21,Not available
"HP ProBook 445 G9 14"" FHD (1920x1080) Business Laptop, AMD Ryzen5 5625 2.3GHz, 16GB RAM, 256GB SSD, Backlit Keyboard, Windows 10 Pro (Renewed)",https://www.amazon.ca/HP-445-G9-1920x1080-Business/dp/B0CCYD123P/ref=sr_1_190?crid=1E63C3THFEGDP&dib=eyJ2IjoiMSJ9.9m4ZlSJUAmVhJpm_WyfD--TwqWm7LotpJAJ3KxWdLEKB3_tIrVuV1spK7-ifCcjlze6AheE2LofSTe6ny_ctSuRJ0KD8G4aW4FSjGhByJHuAfkxlwAkMXD_rpMfkcGsv3wvz65H4hKZKcZRaIXJxkphZFA13cFuRAdA7GuicACOcKRJ0yKhx_dWVyFujw98mqRUXVeoiGFpiWj-GjMqUWoDZ0KBJ1bYlkOIjOEsZtfeV3lhJGte6yHe4A8XaoBk_Z_oW31CeN7hlHM45DIdze8LeR6U1BM4QXagPzTDExXE.eF6OQXN-24UGIaFI_iJSiXNw9adzsktY-hhWJSIT3Nc&dib_tag=se&keywords=laptop&qid=1729745571&sprefix=laptop%2Caps%2C128&sr=8-190,449.99,4.2,31,Not available
"HP Stream 14"" Brightview Laptop, Intel Quad-Core Processor, 8GB RAM, 128GB Storage, Windows 11 Home in S Mode, 1-Year Office 365, Webcam, Long Battery Life, Silver",https://www.amazon.ca/HP-Brightview-Quad-Core-Processor-Storage/dp/B0D8T95MH2/ref=sr_1_189?crid=1E63C3THFEGDP&dib=eyJ2IjoiMSJ9.9m4ZlSJUAmVhJpm_WyfD--TwqWm7LotpJAJ3KxWdLEKB3_tIrVuV1spK7-ifCcjlze6AheE2LofSTe6ny_ctSuRJ0KD8G4aW4FSjGhByJHuAfkxlwAkMXD_rpMfkcGsv3wvz65H4hKZKcZRaIXJxkphZFA13cFuRAdA7GuicACOcKRJ0yKhx_dWVyFujw98mqRUXVeoiGFpiWj-GjMqUWoDZ0KBJ1bYlkOIjOEsZtfeV3lhJGte6yHe4A8XaoBk_Z_oW31CeN7hlHM45DIdze8LeR6U1BM4QXagPzTDExXE.eF6OQXN-24UGIaFI_iJSiXNw9adzsktY-hhWJSIT3Nc&dib_tag=se&keywords=laptop&qid=1729745571&sprefix=laptop%2Caps%2C128&sr=8-189,355.00,4.0,2,Not available
"ASUS Vivobook Pro 15 OLED (2024), AI Ready, 15.6” 3K 120Hz OLED Laptop, Intel Core Ultra 7 155H, NVIDIA GeForce RTX™ 4060, 16GB Memory, 1TB SSD, Windows 11 Home, N6506MV-DS71-CA",https://www.amazon.ca/ASUS-Vivobook-GeForce-Windows-N6506MV-DS71-CA/dp/B0CTRX2XKR/ref=sr_1_187?crid=1E63C3THFEGDP&dib=eyJ2IjoiMSJ9.9m4ZlSJUAmVhJpm_WyfD--TwqWm7LotpJAJ3KxWdLEKB3_tIrVuV1spK7-ifCcjlze6AheE2LofSTe6ny_ctSuRJ0KD8G4aW4FSjGhByJHuAfkxlwAkMXD_rpMfkcGsv3wvz65H4hKZKcZRaIXJxkphZFA13cFuRAdA7GuicACOcKRJ0yKhx_dWVyFujw98mqRUXVeoiGFpiWj-GjMqUWoDZ0KBJ1bYlkOIjOEsZtfeV3lhJGte6yHe4A8XaoBk_Z_oW31CeN7hlHM45DIdze8LeR6U1BM4QXagPzTDExXE.eF6OQXN-24UGIaFI_iJSiXNw9adzsktY-hhWJSIT3Nc&dib_tag=se&keywords=laptop&qid=1729745571&sprefix=laptop%2Caps%2C128&sr=8-187,Price not available,4.8,10,Not available
"ASUS ROG Strix G16 (2024) Gaming Laptop, 16” 16:10 FHD+ 165Hz, GeForce RTX 4060, Intel Core i7-13650HX, 16GB DDR5, 1TB PCIe SSD, Wi-Fi 6E, Windows 11, G614JV-AS71-CA",https://www.amazon.ca/ASUS-Strix-Gaming-Laptop-G614JV-AS71-CA/dp/B0CS4B9QZ1/ref=sr_1_188?crid=1E63C3THFEGDP&dib=eyJ2IjoiMSJ9.9m4ZlSJUAmVhJpm_WyfD--TwqWm7LotpJAJ3KxWdLEKB3_tIrVuV1spK7-ifCcjlze6AheE2LofSTe6ny_ctSuRJ0KD8G4aW4FSjGhByJHuAfkxlwAkMXD_rpMfkcGsv3wvz65H4hKZKcZRaIXJxkphZFA13cFuRAdA7GuicACOcKRJ0yKhx_dWVyFujw98mqRUXVeoiGFpiWj-GjMqUWoDZ0KBJ1bYlkOIjOEsZtfeV3lhJGte6yHe4A8XaoBk_Z_oW31CeN7hlHM45DIdze8LeR6U1BM4QXagPzTDExXE.eF6OQXN-24UGIaFI_iJSiXNw9adzsktY-hhWJSIT3Nc&dib_tag=se&keywords=laptop&qid=1729745571&sprefix=laptop%2Caps%2C128&sr=8-188,"1,799.00",5.0,6,Not available
"Lenovo 100e Chromebook 2nd Gen 81MA0000US 11.6"" Chromebook - 1366 x 768 - Celeron N4000-4 GB RAM - 32 GB Flash Memory - Gray - Chrome OS - Intel UHD Graphics 600 - Twisted nematic (TN) - Englis (Renewed)",https://www.amazon.ca/Lenovo-100e-Chromebook-81MA0000US-11-6/dp/B07WTQ68MG/ref=sr_1_186?crid=1E63C3THFEGDP&dib=eyJ2IjoiMSJ9.9m4ZlSJUAmVhJpm_WyfD--TwqWm7LotpJAJ3KxWdLEKB3_tIrVuV1spK7-ifCcjlze6AheE2LofSTe6ny_ctSuRJ0KD8G4aW4FSjGhByJHuAfkxlwAkMXD_rpMfkcGsv3wvz65H4hKZKcZRaIXJxkphZFA13cFuRAdA7GuicACOcKRJ0yKhx_dWVyFujw98mqRUXVeoiGFpiWj-GjMqUWoDZ0KBJ1bYlkOIjOEsZtfeV3lhJGte6yHe4A8XaoBk_Z_oW31CeN7hlHM45DIdze8LeR6U1BM4QXagPzTDExXE.eF6OQXN-24UGIaFI_iJSiXNw9adzsktY-hhWJSIT3Nc&dib_tag=se&keywords=laptop&qid=1729745571&sprefix=laptop%2Caps%2C128&sr=8-186,144.19,4.2,31,Not available
"Lenovo ThinkPad T460 Business Laptop,Intel Core i5-6300U,up to 3.0GHz,16GB RAM,1TB SSD,WiFi,Bluetooth,HDMI,Mini DisplayPort,RJ-45,14"" HD,Windows 10 64 Bit (Renewed)…",https://www.amazon.ca/Lenovo-ThinkPad-T460-Bluetooth-DisplayPort/dp/B0CJ925P6R/ref=sr_1_184?crid=1E63C3THFEGDP&dib=eyJ2IjoiMSJ9.9m4ZlSJUAmVhJpm_WyfD--TwqWm7LotpJAJ3KxWdLEKB3_tIrVuV1spK7-ifCcjlze6AheE2LofSTe6ny_ctSuRJ0KD8G4aW4FSjGhByJHuAfkxlwAkMXD_rpMfkcGsv3wvz65H4hKZKcZRaIXJxkphZFA13cFuRAdA7GuicACOcKRJ0yKhx_dWVyFujw98mqRUXVeoiGFpiWj-GjMqUWoDZ0KBJ1bYlkOIjOEsZtfeV3lhJGte6yHe4A8XaoBk_Z_oW31CeN7hlHM45DIdze8LeR6U1BM4QXagPzTDExXE.eF6OQXN-24UGIaFI_iJSiXNw9adzsktY-hhWJSIT3Nc&dib_tag=se&keywords=laptop&qid=1729745571&sprefix=laptop%2Caps%2C128&sr=8-184,284.00,3.5,2,Not available
"HP Chromebook, AMD 3015Ce Processor, AMD Radeon Graphics, 4 GB RAM, 64 GB eMMC Storage, Chrome, (14a-nd0010ca, 2021 Model)",https://www.amazon.ca/HP-Chromebook-Processor-Graphics-14a-nd0010ca/dp/B094S8VQBM/ref=sr_1_183?crid=1E63C3THFEGDP&dib=eyJ2IjoiMSJ9.9m4ZlSJUAmVhJpm_WyfD--TwqWm7LotpJAJ3KxWdLEKB3_tIrVuV1spK7-ifCcjlze6AheE2LofSTe6ny_ctSuRJ0KD8G4aW4FSjGhByJHuAfkxlwAkMXD_rpMfkcGsv3wvz65H4hKZKcZRaIXJxkphZFA13cFuRAdA7GuicACOcKRJ0yKhx_dWVyFujw98mqRUXVeoiGFpiWj-GjMqUWoDZ0KBJ1bYlkOIjOEsZtfeV3lhJGte6yHe4A8XaoBk_Z_oW31CeN7hlHM45DIdze8LeR6U1BM4QXagPzTDExXE.eF6OQXN-24UGIaFI_iJSiXNw9adzsktY-hhWJSIT3Nc&dib_tag=se&keywords=laptop&qid=1729745571&sprefix=laptop%2Caps%2C128&sr=8-183,339.95,4.2,282,Not available
"Surface Laptop (13.8"") - Microsoft Surface Laptop - Copilot+ PC - 13.8"" Touchscreen - Snapdragon X Elite - 16GB - 512GB SSD - (Latest Model, 7th Edition) - Dune",https://www.amazon.ca/Surface-Laptop-13-8-touchscreen-Snapdragon/dp/B0CXKZ9NDW/ref=sr_1_182?crid=1E63C3THFEGDP&dib=eyJ2IjoiMSJ9.9m4ZlSJUAmVhJpm_WyfD--TwqWm7LotpJAJ3KxWdLEKB3_tIrVuV1spK7-ifCcjlze6AheE2LofSTe6ny_ctSuRJ0KD8G4aW4FSjGhByJHuAfkxlwAkMXD_rpMfkcGsv3wvz65H4hKZKcZRaIXJxkphZFA13cFuRAdA7GuicACOcKRJ0yKhx_dWVyFujw98mqRUXVeoiGFpiWj-GjMqUWoDZ0KBJ1bYlkOIjOEsZtfeV3lhJGte6yHe4A8XaoBk_Z_oW31CeN7hlHM45DIdze8LeR6U1BM4QXagPzTDExXE.eF6OQXN-24UGIaFI_iJSiXNw9adzsktY-hhWJSIT3Nc&dib_tag=se&keywords=laptop&qid=1729745571&sprefix=laptop%2Caps%2C128&sr=8-182,"1,999.99",4.3,82,Not available
"[Win 11&Office 2019] 14"" Rose Gold FHD IPS Display Ultra-Thin Laptop, Celeron N4120 (1.1-2.6GHz), 8GB DDR4 RAM, 256GB SSD, 180° Opening, 2 USB3.0, WiFi/BT, Perfect for Travel, Study and Work (P256GB)",https://www.amazon.ca/Display-Ultra-Thin-Celeron-1-1-2-6GHz-Opening/dp/B0CSWJLHF3/ref=sr_1_185?crid=1E63C3THFEGDP&dib=eyJ2IjoiMSJ9.9m4ZlSJUAmVhJpm_WyfD--TwqWm7LotpJAJ3KxWdLEKB3_tIrVuV1spK7-ifCcjlze6AheE2LofSTe6ny_ctSuRJ0KD8G4aW4FSjGhByJHuAfkxlwAkMXD_rpMfkcGsv3wvz65H4hKZKcZRaIXJxkphZFA13cFuRAdA7GuicACOcKRJ0yKhx_dWVyFujw98mqRUXVeoiGFpiWj-GjMqUWoDZ0KBJ1bYlkOIjOEsZtfeV3lhJGte6yHe4A8XaoBk_Z_oW31CeN7hlHM45DIdze8LeR6U1BM4QXagPzTDExXE.eF6OQXN-24UGIaFI_iJSiXNw9adzsktY-hhWJSIT3Nc&dib_tag=se&keywords=laptop&qid=1729745571&sprefix=laptop%2Caps%2C128&sr=8-185,349.00,3.3,13,Not available
"llano RGB Laptop Cooling Pad with Powerful Turbofan, Gaming Laptop Cooler Radiator with Infinitely Variable Speed, Touch Control, LCD Screen, 3-Port USB Hub, Seal Foam for Rapid Cooling Laptop 15-19in",https://www.amazon.ca/Powerful-Continuously-Variable-Radiator-Controls/dp/B0C69BVWGB/ref=sr_1_181?crid=1E63C3THFEGDP&dib=eyJ2IjoiMSJ9.9m4ZlSJUAmVhJpm_WyfD--TwqWm7LotpJAJ3KxWdLEKB3_tIrVuV1spK7-ifCcjlze6AheE2LofSTe6ny_ctSuRJ0KD8G4aW4FSjGhByJHuAfkxlwAkMXD_rpMfkcGsv3wvz65H4hKZKcZRaIXJxkphZFA13cFuRAdA7GuicACOcKRJ0yKhx_dWVyFujw98mqRUXVeoiGFpiWj-GjMqUWoDZ0KBJ1bYlkOIjOEsZtfeV3lhJGte6yHe4A8XaoBk_Z_oW31CeN7hlHM45DIdze8LeR6U1BM4QXagPzTDExXE.eF6OQXN-24UGIaFI_iJSiXNw9adzsktY-hhWJSIT3Nc&dib_tag=se&keywords=laptop&qid=1729745571&sprefix=laptop%2Caps%2C128&sr=8-181,149.99,4.5,740,Not available
"Asus L210MA-DB01, 11.6” HD Intel N4020 4 64GB Black, with on",https://www.amazon.ca/Processor-NumberPad-Microsoft-Personal-L210MA-DB01/dp/B081V6W99V/ref=sr_1_178?crid=1E63C3THFEGDP&dib=eyJ2IjoiMSJ9.9m4ZlSJUAmVhJpm_WyfD--TwqWm7LotpJAJ3KxWdLEKB3_tIrVuV1spK7-ifCcjlze6AheE2LofSTe6ny_ctSuRJ0KD8G4aW4FSjGhByJHuAfkxlwAkMXD_rpMfkcGsv3wvz65H4hKZKcZRaIXJxkphZFA13cFuRAdA7GuicACOcKRJ0yKhx_dWVyFujw98mqRUXVeoiGFpiWj-GjMqUWoDZ0KBJ1bYlkOIjOEsZtfeV3lhJGte6yHe4A8XaoBk_Z_oW31CeN7hlHM45DIdze8LeR6U1BM4QXagPzTDExXE.eF6OQXN-24UGIaFI_iJSiXNw9adzsktY-hhWJSIT3Nc&dib_tag=se&keywords=laptop&qid=1729745571&sprefix=laptop%2Caps%2C128&sr=8-178,Price not available,4.0,"8,244",Not available
"Dell Latitude 5300 Laptop,13.3'' Intel Core i5-8365U Notebook, 16GB DDR4 RAM, 512GB SSD, 1.6GHz, Webcam, WiFi, Type-C, RJ-45, Windows 10 Pro (Renewed)",https://www.amazon.ca/Dell-Latitude-i5-8365U-Notebook-Windows/dp/B0C1SHW84C/ref=sr_1_180?crid=1E63C3THFEGDP&dib=eyJ2IjoiMSJ9.9m4ZlSJUAmVhJpm_WyfD--TwqWm7LotpJAJ3KxWdLEKB3_tIrVuV1spK7-ifCcjlze6AheE2LofSTe6ny_ctSuRJ0KD8G4aW4FSjGhByJHuAfkxlwAkMXD_rpMfkcGsv3wvz65H4hKZKcZRaIXJxkphZFA13cFuRAdA7GuicACOcKRJ0yKhx_dWVyFujw98mqRUXVeoiGFpiWj-GjMqUWoDZ0KBJ1bYlkOIjOEsZtfeV3lhJGte6yHe4A8XaoBk_Z_oW31CeN7hlHM45DIdze8LeR6U1BM4QXagPzTDExXE.eF6OQXN-24UGIaFI_iJSiXNw9adzsktY-hhWJSIT3Nc&dib_tag=se&keywords=laptop&qid=1729745571&sprefix=laptop%2Caps%2C128&sr=8-180,318.70,3.3,23,Not available
"ASUS ExpertBook B1 Business Laptop, B1502CVA-P71-CB 15.6” FHD display, Intel® Core™ i7-1355U, 16GB RAM, 512GB SSD, WiFi 6E, Fingerprint sensor, IR Camera, Windows 11 Pro, Star Black, Bilingual KB",https://www.amazon.ca/ASUS-ExpertBook-B1502CVA-P71-CB-Fingerprint-Bilingual/dp/B0CGKMQPV6/ref=sr_1_179?crid=1E63C3THFEGDP&dib=eyJ2IjoiMSJ9.9m4ZlSJUAmVhJpm_WyfD--TwqWm7LotpJAJ3KxWdLEKB3_tIrVuV1spK7-ifCcjlze6AheE2LofSTe6ny_ctSuRJ0KD8G4aW4FSjGhByJHuAfkxlwAkMXD_rpMfkcGsv3wvz65H4hKZKcZRaIXJxkphZFA13cFuRAdA7GuicACOcKRJ0yKhx_dWVyFujw98mqRUXVeoiGFpiWj-GjMqUWoDZ0KBJ1bYlkOIjOEsZtfeV3lhJGte6yHe4A8XaoBk_Z_oW31CeN7hlHM45DIdze8LeR6U1BM4QXagPzTDExXE.eF6OQXN-24UGIaFI_iJSiXNw9adzsktY-hhWJSIT3Nc&dib_tag=se&keywords=laptop&qid=1729745571&sprefix=laptop%2Caps%2C128&sr=8-179,"1,006.99",4.5,4,Not available
No title available,https://www.amazon.ca/s/?k=hp+laptop&ref=sugsr_0&pd_rd_w=BKMY4&content-id=amzn1.sym.ea3d2509-1669-4b70-ad4b-c83615b40ccf:amzn1.sym.ea3d2509-1669-4b70-ad4b-c83615b40ccf&pf_rd_p=ea3d2509-1669-4b70-ad4b-c83615b40ccf&pf_rd_r=J2NZ7KKH49YMQGFNGE4B&pd_rd_wg=rEUTc&pd_rd_r=3dd7cc71-6e0f-4ce9-9872-7a97e6d966d8&qid=1729745572,Price not available,Rating not available,hp laptop,Not available
"Dell Inspiron 15.6"" FHD Business Laptop, Intel Core i3-1215U, 32GB DDR4 RAM, 2TB PCIe SSD, Intel UHD Graphics, Numeric Keypad, Webcam, Wi-Fi 6, Bluetooth, Black, Win 11 Pro",https://www.amazon.ca/Dell-Inspiron-15-6-Business-Bluetooth/dp/B07SZ2TM2J/ref=sr_1_144?crid=1E63C3THFEGDP&dib=eyJ2IjoiMSJ9.etQhvvTfXPUbALAy-xmaolhPzlrVxfuVwAiHV0j9z3wGh05wPTdhnvaUVdEXhXV1o-HUmg1afYMhdMEm0jsG70jLyDHHMK7DaVP8O_60HYLC_etTx1_aE60Pwrbn8K06aSdIHlOkU7k5ayeV9w0XY9HUho0og39TuhCk-jhRgzG3k7HmT0p_KGxSyKiPMxm5XsmCA-3DJGGSwm2D_KH-m3Y1yalaPQ30iilj0oKoZohsdX_kjXLRoTJpxaSzJCrMHKC1qBJf0XJEBb9Rry8GkfkoZNu-HzPZBYODN-Lcsgg.wittfvyaNOP9u05lvnNd_FPSrWUM8gFgDSTPZK97v6o&dib_tag=se&keywords=laptop&qid=1729745572&sprefix=laptop%2Caps%2C128&sr=8-144,829.00,5.0,1,Not available
"ASUS Zenbook 14 OLED 14” WUXGA Touchscreen Laptop, AMD Ryzen 7 8840HS, 16GB Memory, 1 TB SSD, Jade Black, UM3406HA-AS71-CA",https://www.amazon.ca/Zenbook-Touchscreen-Laptop-8840HS-UM3406HA-AS71-CA/dp/B0CY9W2GWG/ref=sr_1_143?crid=1E63C3THFEGDP&dib=eyJ2IjoiMSJ9.etQhvvTfXPUbALAy-xmaolhPzlrVxfuVwAiHV0j9z3wGh05wPTdhnvaUVdEXhXV1o-HUmg1afYMhdMEm0jsG70jLyDHHMK7DaVP8O_60HYLC_etTx1_aE60Pwrbn8K06aSdIHlOkU7k5ayeV9w0XY9HUho0og39TuhCk-jhRgzG3k7HmT0p_KGxSyKiPMxm5XsmCA-3DJGGSwm2D_KH-m3Y1yalaPQ30iilj0oKoZohsdX_kjXLRoTJpxaSzJCrMHKC1qBJf0XJEBb9Rry8GkfkoZNu-HzPZBYODN-Lcsgg.wittfvyaNOP9u05lvnNd_FPSrWUM8gFgDSTPZK97v6o&dib_tag=se&keywords=laptop&qid=1729745572&sprefix=laptop%2Caps%2C128&sr=8-143,"1,399.00",3.7,9,Not available
"HP 15.6"" FHD Touchscreen Laptop, Intel i7-1255U, 64GB RAM, 2TB PCIe SSD, Backlit Keyboard, Intel Iris Xe Graphics, HD Camera, HP Fast Charge, Win 11 Pro, Silver, 32GB Hotface USB Card",https://www.amazon.ca/HP-Touchscreen-i7-1255U-Keyboard-Graphics/dp/B0CYZC2FZD/ref=sr_1_142?crid=1E63C3THFEGDP&dib=eyJ2IjoiMSJ9.etQhvvTfXPUbALAy-xmaolhPzlrVxfuVwAiHV0j9z3wGh05wPTdhnvaUVdEXhXV1o-HUmg1afYMhdMEm0jsG70jLyDHHMK7DaVP8O_60HYLC_etTx1_aE60Pwrbn8K06aSdIHlOkU7k5ayeV9w0XY9HUho0og39TuhCk-jhRgzG3k7HmT0p_KGxSyKiPMxm5XsmCA-3DJGGSwm2D_KH-m3Y1yalaPQ30iilj0oKoZohsdX_kjXLRoTJpxaSzJCrMHKC1qBJf0XJEBb9Rry8GkfkoZNu-HzPZBYODN-Lcsgg.wittfvyaNOP9u05lvnNd_FPSrWUM8gFgDSTPZK97v6o&dib_tag=se&keywords=laptop&qid=1729745572&sprefix=laptop%2Caps%2C128&sr=8-142,"1,399.00",4.2,177,Not available
Dell Latitude E7470 Laptop 14 - Intel Core i7 6th Gen - i7-6600U - 3.4Ghz - 256GB SSD - 8GB RAM - 1920x1080 FHD - Windows 10 Pro (Renewed),https://www.amazon.ca/Latitude-E7470-Ultrabook-Bluetooth-Refurbished/dp/B07GH93TB5/ref=sr_1_140?crid=1E63C3THFEGDP&dib=eyJ2IjoiMSJ9.etQhvvTfXPUbALAy-xmaolhPzlrVxfuVwAiHV0j9z3wGh05wPTdhnvaUVdEXhXV1o-HUmg1afYMhdMEm0jsG70jLyDHHMK7DaVP8O_60HYLC_etTx1_aE60Pwrbn8K06aSdIHlOkU7k5ayeV9w0XY9HUho0og39TuhCk-jhRgzG3k7HmT0p_KGxSyKiPMxm5XsmCA-3DJGGSwm2D_KH-m3Y1yalaPQ30iilj0oKoZohsdX_kjXLRoTJpxaSzJCrMHKC1qBJf0XJEBb9Rry8GkfkoZNu-HzPZBYODN-Lcsgg.wittfvyaNOP9u05lvnNd_FPSrWUM8gFgDSTPZK97v6o&dib_tag=se&keywords=laptop&qid=1729745572&sprefix=laptop%2Caps%2C128&sr=8-140,299.99,3.3,11,Not available
"Lenovo IdeaPad 1i 15.6"" FHD Business Laptop, Intel i5-1235U, 16GB RAM, 800GB Storage(512GB SSD+288GB Docking Station Set), Intel Iris Xe Graphics, Number Pad, HD Camera, WiFi 6, Win 11 Pro, Gray",https://www.amazon.ca/Lenovo-IdeaPad-1i-Business-i5-1235U/dp/B0D9LS4RX3/ref=sr_1_141?crid=1E63C3THFEGDP&dib=eyJ2IjoiMSJ9.etQhvvTfXPUbALAy-xmaolhPzlrVxfuVwAiHV0j9z3wGh05wPTdhnvaUVdEXhXV1o-HUmg1afYMhdMEm0jsG70jLyDHHMK7DaVP8O_60HYLC_etTx1_aE60Pwrbn8K06aSdIHlOkU7k5ayeV9w0XY9HUho0og39TuhCk-jhRgzG3k7HmT0p_KGxSyKiPMxm5XsmCA-3DJGGSwm2D_KH-m3Y1yalaPQ30iilj0oKoZohsdX_kjXLRoTJpxaSzJCrMHKC1qBJf0XJEBb9Rry8GkfkoZNu-HzPZBYODN-Lcsgg.wittfvyaNOP9u05lvnNd_FPSrWUM8gFgDSTPZK97v6o&dib_tag=se&keywords=laptop&qid=1729745572&sprefix=laptop%2Caps%2C128&sr=8-141,769.00,4.6,13,Not available
"HP EliteBook 840 G5 14"" Laptop, Intel Core i5, 16GB, 256GB SSD, Windows 11 Pro. (Renewed)",https://www.amazon.ca/HP-EliteBook-Laptop-Windows-Renewed/dp/B0BN4LGR88/ref=sr_1_139?crid=1E63C3THFEGDP&dib=eyJ2IjoiMSJ9.etQhvvTfXPUbALAy-xmaolhPzlrVxfuVwAiHV0j9z3wGh05wPTdhnvaUVdEXhXV1o-HUmg1afYMhdMEm0jsG70jLyDHHMK7DaVP8O_60HYLC_etTx1_aE60Pwrbn8K06aSdIHlOkU7k5ayeV9w0XY9HUho0og39TuhCk-jhRgzG3k7HmT0p_KGxSyKiPMxm5XsmCA-3DJGGSwm2D_KH-m3Y1yalaPQ30iilj0oKoZohsdX_kjXLRoTJpxaSzJCrMHKC1qBJf0XJEBb9Rry8GkfkoZNu-HzPZBYODN-Lcsgg.wittfvyaNOP9u05lvnNd_FPSrWUM8gFgDSTPZK97v6o&dib_tag=se&keywords=laptop&qid=1729745572&sprefix=laptop%2Caps%2C128&sr=8-139,305.00,4.3,37,Not available
"HP EliteBook 840 G1 14in HD Business Laptop Computer Ultrabook, Intel Core i5-4200U 1.9 GHz Processor, 8GB RAM, 256GB SSD, USB 3.0, VGA, WiFi, RJ45, Windows 10 Pro (Renewed) (256gb SSD)",https://www.amazon.ca/HP-EliteBook-840-G1-Refurbished/dp/B07BB2NPC8/ref=sr_1_138?crid=1E63C3THFEGDP&dib=eyJ2IjoiMSJ9.etQhvvTfXPUbALAy-xmaolhPzlrVxfuVwAiHV0j9z3wGh05wPTdhnvaUVdEXhXV1o-HUmg1afYMhdMEm0jsG70jLyDHHMK7DaVP8O_60HYLC_etTx1_aE60Pwrbn8K06aSdIHlOkU7k5ayeV9w0XY9HUho0og39TuhCk-jhRgzG3k7HmT0p_KGxSyKiPMxm5XsmCA-3DJGGSwm2D_KH-m3Y1yalaPQ30iilj0oKoZohsdX_kjXLRoTJpxaSzJCrMHKC1qBJf0XJEBb9Rry8GkfkoZNu-HzPZBYODN-Lcsgg.wittfvyaNOP9u05lvnNd_FPSrWUM8gFgDSTPZK97v6o&dib_tag=se&keywords=laptop&qid=1729745572&sprefix=laptop%2Caps%2C128&sr=8-138,248.99,4.0,29,Not available
"ASUS TUF Gaming A15 Gaming Laptop, 15.6” 144Hz FHD Display, AMD Ryzen™ 5 7535HS Processor, GeForce RTX 3050, 8GB DDR5 RAM, 512GB PCIe SSD Gen 4, Wi-Fi 6, Windows 11, FA506NC-DS51-CA",https://www.amazon.ca/ASUS-Display-RyzenTM-Processor-FA506NC-DS51-CA/dp/B0CW3MSLQ5/ref=sr_1_137?crid=1E63C3THFEGDP&dib=eyJ2IjoiMSJ9.etQhvvTfXPUbALAy-xmaolhPzlrVxfuVwAiHV0j9z3wGh05wPTdhnvaUVdEXhXV1o-HUmg1afYMhdMEm0jsG70jLyDHHMK7DaVP8O_60HYLC_etTx1_aE60Pwrbn8K06aSdIHlOkU7k5ayeV9w0XY9HUho0og39TuhCk-jhRgzG3k7HmT0p_KGxSyKiPMxm5XsmCA-3DJGGSwm2D_KH-m3Y1yalaPQ30iilj0oKoZohsdX_kjXLRoTJpxaSzJCrMHKC1qBJf0XJEBb9Rry8GkfkoZNu-HzPZBYODN-Lcsgg.wittfvyaNOP9u05lvnNd_FPSrWUM8gFgDSTPZK97v6o&dib_tag=se&keywords=laptop&qid=1729745572&sprefix=laptop%2Caps%2C128&sr=8-137,848.98,4.3,5,Not available
"HP Laptop, 15.6"" HD Display, Intel N200 Processor, 16GB RAM, 128GB UFS, Windows 11 Home, Office 365 (1-Year), Bluetooth, Wi-Fi 6, Full-Size Keyboard with Numeric Keypad, Black",https://www.amazon.ca/HP-Processor-Bluetooth-Full-Size-Keyboard/dp/B0DBVCQG7N/ref=sr_1_135?crid=1E63C3THFEGDP&dib=eyJ2IjoiMSJ9.etQhvvTfXPUbALAy-xmaolhPzlrVxfuVwAiHV0j9z3wGh05wPTdhnvaUVdEXhXV1o-HUmg1afYMhdMEm0jsG70jLyDHHMK7DaVP8O_60HYLC_etTx1_aE60Pwrbn8K06aSdIHlOkU7k5ayeV9w0XY9HUho0og39TuhCk-jhRgzG3k7HmT0p_KGxSyKiPMxm5XsmCA-3DJGGSwm2D_KH-m3Y1yalaPQ30iilj0oKoZohsdX_kjXLRoTJpxaSzJCrMHKC1qBJf0XJEBb9Rry8GkfkoZNu-HzPZBYODN-Lcsgg.wittfvyaNOP9u05lvnNd_FPSrWUM8gFgDSTPZK97v6o&dib_tag=se&keywords=laptop&qid=1729745572&sprefix=laptop%2Caps%2C128&sr=8-135,399.99,FREE delivery Oct 29 - 31 ,No reviews available,Not available
"Lenovo Thinkpad X390 Business Laptop, Intel Core i7-8665U 1.9GHz, 4.8GHz Max Turbo Frequency, 16GB DDR4 RAM, 512GB SSD, Fingeprint, Backlit Keyboard, 13.3"" FHD, Windows 10 Pro (Renewed)",https://www.amazon.ca/Lenovo-Thinkpad-X390-Frequency-Fingeprint/dp/B0CJ54DV3P/ref=sr_1_136?crid=1E63C3THFEGDP&dib=eyJ2IjoiMSJ9.etQhvvTfXPUbALAy-xmaolhPzlrVxfuVwAiHV0j9z3wGh05wPTdhnvaUVdEXhXV1o-HUmg1afYMhdMEm0jsG70jLyDHHMK7DaVP8O_60HYLC_etTx1_aE60Pwrbn8K06aSdIHlOkU7k5ayeV9w0XY9HUho0og39TuhCk-jhRgzG3k7HmT0p_KGxSyKiPMxm5XsmCA-3DJGGSwm2D_KH-m3Y1yalaPQ30iilj0oKoZohsdX_kjXLRoTJpxaSzJCrMHKC1qBJf0XJEBb9Rry8GkfkoZNu-HzPZBYODN-Lcsgg.wittfvyaNOP9u05lvnNd_FPSrWUM8gFgDSTPZK97v6o&dib_tag=se&keywords=laptop&qid=1729745572&sprefix=laptop%2Caps%2C128&sr=8-136,395.99,3.8,7,Not available
"HP 15.6"" FHD Laptop Computer, Intel i5-1135G7, 16GB DDR4 RAM, 512GB PCIe SSD, Intel Iris Xe Graphics, HD Webcam, Stereo Speakers, Windows 11, Silver, 32GB USB Card",https://www.amazon.ca/HP-Laptop-Computer-i5-1135G7-Graphics/dp/B0CPJCFQGC/ref=sr_1_134?crid=1E63C3THFEGDP&dib=eyJ2IjoiMSJ9.etQhvvTfXPUbALAy-xmaolhPzlrVxfuVwAiHV0j9z3wGh05wPTdhnvaUVdEXhXV1o-HUmg1afYMhdMEm0jsG70jLyDHHMK7DaVP8O_60HYLC_etTx1_aE60Pwrbn8K06aSdIHlOkU7k5ayeV9w0XY9HUho0og39TuhCk-jhRgzG3k7HmT0p_KGxSyKiPMxm5XsmCA-3DJGGSwm2D_KH-m3Y1yalaPQ30iilj0oKoZohsdX_kjXLRoTJpxaSzJCrMHKC1qBJf0XJEBb9Rry8GkfkoZNu-HzPZBYODN-Lcsgg.wittfvyaNOP9u05lvnNd_FPSrWUM8gFgDSTPZK97v6o&dib_tag=se&keywords=laptop&qid=1729745572&sprefix=laptop%2Caps%2C128&sr=8-134,699.00,4.3,740,Not available
No title available,https://www.amazon.ca/s?k=hp+laptop&ref=rsl_sug_0_0&pd_rd_w=bDYyR&content-id=amzn1.sym.44e6e7c3-130a-4bef-a9b7-4368915a8293:amzn1.sym.44e6e7c3-130a-4bef-a9b7-4368915a8293&pf_rd_p=44e6e7c3-130a-4bef-a9b7-4368915a8293&pf_rd_r=HTK64A1PM9DG51ZMFGQC&pd_rd_wg=0RcXc&pd_rd_r=8f4ff024-6629-455c-b071-b80dbdacdeb3&qid=1729745572,Price not available,Rating not available,hp laptop,Not available
Dell Latitude 5320 Laptop 13.3 - Intel Core i7 11th Gen - i7-1185G7 - Quad Core 4.4Ghz - 512GB SSD - 16GB RAM - 1920x1080 FHD - Windows 10 Pro (Renewed),https://www.amazon.ca/Dell-Latitude-5320-Laptop-13-3/dp/B093WZ2X92/ref=sr_1_133?crid=1E63C3THFEGDP&dib=eyJ2IjoiMSJ9.etQhvvTfXPUbALAy-xmaolhPzlrVxfuVwAiHV0j9z3wGh05wPTdhnvaUVdEXhXV1o-HUmg1afYMhdMEm0jsG70jLyDHHMK7DaVP8O_60HYLC_etTx1_aE60Pwrbn8K06aSdIHlOkU7k5ayeV9w0XY9HUho0og39TuhCk-jhRgzG3k7HmT0p_KGxSyKiPMxm5XsmCA-3DJGGSwm2D_KH-m3Y1yalaPQ30iilj0oKoZohsdX_kjXLRoTJpxaSzJCrMHKC1qBJf0XJEBb9Rry8GkfkoZNu-HzPZBYODN-Lcsgg.wittfvyaNOP9u05lvnNd_FPSrWUM8gFgDSTPZK97v6o&dib_tag=se&keywords=laptop&qid=1729745572&sprefix=laptop%2Caps%2C128&sr=8-133,482.99,4.3,7,Not available
"Lenovo Ideapad 1i 15.6"" FHD Touchscreen Laptop, Intel Core i3-1215U, 8GB RAM, 256GB SSD, Intel UHD Graphics, Windows 11 with Copilot AI, Wi-Fi 6, Smart Noise Cancelling, Cloud Gray",https://www.amazon.ca/Lenovo-Touchscreen-i3-1215U-Graphics-Cancelling/dp/B0DDV1GPRC/ref=sr_1_132?crid=1E63C3THFEGDP&dib=eyJ2IjoiMSJ9.etQhvvTfXPUbALAy-xmaolhPzlrVxfuVwAiHV0j9z3wGh05wPTdhnvaUVdEXhXV1o-HUmg1afYMhdMEm0jsG70jLyDHHMK7DaVP8O_60HYLC_etTx1_aE60Pwrbn8K06aSdIHlOkU7k5ayeV9w0XY9HUho0og39TuhCk-jhRgzG3k7HmT0p_KGxSyKiPMxm5XsmCA-3DJGGSwm2D_KH-m3Y1yalaPQ30iilj0oKoZohsdX_kjXLRoTJpxaSzJCrMHKC1qBJf0XJEBb9Rry8GkfkoZNu-HzPZBYODN-Lcsgg.wittfvyaNOP9u05lvnNd_FPSrWUM8gFgDSTPZK97v6o&dib_tag=se&keywords=laptop&qid=1729745572&sprefix=laptop%2Caps%2C128&sr=8-132,499.99,5.0,1,Not available
"HP 14 inch Laptop, Full HD Display, Intel Pentium Silver N6000, 4 GB RAM, 256 GB SSD, Intel UHD Graphics, Windows 11 Home, 14-dq3016ca",https://www.amazon.ca/HP-Pentium-14-Inch-Display-14-dq3016ca/dp/B09VCLNG18/ref=sr_1_129?crid=1E63C3THFEGDP&dib=eyJ2IjoiMSJ9.etQhvvTfXPUbALAy-xmaolhPzlrVxfuVwAiHV0j9z3wGh05wPTdhnvaUVdEXhXV1o-HUmg1afYMhdMEm0jsG70jLyDHHMK7DaVP8O_60HYLC_etTx1_aE60Pwrbn8K06aSdIHlOkU7k5ayeV9w0XY9HUho0og39TuhCk-jhRgzG3k7HmT0p_KGxSyKiPMxm5XsmCA-3DJGGSwm2D_KH-m3Y1yalaPQ30iilj0oKoZohsdX_kjXLRoTJpxaSzJCrMHKC1qBJf0XJEBb9Rry8GkfkoZNu-HzPZBYODN-Lcsgg.wittfvyaNOP9u05lvnNd_FPSrWUM8gFgDSTPZK97v6o&dib_tag=se&keywords=laptop&qid=1729745572&sprefix=laptop%2Caps%2C128&sr=8-129,427.35,3.6,212,Not available
"Lenovo 11.6"" 300e Chromebook Touchscreen LCD 2 in 1- MediaTek M8173C Quad-core 2.1GHz 4GB LPDDR3 32GB Flash Memory Chrome OS Model 81H00000US (Renewed)",https://www.amazon.ca/Lenovo-11-6-300e-Chromebook-Touchscreen/dp/B07RJZMC49/ref=sr_1_131?crid=1E63C3THFEGDP&dib=eyJ2IjoiMSJ9.etQhvvTfXPUbALAy-xmaolhPzlrVxfuVwAiHV0j9z3wGh05wPTdhnvaUVdEXhXV1o-HUmg1afYMhdMEm0jsG70jLyDHHMK7DaVP8O_60HYLC_etTx1_aE60Pwrbn8K06aSdIHlOkU7k5ayeV9w0XY9HUho0og39TuhCk-jhRgzG3k7HmT0p_KGxSyKiPMxm5XsmCA-3DJGGSwm2D_KH-m3Y1yalaPQ30iilj0oKoZohsdX_kjXLRoTJpxaSzJCrMHKC1qBJf0XJEBb9Rry8GkfkoZNu-HzPZBYODN-Lcsgg.wittfvyaNOP9u05lvnNd_FPSrWUM8gFgDSTPZK97v6o&dib_tag=se&keywords=laptop&qid=1729745572&sprefix=laptop%2Caps%2C128&sr=8-131,150.00,3.8,"2,209",Not available
Acer Swift Go Intel Evo Laptop | 16” WUXGA Display | i7-1355U CPU | 16GB LPDDR5 RAM | 1TB SSD | 1 Yr Manufacturer Warranty (Renewed),https://www.amazon.ca/Acer-Display-i7-1355U-Manufacturer-Warranty/dp/B0CLYTVMXG/ref=sr_1_130?crid=1E63C3THFEGDP&dib=eyJ2IjoiMSJ9.etQhvvTfXPUbALAy-xmaolhPzlrVxfuVwAiHV0j9z3wGh05wPTdhnvaUVdEXhXV1o-HUmg1afYMhdMEm0jsG70jLyDHHMK7DaVP8O_60HYLC_etTx1_aE60Pwrbn8K06aSdIHlOkU7k5ayeV9w0XY9HUho0og39TuhCk-jhRgzG3k7HmT0p_KGxSyKiPMxm5XsmCA-3DJGGSwm2D_KH-m3Y1yalaPQ30iilj0oKoZohsdX_kjXLRoTJpxaSzJCrMHKC1qBJf0XJEBb9Rry8GkfkoZNu-HzPZBYODN-Lcsgg.wittfvyaNOP9u05lvnNd_FPSrWUM8gFgDSTPZK97v6o&dib_tag=se&keywords=laptop&qid=1729745572&sprefix=laptop%2Caps%2C128&sr=8-130,799.00,4.4,4,Not available
"jumper 16 Inch Laptop, 16GB RAM 512GB SSD, 11th Gen Intel Celeron N5095, FHD IPS Screen(1920 * 1200), Windows 11 Laptops Computer with 2.4G/5G WiFi, Four Stereo Speakers, Cooling System.",https://www.amazon.ca/jumper-Celeron-Windows-Computer-Speakers/dp/B0D2R4561Y/ref=sr_1_80?crid=1E63C3THFEGDP&dib=eyJ2IjoiMSJ9.akMDTOG5KBho4VWXJdqFI8EQq3zg3Tep4GghGuvoFQ_7cp8iETpMHFO4NgIhB7cnSrYyeL6kWqeyqJujKxZbY4WJ6OVWgaXZyQU9NMzTm12fRp0_aHi6oQPZpwiQK25cXLVKgbjjFaeX1jzmIAXXiGyaBY5Bn_AqJh9gUuU56hc3gH3Jypbn3IFcRZC6idPfLPhOpBgOadc-k3o4vBqT7Ohxiaur0e7JYKLhGAZMTmIfgOTYFC8cZ_1Vg-GClmy7ct76t8Or8SSxPTK0h_Lrzjb0-EHZnyWqZAIzlDe1_qs.Smq7ndAv-9kZOWzK0DqkmjS3Sucx5kL_RA2TnxMk96A&dib_tag=se&keywords=laptop&qid=1729745572&sprefix=laptop%2Caps%2C128&sr=8-80,499.99,4.1,147,Not available
"Dell Inspiron 3535 Laptop - 15.6-inch FHD (1920 x 1080) Display, AMD Ryzen 5 7520U Processor, 8GB DDR4 RAM, 512GB SSD, AMD Radeon Graphics, Windows 11 Home, 6-Months Migrate - Carbon Black",https://www.amazon.ca/Dell-Inspiron-3910-Desktop-Computer/dp/B0B3BPKK5R/ref=sr_1_76?crid=1E63C3THFEGDP&dib=eyJ2IjoiMSJ9.akMDTOG5KBho4VWXJdqFI8EQq3zg3Tep4GghGuvoFQ_7cp8iETpMHFO4NgIhB7cnSrYyeL6kWqeyqJujKxZbY4WJ6OVWgaXZyQU9NMzTm12fRp0_aHi6oQPZpwiQK25cXLVKgbjjFaeX1jzmIAXXiGyaBY5Bn_AqJh9gUuU56hc3gH3Jypbn3IFcRZC6idPfLPhOpBgOadc-k3o4vBqT7Ohxiaur0e7JYKLhGAZMTmIfgOTYFC8cZ_1Vg-GClmy7ct76t8Or8SSxPTK0h_Lrzjb0-EHZnyWqZAIzlDe1_qs.Smq7ndAv-9kZOWzK0DqkmjS3Sucx5kL_RA2TnxMk96A&dib_tag=se&keywords=laptop&qid=1729745572&sprefix=laptop%2Caps%2C128&sr=8-76,649.99,4.0,194,Not available
"HP 17.3"" IPS FHD Laptop, Intel i5-1235U Processor, 16GB RAM, 512GB PCIe SSD, Backlit Keyboard, Intel Iris Xe Graphics, Wi-Fi, Bluetooth, HDMI, Win 11 Pro, Silver, 32GB Hotface USB Card (Renewed)",https://www.amazon.ca/HP-i5-1235U-Processor-Keyboard-Bluetooth/dp/B0CSCX19NS/ref=sr_1_79?crid=1E63C3THFEGDP&dib=eyJ2IjoiMSJ9.akMDTOG5KBho4VWXJdqFI8EQq3zg3Tep4GghGuvoFQ_7cp8iETpMHFO4NgIhB7cnSrYyeL6kWqeyqJujKxZbY4WJ6OVWgaXZyQU9NMzTm12fRp0_aHi6oQPZpwiQK25cXLVKgbjjFaeX1jzmIAXXiGyaBY5Bn_AqJh9gUuU56hc3gH3Jypbn3IFcRZC6idPfLPhOpBgOadc-k3o4vBqT7Ohxiaur0e7JYKLhGAZMTmIfgOTYFC8cZ_1Vg-GClmy7ct76t8Or8SSxPTK0h_Lrzjb0-EHZnyWqZAIzlDe1_qs.Smq7ndAv-9kZOWzK0DqkmjS3Sucx5kL_RA2TnxMk96A&dib_tag=se&keywords=laptop&qid=1729745572&sprefix=laptop%2Caps%2C128&sr=8-79,749.00,4.4,604,Not available
"15.6 Inch Laptop 16GB DDR 512GB SSD, Laptop PC Cerelon N5095 (Up to 2.9GHz) Quad-core Chip,Laptop Computer Dual WiFi Bluetooth 4.2 Webcam Fingerprint Unlock FHD IPS 1920x1080 Display",https://www.amazon.ca/Quad-core-Computer-Bluetooth-Fingerprint-1920x1080/dp/B0DGGRQHMY/ref=sr_1_78?crid=1E63C3THFEGDP&dib=eyJ2IjoiMSJ9.akMDTOG5KBho4VWXJdqFI8EQq3zg3Tep4GghGuvoFQ_7cp8iETpMHFO4NgIhB7cnSrYyeL6kWqeyqJujKxZbY4WJ6OVWgaXZyQU9NMzTm12fRp0_aHi6oQPZpwiQK25cXLVKgbjjFaeX1jzmIAXXiGyaBY5Bn_AqJh9gUuU56hc3gH3Jypbn3IFcRZC6idPfLPhOpBgOadc-k3o4vBqT7Ohxiaur0e7JYKLhGAZMTmIfgOTYFC8cZ_1Vg-GClmy7ct76t8Or8SSxPTK0h_Lrzjb0-EHZnyWqZAIzlDe1_qs.Smq7ndAv-9kZOWzK0DqkmjS3Sucx5kL_RA2TnxMk96A&dib_tag=se&keywords=laptop&qid=1729745572&sprefix=laptop%2Caps%2C128&sr=8-78,Price not available,4.0,3,Not available
"Acer Aspire 3 A315-59-590J-CA, 15.6"" FHD 1920x1080 Laptop, Intel CoreTM i5-1235U, Intel UHD Graphics, 16GB RAM, 512GB SSD, Windows 11 Home",https://www.amazon.ca/Acer-A315-59-590J-CA-1920x1080-i5-1235U-Graphics/dp/B0D1ZFBPFV/ref=sr_1_128?crid=1E63C3THFEGDP&dib=eyJ2IjoiMSJ9.etQhvvTfXPUbALAy-xmaolhPzlrVxfuVwAiHV0j9z3wGh05wPTdhnvaUVdEXhXV1o-HUmg1afYMhdMEm0jsG70jLyDHHMK7DaVP8O_60HYLC_etTx1_aE60Pwrbn8K06aSdIHlOkU7k5ayeV9w0XY9HUho0og39TuhCk-jhRgzG3k7HmT0p_KGxSyKiPMxm5XsmCA-3DJGGSwm2D_KH-m3Y1yalaPQ30iilj0oKoZohsdX_kjXLRoTJpxaSzJCrMHKC1qBJf0XJEBb9Rry8GkfkoZNu-HzPZBYODN-Lcsgg.wittfvyaNOP9u05lvnNd_FPSrWUM8gFgDSTPZK97v6o&dib_tag=se&keywords=laptop&qid=1729745572&sprefix=laptop%2Caps%2C128&sr=8-128,699.99,5.0,2,Not available
"Acer Aspire 5 A517-58M-54MJ, 17.3"" FHD 1920x1080 IPS Laptop, Intel Core i5-1335U, Intel Iris Xe Graphics, 16GB LPDDR5 RAM, 512GB SSD, Windows 11 Home",https://www.amazon.ca/Acer-Aspire-i5-1335U-Graphics-Windows/dp/B0BTJF44QY/ref=sr_1_77?crid=1E63C3THFEGDP&dib=eyJ2IjoiMSJ9.akMDTOG5KBho4VWXJdqFI8EQq3zg3Tep4GghGuvoFQ_7cp8iETpMHFO4NgIhB7cnSrYyeL6kWqeyqJujKxZbY4WJ6OVWgaXZyQU9NMzTm12fRp0_aHi6oQPZpwiQK25cXLVKgbjjFaeX1jzmIAXXiGyaBY5Bn_AqJh9gUuU56hc3gH3Jypbn3IFcRZC6idPfLPhOpBgOadc-k3o4vBqT7Ohxiaur0e7JYKLhGAZMTmIfgOTYFC8cZ_1Vg-GClmy7ct76t8Or8SSxPTK0h_Lrzjb0-EHZnyWqZAIzlDe1_qs.Smq7ndAv-9kZOWzK0DqkmjS3Sucx5kL_RA2TnxMk96A&dib_tag=se&keywords=laptop&qid=1729745572&sprefix=laptop%2Caps%2C128&sr=8-77,949.74,4.2,36,Not available
"MSI 15.6"" FHD Gaming Laptop - Intel Core i5-12450H, 8GB RAM, 512GB SSD, Win11 Home, GeForce RTX 2050 (with Microfiber Cloth) - GF63 Thin 12UCX-458CA",https://www.amazon.ca/MSI-15-6-FHD-Gaming-Laptop/dp/B0DHW8JDP4/ref=sr_1_75?crid=1E63C3THFEGDP&dib=eyJ2IjoiMSJ9.akMDTOG5KBho4VWXJdqFI8EQq3zg3Tep4GghGuvoFQ_7cp8iETpMHFO4NgIhB7cnSrYyeL6kWqeyqJujKxZbY4WJ6OVWgaXZyQU9NMzTm12fRp0_aHi6oQPZpwiQK25cXLVKgbjjFaeX1jzmIAXXiGyaBY5Bn_AqJh9gUuU56hc3gH3Jypbn3IFcRZC6idPfLPhOpBgOadc-k3o4vBqT7Ohxiaur0e7JYKLhGAZMTmIfgOTYFC8cZ_1Vg-GClmy7ct76t8Or8SSxPTK0h_Lrzjb0-EHZnyWqZAIzlDe1_qs.Smq7ndAv-9kZOWzK0DqkmjS3Sucx5kL_RA2TnxMk96A&dib_tag=se&keywords=laptop&qid=1729745572&sprefix=laptop%2Caps%2C128&sr=8-75,799.98,"FREE delivery Sun, Oct 27 ",Only 9 left in stock.,Not available
"HP Chromebook 15.6 inch Laptop, Full HD Display, Intel Core i3-N305, 8 GB RAM, 256 GB UFS, Intel UHD Graphics, Chrome OS, 15a-nb0006ca",https://www.amazon.ca/HP-Chromebook-Display-Graphics-15a-nb0006ca/dp/B0CCQJ4FQB/ref=sr_1_74?crid=1E63C3THFEGDP&dib=eyJ2IjoiMSJ9.akMDTOG5KBho4VWXJdqFI8EQq3zg3Tep4GghGuvoFQ_7cp8iETpMHFO4NgIhB7cnSrYyeL6kWqeyqJujKxZbY4WJ6OVWgaXZyQU9NMzTm12fRp0_aHi6oQPZpwiQK25cXLVKgbjjFaeX1jzmIAXXiGyaBY5Bn_AqJh9gUuU56hc3gH3Jypbn3IFcRZC6idPfLPhOpBgOadc-k3o4vBqT7Ohxiaur0e7JYKLhGAZMTmIfgOTYFC8cZ_1Vg-GClmy7ct76t8Or8SSxPTK0h_Lrzjb0-EHZnyWqZAIzlDe1_qs.Smq7ndAv-9kZOWzK0DqkmjS3Sucx5kL_RA2TnxMk96A&dib_tag=se&keywords=laptop&qid=1729745572&sprefix=laptop%2Caps%2C128&sr=8-74,799.99,4.4,56,Not available
"HP Laptop 17-in, FHD (1920 x 1080), IPS, Anti-Glare, AMD Ryzen™ 5 7430U, AMD Radeon™ Graphics, 16 GB DDR4-3200, 512 GB SSD, Webcam Privacy Shutter, Windows 11 Home (17-cp3006ca)",https://www.amazon.ca/HP-Anti-Glare-RadeonTM-DDR4-3200-17-cp3006ca/dp/B0D8546LMG/ref=sr_1_73?crid=1E63C3THFEGDP&dib=eyJ2IjoiMSJ9.akMDTOG5KBho4VWXJdqFI8EQq3zg3Tep4GghGuvoFQ_7cp8iETpMHFO4NgIhB7cnSrYyeL6kWqeyqJujKxZbY4WJ6OVWgaXZyQU9NMzTm12fRp0_aHi6oQPZpwiQK25cXLVKgbjjFaeX1jzmIAXXiGyaBY5Bn_AqJh9gUuU56hc3gH3Jypbn3IFcRZC6idPfLPhOpBgOadc-k3o4vBqT7Ohxiaur0e7JYKLhGAZMTmIfgOTYFC8cZ_1Vg-GClmy7ct76t8Or8SSxPTK0h_Lrzjb0-EHZnyWqZAIzlDe1_qs.Smq7ndAv-9kZOWzK0DqkmjS3Sucx5kL_RA2TnxMk96A&dib_tag=se&keywords=laptop&qid=1729745572&sprefix=laptop%2Caps%2C128&sr=8-73,919.99,4.2,20,Not available
"HP 15.6"" FHD Touchscreen Laptop, Intel i7-1255U, 32GB DDR4 RAM, 1TB PCIe SSD, Intel Iris Xe Graphics, HD Camera, HP Fast Charge, Win 11 Pro, Silver, 32GB Hotface USB Card",https://www.amazon.ca/HP-Touchscreen-i7-1255U-Graphics-Hotface/dp/B0CYYYH8TL/ref=sr_1_72?crid=1E63C3THFEGDP&dib=eyJ2IjoiMSJ9.akMDTOG5KBho4VWXJdqFI8EQq3zg3Tep4GghGuvoFQ_7cp8iETpMHFO4NgIhB7cnSrYyeL6kWqeyqJujKxZbY4WJ6OVWgaXZyQU9NMzTm12fRp0_aHi6oQPZpwiQK25cXLVKgbjjFaeX1jzmIAXXiGyaBY5Bn_AqJh9gUuU56hc3gH3Jypbn3IFcRZC6idPfLPhOpBgOadc-k3o4vBqT7Ohxiaur0e7JYKLhGAZMTmIfgOTYFC8cZ_1Vg-GClmy7ct76t8Or8SSxPTK0h_Lrzjb0-EHZnyWqZAIzlDe1_qs.Smq7ndAv-9kZOWzK0DqkmjS3Sucx5kL_RA2TnxMk96A&dib_tag=se&keywords=laptop&qid=1729745572&sprefix=laptop%2Caps%2C128&sr=8-72,"1,249.00",4.9,11,Not available
"Lenovo Thinkpad T480s Laptop 14-in FHD IPS Ultrabook, Intel Core i7-8550U, 16GB RAM, 512GB SSD, Wi-Fi, Bluetooth Camera Windows 10 Pro (Renewed)",https://www.amazon.ca/Lenovo-Thinkpad-Ultrabook-i7-8550U-Renewed/dp/B08GQGR434/ref=sr_1_71?crid=1E63C3THFEGDP&dib=eyJ2IjoiMSJ9.akMDTOG5KBho4VWXJdqFI8EQq3zg3Tep4GghGuvoFQ_7cp8iETpMHFO4NgIhB7cnSrYyeL6kWqeyqJujKxZbY4WJ6OVWgaXZyQU9NMzTm12fRp0_aHi6oQPZpwiQK25cXLVKgbjjFaeX1jzmIAXXiGyaBY5Bn_AqJh9gUuU56hc3gH3Jypbn3IFcRZC6idPfLPhOpBgOadc-k3o4vBqT7Ohxiaur0e7JYKLhGAZMTmIfgOTYFC8cZ_1Vg-GClmy7ct76t8Or8SSxPTK0h_Lrzjb0-EHZnyWqZAIzlDe1_qs.Smq7ndAv-9kZOWzK0DqkmjS3Sucx5kL_RA2TnxMk96A&dib_tag=se&keywords=laptop&qid=1729745572&sprefix=laptop%2Caps%2C128&sr=8-71,439.00,4.3,268,Not available
"HP 15.6"" Diagonal Full HD (1920 x 1080) Laptop, 11th Gen Intel Core i5-1135G7 Processor, 8GB DDR4 RAM, 256GB SSD, 802.11ac, Bluetooth, HDMI, Windows 11",https://www.amazon.ca/HP-Diagonal-i5-1135G7-Processor-Bluetooth/dp/B09LM6SZKG/ref=sr_1_70?crid=1E63C3THFEGDP&dib=eyJ2IjoiMSJ9.akMDTOG5KBho4VWXJdqFI8EQq3zg3Tep4GghGuvoFQ_7cp8iETpMHFO4NgIhB7cnSrYyeL6kWqeyqJujKxZbY4WJ6OVWgaXZyQU9NMzTm12fRp0_aHi6oQPZpwiQK25cXLVKgbjjFaeX1jzmIAXXiGyaBY5Bn_AqJh9gUuU56hc3gH3Jypbn3IFcRZC6idPfLPhOpBgOadc-k3o4vBqT7Ohxiaur0e7JYKLhGAZMTmIfgOTYFC8cZ_1Vg-GClmy7ct76t8Or8SSxPTK0h_Lrzjb0-EHZnyWqZAIzlDe1_qs.Smq7ndAv-9kZOWzK0DqkmjS3Sucx5kL_RA2TnxMk96A&dib_tag=se&keywords=laptop&qid=1729745572&sprefix=laptop%2Caps%2C128&sr=8-70,578.00,4.3,481,Not available
"Dell Inspiron 5645 Laptop - 16.0 16:10 FHD+ (1920 x 1200) Display, AMD Ryzen 7-8840U, 16GB DDR5 RAM, 1TB SSD, AMD Radeon Graphics, Windows 11 Home, Onsite & Migrate Services - Midnight Blue",https://www.amazon.ca/Dell-Inspiron-5645-Laptop-Graphics/dp/B0CZ59B6MH/ref=sr_1_69?crid=1E63C3THFEGDP&dib=eyJ2IjoiMSJ9.akMDTOG5KBho4VWXJdqFI8EQq3zg3Tep4GghGuvoFQ_7cp8iETpMHFO4NgIhB7cnSrYyeL6kWqeyqJujKxZbY4WJ6OVWgaXZyQU9NMzTm12fRp0_aHi6oQPZpwiQK25cXLVKgbjjFaeX1jzmIAXXiGyaBY5Bn_AqJh9gUuU56hc3gH3Jypbn3IFcRZC6idPfLPhOpBgOadc-k3o4vBqT7Ohxiaur0e7JYKLhGAZMTmIfgOTYFC8cZ_1Vg-GClmy7ct76t8Or8SSxPTK0h_Lrzjb0-EHZnyWqZAIzlDe1_qs.Smq7ndAv-9kZOWzK0DqkmjS3Sucx5kL_RA2TnxMk96A&dib_tag=se&keywords=laptop&qid=1729745572&sprefix=laptop%2Caps%2C128&sr=8-69,"1,099.99",4.3,205,Not available
"HP Premium 14"" Stream HD Laptop, Intel Celeron N4120, 4GB RAM, 64GB eMMC, Webcam, Intel UHD Graphics, Bluetooth, WiFi, HDMI, 1 Year Office 365, Win 11s, Silver",https://www.amazon.ca/HP-Premium-Stream-Graphics-Bluetooth/dp/B0CQ23162T/ref=sr_1_67?crid=1E63C3THFEGDP&dib=eyJ2IjoiMSJ9.akMDTOG5KBho4VWXJdqFI8EQq3zg3Tep4GghGuvoFQ_7cp8iETpMHFO4NgIhB7cnSrYyeL6kWqeyqJujKxZbY4WJ6OVWgaXZyQU9NMzTm12fRp0_aHi6oQPZpwiQK25cXLVKgbjjFaeX1jzmIAXXiGyaBY5Bn_AqJh9gUuU56hc3gH3Jypbn3IFcRZC6idPfLPhOpBgOadc-k3o4vBqT7Ohxiaur0e7JYKLhGAZMTmIfgOTYFC8cZ_1Vg-GClmy7ct76t8Or8SSxPTK0h_Lrzjb0-EHZnyWqZAIzlDe1_qs.Smq7ndAv-9kZOWzK0DqkmjS3Sucx5kL_RA2TnxMk96A&dib_tag=se&keywords=laptop&qid=1729745572&sprefix=laptop%2Caps%2C128&sr=8-67,299.00,3.9,648,Not available
Dell Chromebook 3120 11 inch Intel Celeron N2840 2.16 GHz 4Gb Ram 16GB Chrome OS (Renewed),https://www.amazon.ca/Dell-Chromebook-3120-Celeron-Renewed/dp/B08MWH8B3K/ref=sr_1_66?crid=1E63C3THFEGDP&dib=eyJ2IjoiMSJ9.akMDTOG5KBho4VWXJdqFI8EQq3zg3Tep4GghGuvoFQ_7cp8iETpMHFO4NgIhB7cnSrYyeL6kWqeyqJujKxZbY4WJ6OVWgaXZyQU9NMzTm12fRp0_aHi6oQPZpwiQK25cXLVKgbjjFaeX1jzmIAXXiGyaBY5Bn_AqJh9gUuU56hc3gH3Jypbn3IFcRZC6idPfLPhOpBgOadc-k3o4vBqT7Ohxiaur0e7JYKLhGAZMTmIfgOTYFC8cZ_1Vg-GClmy7ct76t8Or8SSxPTK0h_Lrzjb0-EHZnyWqZAIzlDe1_qs.Smq7ndAv-9kZOWzK0DqkmjS3Sucx5kL_RA2TnxMk96A&dib_tag=se&keywords=laptop&qid=1729745572&sprefix=laptop%2Caps%2C128&sr=8-66,119.99,3.4,157,Not available
"ASUS TUF Gaming A15 Gaming Laptop, 15.6” 144Hz FHD Display, AMD Ryzen™ 5 7535HS Processor, GeForce RTX 2050, 8GB DDR5 RAM, 1TB PCIe SSD Gen 4, Wi-Fi 6, Windows 11, FA506NF-DS51-CA",https://www.amazon.ca/ASUS-Display-RyzenTM-Processor-FA506NF-DS51-CA/dp/B0CS4D11V9/ref=sr_1_63?crid=1E63C3THFEGDP&dib=eyJ2IjoiMSJ9.akMDTOG5KBho4VWXJdqFI8EQq3zg3Tep4GghGuvoFQ_7cp8iETpMHFO4NgIhB7cnSrYyeL6kWqeyqJujKxZbY4WJ6OVWgaXZyQU9NMzTm12fRp0_aHi6oQPZpwiQK25cXLVKgbjjFaeX1jzmIAXXiGyaBY5Bn_AqJh9gUuU56hc3gH3Jypbn3IFcRZC6idPfLPhOpBgOadc-k3o4vBqT7Ohxiaur0e7JYKLhGAZMTmIfgOTYFC8cZ_1Vg-GClmy7ct76t8Or8SSxPTK0h_Lrzjb0-EHZnyWqZAIzlDe1_qs.Smq7ndAv-9kZOWzK0DqkmjS3Sucx5kL_RA2TnxMk96A&dib_tag=se&keywords=laptop&qid=1729745572&sprefix=laptop%2Caps%2C128&sr=8-63,848.98,4.6,16,Not available
"SGIN 15.6 Inch Laptops, 4GB RAM, 128GB SSD Laptop Computer, Celeron Processor Notebook, 2.4G/5G WiFi, Type-C, Mini HDMI, Webcam, UHD Graphics 600, 1TB TF Card Expansion(WiFi)",https://www.amazon.ca/SGIN-Computer-Processor-Notebook-Expansion/dp/B0D7CBFN3B/ref=sr_1_68?crid=1E63C3THFEGDP&dib=eyJ2IjoiMSJ9.akMDTOG5KBho4VWXJdqFI8EQq3zg3Tep4GghGuvoFQ_7cp8iETpMHFO4NgIhB7cnSrYyeL6kWqeyqJujKxZbY4WJ6OVWgaXZyQU9NMzTm12fRp0_aHi6oQPZpwiQK25cXLVKgbjjFaeX1jzmIAXXiGyaBY5Bn_AqJh9gUuU56hc3gH3Jypbn3IFcRZC6idPfLPhOpBgOadc-k3o4vBqT7Ohxiaur0e7JYKLhGAZMTmIfgOTYFC8cZ_1Vg-GClmy7ct76t8Or8SSxPTK0h_Lrzjb0-EHZnyWqZAIzlDe1_qs.Smq7ndAv-9kZOWzK0DqkmjS3Sucx5kL_RA2TnxMk96A&dib_tag=se&keywords=laptop&qid=1729745572&sprefix=laptop%2Caps%2C128&sr=8-68,556.13,4.0,250,Not available
"ASUS Chromebook CX1, 15.6"" FHD NanoEdge Display, Intel Celeron N4500 Processor, 128GB eMMC Storage, 8GB RAM, ChromeOS, Transparent Silver, CX1500CKA-AS01-CB",https://www.amazon.ca/Chromebook-NanoEdge-Processor-Transparent-CX1500CKA-AS01-CB/dp/B0D6RYXV7N/ref=sr_1_65?crid=1E63C3THFEGDP&dib=eyJ2IjoiMSJ9.akMDTOG5KBho4VWXJdqFI8EQq3zg3Tep4GghGuvoFQ_7cp8iETpMHFO4NgIhB7cnSrYyeL6kWqeyqJujKxZbY4WJ6OVWgaXZyQU9NMzTm12fRp0_aHi6oQPZpwiQK25cXLVKgbjjFaeX1jzmIAXXiGyaBY5Bn_AqJh9gUuU56hc3gH3Jypbn3IFcRZC6idPfLPhOpBgOadc-k3o4vBqT7Ohxiaur0e7JYKLhGAZMTmIfgOTYFC8cZ_1Vg-GClmy7ct76t8Or8SSxPTK0h_Lrzjb0-EHZnyWqZAIzlDe1_qs.Smq7ndAv-9kZOWzK0DqkmjS3Sucx5kL_RA2TnxMk96A&dib_tag=se&keywords=laptop&qid=1729745572&sprefix=laptop%2Caps%2C128&sr=8-65,299.00,4.2,139,Not available
"Lenovo IdeaPad 1 14"" HD Lightweight Laptop, Intel Celeron N4020 Processor, 4GB RAM, 128GB SSD, Intel UHD Graphics, Wi-Fi 6, Bluetooth, Windows 11, Gray, 128GB Hotface USB Card",https://www.amazon.ca/Lenovo-IdeaPad-Lightweight-Processor-Bluetooth/dp/B0CQV6TVVW/ref=sr_1_64?crid=1E63C3THFEGDP&dib=eyJ2IjoiMSJ9.akMDTOG5KBho4VWXJdqFI8EQq3zg3Tep4GghGuvoFQ_7cp8iETpMHFO4NgIhB7cnSrYyeL6kWqeyqJujKxZbY4WJ6OVWgaXZyQU9NMzTm12fRp0_aHi6oQPZpwiQK25cXLVKgbjjFaeX1jzmIAXXiGyaBY5Bn_AqJh9gUuU56hc3gH3Jypbn3IFcRZC6idPfLPhOpBgOadc-k3o4vBqT7Ohxiaur0e7JYKLhGAZMTmIfgOTYFC8cZ_1Vg-GClmy7ct76t8Or8SSxPTK0h_Lrzjb0-EHZnyWqZAIzlDe1_qs.Smq7ndAv-9kZOWzK0DqkmjS3Sucx5kL_RA2TnxMk96A&dib_tag=se&keywords=laptop&qid=1729745572&sprefix=laptop%2Caps%2C128&sr=8-64,289.00,4.2,"1,067",Not available
"Lenovo T470 14in Laptop, Core i5-6300U 2.4GHz, 8GB RAM, 256GB Solid State Drive, Windows 10 Pro 64Bit (Renewed)",https://www.amazon.ca/Lenovo-Laptop-i5-6300U-Windows-Renewed/dp/B07PY922PM/ref=sr_1_62?crid=1E63C3THFEGDP&dib=eyJ2IjoiMSJ9.akMDTOG5KBho4VWXJdqFI8EQq3zg3Tep4GghGuvoFQ_7cp8iETpMHFO4NgIhB7cnSrYyeL6kWqeyqJujKxZbY4WJ6OVWgaXZyQU9NMzTm12fRp0_aHi6oQPZpwiQK25cXLVKgbjjFaeX1jzmIAXXiGyaBY5Bn_AqJh9gUuU56hc3gH3Jypbn3IFcRZC6idPfLPhOpBgOadc-k3o4vBqT7Ohxiaur0e7JYKLhGAZMTmIfgOTYFC8cZ_1Vg-GClmy7ct76t8Or8SSxPTK0h_Lrzjb0-EHZnyWqZAIzlDe1_qs.Smq7ndAv-9kZOWzK0DqkmjS3Sucx5kL_RA2TnxMk96A&dib_tag=se&keywords=laptop&qid=1729745572&sprefix=laptop%2Caps%2C128&sr=8-62,Price not available,4.4,90,Not available
"ASUS Vivobook Go 15 Laptop, 15.6” FHD Display, Intel® Core™ i3-N305 Processor, 8GB RAM, 512GB SSD, Windows 11 Home in S Mode, E1504GA-AS31-CA",https://www.amazon.ca/Vivobook-Display-i3-N305-Processor-E1504GA-AS31-CA/dp/B0CX7F9K8X/ref=sr_1_60?crid=1E63C3THFEGDP&dib=eyJ2IjoiMSJ9.akMDTOG5KBho4VWXJdqFI8EQq3zg3Tep4GghGuvoFQ_7cp8iETpMHFO4NgIhB7cnSrYyeL6kWqeyqJujKxZbY4WJ6OVWgaXZyQU9NMzTm12fRp0_aHi6oQPZpwiQK25cXLVKgbjjFaeX1jzmIAXXiGyaBY5Bn_AqJh9gUuU56hc3gH3Jypbn3IFcRZC6idPfLPhOpBgOadc-k3o4vBqT7Ohxiaur0e7JYKLhGAZMTmIfgOTYFC8cZ_1Vg-GClmy7ct76t8Or8SSxPTK0h_Lrzjb0-EHZnyWqZAIzlDe1_qs.Smq7ndAv-9kZOWzK0DqkmjS3Sucx5kL_RA2TnxMk96A&dib_tag=se&keywords=laptop&qid=1729745572&sprefix=laptop%2Caps%2C128&sr=8-60,499.00,4.6,5,Not available
15.6 inch Laptop - 16GB RAM LPDDR4 512GB SSD Laptop Computer FHD Ordinateur Portable Laptop PC Celeron N5095 Processor Netbook with Touch ID WiFi5 Bluetooth 4.2 USB 3.0,https://www.amazon.ca/15-6-inch-Laptop-Ordinateur-Processor/dp/B0DFPTPRFJ/ref=sr_1_59?crid=1E63C3THFEGDP&dib=eyJ2IjoiMSJ9.akMDTOG5KBho4VWXJdqFI8EQq3zg3Tep4GghGuvoFQ_7cp8iETpMHFO4NgIhB7cnSrYyeL6kWqeyqJujKxZbY4WJ6OVWgaXZyQU9NMzTm12fRp0_aHi6oQPZpwiQK25cXLVKgbjjFaeX1jzmIAXXiGyaBY5Bn_AqJh9gUuU56hc3gH3Jypbn3IFcRZC6idPfLPhOpBgOadc-k3o4vBqT7Ohxiaur0e7JYKLhGAZMTmIfgOTYFC8cZ_1Vg-GClmy7ct76t8Or8SSxPTK0h_Lrzjb0-EHZnyWqZAIzlDe1_qs.Smq7ndAv-9kZOWzK0DqkmjS3Sucx5kL_RA2TnxMk96A&dib_tag=se&keywords=laptop&qid=1729745572&sprefix=laptop%2Caps%2C128&sr=8-59,449.99,4.5,6,Not available
"Acer Gateway Chromebook 311 | Intel N4500 | 11.6"" HD (1366 x 768) Display | 4GB LPDDR4X Ram | 64GB eMMC | Wi-Fi 5 802.11ac | Google Update to June 2031 (1 yr Manufacturer Warranty)",https://www.amazon.ca/Acer-Chromebook-802-11ac-Manufacturer-Warranty/dp/B0DFMVGLKK/ref=sr_1_58?crid=1E63C3THFEGDP&dib=eyJ2IjoiMSJ9.akMDTOG5KBho4VWXJdqFI8EQq3zg3Tep4GghGuvoFQ_7cp8iETpMHFO4NgIhB7cnSrYyeL6kWqeyqJujKxZbY4WJ6OVWgaXZyQU9NMzTm12fRp0_aHi6oQPZpwiQK25cXLVKgbjjFaeX1jzmIAXXiGyaBY5Bn_AqJh9gUuU56hc3gH3Jypbn3IFcRZC6idPfLPhOpBgOadc-k3o4vBqT7Ohxiaur0e7JYKLhGAZMTmIfgOTYFC8cZ_1Vg-GClmy7ct76t8Or8SSxPTK0h_Lrzjb0-EHZnyWqZAIzlDe1_qs.Smq7ndAv-9kZOWzK0DqkmjS3Sucx5kL_RA2TnxMk96A&dib_tag=se&keywords=laptop&qid=1729745572&sprefix=laptop%2Caps%2C128&sr=8-58,199.00,FREE delivery,No reviews available,Not available
"ASUS Chromebook laptop, 11.6"" HD Display, MediaTek Kompanio 520, 4GB LPDDR4X RAM, 64G eMMC Storage, MIL-STD 810H Durability, ChromeOS, Mineral Gray, CZ1104CM2A-AS01-CB",https://www.amazon.ca/Chromebook-MediaTek-Kompanio-Durability-CZ1104CM2A-AS01-CB/dp/B0CX62GXWS/ref=sr_1_61?crid=1E63C3THFEGDP&dib=eyJ2IjoiMSJ9.akMDTOG5KBho4VWXJdqFI8EQq3zg3Tep4GghGuvoFQ_7cp8iETpMHFO4NgIhB7cnSrYyeL6kWqeyqJujKxZbY4WJ6OVWgaXZyQU9NMzTm12fRp0_aHi6oQPZpwiQK25cXLVKgbjjFaeX1jzmIAXXiGyaBY5Bn_AqJh9gUuU56hc3gH3Jypbn3IFcRZC6idPfLPhOpBgOadc-k3o4vBqT7Ohxiaur0e7JYKLhGAZMTmIfgOTYFC8cZ_1Vg-GClmy7ct76t8Or8SSxPTK0h_Lrzjb0-EHZnyWqZAIzlDe1_qs.Smq7ndAv-9kZOWzK0DqkmjS3Sucx5kL_RA2TnxMk96A&dib_tag=se&keywords=laptop&qid=1729745572&sprefix=laptop%2Caps%2C128&sr=8-61,249.00,4.0,30,Not available
"HP Elitebook 840 G5 14-inch FHD (1920x1080) Business Laptop (Intel Quad-Core i5-8250U, 32GB DDR4 RAM, 512GB SS USB Type-C, HDMI, Windows 11 Pro (Renewed) …",https://www.amazon.ca/HP-Elitebook-840-G5-1920x1080/dp/B0B2GG45ZM/ref=sr_1_57?crid=1E63C3THFEGDP&dib=eyJ2IjoiMSJ9.akMDTOG5KBho4VWXJdqFI8EQq3zg3Tep4GghGuvoFQ_7cp8iETpMHFO4NgIhB7cnSrYyeL6kWqeyqJujKxZbY4WJ6OVWgaXZyQU9NMzTm12fRp0_aHi6oQPZpwiQK25cXLVKgbjjFaeX1jzmIAXXiGyaBY5Bn_AqJh9gUuU56hc3gH3Jypbn3IFcRZC6idPfLPhOpBgOadc-k3o4vBqT7Ohxiaur0e7JYKLhGAZMTmIfgOTYFC8cZ_1Vg-GClmy7ct76t8Or8SSxPTK0h_Lrzjb0-EHZnyWqZAIzlDe1_qs.Smq7ndAv-9kZOWzK0DqkmjS3Sucx5kL_RA2TnxMk96A&dib_tag=se&keywords=laptop&qid=1729745572&sprefix=laptop%2Caps%2C128&sr=8-57,390.00,3.9,128,Not available
"Acer Aspire 3 A315-58-79F3, 15.6"" FHD 1920x1080 Laptop, Intel Core i7-1165G7, Intel Iris Xe Graphics, 16 GB RAM, 1TB SSD, Windows 11",https://www.amazon.ca/Acer-A315-58-79F3-1920x1080-i7-1165G7-Graphics/dp/B0D2DW29NX/ref=sr_1_56?crid=1E63C3THFEGDP&dib=eyJ2IjoiMSJ9.akMDTOG5KBho4VWXJdqFI8EQq3zg3Tep4GghGuvoFQ_7cp8iETpMHFO4NgIhB7cnSrYyeL6kWqeyqJujKxZbY4WJ6OVWgaXZyQU9NMzTm12fRp0_aHi6oQPZpwiQK25cXLVKgbjjFaeX1jzmIAXXiGyaBY5Bn_AqJh9gUuU56hc3gH3Jypbn3IFcRZC6idPfLPhOpBgOadc-k3o4vBqT7Ohxiaur0e7JYKLhGAZMTmIfgOTYFC8cZ_1Vg-GClmy7ct76t8Or8SSxPTK0h_Lrzjb0-EHZnyWqZAIzlDe1_qs.Smq7ndAv-9kZOWzK0DqkmjS3Sucx5kL_RA2TnxMk96A&dib_tag=se&keywords=laptop&qid=1729745572&sprefix=laptop%2Caps%2C128&sr=8-56,899.99,FREE delivery Oct 31 - Nov 7 ,50+ bought in past month,Not available
Dell Latitude 5400 Laptop 14 - Intel Core i5 8th Gen - i5-8365U - Dual Core 4.1Ghz - 512GB SSD - 16GB RAM - 1920x1080 FHD - Windows 10 Pro (Renewed),https://www.amazon.ca/Dell-Latitude-5400-Laptop-1920x1080/dp/B08F5JSHJ9/ref=sr_1_55?crid=1E63C3THFEGDP&dib=eyJ2IjoiMSJ9.akMDTOG5KBho4VWXJdqFI8EQq3zg3Tep4GghGuvoFQ_7cp8iETpMHFO4NgIhB7cnSrYyeL6kWqeyqJujKxZbY4WJ6OVWgaXZyQU9NMzTm12fRp0_aHi6oQPZpwiQK25cXLVKgbjjFaeX1jzmIAXXiGyaBY5Bn_AqJh9gUuU56hc3gH3Jypbn3IFcRZC6idPfLPhOpBgOadc-k3o4vBqT7Ohxiaur0e7JYKLhGAZMTmIfgOTYFC8cZ_1Vg-GClmy7ct76t8Or8SSxPTK0h_Lrzjb0-EHZnyWqZAIzlDe1_qs.Smq7ndAv-9kZOWzK0DqkmjS3Sucx5kL_RA2TnxMk96A&dib_tag=se&keywords=laptop&qid=1729745572&sprefix=laptop%2Caps%2C128&sr=8-55,282.00,3.7,117,Not available
"HP EliteBook 820 G2 12.5in Laptop, Intel Core i5-5300U 2.3GHz, 8GB Ram, 256GB Solid State Drive, Windows 10 Pro 64bit (Renewed)",https://www.amazon.ca/EliteBook-12-5in-i5-5300U-Windows-Renewed/dp/B07FCWX4GT/ref=sr_1_54?crid=1E63C3THFEGDP&dib=eyJ2IjoiMSJ9.akMDTOG5KBho4VWXJdqFI8EQq3zg3Tep4GghGuvoFQ_7cp8iETpMHFO4NgIhB7cnSrYyeL6kWqeyqJujKxZbY4WJ6OVWgaXZyQU9NMzTm12fRp0_aHi6oQPZpwiQK25cXLVKgbjjFaeX1jzmIAXXiGyaBY5Bn_AqJh9gUuU56hc3gH3Jypbn3IFcRZC6idPfLPhOpBgOadc-k3o4vBqT7Ohxiaur0e7JYKLhGAZMTmIfgOTYFC8cZ_1Vg-GClmy7ct76t8Or8SSxPTK0h_Lrzjb0-EHZnyWqZAIzlDe1_qs.Smq7ndAv-9kZOWzK0DqkmjS3Sucx5kL_RA2TnxMk96A&dib_tag=se&keywords=laptop&qid=1729745572&sprefix=laptop%2Caps%2C128&sr=8-54,168.25,3.9,225,Not available
"ASUS Vivobook 14"" FHD Anti-Glare Laptop, Intel i3-1215U, 16GB RAM, 416GB Storage(256GB SSD+160GB Docking Station Set), Intel Iris Xe Graphics, HD Camera, WiFi 6E, Bluetooth, Win 11, Quiet Blue",https://www.amazon.ca/ASUS-Vivobook-Anti-Glare-i3-1215U-Bluetooth/dp/B0D9LJW6XK/ref=sr_1_53?crid=1E63C3THFEGDP&dib=eyJ2IjoiMSJ9.akMDTOG5KBho4VWXJdqFI8EQq3zg3Tep4GghGuvoFQ_7cp8iETpMHFO4NgIhB7cnSrYyeL6kWqeyqJujKxZbY4WJ6OVWgaXZyQU9NMzTm12fRp0_aHi6oQPZpwiQK25cXLVKgbjjFaeX1jzmIAXXiGyaBY5Bn_AqJh9gUuU56hc3gH3Jypbn3IFcRZC6idPfLPhOpBgOadc-k3o4vBqT7Ohxiaur0e7JYKLhGAZMTmIfgOTYFC8cZ_1Vg-GClmy7ct76t8Or8SSxPTK0h_Lrzjb0-EHZnyWqZAIzlDe1_qs.Smq7ndAv-9kZOWzK0DqkmjS3Sucx5kL_RA2TnxMk96A&dib_tag=se&keywords=laptop&qid=1729745572&sprefix=laptop%2Caps%2C128&sr=8-53,549.00,4.3,40,Not available
"MSI Thin 15 B13VE-1697CA 15.6"" 144Hz Gaming Laptop Intel® Core™ i5-13420H RTX 4050 16GB 512GB NVMe SSD Win11",https://www.amazon.ca/MSI-B13VE-1697CA-Gaming-Laptop-i5-13420H/dp/B0CSY75ZCN/ref=sr_1_51?crid=1E63C3THFEGDP&dib=eyJ2IjoiMSJ9.akMDTOG5KBho4VWXJdqFI8EQq3zg3Tep4GghGuvoFQ_7cp8iETpMHFO4NgIhB7cnSrYyeL6kWqeyqJujKxZbY4WJ6OVWgaXZyQU9NMzTm12fRp0_aHi6oQPZpwiQK25cXLVKgbjjFaeX1jzmIAXXiGyaBY5Bn_AqJh9gUuU56hc3gH3Jypbn3IFcRZC6idPfLPhOpBgOadc-k3o4vBqT7Ohxiaur0e7JYKLhGAZMTmIfgOTYFC8cZ_1Vg-GClmy7ct76t8Or8SSxPTK0h_Lrzjb0-EHZnyWqZAIzlDe1_qs.Smq7ndAv-9kZOWzK0DqkmjS3Sucx5kL_RA2TnxMk96A&dib_tag=se&keywords=laptop&qid=1729745572&sprefix=laptop%2Caps%2C128&sr=8-51,909.95,3.9,16,Not available
"Lenovo IdeaPad 15.6"" FHD Laptop, Intel Pentium Silver N6000 Processor, 20GB RAM, 1TB PCIe SSD, 720P HD Webcam, Dolby Audio, 1 Year Office 365, Win 11, Blue, 32GB Hotface USB Card",https://www.amazon.ca/Lenovo-IdeaPad-Pentium-Processor-Hotface/dp/B0CPHSNGPF/ref=sr_1_50?crid=1E63C3THFEGDP&dib=eyJ2IjoiMSJ9.akMDTOG5KBho4VWXJdqFI8EQq3zg3Tep4GghGuvoFQ_7cp8iETpMHFO4NgIhB7cnSrYyeL6kWqeyqJujKxZbY4WJ6OVWgaXZyQU9NMzTm12fRp0_aHi6oQPZpwiQK25cXLVKgbjjFaeX1jzmIAXXiGyaBY5Bn_AqJh9gUuU56hc3gH3Jypbn3IFcRZC6idPfLPhOpBgOadc-k3o4vBqT7Ohxiaur0e7JYKLhGAZMTmIfgOTYFC8cZ_1Vg-GClmy7ct76t8Or8SSxPTK0h_Lrzjb0-EHZnyWqZAIzlDe1_qs.Smq7ndAv-9kZOWzK0DqkmjS3Sucx5kL_RA2TnxMk96A&dib_tag=se&keywords=laptop&qid=1729745572&sprefix=laptop%2Caps%2C128&sr=8-50,589.00,4.0,"1,595",Not available
2024 Lenovo IdeaPad Slim 3 15.6” FHD IPS Touch Laptop 10-Core Intel Core i5-1335U Iris Xe Graphics 16GB LPDDR5 1TB SSD USB-C w/DP WiFi AX BT Webcam HDMI1.4 Backlit KB Fingerprint Windows 11 Home,https://www.amazon.ca/Lenovo-IdeaPad-i5-1335U-Graphics-Fingerprint/dp/B0DDX1S1YT/ref=sr_1_225?crid=1E63C3THFEGDP&dib=eyJ2IjoiMSJ9.vyT5BBSgt2cX4T0-hKG9fCrM8utZXmkmxN3xLuNgQw6wVAhW-5AklWqDZDHHDrOf0dw6dIklTqdleZmlV6b31ZH8UNazo0Z04bRPs9umLBNrI5LhVPNMXEW9Gyx9yHXiaitBU5-yGKbQpRpfgrKdje0_783rSlzAshG_OKExyD_h6Cseqkn5XoKTXAlnV9emk0y-g3TVeRGPsGG2_YezhDtH3f5uhLGs-MThLTNHo1LYynESUy36iFFeTwf6PRCLp7-YAynHwHwQ7FyoaZhGDzzrocnhbTVWQ1BHeOa0AsE.bmxRA8EdH27bq7XobOGl-B482gCv4OJYU9FP-KqP9HY&dib_tag=se&keywords=laptop&qid=1729745572&sprefix=laptop%2Caps%2C128&sr=8-225,957.29,FREE delivery Oct 31 - Nov 7 ,No reviews available,Not available
"HP Premium Stream 14"" HD BrightView Laptop, Intel Celeron N4120, 16GB RAM, 352GB Storage(64GB eMMC+288GB Docking Station Set), Intel UHD Graphics, Webcam, 1 Year Office 365, WiFi, HDMI, Win 11s, White",https://www.amazon.ca/HP-Premium-Stream-BrightView-Graphics/dp/B0D836YBZ5/ref=sr_1_52?crid=1E63C3THFEGDP&dib=eyJ2IjoiMSJ9.akMDTOG5KBho4VWXJdqFI8EQq3zg3Tep4GghGuvoFQ_7cp8iETpMHFO4NgIhB7cnSrYyeL6kWqeyqJujKxZbY4WJ6OVWgaXZyQU9NMzTm12fRp0_aHi6oQPZpwiQK25cXLVKgbjjFaeX1jzmIAXXiGyaBY5Bn_AqJh9gUuU56hc3gH3Jypbn3IFcRZC6idPfLPhOpBgOadc-k3o4vBqT7Ohxiaur0e7JYKLhGAZMTmIfgOTYFC8cZ_1Vg-GClmy7ct76t8Or8SSxPTK0h_Lrzjb0-EHZnyWqZAIzlDe1_qs.Smq7ndAv-9kZOWzK0DqkmjS3Sucx5kL_RA2TnxMk96A&dib_tag=se&keywords=laptop&qid=1729745572&sprefix=laptop%2Caps%2C128&sr=8-52,439.00,4.3,25,Not available
Dell Inspiron 15 3000 3511 11th Gen Intel i5-1135G7 1TB SSD 16GB RAM 15.6-inch FHD Laptop Windows 11 Pro,https://www.amazon.ca/Dell-Inspiron-3511-i5-1135G7-15-6-inch/dp/B09QFRL6BP/ref=sr_1_224?crid=1E63C3THFEGDP&dib=eyJ2IjoiMSJ9.vyT5BBSgt2cX4T0-hKG9fCrM8utZXmkmxN3xLuNgQw6wVAhW-5AklWqDZDHHDrOf0dw6dIklTqdleZmlV6b31ZH8UNazo0Z04bRPs9umLBNrI5LhVPNMXEW9Gyx9yHXiaitBU5-yGKbQpRpfgrKdje0_783rSlzAshG_OKExyD_h6Cseqkn5XoKTXAlnV9emk0y-g3TVeRGPsGG2_YezhDtH3f5uhLGs-MThLTNHo1LYynESUy36iFFeTwf6PRCLp7-YAynHwHwQ7FyoaZhGDzzrocnhbTVWQ1BHeOa0AsE.bmxRA8EdH27bq7XobOGl-B482gCv4OJYU9FP-KqP9HY&dib_tag=se&keywords=laptop&qid=1729745572&sprefix=laptop%2Caps%2C128&sr=8-224,779.00,4.1,10,Not available
"Lenovo ThinkPad X390 Business Laptop, 13.3in FHD(1920x1080) Notebook, Intel Core i5-8365 up to 3.9GHz, 8GB RAM, 256GB SSD, Windows 10pro(Renewed)",https://www.amazon.ca/Lenovo-ThinkPad-X390-Business-1920x1080/dp/B0CLGPPSNR/ref=sr_1_223?crid=1E63C3THFEGDP&dib=eyJ2IjoiMSJ9.vyT5BBSgt2cX4T0-hKG9fCrM8utZXmkmxN3xLuNgQw6wVAhW-5AklWqDZDHHDrOf0dw6dIklTqdleZmlV6b31ZH8UNazo0Z04bRPs9umLBNrI5LhVPNMXEW9Gyx9yHXiaitBU5-yGKbQpRpfgrKdje0_783rSlzAshG_OKExyD_h6Cseqkn5XoKTXAlnV9emk0y-g3TVeRGPsGG2_YezhDtH3f5uhLGs-MThLTNHo1LYynESUy36iFFeTwf6PRCLp7-YAynHwHwQ7FyoaZhGDzzrocnhbTVWQ1BHeOa0AsE.bmxRA8EdH27bq7XobOGl-B482gCv4OJYU9FP-KqP9HY&dib_tag=se&keywords=laptop&qid=1729745572&sprefix=laptop%2Caps%2C128&sr=8-223,299.00,4.0,11,Not available
"Dell Latitude 5400 Laptop | 14"" 1920x1080 FHD | Core i7-8665U - 512GB SSD Hard Drive - 16GB RAM | 4 cores @ 4.8 GHz Win 11 Home Black (Renewed)",https://www.amazon.ca/Dell-Latitude-5400-Laptop-1920x1080/dp/B0D28HRSLG/ref=sr_1_222?crid=1E63C3THFEGDP&dib=eyJ2IjoiMSJ9.vyT5BBSgt2cX4T0-hKG9fCrM8utZXmkmxN3xLuNgQw6wVAhW-5AklWqDZDHHDrOf0dw6dIklTqdleZmlV6b31ZH8UNazo0Z04bRPs9umLBNrI5LhVPNMXEW9Gyx9yHXiaitBU5-yGKbQpRpfgrKdje0_783rSlzAshG_OKExyD_h6Cseqkn5XoKTXAlnV9emk0y-g3TVeRGPsGG2_YezhDtH3f5uhLGs-MThLTNHo1LYynESUy36iFFeTwf6PRCLp7-YAynHwHwQ7FyoaZhGDzzrocnhbTVWQ1BHeOa0AsE.bmxRA8EdH27bq7XobOGl-B482gCv4OJYU9FP-KqP9HY&dib_tag=se&keywords=laptop&qid=1729745572&sprefix=laptop%2Caps%2C128&sr=8-222,475.00,FREE delivery Oct 28 - 30 ,Only 1 left in stock.,Not available
"HP Stream 14-Inch Laptop, Intel Celeron N4000, 4 GB RAM, 64 GB eMMC, Windows 10 Home in S Mode (14-cb159nr, Jet Black)",https://www.amazon.ca/HP-14-inch-Celeron-Storage-14-cb159nr/dp/B07WMDV7CW/ref=sr_1_221?crid=1E63C3THFEGDP&dib=eyJ2IjoiMSJ9.vyT5BBSgt2cX4T0-hKG9fCrM8utZXmkmxN3xLuNgQw6wVAhW-5AklWqDZDHHDrOf0dw6dIklTqdleZmlV6b31ZH8UNazo0Z04bRPs9umLBNrI5LhVPNMXEW9Gyx9yHXiaitBU5-yGKbQpRpfgrKdje0_783rSlzAshG_OKExyD_h6Cseqkn5XoKTXAlnV9emk0y-g3TVeRGPsGG2_YezhDtH3f5uhLGs-MThLTNHo1LYynESUy36iFFeTwf6PRCLp7-YAynHwHwQ7FyoaZhGDzzrocnhbTVWQ1BHeOa0AsE.bmxRA8EdH27bq7XobOGl-B482gCv4OJYU9FP-KqP9HY&dib_tag=se&keywords=laptop&qid=1729745572&sprefix=laptop%2Caps%2C128&sr=8-221,369.00,4.3,"2,696",Not available
"HP Stream 14"" HD Anti-Glare Laptop, Intel Pentium Silver N5030, 16GB RAM, 1.16TB Storage(1TB SSD + 160GB Docking Station Set), Intel UHD Graphics, 720p Camera, 1 Year Office 365, Win 11 S, Silver",https://www.amazon.ca/HP-Stream-Anti-Glare-Pentium-Graphics/dp/B0DBL3TSKY/ref=sr_1_220?crid=1E63C3THFEGDP&dib=eyJ2IjoiMSJ9.vyT5BBSgt2cX4T0-hKG9fCrM8utZXmkmxN3xLuNgQw6wVAhW-5AklWqDZDHHDrOf0dw6dIklTqdleZmlV6b31ZH8UNazo0Z04bRPs9umLBNrI5LhVPNMXEW9Gyx9yHXiaitBU5-yGKbQpRpfgrKdje0_783rSlzAshG_OKExyD_h6Cseqkn5XoKTXAlnV9emk0y-g3TVeRGPsGG2_YezhDtH3f5uhLGs-MThLTNHo1LYynESUy36iFFeTwf6PRCLp7-YAynHwHwQ7FyoaZhGDzzrocnhbTVWQ1BHeOa0AsE.bmxRA8EdH27bq7XobOGl-B482gCv4OJYU9FP-KqP9HY&dib_tag=se&keywords=laptop&qid=1729745572&sprefix=laptop%2Caps%2C128&sr=8-220,549.00,4.3,126,Not available
"Dell Latitude 5400 Laptop 14in FHD, Intel Core i5 8th Gen- i5-8365U Quad Core, New 1 TB NVME SSD, 32 GB DDR4 RAM, Windows 10 Pro (Renewed)",https://www.amazon.ca/Latitude-5400-i5-8365U-Windows-Renewed/dp/B09VRM3L4K/ref=sr_1_219?crid=1E63C3THFEGDP&dib=eyJ2IjoiMSJ9.vyT5BBSgt2cX4T0-hKG9fCrM8utZXmkmxN3xLuNgQw6wVAhW-5AklWqDZDHHDrOf0dw6dIklTqdleZmlV6b31ZH8UNazo0Z04bRPs9umLBNrI5LhVPNMXEW9Gyx9yHXiaitBU5-yGKbQpRpfgrKdje0_783rSlzAshG_OKExyD_h6Cseqkn5XoKTXAlnV9emk0y-g3TVeRGPsGG2_YezhDtH3f5uhLGs-MThLTNHo1LYynESUy36iFFeTwf6PRCLp7-YAynHwHwQ7FyoaZhGDzzrocnhbTVWQ1BHeOa0AsE.bmxRA8EdH27bq7XobOGl-B482gCv4OJYU9FP-KqP9HY&dib_tag=se&keywords=laptop&qid=1729745572&sprefix=laptop%2Caps%2C128&sr=8-219,387.00,FREE delivery Oct 28 - 29 ,No reviews available,Not available
"HP 15.6"" FHD Laptop, Intel i3-1215U, 16GB RAM, 512GB SSD, Intel UHD Graphics, HD Webcam, Numpad, Wi-Fi 6, Bluetooth, Gray, Windows 11 Pro, 32GB Hotface USB Card",https://www.amazon.ca/HP-i3-1215U-Graphics-Bluetooth-Windows/dp/B0CPHV8CCQ/ref=sr_1_218?crid=1E63C3THFEGDP&dib=eyJ2IjoiMSJ9.vyT5BBSgt2cX4T0-hKG9fCrM8utZXmkmxN3xLuNgQw6wVAhW-5AklWqDZDHHDrOf0dw6dIklTqdleZmlV6b31ZH8UNazo0Z04bRPs9umLBNrI5LhVPNMXEW9Gyx9yHXiaitBU5-yGKbQpRpfgrKdje0_783rSlzAshG_OKExyD_h6Cseqkn5XoKTXAlnV9emk0y-g3TVeRGPsGG2_YezhDtH3f5uhLGs-MThLTNHo1LYynESUy36iFFeTwf6PRCLp7-YAynHwHwQ7FyoaZhGDzzrocnhbTVWQ1BHeOa0AsE.bmxRA8EdH27bq7XobOGl-B482gCv4OJYU9FP-KqP9HY&dib_tag=se&keywords=laptop&qid=1729745572&sprefix=laptop%2Caps%2C128&sr=8-218,599.00,4.1,151,Not available
"ASUS VivoBook Go 14 Flip Thin and Light 2-in-1 Laptop, 14” HD Touch, Intel Celeron, 4GB RAM, 128GB eMMC, Windows 11 Home in S mode + Microsoft 365 Personal 1-year, J1401KA-AS01-CA",https://www.amazon.ca/VivoBook-Celeron-Microsoft-Personal-J1401KA-AS01-CA/dp/B09T8S3N4D/ref=sr_1_217?crid=1E63C3THFEGDP&dib=eyJ2IjoiMSJ9.vyT5BBSgt2cX4T0-hKG9fCrM8utZXmkmxN3xLuNgQw6wVAhW-5AklWqDZDHHDrOf0dw6dIklTqdleZmlV6b31ZH8UNazo0Z04bRPs9umLBNrI5LhVPNMXEW9Gyx9yHXiaitBU5-yGKbQpRpfgrKdje0_783rSlzAshG_OKExyD_h6Cseqkn5XoKTXAlnV9emk0y-g3TVeRGPsGG2_YezhDtH3f5uhLGs-MThLTNHo1LYynESUy36iFFeTwf6PRCLp7-YAynHwHwQ7FyoaZhGDzzrocnhbTVWQ1BHeOa0AsE.bmxRA8EdH27bq7XobOGl-B482gCv4OJYU9FP-KqP9HY&dib_tag=se&keywords=laptop&qid=1729745572&sprefix=laptop%2Caps%2C128&sr=8-217,379.00,3.2,75,Not available
"HP EliteBook 830 G7 13"" Laptop, Intel Core i7-10th Gen, 32GB, 512GB SSD, Win11 Pro (Renewed)",https://www.amazon.ca/HP-EliteBook-830-G7-i7-10th/dp/B0CWWF8149/ref=sr_1_216?crid=1E63C3THFEGDP&dib=eyJ2IjoiMSJ9.vyT5BBSgt2cX4T0-hKG9fCrM8utZXmkmxN3xLuNgQw6wVAhW-5AklWqDZDHHDrOf0dw6dIklTqdleZmlV6b31ZH8UNazo0Z04bRPs9umLBNrI5LhVPNMXEW9Gyx9yHXiaitBU5-yGKbQpRpfgrKdje0_783rSlzAshG_OKExyD_h6Cseqkn5XoKTXAlnV9emk0y-g3TVeRGPsGG2_YezhDtH3f5uhLGs-MThLTNHo1LYynESUy36iFFeTwf6PRCLp7-YAynHwHwQ7FyoaZhGDzzrocnhbTVWQ1BHeOa0AsE.bmxRA8EdH27bq7XobOGl-B482gCv4OJYU9FP-KqP9HY&dib_tag=se&keywords=laptop&qid=1729745572&sprefix=laptop%2Caps%2C128&sr=8-216,519.00,2.5,2,Not available
"DELL Latitude 7420 Business Laptop, Touchscreen Notebook, 14"" FHD(1920x1080), Intel Core i7-1185G7, 32GB RAM, 512GB SSD, Backlit Keyboard, WiFi, Bluetooth, Windows 11 Pro-Carbon Fiber(Renewed)",https://www.amazon.ca/Latitude-7420-Touchscreen-1920x1080-Pro-Carbon/dp/B0CDBXNQZV/ref=sr_1_215?crid=1E63C3THFEGDP&dib=eyJ2IjoiMSJ9.vyT5BBSgt2cX4T0-hKG9fCrM8utZXmkmxN3xLuNgQw6wVAhW-5AklWqDZDHHDrOf0dw6dIklTqdleZmlV6b31ZH8UNazo0Z04bRPs9umLBNrI5LhVPNMXEW9Gyx9yHXiaitBU5-yGKbQpRpfgrKdje0_783rSlzAshG_OKExyD_h6Cseqkn5XoKTXAlnV9emk0y-g3TVeRGPsGG2_YezhDtH3f5uhLGs-MThLTNHo1LYynESUy36iFFeTwf6PRCLp7-YAynHwHwQ7FyoaZhGDzzrocnhbTVWQ1BHeOa0AsE.bmxRA8EdH27bq7XobOGl-B482gCv4OJYU9FP-KqP9HY&dib_tag=se&keywords=laptop&qid=1729745572&sprefix=laptop%2Caps%2C128&sr=8-215,649.00,4.1,35,Not available
"Dell Latitude 5320 2in1 Laptop Gen 2, 13.3in Touchscreen Laptop Comnputer 5320 11th, Quad Core i5-11th, 16GB RAM, 512GB SSD, Win10 pro(Renewed)",https://www.amazon.ca/Dell-Latitude-5320-2in1-Touchscreen/dp/B0DGG5NCKQ/ref=sr_1_214?crid=1E63C3THFEGDP&dib=eyJ2IjoiMSJ9.vyT5BBSgt2cX4T0-hKG9fCrM8utZXmkmxN3xLuNgQw6wVAhW-5AklWqDZDHHDrOf0dw6dIklTqdleZmlV6b31ZH8UNazo0Z04bRPs9umLBNrI5LhVPNMXEW9Gyx9yHXiaitBU5-yGKbQpRpfgrKdje0_783rSlzAshG_OKExyD_h6Cseqkn5XoKTXAlnV9emk0y-g3TVeRGPsGG2_YezhDtH3f5uhLGs-MThLTNHo1LYynESUy36iFFeTwf6PRCLp7-YAynHwHwQ7FyoaZhGDzzrocnhbTVWQ1BHeOa0AsE.bmxRA8EdH27bq7XobOGl-B482gCv4OJYU9FP-KqP9HY&dib_tag=se&keywords=laptop&qid=1729745572&sprefix=laptop%2Caps%2C128&sr=8-214,499.70,"FREE delivery Tue, Oct 29 ",Save 8%,Not available
"Lenovo IdeaPad 3 Laptop, 15.6"" FHD Touchscreen, Intel Core i3-1115G4, 16GB RAM, 512GB SSD, SD Card Reader, HDMI, Webcam, Wi-Fi 6, Windows 11 Home, Grey",https://www.amazon.ca/Lenovo-IdeaPad-Touchscreen-i3-1115G4-Windows/dp/B0C157S95V/ref=sr_1_213?crid=1E63C3THFEGDP&dib=eyJ2IjoiMSJ9.vyT5BBSgt2cX4T0-hKG9fCrM8utZXmkmxN3xLuNgQw6wVAhW-5AklWqDZDHHDrOf0dw6dIklTqdleZmlV6b31ZH8UNazo0Z04bRPs9umLBNrI5LhVPNMXEW9Gyx9yHXiaitBU5-yGKbQpRpfgrKdje0_783rSlzAshG_OKExyD_h6Cseqkn5XoKTXAlnV9emk0y-g3TVeRGPsGG2_YezhDtH3f5uhLGs-MThLTNHo1LYynESUy36iFFeTwf6PRCLp7-YAynHwHwQ7FyoaZhGDzzrocnhbTVWQ1BHeOa0AsE.bmxRA8EdH27bq7XobOGl-B482gCv4OJYU9FP-KqP9HY&dib_tag=se&keywords=laptop&qid=1729745572&sprefix=laptop%2Caps%2C128&sr=8-213,579.00,4.1,30,Not available
LG gram Pro 16 Inch with WQXGA (2560 * 1600) IPS Display | Intel® Core™ Ultra7 155H | 32GB | 1TB | NVIDIA RTX3050,https://www.amazon.ca/LG-Display-Intel%C2%AE-CoreTM-RTX3050/dp/B0D1312P29/ref=sr_1_212?crid=1E63C3THFEGDP&dib=eyJ2IjoiMSJ9.vyT5BBSgt2cX4T0-hKG9fCrM8utZXmkmxN3xLuNgQw6wVAhW-5AklWqDZDHHDrOf0dw6dIklTqdleZmlV6b31ZH8UNazo0Z04bRPs9umLBNrI5LhVPNMXEW9Gyx9yHXiaitBU5-yGKbQpRpfgrKdje0_783rSlzAshG_OKExyD_h6Cseqkn5XoKTXAlnV9emk0y-g3TVeRGPsGG2_YezhDtH3f5uhLGs-MThLTNHo1LYynESUy36iFFeTwf6PRCLp7-YAynHwHwQ7FyoaZhGDzzrocnhbTVWQ1BHeOa0AsE.bmxRA8EdH27bq7XobOGl-B482gCv4OJYU9FP-KqP9HY&dib_tag=se&keywords=laptop&qid=1729745572&sprefix=laptop%2Caps%2C128&sr=8-212,"2,699.99","FREE delivery Mon, Oct 28 ",Only 2 left in stock (more on the way).,Not available
"HP Envy 17.3"" FHD Laptop, Intel Core i7-1260P, 64GB RAM, 2TB SSD, Backlit Keyboard, Intel Iris Xe Graphics, Fingerprint Reader, Webcam, Windows 11 Pro, Silver, 32GB Hotface USB Card (Renewed)",https://www.amazon.ca/HP-i7-1260P-Keyboard-Graphics-Fingerprint/dp/B0CSD4R94X/ref=sr_1_211?crid=1E63C3THFEGDP&dib=eyJ2IjoiMSJ9.vyT5BBSgt2cX4T0-hKG9fCrM8utZXmkmxN3xLuNgQw6wVAhW-5AklWqDZDHHDrOf0dw6dIklTqdleZmlV6b31ZH8UNazo0Z04bRPs9umLBNrI5LhVPNMXEW9Gyx9yHXiaitBU5-yGKbQpRpfgrKdje0_783rSlzAshG_OKExyD_h6Cseqkn5XoKTXAlnV9emk0y-g3TVeRGPsGG2_YezhDtH3f5uhLGs-MThLTNHo1LYynESUy36iFFeTwf6PRCLp7-YAynHwHwQ7FyoaZhGDzzrocnhbTVWQ1BHeOa0AsE.bmxRA8EdH27bq7XobOGl-B482gCv4OJYU9FP-KqP9HY&dib_tag=se&keywords=laptop&qid=1729745572&sprefix=laptop%2Caps%2C128&sr=8-211,"1,479.00",4.5,2,Not available
"Microsoft Surface Laptop 3 – 13.5"" Touch-Screen – Intel Core i5 - 8GB Memory - 256GB Solid State Drive (Latest Model) – Platinum with Alcantara (Renewed)",https://www.amazon.ca/Microsoft-Surface-Laptop-Touch-Screen-Alcantara/dp/B087N2V66J/ref=sr_1_210?crid=1E63C3THFEGDP&dib=eyJ2IjoiMSJ9.vyT5BBSgt2cX4T0-hKG9fCrM8utZXmkmxN3xLuNgQw6wVAhW-5AklWqDZDHHDrOf0dw6dIklTqdleZmlV6b31ZH8UNazo0Z04bRPs9umLBNrI5LhVPNMXEW9Gyx9yHXiaitBU5-yGKbQpRpfgrKdje0_783rSlzAshG_OKExyD_h6Cseqkn5XoKTXAlnV9emk0y-g3TVeRGPsGG2_YezhDtH3f5uhLGs-MThLTNHo1LYynESUy36iFFeTwf6PRCLp7-YAynHwHwQ7FyoaZhGDzzrocnhbTVWQ1BHeOa0AsE.bmxRA8EdH27bq7XobOGl-B482gCv4OJYU9FP-KqP9HY&dib_tag=se&keywords=laptop&qid=1729745572&sprefix=laptop%2Caps%2C128&sr=8-210,Price not available,4.1,235,Not available
"Dell Business Inspiron 3000 3520 15.6"" Laptop, Intel Core i7-1255U 12th Gen Processor, 16GB RAM, 1TB SSD, Webcam, HDMI, Windows 11 Home (Home, 16GB RAM, 1TB SSD)",https://www.amazon.ca/Dell-Business-Inspiron-3520-Processor/dp/B0BLK9BFN6/ref=sr_1_209?crid=1E63C3THFEGDP&dib=eyJ2IjoiMSJ9.vyT5BBSgt2cX4T0-hKG9fCrM8utZXmkmxN3xLuNgQw6wVAhW-5AklWqDZDHHDrOf0dw6dIklTqdleZmlV6b31ZH8UNazo0Z04bRPs9umLBNrI5LhVPNMXEW9Gyx9yHXiaitBU5-yGKbQpRpfgrKdje0_783rSlzAshG_OKExyD_h6Cseqkn5XoKTXAlnV9emk0y-g3TVeRGPsGG2_YezhDtH3f5uhLGs-MThLTNHo1LYynESUy36iFFeTwf6PRCLp7-YAynHwHwQ7FyoaZhGDzzrocnhbTVWQ1BHeOa0AsE.bmxRA8EdH27bq7XobOGl-B482gCv4OJYU9FP-KqP9HY&dib_tag=se&keywords=laptop&qid=1729745572&sprefix=laptop%2Caps%2C128&sr=8-209,800.90,3.8,35,Not available
"HP 14-inch Laptop, Intel Core i3-N305, 16GB RAM, 256GB SSD, Wi-Fi 6, Bluetooth 5.3, Intel UHD Graphics, Windows 11 Home, Moonlight Blue",https://www.amazon.ca/HP-14-inch-Bluetooth-Graphics-Moonlight/dp/B0D8T955TW/ref=sr_1_208?crid=1E63C3THFEGDP&dib=eyJ2IjoiMSJ9.vyT5BBSgt2cX4T0-hKG9fCrM8utZXmkmxN3xLuNgQw6wVAhW-5AklWqDZDHHDrOf0dw6dIklTqdleZmlV6b31ZH8UNazo0Z04bRPs9umLBNrI5LhVPNMXEW9Gyx9yHXiaitBU5-yGKbQpRpfgrKdje0_783rSlzAshG_OKExyD_h6Cseqkn5XoKTXAlnV9emk0y-g3TVeRGPsGG2_YezhDtH3f5uhLGs-MThLTNHo1LYynESUy36iFFeTwf6PRCLp7-YAynHwHwQ7FyoaZhGDzzrocnhbTVWQ1BHeOa0AsE.bmxRA8EdH27bq7XobOGl-B482gCv4OJYU9FP-KqP9HY&dib_tag=se&keywords=laptop&qid=1729745572&sprefix=laptop%2Caps%2C128&sr=8-208,499.99,5.0,1,Not available
"Dell Latitude 7390 Business Laptop, 13.3-inch FHD (1920 x 1080) Display, Intel Core i5-8th 2.6GHz, 16GB DDR4 RAM, 512GB SSD, Wi-Fi, Camera, Windows 10 Pro (Renewed)",https://www.amazon.ca/Dell-Latitude-Business-13-3-inch-Display/dp/B0CLD9GGGH/ref=sr_1_207?crid=1E63C3THFEGDP&dib=eyJ2IjoiMSJ9.vyT5BBSgt2cX4T0-hKG9fCrM8utZXmkmxN3xLuNgQw6wVAhW-5AklWqDZDHHDrOf0dw6dIklTqdleZmlV6b31ZH8UNazo0Z04bRPs9umLBNrI5LhVPNMXEW9Gyx9yHXiaitBU5-yGKbQpRpfgrKdje0_783rSlzAshG_OKExyD_h6Cseqkn5XoKTXAlnV9emk0y-g3TVeRGPsGG2_YezhDtH3f5uhLGs-MThLTNHo1LYynESUy36iFFeTwf6PRCLp7-YAynHwHwQ7FyoaZhGDzzrocnhbTVWQ1BHeOa0AsE.bmxRA8EdH27bq7XobOGl-B482gCv4OJYU9FP-KqP9HY&dib_tag=se&keywords=laptop&qid=1729745572&sprefix=laptop%2Caps%2C128&sr=8-207,294.00,3.4,4,Not available
"Yoga 11inch Mini Laptop Touch Screen 2-in-1 Pocket PC with FHD Display, 12th Gen N95 CPU (Up to 3.4GHz), 16GB DDR5 RAM, 512GB NVMe SSD, 360° Rotatable, Backlit Keyboard, Dual Wi-Fi, Type-C (GB, 512)",https://www.amazon.ca/11inch-Display-Rotatable-Backlit-Keyboard/dp/B0D5B9J5K2/ref=sr_1_205?crid=1E63C3THFEGDP&dib=eyJ2IjoiMSJ9.vyT5BBSgt2cX4T0-hKG9fCrM8utZXmkmxN3xLuNgQw6wVAhW-5AklWqDZDHHDrOf0dw6dIklTqdleZmlV6b31ZH8UNazo0Z04bRPs9umLBNrI5LhVPNMXEW9Gyx9yHXiaitBU5-yGKbQpRpfgrKdje0_783rSlzAshG_OKExyD_h6Cseqkn5XoKTXAlnV9emk0y-g3TVeRGPsGG2_YezhDtH3f5uhLGs-MThLTNHo1LYynESUy36iFFeTwf6PRCLp7-YAynHwHwQ7FyoaZhGDzzrocnhbTVWQ1BHeOa0AsE.bmxRA8EdH27bq7XobOGl-B482gCv4OJYU9FP-KqP9HY&dib_tag=se&keywords=laptop&qid=1729745572&sprefix=laptop%2Caps%2C128&sr=8-205,499.90,5.0,1,Not available
"Lenovo V15 Gen 2 15.6"" FHD Portable Business and Student Laptop, Intel Dual Core Processor, 16GB RAM, 1TB SSD, HDMI, Wi-Fi, Webcam, Windows 11 Pro, Black…",https://www.amazon.ca/Lenovo-V15-Portable-Business-Processor/dp/B0CXYXXLG8/ref=sr_1_206?crid=1E63C3THFEGDP&dib=eyJ2IjoiMSJ9.vyT5BBSgt2cX4T0-hKG9fCrM8utZXmkmxN3xLuNgQw6wVAhW-5AklWqDZDHHDrOf0dw6dIklTqdleZmlV6b31ZH8UNazo0Z04bRPs9umLBNrI5LhVPNMXEW9Gyx9yHXiaitBU5-yGKbQpRpfgrKdje0_783rSlzAshG_OKExyD_h6Cseqkn5XoKTXAlnV9emk0y-g3TVeRGPsGG2_YezhDtH3f5uhLGs-MThLTNHo1LYynESUy36iFFeTwf6PRCLp7-YAynHwHwQ7FyoaZhGDzzrocnhbTVWQ1BHeOa0AsE.bmxRA8EdH27bq7XobOGl-B482gCv4OJYU9FP-KqP9HY&dib_tag=se&keywords=laptop&qid=1729745572&sprefix=laptop%2Caps%2C128&sr=8-206,639.00,4.3,116,Not available
"HP 15.6"" Full HD Touchscreen Laptop, Intel i7-1255U Processor, 32GB RAM, 1TB SSD, Intel Iris Xe Graphics, Numeric Keyboard, HD Webcam, HDMI, Windows 11, Natural Silver, 32GB Hotface USB Card",https://www.amazon.ca/HP-Touchscreen-i7-1255U-Processor-Graphics/dp/B0CYZC3WZS/ref=sr_1_204?crid=1E63C3THFEGDP&dib=eyJ2IjoiMSJ9.vyT5BBSgt2cX4T0-hKG9fCrM8utZXmkmxN3xLuNgQw6wVAhW-5AklWqDZDHHDrOf0dw6dIklTqdleZmlV6b31ZH8UNazo0Z04bRPs9umLBNrI5LhVPNMXEW9Gyx9yHXiaitBU5-yGKbQpRpfgrKdje0_783rSlzAshG_OKExyD_h6Cseqkn5XoKTXAlnV9emk0y-g3TVeRGPsGG2_YezhDtH3f5uhLGs-MThLTNHo1LYynESUy36iFFeTwf6PRCLp7-YAynHwHwQ7FyoaZhGDzzrocnhbTVWQ1BHeOa0AsE.bmxRA8EdH27bq7XobOGl-B482gCv4OJYU9FP-KqP9HY&dib_tag=se&keywords=laptop&qid=1729745572&sprefix=laptop%2Caps%2C128&sr=8-204,"1,199.00",4.6,8,Not available
"Microsoft Surface Laptop 3 – 13.5"" Touch-Screen – Intel Core i7 - 16GB Memory - 256GB Solid State Drive (Latest Model) – Matte Black (Renewed)",https://www.amazon.ca/Microsoft-Surface-Laptop-Touch-Screen-Renewed/dp/B081ZJ1WW9/ref=sr_1_202?crid=1E63C3THFEGDP&dib=eyJ2IjoiMSJ9.vyT5BBSgt2cX4T0-hKG9fCrM8utZXmkmxN3xLuNgQw6wVAhW-5AklWqDZDHHDrOf0dw6dIklTqdleZmlV6b31ZH8UNazo0Z04bRPs9umLBNrI5LhVPNMXEW9Gyx9yHXiaitBU5-yGKbQpRpfgrKdje0_783rSlzAshG_OKExyD_h6Cseqkn5XoKTXAlnV9emk0y-g3TVeRGPsGG2_YezhDtH3f5uhLGs-MThLTNHo1LYynESUy36iFFeTwf6PRCLp7-YAynHwHwQ7FyoaZhGDzzrocnhbTVWQ1BHeOa0AsE.bmxRA8EdH27bq7XobOGl-B482gCv4OJYU9FP-KqP9HY&dib_tag=se&keywords=laptop&qid=1729745572&sprefix=laptop%2Caps%2C128&sr=8-202,661.11,4.0,64,Not available
"Lenovo Ideapad 1 14"" HD Laptop, Intel Celeron N4020, 4GB RAM, 224GB Storage (64GB eMMC + 160GB Docking Station), Intel UHD Graphics, Wi-Fi 6, Bluetooth, Webcam, Dolby Audio, Win 11, Grey",https://www.amazon.ca/Lenovo-Ideapad-14-Graphics-Bluetooth/dp/B0D66G2DJR/ref=sr_1_201?crid=1E63C3THFEGDP&dib=eyJ2IjoiMSJ9.vyT5BBSgt2cX4T0-hKG9fCrM8utZXmkmxN3xLuNgQw6wVAhW-5AklWqDZDHHDrOf0dw6dIklTqdleZmlV6b31ZH8UNazo0Z04bRPs9umLBNrI5LhVPNMXEW9Gyx9yHXiaitBU5-yGKbQpRpfgrKdje0_783rSlzAshG_OKExyD_h6Cseqkn5XoKTXAlnV9emk0y-g3TVeRGPsGG2_YezhDtH3f5uhLGs-MThLTNHo1LYynESUy36iFFeTwf6PRCLp7-YAynHwHwQ7FyoaZhGDzzrocnhbTVWQ1BHeOa0AsE.bmxRA8EdH27bq7XobOGl-B482gCv4OJYU9FP-KqP9HY&dib_tag=se&keywords=laptop&qid=1729745572&sprefix=laptop%2Caps%2C128&sr=8-201,319.00,4.7,44,Not available
"Acer Aspire 3 Thin & Light Laptop - 15.6"" Full HD IPS Touch Display - AMD Ryzen 5 7520U - 8GB LPDDR5-512GB SSD - Wi-Fi 6 - Steam Blue - Windows 11 Home",https://www.amazon.ca/Acer-Aspire-Thin-Light-Laptop/dp/B0CH3YM6LZ/ref=sr_1_203?crid=1E63C3THFEGDP&dib=eyJ2IjoiMSJ9.vyT5BBSgt2cX4T0-hKG9fCrM8utZXmkmxN3xLuNgQw6wVAhW-5AklWqDZDHHDrOf0dw6dIklTqdleZmlV6b31ZH8UNazo0Z04bRPs9umLBNrI5LhVPNMXEW9Gyx9yHXiaitBU5-yGKbQpRpfgrKdje0_783rSlzAshG_OKExyD_h6Cseqkn5XoKTXAlnV9emk0y-g3TVeRGPsGG2_YezhDtH3f5uhLGs-MThLTNHo1LYynESUy36iFFeTwf6PRCLp7-YAynHwHwQ7FyoaZhGDzzrocnhbTVWQ1BHeOa0AsE.bmxRA8EdH27bq7XobOGl-B482gCv4OJYU9FP-KqP9HY&dib_tag=se&keywords=laptop&qid=1729745572&sprefix=laptop%2Caps%2C128&sr=8-203,582.00,4.1,6,Not available
"HP 15.6"" HD Touchscreen Laptop, Intel i3-1215U, 16GB RAM, 512GB PCIe SSD, Intel UHD Graphics, Numeric Keypad, HD Webcam, Wi-Fi 5, Natural Silver, Win 11 Pro, 32GB Hotface USB Card",https://www.amazon.ca/HP-15-6-Touchscreen-i3-1215U-Graphics/dp/B0CNWWJRR6/ref=sr_1_200?crid=1E63C3THFEGDP&dib=eyJ2IjoiMSJ9.vyT5BBSgt2cX4T0-hKG9fCrM8utZXmkmxN3xLuNgQw6wVAhW-5AklWqDZDHHDrOf0dw6dIklTqdleZmlV6b31ZH8UNazo0Z04bRPs9umLBNrI5LhVPNMXEW9Gyx9yHXiaitBU5-yGKbQpRpfgrKdje0_783rSlzAshG_OKExyD_h6Cseqkn5XoKTXAlnV9emk0y-g3TVeRGPsGG2_YezhDtH3f5uhLGs-MThLTNHo1LYynESUy36iFFeTwf6PRCLp7-YAynHwHwQ7FyoaZhGDzzrocnhbTVWQ1BHeOa0AsE.bmxRA8EdH27bq7XobOGl-B482gCv4OJYU9FP-KqP9HY&dib_tag=se&keywords=laptop&qid=1729745572&sprefix=laptop%2Caps%2C128&sr=8-200,669.00,4.2,99,Not available
"HP 15.6"" Screen FHD Laptop, Intel Core i5-1135G7, 8GB RAM, 256GB SSD, Natural Silver, Windows 11 Home, 15-dy2795wm Notebook",https://www.amazon.ca/HP-i5-1135G7-Natural-15-dy2795wm-Notebook/dp/B0BNQJF8HX/ref=sr_1_198?crid=1E63C3THFEGDP&dib=eyJ2IjoiMSJ9.vyT5BBSgt2cX4T0-hKG9fCrM8utZXmkmxN3xLuNgQw6wVAhW-5AklWqDZDHHDrOf0dw6dIklTqdleZmlV6b31ZH8UNazo0Z04bRPs9umLBNrI5LhVPNMXEW9Gyx9yHXiaitBU5-yGKbQpRpfgrKdje0_783rSlzAshG_OKExyD_h6Cseqkn5XoKTXAlnV9emk0y-g3TVeRGPsGG2_YezhDtH3f5uhLGs-MThLTNHo1LYynESUy36iFFeTwf6PRCLp7-YAynHwHwQ7FyoaZhGDzzrocnhbTVWQ1BHeOa0AsE.bmxRA8EdH27bq7XobOGl-B482gCv4OJYU9FP-KqP9HY&dib_tag=se&keywords=laptop&qid=1729745572&sprefix=laptop%2Caps%2C128&sr=8-198,585.00,4.2,6,Not available
"Acer Chromebook Spin 314 | 14"" Touch Screen | Intel N6000 CPU | 8GB LPDDR4X | 128GB eMMC | WiFi AX (1 yr Manufacturer Warranty) (Renewed)",https://www.amazon.ca/Acer-Chromebook-LPDDR4X-Manufacturer-Warranty/dp/B0CL1L29P4/ref=sr_1_199?crid=1E63C3THFEGDP&dib=eyJ2IjoiMSJ9.vyT5BBSgt2cX4T0-hKG9fCrM8utZXmkmxN3xLuNgQw6wVAhW-5AklWqDZDHHDrOf0dw6dIklTqdleZmlV6b31ZH8UNazo0Z04bRPs9umLBNrI5LhVPNMXEW9Gyx9yHXiaitBU5-yGKbQpRpfgrKdje0_783rSlzAshG_OKExyD_h6Cseqkn5XoKTXAlnV9emk0y-g3TVeRGPsGG2_YezhDtH3f5uhLGs-MThLTNHo1LYynESUy36iFFeTwf6PRCLp7-YAynHwHwQ7FyoaZhGDzzrocnhbTVWQ1BHeOa0AsE.bmxRA8EdH27bq7XobOGl-B482gCv4OJYU9FP-KqP9HY&dib_tag=se&keywords=laptop&qid=1729745572&sprefix=laptop%2Caps%2C128&sr=8-199,339.00,4.0,47,Not available
LG gram Pro 16 Inch with WQXGA+ (2880 * 1800) OLED Display | Intel® Core™ Ultra7 155H | 32GB | 1TB | NVIDIA RTX3050,https://www.amazon.ca/LG-Display-Intel%C2%AE-CoreTM-RTX3050/dp/B0D11Z68VM/ref=sr_1_197?crid=1E63C3THFEGDP&dib=eyJ2IjoiMSJ9.vyT5BBSgt2cX4T0-hKG9fCrM8utZXmkmxN3xLuNgQw6wVAhW-5AklWqDZDHHDrOf0dw6dIklTqdleZmlV6b31ZH8UNazo0Z04bRPs9umLBNrI5LhVPNMXEW9Gyx9yHXiaitBU5-yGKbQpRpfgrKdje0_783rSlzAshG_OKExyD_h6Cseqkn5XoKTXAlnV9emk0y-g3TVeRGPsGG2_YezhDtH3f5uhLGs-MThLTNHo1LYynESUy36iFFeTwf6PRCLp7-YAynHwHwQ7FyoaZhGDzzrocnhbTVWQ1BHeOa0AsE.bmxRA8EdH27bq7XobOGl-B482gCv4OJYU9FP-KqP9HY&dib_tag=se&keywords=laptop&qid=1729745572&sprefix=laptop%2Caps%2C128&sr=8-197,"2,599.99",5.0,1,Not available
"Svikou AozPad 11 inch Convertible Laptop, 2-in-1 FHD Touchscreen Notebook, 12th Gen N95 CPU(Up to 3.4Ghz) 16GB DDR5 RAM, 512GB SSD, Win 11 Pro/360° Flip Screen/BacklitKeyboard/TypeC/ (GB, 512)",https://www.amazon.ca/Svikou-Convertible-Touchscreen-Notebook-BacklitKeyboard/dp/B0D5BB3G7D/ref=sr_1_196?crid=1E63C3THFEGDP&dib=eyJ2IjoiMSJ9.vyT5BBSgt2cX4T0-hKG9fCrM8utZXmkmxN3xLuNgQw6wVAhW-5AklWqDZDHHDrOf0dw6dIklTqdleZmlV6b31ZH8UNazo0Z04bRPs9umLBNrI5LhVPNMXEW9Gyx9yHXiaitBU5-yGKbQpRpfgrKdje0_783rSlzAshG_OKExyD_h6Cseqkn5XoKTXAlnV9emk0y-g3TVeRGPsGG2_YezhDtH3f5uhLGs-MThLTNHo1LYynESUy36iFFeTwf6PRCLp7-YAynHwHwQ7FyoaZhGDzzrocnhbTVWQ1BHeOa0AsE.bmxRA8EdH27bq7XobOGl-B482gCv4OJYU9FP-KqP9HY&dib_tag=se&keywords=laptop&qid=1729745572&sprefix=laptop%2Caps%2C128&sr=8-196,449.99,4.2,6,Not available
"Apple 2024 MacBook Air 15-inch Laptop with M3 chip: Built for Apple Intelligence, 15.3-inch Liquid Retina Display, 8GB Unified Memory, 256GB SSD Storage; Midnight, French Backlit Keyboard",https://www.amazon.ca/Apple-2024-MacBook-15-inch-Laptop/dp/B0CX24FZPT/ref=sr_1_195?crid=1E63C3THFEGDP&dib=eyJ2IjoiMSJ9.vyT5BBSgt2cX4T0-hKG9fCrM8utZXmkmxN3xLuNgQw6wVAhW-5AklWqDZDHHDrOf0dw6dIklTqdleZmlV6b31ZH8UNazo0Z04bRPs9umLBNrI5LhVPNMXEW9Gyx9yHXiaitBU5-yGKbQpRpfgrKdje0_783rSlzAshG_OKExyD_h6Cseqkn5XoKTXAlnV9emk0y-g3TVeRGPsGG2_YezhDtH3f5uhLGs-MThLTNHo1LYynESUy36iFFeTwf6PRCLp7-YAynHwHwQ7FyoaZhGDzzrocnhbTVWQ1BHeOa0AsE.bmxRA8EdH27bq7XobOGl-B482gCv4OJYU9FP-KqP9HY&dib_tag=se&keywords=laptop&qid=1729745572&sprefix=laptop%2Caps%2C128&sr=8-195,"1,999.00",4.7,714,Not available
"ASUS Vivobook 15.6"" FHD Touchscreen Laptop, Intel i5-1135G7 Processor, 20GB RAM, 1TB PCIe SSD, Intel Iris Xe Graphics, Number Pad, Bluetooth, Win 11 Pro, Gray, 32GB Hotface USB Card",https://www.amazon.ca/ASUS-Vivobook-Touchscreen-i5-1135G7-Processor/dp/B0CSFGWHHV/ref=sr_1_194?crid=1E63C3THFEGDP&dib=eyJ2IjoiMSJ9.vyT5BBSgt2cX4T0-hKG9fCrM8utZXmkmxN3xLuNgQw6wVAhW-5AklWqDZDHHDrOf0dw6dIklTqdleZmlV6b31ZH8UNazo0Z04bRPs9umLBNrI5LhVPNMXEW9Gyx9yHXiaitBU5-yGKbQpRpfgrKdje0_783rSlzAshG_OKExyD_h6Cseqkn5XoKTXAlnV9emk0y-g3TVeRGPsGG2_YezhDtH3f5uhLGs-MThLTNHo1LYynESUy36iFFeTwf6PRCLp7-YAynHwHwQ7FyoaZhGDzzrocnhbTVWQ1BHeOa0AsE.bmxRA8EdH27bq7XobOGl-B482gCv4OJYU9FP-KqP9HY&dib_tag=se&keywords=laptop&qid=1729745572&sprefix=laptop%2Caps%2C128&sr=8-194,829.00,4.1,109,Not available
"HP 15.6"" FHD Laptop - AMD Ryzen 5 7520U, 16GB RAM, 256GB SSD, Win 11 - Natural Silver (15-fc0093dx)",https://www.amazon.ca/HP-15-6-FHD-Laptop-15-fc0093dx/dp/B0CRSSZQCV/ref=sr_1_271?crid=1E63C3THFEGDP&dib=eyJ2IjoiMSJ9.UD6ugI5eMGi-goeWpRbPkGs-M1H22VD6ry80d-nyuIV0j5L_ce_nlqf79GzEcuPKPtPzOJyn4jpooJeqI1huHh7W-rBDv8LcCLXssKPE57bwtAnp2de4Wm3I08l7BELZgK9shwL95KSXT133rm2LUHUYY4jph5l8kvBzvzjncC2mdLKNuTZjN80Zfp_h-iSAttoPGxqO8c7MPvp_YaKleG-o3lV4WOi2mpBpRq57T6czlYVLRvUf3BMvvc8VKmREI7OpYlL1sl9l3MkMmA-4Sy1i7XNw-N7WjUHZ6QekbX4.Rqri-sD6gBHHByPcXpEEGnBllzGDHoeVkvnYnJYOAnA&dib_tag=se&keywords=laptop&qid=1729745572&sprefix=laptop%2Caps%2C128&sr=8-271,599.98,4.2,4,Not available
"Microsoft Surface Laptop 4 (2021): 15"" Touchscreen Laptop (AMD Ryzen 7/8GB RAM/256GB SSD) Platinum - English Keyboard",https://www.amazon.ca/Microsoft-Surface-Laptop-Touchscreen-Platinum/dp/B08YWY6QKC/ref=sr_1_269?crid=1E63C3THFEGDP&dib=eyJ2IjoiMSJ9.UD6ugI5eMGi-goeWpRbPkGs-M1H22VD6ry80d-nyuIV0j5L_ce_nlqf79GzEcuPKPtPzOJyn4jpooJeqI1huHh7W-rBDv8LcCLXssKPE57bwtAnp2de4Wm3I08l7BELZgK9shwL95KSXT133rm2LUHUYY4jph5l8kvBzvzjncC2mdLKNuTZjN80Zfp_h-iSAttoPGxqO8c7MPvp_YaKleG-o3lV4WOi2mpBpRq57T6czlYVLRvUf3BMvvc8VKmREI7OpYlL1sl9l3MkMmA-4Sy1i7XNw-N7WjUHZ6QekbX4.Rqri-sD6gBHHByPcXpEEGnBllzGDHoeVkvnYnJYOAnA&dib_tag=se&keywords=laptop&qid=1729745572&sprefix=laptop%2Caps%2C128&sr=8-269,899.00,4.4,698,Not available
"HP 17.3"" Anti-Glare FHD Business Laptop, Intel Core i5-1235U, 32GB RAM, 1TB SSD, Intel Iris Xe Graphics, Backlit Keyboard, Webcam, Wi-Fi, Bluetooth, Silver, Win 11 Pro, 32GB Hotface USB Card (Renewed)",https://www.amazon.ca/HP-17-3-Anti-Glare-Business-Bluetooth/dp/B0CTSX8M36/ref=sr_1_270?crid=1E63C3THFEGDP&dib=eyJ2IjoiMSJ9.UD6ugI5eMGi-goeWpRbPkGs-M1H22VD6ry80d-nyuIV0j5L_ce_nlqf79GzEcuPKPtPzOJyn4jpooJeqI1huHh7W-rBDv8LcCLXssKPE57bwtAnp2de4Wm3I08l7BELZgK9shwL95KSXT133rm2LUHUYY4jph5l8kvBzvzjncC2mdLKNuTZjN80Zfp_h-iSAttoPGxqO8c7MPvp_YaKleG-o3lV4WOi2mpBpRq57T6czlYVLRvUf3BMvvc8VKmREI7OpYlL1sl9l3MkMmA-4Sy1i7XNw-N7WjUHZ6QekbX4.Rqri-sD6gBHHByPcXpEEGnBllzGDHoeVkvnYnJYOAnA&dib_tag=se&keywords=laptop&qid=1729745572&sprefix=laptop%2Caps%2C128&sr=8-270,899.00,5.0,5,Not available
"Rose Gold Laptop 15.6 inch FHD IPS Screen, High Speed Celeron N5095(2.0-2.9Ghz), 16G DDR4 RAM 1TB SSD Business/Student Laptop Computer/Backlit KB (16+1TB)",https://www.amazon.ca/Celeron-2-0-2-9Ghz-Business-Student-Computer/dp/B0D3LVT9C2/ref=sr_1_267?crid=1E63C3THFEGDP&dib=eyJ2IjoiMSJ9.UD6ugI5eMGi-goeWpRbPkGs-M1H22VD6ry80d-nyuIV0j5L_ce_nlqf79GzEcuPKPtPzOJyn4jpooJeqI1huHh7W-rBDv8LcCLXssKPE57bwtAnp2de4Wm3I08l7BELZgK9shwL95KSXT133rm2LUHUYY4jph5l8kvBzvzjncC2mdLKNuTZjN80Zfp_h-iSAttoPGxqO8c7MPvp_YaKleG-o3lV4WOi2mpBpRq57T6czlYVLRvUf3BMvvc8VKmREI7OpYlL1sl9l3MkMmA-4Sy1i7XNw-N7WjUHZ6QekbX4.Rqri-sD6gBHHByPcXpEEGnBllzGDHoeVkvnYnJYOAnA&dib_tag=se&keywords=laptop&qid=1729745572&sprefix=laptop%2Caps%2C128&sr=8-267,499.90,4.1,5,Not available
"ASUS TUF Gaming A17 (2024) Gaming Laptop, 17.3” FHD 144Hz Display, GeForce RTX 4050, AMD Ryzen 7 7735HS, 16GB DDR5, 512GB PCIe 4.0 SSD, Wi-Fi 6, Windows 11, FA707NU-DS71-CA",https://www.amazon.ca/Gaming-Display-GeForce-Windows-FA707NU-DS71-CA/dp/B0CSDX37TJ/ref=sr_1_268?crid=1E63C3THFEGDP&dib=eyJ2IjoiMSJ9.UD6ugI5eMGi-goeWpRbPkGs-M1H22VD6ry80d-nyuIV0j5L_ce_nlqf79GzEcuPKPtPzOJyn4jpooJeqI1huHh7W-rBDv8LcCLXssKPE57bwtAnp2de4Wm3I08l7BELZgK9shwL95KSXT133rm2LUHUYY4jph5l8kvBzvzjncC2mdLKNuTZjN80Zfp_h-iSAttoPGxqO8c7MPvp_YaKleG-o3lV4WOi2mpBpRq57T6czlYVLRvUf3BMvvc8VKmREI7OpYlL1sl9l3MkMmA-4Sy1i7XNw-N7WjUHZ6QekbX4.Rqri-sD6gBHHByPcXpEEGnBllzGDHoeVkvnYnJYOAnA&dib_tag=se&keywords=laptop&qid=1729745572&sprefix=laptop%2Caps%2C128&sr=8-268,"1,199.00",4.5,2,Not available
"Lenovo V15 GEN 3 15.6"" FHD Business Laptop, AMD Ryzen 5 7520U, 16GB RAM, 512GB PCIe SSD, AMD Radeon Graphics, HD Camera, Dolby Audio, Wi-Fi 6, Bluetooth, Win 11 Pro, Black, 32GB Hotface USB Card",https://www.amazon.ca/Lenovo-V15-Business-Graphics-Bluetooth/dp/B0CVTXFZMC/ref=sr_1_265?crid=1E63C3THFEGDP&dib=eyJ2IjoiMSJ9.UD6ugI5eMGi-goeWpRbPkGs-M1H22VD6ry80d-nyuIV0j5L_ce_nlqf79GzEcuPKPtPzOJyn4jpooJeqI1huHh7W-rBDv8LcCLXssKPE57bwtAnp2de4Wm3I08l7BELZgK9shwL95KSXT133rm2LUHUYY4jph5l8kvBzvzjncC2mdLKNuTZjN80Zfp_h-iSAttoPGxqO8c7MPvp_YaKleG-o3lV4WOi2mpBpRq57T6czlYVLRvUf3BMvvc8VKmREI7OpYlL1sl9l3MkMmA-4Sy1i7XNw-N7WjUHZ6QekbX4.Rqri-sD6gBHHByPcXpEEGnBllzGDHoeVkvnYnJYOAnA&dib_tag=se&keywords=laptop&qid=1729745572&sprefix=laptop%2Caps%2C128&sr=8-265,789.00,5.0,1,Not available
"Dell Latitude 5400 14"" Business Laptop, Intel Core i5-8265U up to 3.9GHz, 16GB DDR4 RAM 512GB SSD, Type-C, HDMI, Webcam, Windows 10 Pro (Renewed)",https://www.amazon.ca/Dell-Latitude-Business-i5-8265U-Windows/dp/B0CLRP75PQ/ref=sr_1_266?crid=1E63C3THFEGDP&dib=eyJ2IjoiMSJ9.UD6ugI5eMGi-goeWpRbPkGs-M1H22VD6ry80d-nyuIV0j5L_ce_nlqf79GzEcuPKPtPzOJyn4jpooJeqI1huHh7W-rBDv8LcCLXssKPE57bwtAnp2de4Wm3I08l7BELZgK9shwL95KSXT133rm2LUHUYY4jph5l8kvBzvzjncC2mdLKNuTZjN80Zfp_h-iSAttoPGxqO8c7MPvp_YaKleG-o3lV4WOi2mpBpRq57T6czlYVLRvUf3BMvvc8VKmREI7OpYlL1sl9l3MkMmA-4Sy1i7XNw-N7WjUHZ6QekbX4.Rqri-sD6gBHHByPcXpEEGnBllzGDHoeVkvnYnJYOAnA&dib_tag=se&keywords=laptop&qid=1729745572&sprefix=laptop%2Caps%2C128&sr=8-266,360.00,3.8,19,Not available
"ASUS ExpertBook B1 B1402CVA-P51-CB Business Laptop, 14"" FHD 16:9, Intel Core i5-1335U Processor, 8GB DDR4 RAM, 512GB PCIe SSD, WIFI 6E, Windows 11 Pro, Black, Bilingual KB",https://www.amazon.ca/ASUS-ExpertBook-B1402CVA-P51-CB-Business-Laptop/dp/B0CH1W5K4S/ref=sr_1_264?crid=1E63C3THFEGDP&dib=eyJ2IjoiMSJ9.UD6ugI5eMGi-goeWpRbPkGs-M1H22VD6ry80d-nyuIV0j5L_ce_nlqf79GzEcuPKPtPzOJyn4jpooJeqI1huHh7W-rBDv8LcCLXssKPE57bwtAnp2de4Wm3I08l7BELZgK9shwL95KSXT133rm2LUHUYY4jph5l8kvBzvzjncC2mdLKNuTZjN80Zfp_h-iSAttoPGxqO8c7MPvp_YaKleG-o3lV4WOi2mpBpRq57T6czlYVLRvUf3BMvvc8VKmREI7OpYlL1sl9l3MkMmA-4Sy1i7XNw-N7WjUHZ6QekbX4.Rqri-sD6gBHHByPcXpEEGnBllzGDHoeVkvnYnJYOAnA&dib_tag=se&keywords=laptop&qid=1729745572&sprefix=laptop%2Caps%2C128&sr=8-264,769.99,"FREE delivery Sun, Oct 27 ",Only 7 left in stock (more on the way).,Not available
"Dell Latitude E7450 14in Laptop, Core i5-5300U 2.3GHz, 16GB Ram, 500GB SSD, Windows 10 Pro 64bit (Renewed)",https://www.amazon.ca/Dell-Latitude-i5-5300U-Certified-Refurbished/dp/B07GCS53SL/ref=sr_1_263?crid=1E63C3THFEGDP&dib=eyJ2IjoiMSJ9.UD6ugI5eMGi-goeWpRbPkGs-M1H22VD6ry80d-nyuIV0j5L_ce_nlqf79GzEcuPKPtPzOJyn4jpooJeqI1huHh7W-rBDv8LcCLXssKPE57bwtAnp2de4Wm3I08l7BELZgK9shwL95KSXT133rm2LUHUYY4jph5l8kvBzvzjncC2mdLKNuTZjN80Zfp_h-iSAttoPGxqO8c7MPvp_YaKleG-o3lV4WOi2mpBpRq57T6czlYVLRvUf3BMvvc8VKmREI7OpYlL1sl9l3MkMmA-4Sy1i7XNw-N7WjUHZ6QekbX4.Rqri-sD6gBHHByPcXpEEGnBllzGDHoeVkvnYnJYOAnA&dib_tag=se&keywords=laptop&qid=1729745572&sprefix=laptop%2Caps%2C128&sr=8-263,Price not available,4.2,77,Not available
"HP 15.6"" HD Everyday Slim Business Laptop, Intel Core i3-1115G4, 16GB DDR4 RAM, 1TB PCIe SSD, Intel UHD Graphics, Numeric Keypad, HD Camera, Wi-Fi 5, Win 11 Pro, Spruce Blue, 32GB Hotface USB Card",https://www.amazon.ca/HP-Everyday-Business-i3-1115G4-Graphics/dp/B0CP21XP3P/ref=sr_1_262?crid=1E63C3THFEGDP&dib=eyJ2IjoiMSJ9.UD6ugI5eMGi-goeWpRbPkGs-M1H22VD6ry80d-nyuIV0j5L_ce_nlqf79GzEcuPKPtPzOJyn4jpooJeqI1huHh7W-rBDv8LcCLXssKPE57bwtAnp2de4Wm3I08l7BELZgK9shwL95KSXT133rm2LUHUYY4jph5l8kvBzvzjncC2mdLKNuTZjN80Zfp_h-iSAttoPGxqO8c7MPvp_YaKleG-o3lV4WOi2mpBpRq57T6czlYVLRvUf3BMvvc8VKmREI7OpYlL1sl9l3MkMmA-4Sy1i7XNw-N7WjUHZ6QekbX4.Rqri-sD6gBHHByPcXpEEGnBllzGDHoeVkvnYnJYOAnA&dib_tag=se&keywords=laptop&qid=1729745572&sprefix=laptop%2Caps%2C128&sr=8-262,679.00,4.5,66,Not available
"HP ENVY 13"" FHD Touchscreen Laptop, Intel® Evo™ platform powered by Intel® Core™ i5-1135G7, Intel® Iris® Xe Graphics, 8 GB RAM, 256GB SSD, HDMI, SD Card Reader (natural Silver, 13-ba1010ca)",https://www.amazon.ca/HP-Laptop-Generation-i5-1135G7-13-ba1010ca/dp/B09MMCWR67/ref=sr_1_261?crid=1E63C3THFEGDP&dib=eyJ2IjoiMSJ9.UD6ugI5eMGi-goeWpRbPkGs-M1H22VD6ry80d-nyuIV0j5L_ce_nlqf79GzEcuPKPtPzOJyn4jpooJeqI1huHh7W-rBDv8LcCLXssKPE57bwtAnp2de4Wm3I08l7BELZgK9shwL95KSXT133rm2LUHUYY4jph5l8kvBzvzjncC2mdLKNuTZjN80Zfp_h-iSAttoPGxqO8c7MPvp_YaKleG-o3lV4WOi2mpBpRq57T6czlYVLRvUf3BMvvc8VKmREI7OpYlL1sl9l3MkMmA-4Sy1i7XNw-N7WjUHZ6QekbX4.Rqri-sD6gBHHByPcXpEEGnBllzGDHoeVkvnYnJYOAnA&dib_tag=se&keywords=laptop&qid=1729745572&sprefix=laptop%2Caps%2C128&sr=8-261,"1,054.17",4.3,7,Not available
"HP 17.3"" HD+ (1600x900) Touchscreen Laptop | Intel Pentium Silver N5030 4-Core | Intel UHD Graphics | Wi-Fi 5 | USB-C | HDMI | 8GB DDR4 256GB SSD | Win10 Home",https://www.amazon.ca/HP-1600x900-Touchscreen-Pentium-Graphics/dp/B0CP5HC18B/ref=sr_1_258?crid=1E63C3THFEGDP&dib=eyJ2IjoiMSJ9.UD6ugI5eMGi-goeWpRbPkGs-M1H22VD6ry80d-nyuIV0j5L_ce_nlqf79GzEcuPKPtPzOJyn4jpooJeqI1huHh7W-rBDv8LcCLXssKPE57bwtAnp2de4Wm3I08l7BELZgK9shwL95KSXT133rm2LUHUYY4jph5l8kvBzvzjncC2mdLKNuTZjN80Zfp_h-iSAttoPGxqO8c7MPvp_YaKleG-o3lV4WOi2mpBpRq57T6czlYVLRvUf3BMvvc8VKmREI7OpYlL1sl9l3MkMmA-4Sy1i7XNw-N7WjUHZ6QekbX4.Rqri-sD6gBHHByPcXpEEGnBllzGDHoeVkvnYnJYOAnA&dib_tag=se&keywords=laptop&qid=1729745572&sprefix=laptop%2Caps%2C128&sr=8-258,625.95,5.0,2,Not available
"ASUS TUF Gaming Laptop, 15.6"" 144Hz FHD Display, Intel 13th i7-13620H, 64GB DDR5, 4TB PCIe SSD, NVIDIA GeForce RTX 4070, Backlit Keyboard, HD Webcam, Win 11 Pro, Gray, 128GB Docking Station Set",https://www.amazon.ca/ASUS-TUF-Display-i7-13620H-Keyboard/dp/B0D62LZP4B/ref=sr_1_259?crid=1E63C3THFEGDP&dib=eyJ2IjoiMSJ9.UD6ugI5eMGi-goeWpRbPkGs-M1H22VD6ry80d-nyuIV0j5L_ce_nlqf79GzEcuPKPtPzOJyn4jpooJeqI1huHh7W-rBDv8LcCLXssKPE57bwtAnp2de4Wm3I08l7BELZgK9shwL95KSXT133rm2LUHUYY4jph5l8kvBzvzjncC2mdLKNuTZjN80Zfp_h-iSAttoPGxqO8c7MPvp_YaKleG-o3lV4WOi2mpBpRq57T6czlYVLRvUf3BMvvc8VKmREI7OpYlL1sl9l3MkMmA-4Sy1i7XNw-N7WjUHZ6QekbX4.Rqri-sD6gBHHByPcXpEEGnBllzGDHoeVkvnYnJYOAnA&dib_tag=se&keywords=laptop&qid=1729745572&sprefix=laptop%2Caps%2C128&sr=8-259,"2,499.00",4.6,10,Not available
"Lenovo ThinkPad T490 14-inches FHD Business Laptop Computer with Intel Quad-Core i7-8665U, 16GB DDR4 RAM, 512GB SSD, HDMI, Type-C, Windows 10 Pro (Renewed)",https://www.amazon.ca/Lenovo-ThinkPad-T490-14-inches-Quad-Core/dp/B0858WZQG5/ref=sr_1_260?crid=1E63C3THFEGDP&dib=eyJ2IjoiMSJ9.UD6ugI5eMGi-goeWpRbPkGs-M1H22VD6ry80d-nyuIV0j5L_ce_nlqf79GzEcuPKPtPzOJyn4jpooJeqI1huHh7W-rBDv8LcCLXssKPE57bwtAnp2de4Wm3I08l7BELZgK9shwL95KSXT133rm2LUHUYY4jph5l8kvBzvzjncC2mdLKNuTZjN80Zfp_h-iSAttoPGxqO8c7MPvp_YaKleG-o3lV4WOi2mpBpRq57T6czlYVLRvUf3BMvvc8VKmREI7OpYlL1sl9l3MkMmA-4Sy1i7XNw-N7WjUHZ6QekbX4.Rqri-sD6gBHHByPcXpEEGnBllzGDHoeVkvnYnJYOAnA&dib_tag=se&keywords=laptop&qid=1729745572&sprefix=laptop%2Caps%2C128&sr=8-260,397.99,4.2,10,Not available
"Naclud 15.6 Inch Laptop, 12GB DDR4 512GB SSD, Laptops with Celeron N5095 Processor(Up to 2.9GHz), FHD 1920x1080 Notebook with 2xUSB 3.0, Dual Band WiFi, Bluetooth 4.2(Gray)",https://www.amazon.ca/Naclud-Processor-1920x1080-Notebook-Bluetooth/dp/B0DDYBF42T/ref=sr_1_257?crid=1E63C3THFEGDP&dib=eyJ2IjoiMSJ9.UD6ugI5eMGi-goeWpRbPkGs-M1H22VD6ry80d-nyuIV0j5L_ce_nlqf79GzEcuPKPtPzOJyn4jpooJeqI1huHh7W-rBDv8LcCLXssKPE57bwtAnp2de4Wm3I08l7BELZgK9shwL95KSXT133rm2LUHUYY4jph5l8kvBzvzjncC2mdLKNuTZjN80Zfp_h-iSAttoPGxqO8c7MPvp_YaKleG-o3lV4WOi2mpBpRq57T6czlYVLRvUf3BMvvc8VKmREI7OpYlL1sl9l3MkMmA-4Sy1i7XNw-N7WjUHZ6QekbX4.Rqri-sD6gBHHByPcXpEEGnBllzGDHoeVkvnYnJYOAnA&dib_tag=se&keywords=laptop&qid=1729745572&sprefix=laptop%2Caps%2C128&sr=8-257,"1,066.63",5.0,2,Not available
"HP Envy 17 inch Laptop, FHD Display, 13th Generation Intel Core i7-1355U, 16 GB RAM, 1 TB SSD, NVIDIA GeForce RTX 3050 Laptop GPU (4 GB GDDR6 Dedicated), Windows 11 Home, 17-cr1000ca",https://www.amazon.ca/HP-Generation-i7-1355U-Dedicated-17-cr1000ca/dp/B0C31YT82T/ref=sr_1_256?crid=1E63C3THFEGDP&dib=eyJ2IjoiMSJ9.UD6ugI5eMGi-goeWpRbPkGs-M1H22VD6ry80d-nyuIV0j5L_ce_nlqf79GzEcuPKPtPzOJyn4jpooJeqI1huHh7W-rBDv8LcCLXssKPE57bwtAnp2de4Wm3I08l7BELZgK9shwL95KSXT133rm2LUHUYY4jph5l8kvBzvzjncC2mdLKNuTZjN80Zfp_h-iSAttoPGxqO8c7MPvp_YaKleG-o3lV4WOi2mpBpRq57T6czlYVLRvUf3BMvvc8VKmREI7OpYlL1sl9l3MkMmA-4Sy1i7XNw-N7WjUHZ6QekbX4.Rqri-sD6gBHHByPcXpEEGnBllzGDHoeVkvnYnJYOAnA&dib_tag=se&keywords=laptop&qid=1729745572&sprefix=laptop%2Caps%2C128&sr=8-256,"1,699.99",4.4,447,Not available
"ASUS VivoBook Go 14 Flip Thin and Light 2-in-1 Laptop, 14” HD Touch, Intel Celeron, 4GB RAM, 128GB eMMC, Windows 11 Home in S mode + Microsoft 365 Personal 1-year, J1401KA-AS01-CA",https://www.amazon.ca/VivoBook-Celeron-Microsoft-Personal-J1401KA-AS01-CA/dp/B09T8S3N4D/ref=sr_1_255?crid=1E63C3THFEGDP&dib=eyJ2IjoiMSJ9.UD6ugI5eMGi-goeWpRbPkGs-M1H22VD6ry80d-nyuIV0j5L_ce_nlqf79GzEcuPKPtPzOJyn4jpooJeqI1huHh7W-rBDv8LcCLXssKPE57bwtAnp2de4Wm3I08l7BELZgK9shwL95KSXT133rm2LUHUYY4jph5l8kvBzvzjncC2mdLKNuTZjN80Zfp_h-iSAttoPGxqO8c7MPvp_YaKleG-o3lV4WOi2mpBpRq57T6czlYVLRvUf3BMvvc8VKmREI7OpYlL1sl9l3MkMmA-4Sy1i7XNw-N7WjUHZ6QekbX4.Rqri-sD6gBHHByPcXpEEGnBllzGDHoeVkvnYnJYOAnA&dib_tag=se&keywords=laptop&qid=1729745572&sprefix=laptop%2Caps%2C128&sr=8-255,379.00,3.2,75,Not available
"Svikou [Win 11/Office 2019] 15.6"" Large Screen Laptop Computer, 12th Gen Alder Lake N95(Up to 3.4Ghz) Quad-Core CPU, DDR4 16G RAM, 1TB NVMe SSD,Portable Notebook PC with Backlit KB(Silver 1TB)",https://www.amazon.ca/Svikou-Computer-Quad-Core-Portable-Notebook/dp/B0CZL2T667/ref=sr_1_254?crid=1E63C3THFEGDP&dib=eyJ2IjoiMSJ9.UD6ugI5eMGi-goeWpRbPkGs-M1H22VD6ry80d-nyuIV0j5L_ce_nlqf79GzEcuPKPtPzOJyn4jpooJeqI1huHh7W-rBDv8LcCLXssKPE57bwtAnp2de4Wm3I08l7BELZgK9shwL95KSXT133rm2LUHUYY4jph5l8kvBzvzjncC2mdLKNuTZjN80Zfp_h-iSAttoPGxqO8c7MPvp_YaKleG-o3lV4WOi2mpBpRq57T6czlYVLRvUf3BMvvc8VKmREI7OpYlL1sl9l3MkMmA-4Sy1i7XNw-N7WjUHZ6QekbX4.Rqri-sD6gBHHByPcXpEEGnBllzGDHoeVkvnYnJYOAnA&dib_tag=se&keywords=laptop&qid=1729745572&sprefix=laptop%2Caps%2C128&sr=8-254,479.90,4.0,21,Not available
"Acer Nitro 5, 15.6"" 144Hz FHD Gaming Laptop | Intel Core i5-12450H | NVIDIA GeForce RTX 3050 | 32GB RAM | 1TB SSD | Windows 11 Home | Wi-Fi 6 | VR Ready | Black",https://www.amazon.ca/Acer-Gaming-i5-12450H-GeForce-Windows/dp/B0D8KR8TBS/ref=sr_1_251?crid=1E63C3THFEGDP&dib=eyJ2IjoiMSJ9.UD6ugI5eMGi-goeWpRbPkGs-M1H22VD6ry80d-nyuIV0j5L_ce_nlqf79GzEcuPKPtPzOJyn4jpooJeqI1huHh7W-rBDv8LcCLXssKPE57bwtAnp2de4Wm3I08l7BELZgK9shwL95KSXT133rm2LUHUYY4jph5l8kvBzvzjncC2mdLKNuTZjN80Zfp_h-iSAttoPGxqO8c7MPvp_YaKleG-o3lV4WOi2mpBpRq57T6czlYVLRvUf3BMvvc8VKmREI7OpYlL1sl9l3MkMmA-4Sy1i7XNw-N7WjUHZ6QekbX4.Rqri-sD6gBHHByPcXpEEGnBllzGDHoeVkvnYnJYOAnA&dib_tag=se&keywords=laptop&qid=1729745572&sprefix=laptop%2Caps%2C128&sr=8-251,"1,099.99",1.0,1,Not available
"ASUS ExpertBook B1 Business Laptop, B1502CVA-P71-CB 15.6” FHD display, Intel® Core™ i7-1355U, 16GB RAM, 512GB SSD, WiFi 6E, Fingerprint sensor, IR Camera, Windows 11 Pro, Star Black, Bilingual KB",https://www.amazon.ca/ASUS-ExpertBook-B1502CVA-P71-CB-Fingerprint-Bilingual/dp/B0CGKMQPV6/ref=sr_1_252?crid=1E63C3THFEGDP&dib=eyJ2IjoiMSJ9.UD6ugI5eMGi-goeWpRbPkGs-M1H22VD6ry80d-nyuIV0j5L_ce_nlqf79GzEcuPKPtPzOJyn4jpooJeqI1huHh7W-rBDv8LcCLXssKPE57bwtAnp2de4Wm3I08l7BELZgK9shwL95KSXT133rm2LUHUYY4jph5l8kvBzvzjncC2mdLKNuTZjN80Zfp_h-iSAttoPGxqO8c7MPvp_YaKleG-o3lV4WOi2mpBpRq57T6czlYVLRvUf3BMvvc8VKmREI7OpYlL1sl9l3MkMmA-4Sy1i7XNw-N7WjUHZ6QekbX4.Rqri-sD6gBHHByPcXpEEGnBllzGDHoeVkvnYnJYOAnA&dib_tag=se&keywords=laptop&qid=1729745572&sprefix=laptop%2Caps%2C128&sr=8-252,"1,006.99",4.5,4,Not available
Lenovo IdeaPad Gaming 3 Laptop 2023 15.6” FHD 1920 x 1080 IPS 120 Hertz Intel Core i7-12700H NVIDIA GeForce RTX 3050 Ti 4GB GDDR6 32GB DDR4 1TB SSD Backlit Keyboard Thunderbolt 4 Windows 10 Home,https://www.amazon.ca/Lenovo-IdeaPad-i7-12700H-Keyboard-Thunderbolt/dp/B0CFKXGYPL/ref=sr_1_253?crid=1E63C3THFEGDP&dib=eyJ2IjoiMSJ9.UD6ugI5eMGi-goeWpRbPkGs-M1H22VD6ry80d-nyuIV0j5L_ce_nlqf79GzEcuPKPtPzOJyn4jpooJeqI1huHh7W-rBDv8LcCLXssKPE57bwtAnp2de4Wm3I08l7BELZgK9shwL95KSXT133rm2LUHUYY4jph5l8kvBzvzjncC2mdLKNuTZjN80Zfp_h-iSAttoPGxqO8c7MPvp_YaKleG-o3lV4WOi2mpBpRq57T6czlYVLRvUf3BMvvc8VKmREI7OpYlL1sl9l3MkMmA-4Sy1i7XNw-N7WjUHZ6QekbX4.Rqri-sD6gBHHByPcXpEEGnBllzGDHoeVkvnYnJYOAnA&dib_tag=se&keywords=laptop&qid=1729745572&sprefix=laptop%2Caps%2C128&sr=8-253,"1,834.65",FREE delivery Oct 31 - Nov 7 ,Only 9 left in stock.,Not available
"HP Premium 14"" Stream HD Laptop, Intel Celeron N4120, 8GB RAM, 64GB eMMC, HD Webcam, UHD Graphics, Bluetooth, WiFi5, HDMI, 1 Year Office 365, Win 11s, Silver, 32GB Hotface USB Card",https://www.amazon.ca/HP-14-Stream-Graphics-Bluetooth/dp/B0CQ27HTQ5/ref=sr_1_249?crid=1E63C3THFEGDP&dib=eyJ2IjoiMSJ9.UD6ugI5eMGi-goeWpRbPkGs-M1H22VD6ry80d-nyuIV0j5L_ce_nlqf79GzEcuPKPtPzOJyn4jpooJeqI1huHh7W-rBDv8LcCLXssKPE57bwtAnp2de4Wm3I08l7BELZgK9shwL95KSXT133rm2LUHUYY4jph5l8kvBzvzjncC2mdLKNuTZjN80Zfp_h-iSAttoPGxqO8c7MPvp_YaKleG-o3lV4WOi2mpBpRq57T6czlYVLRvUf3BMvvc8VKmREI7OpYlL1sl9l3MkMmA-4Sy1i7XNw-N7WjUHZ6QekbX4.Rqri-sD6gBHHByPcXpEEGnBllzGDHoeVkvnYnJYOAnA&dib_tag=se&keywords=laptop&qid=1729745572&sprefix=laptop%2Caps%2C128&sr=8-249,349.00,4.0,51,Not available
"Dell Inspiron 3520 15.6"" Touchscreen FHD Laptop - Intel Core i5-1155G7, 8GB RAM, 256GB SSD, Windows 11 S Mode - Carbon Black (i3520-5810BLK-PUS)",https://www.amazon.ca/Dell-Inspiron-Touchscreen-Laptop-i3520-5810BLK-PUS/dp/B0CS4PGPN9/ref=sr_1_250?crid=1E63C3THFEGDP&dib=eyJ2IjoiMSJ9.UD6ugI5eMGi-goeWpRbPkGs-M1H22VD6ry80d-nyuIV0j5L_ce_nlqf79GzEcuPKPtPzOJyn4jpooJeqI1huHh7W-rBDv8LcCLXssKPE57bwtAnp2de4Wm3I08l7BELZgK9shwL95KSXT133rm2LUHUYY4jph5l8kvBzvzjncC2mdLKNuTZjN80Zfp_h-iSAttoPGxqO8c7MPvp_YaKleG-o3lV4WOi2mpBpRq57T6czlYVLRvUf3BMvvc8VKmREI7OpYlL1sl9l3MkMmA-4Sy1i7XNw-N7WjUHZ6QekbX4.Rqri-sD6gBHHByPcXpEEGnBllzGDHoeVkvnYnJYOAnA&dib_tag=se&keywords=laptop&qid=1729745572&sprefix=laptop%2Caps%2C128&sr=8-250,569.98,2.6,5,Not available
"MSI GE76 Raider 17.3"" FHD 144Hz Gaming Laptop, Intel Core i9-12900H, GeForce RTX 3060 Graphics, 64GB RAM, 2TB PCIe SSD, Backlit Keyboard, FHD Webcam, Windows 11, Grey, 32GB Hotface USB Card",https://www.amazon.ca/MSI-GE76-Raider-i9-12900H-Graphics/dp/B0CMPZ3ZQ8/ref=sr_1_248?crid=1E63C3THFEGDP&dib=eyJ2IjoiMSJ9.UD6ugI5eMGi-goeWpRbPkGs-M1H22VD6ry80d-nyuIV0j5L_ce_nlqf79GzEcuPKPtPzOJyn4jpooJeqI1huHh7W-rBDv8LcCLXssKPE57bwtAnp2de4Wm3I08l7BELZgK9shwL95KSXT133rm2LUHUYY4jph5l8kvBzvzjncC2mdLKNuTZjN80Zfp_h-iSAttoPGxqO8c7MPvp_YaKleG-o3lV4WOi2mpBpRq57T6czlYVLRvUf3BMvvc8VKmREI7OpYlL1sl9l3MkMmA-4Sy1i7XNw-N7WjUHZ6QekbX4.Rqri-sD6gBHHByPcXpEEGnBllzGDHoeVkvnYnJYOAnA&dib_tag=se&keywords=laptop&qid=1729745572&sprefix=laptop%2Caps%2C128&sr=8-248,"2,799.00",4.3,23,Not available
"Dell Latitude 7410 Laptop with Backlit Keyboard, 14in 1920x1080 FHD, Intel Core i7 10th Gen i7-10610U, Dual Core 4.9Ghz, 16GB RAM, 512GB SSD, Fingerprint, Windows 10 Pro, Silver (Renewed)",https://www.amazon.ca/Dell-Latitude-7410-Laptop-Touchscreen/dp/B08LNT7MVB/ref=sr_1_247?crid=1E63C3THFEGDP&dib=eyJ2IjoiMSJ9.UD6ugI5eMGi-goeWpRbPkGs-M1H22VD6ry80d-nyuIV0j5L_ce_nlqf79GzEcuPKPtPzOJyn4jpooJeqI1huHh7W-rBDv8LcCLXssKPE57bwtAnp2de4Wm3I08l7BELZgK9shwL95KSXT133rm2LUHUYY4jph5l8kvBzvzjncC2mdLKNuTZjN80Zfp_h-iSAttoPGxqO8c7MPvp_YaKleG-o3lV4WOi2mpBpRq57T6czlYVLRvUf3BMvvc8VKmREI7OpYlL1sl9l3MkMmA-4Sy1i7XNw-N7WjUHZ6QekbX4.Rqri-sD6gBHHByPcXpEEGnBllzGDHoeVkvnYnJYOAnA&dib_tag=se&keywords=laptop&qid=1729745572&sprefix=laptop%2Caps%2C128&sr=8-247,412.23,3.5,28,Not available
"AOC Laptop Computer 15.6 Inch FHD Screen Premium Laptop with Ιntel Core N97 Processor(Up to 3.6GHz) 16GB RAM 512GB SSD, Windows 11 Computer, Metal Shell",https://www.amazon.ca/AOC-Computer-Premium-Processor-Windows/dp/B0D3TVG1V6/ref=sr_1_246?crid=1E63C3THFEGDP&dib=eyJ2IjoiMSJ9.UD6ugI5eMGi-goeWpRbPkGs-M1H22VD6ry80d-nyuIV0j5L_ce_nlqf79GzEcuPKPtPzOJyn4jpooJeqI1huHh7W-rBDv8LcCLXssKPE57bwtAnp2de4Wm3I08l7BELZgK9shwL95KSXT133rm2LUHUYY4jph5l8kvBzvzjncC2mdLKNuTZjN80Zfp_h-iSAttoPGxqO8c7MPvp_YaKleG-o3lV4WOi2mpBpRq57T6czlYVLRvUf3BMvvc8VKmREI7OpYlL1sl9l3MkMmA-4Sy1i7XNw-N7WjUHZ6QekbX4.Rqri-sD6gBHHByPcXpEEGnBllzGDHoeVkvnYnJYOAnA&dib_tag=se&keywords=laptop&qid=1729745572&sprefix=laptop%2Caps%2C128&sr=8-246,399.99,"FREE delivery Sun, Oct 27 ",Was:,Not available
"HP 15.6"" FHD Business Laptop, Intel Core i3-1215U, 32GB DDR4 RAM, 1TB PCIe SSD, Intel UHD Graphics, Numpad, HD Webcam, Fingerprint Reader, Natural Silver, Win 11 Pro, 32GB Hotface USB Card",https://www.amazon.ca/HP-15-6-Business-i3-1215U-Fingerprint/dp/B0CP3WNV86/ref=sr_1_244?crid=1E63C3THFEGDP&dib=eyJ2IjoiMSJ9.UD6ugI5eMGi-goeWpRbPkGs-M1H22VD6ry80d-nyuIV0j5L_ce_nlqf79GzEcuPKPtPzOJyn4jpooJeqI1huHh7W-rBDv8LcCLXssKPE57bwtAnp2de4Wm3I08l7BELZgK9shwL95KSXT133rm2LUHUYY4jph5l8kvBzvzjncC2mdLKNuTZjN80Zfp_h-iSAttoPGxqO8c7MPvp_YaKleG-o3lV4WOi2mpBpRq57T6czlYVLRvUf3BMvvc8VKmREI7OpYlL1sl9l3MkMmA-4Sy1i7XNw-N7WjUHZ6QekbX4.Rqri-sD6gBHHByPcXpEEGnBllzGDHoeVkvnYnJYOAnA&dib_tag=se&keywords=laptop&qid=1729745572&sprefix=laptop%2Caps%2C128&sr=8-244,669.00,4.2,635,Not available
"Microsoft Surface Laptop Go 2 (2022): 12.4"" Touchscreen Laptop (Intel Core i5/8GB RAM/128GB SSD/Windows 11) Platinum - English Keyboard (Renewed)",https://www.amazon.ca/Microsoft-Surface-Laptop-Go-Touchscreen/dp/B0BWSK5159/ref=sr_1_245?crid=1E63C3THFEGDP&dib=eyJ2IjoiMSJ9.UD6ugI5eMGi-goeWpRbPkGs-M1H22VD6ry80d-nyuIV0j5L_ce_nlqf79GzEcuPKPtPzOJyn4jpooJeqI1huHh7W-rBDv8LcCLXssKPE57bwtAnp2de4Wm3I08l7BELZgK9shwL95KSXT133rm2LUHUYY4jph5l8kvBzvzjncC2mdLKNuTZjN80Zfp_h-iSAttoPGxqO8c7MPvp_YaKleG-o3lV4WOi2mpBpRq57T6czlYVLRvUf3BMvvc8VKmREI7OpYlL1sl9l3MkMmA-4Sy1i7XNw-N7WjUHZ6QekbX4.Rqri-sD6gBHHByPcXpEEGnBllzGDHoeVkvnYnJYOAnA&dib_tag=se&keywords=laptop&qid=1729745572&sprefix=laptop%2Caps%2C128&sr=8-245,594.99,4.4,31,Not available
"HP Pavilion 15.6"" FHD Touchscreen Laptop, Intel Core i7-1165G7, 32GB RAM, 1TB SSD, Fingerprint Reader, Wi-Fi 6, HDMI 2.0, Windows 10 Home, Lunar Gold",https://www.amazon.ca/HP-Pavilion-Touchscreen-i7-1165G7-Fingerprint/dp/B0DHXPGW97/ref=sr_1_243?crid=1E63C3THFEGDP&dib=eyJ2IjoiMSJ9.UD6ugI5eMGi-goeWpRbPkGs-M1H22VD6ry80d-nyuIV0j5L_ce_nlqf79GzEcuPKPtPzOJyn4jpooJeqI1huHh7W-rBDv8LcCLXssKPE57bwtAnp2de4Wm3I08l7BELZgK9shwL95KSXT133rm2LUHUYY4jph5l8kvBzvzjncC2mdLKNuTZjN80Zfp_h-iSAttoPGxqO8c7MPvp_YaKleG-o3lV4WOi2mpBpRq57T6czlYVLRvUf3BMvvc8VKmREI7OpYlL1sl9l3MkMmA-4Sy1i7XNw-N7WjUHZ6QekbX4.Rqri-sD6gBHHByPcXpEEGnBllzGDHoeVkvnYnJYOAnA&dib_tag=se&keywords=laptop&qid=1729745572&sprefix=laptop%2Caps%2C128&sr=8-243,"1,029.99",FREE delivery Oct 29 - 31 ,No reviews available,Not available
"HP Pavilion 15.6"" FHD Touchscreen Laptop, Intel Core i7-1165G7, 16GB RAM, 512GB SSD, Fingerprint Reader, Wi-Fi 6, HDMI 2.0, Windows 10 Home, Lunar Gold",https://www.amazon.ca/HP-Pavilion-Touchscreen-i7-1165G7-Fingerprint/dp/B0DHXR4C89/ref=sr_1_242?crid=1E63C3THFEGDP&dib=eyJ2IjoiMSJ9.UD6ugI5eMGi-goeWpRbPkGs-M1H22VD6ry80d-nyuIV0j5L_ce_nlqf79GzEcuPKPtPzOJyn4jpooJeqI1huHh7W-rBDv8LcCLXssKPE57bwtAnp2de4Wm3I08l7BELZgK9shwL95KSXT133rm2LUHUYY4jph5l8kvBzvzjncC2mdLKNuTZjN80Zfp_h-iSAttoPGxqO8c7MPvp_YaKleG-o3lV4WOi2mpBpRq57T6czlYVLRvUf3BMvvc8VKmREI7OpYlL1sl9l3MkMmA-4Sy1i7XNw-N7WjUHZ6QekbX4.Rqri-sD6gBHHByPcXpEEGnBllzGDHoeVkvnYnJYOAnA&dib_tag=se&keywords=laptop&qid=1729745572&sprefix=laptop%2Caps%2C128&sr=8-242,919.99,FREE delivery Oct 29 - Nov 1 ,No reviews available,Not available
"Svikou 15.6'' 165Hz 2.5K FHD Display (2560 * 1440) Laptop, 8-core AMD R7 5700U, 16GB RAM, 1TB NVMe SSD, 【Win 11/Office 2019】 Backlit KB, Type-C, 5000mAh Battery, Immersive Experience(16, 1TB)",https://www.amazon.ca/Svikou-High-Refresh-Backlit-Immersive-Experience/dp/B0CTF56YR4/ref=sr_1_177?crid=1E63C3THFEGDP&dib=eyJ2IjoiMSJ9.9m4ZlSJUAmVhJpm_WyfD--TwqWm7LotpJAJ3KxWdLEKB3_tIrVuV1spK7-ifCcjlze6AheE2LofSTe6ny_ctSuRJ0KD8G4aW4FSjGhByJHuAfkxlwAkMXD_rpMfkcGsv3wvz65H4hKZKcZRaIXJxkphZFA13cFuRAdA7GuicACOcKRJ0yKhx_dWVyFujw98mqRUXVeoiGFpiWj-GjMqUWoDZ0KBJ1bYlkOIjOEsZtfeV3lhJGte6yHe4A8XaoBk_Z_oW31CeN7hlHM45DIdze8LeR6U1BM4QXagPzTDExXE.eF6OQXN-24UGIaFI_iJSiXNw9adzsktY-hhWJSIT3Nc&dib_tag=se&keywords=laptop&qid=1729745571&sprefix=laptop%2Caps%2C128&sr=8-177,Price not available,4.3,21,Not available
"HBESTORE 10.1Inch Portable Laptop Mini Computer Ultra Thin Notebook with Apollo Lake N3350,6GB RAM and 64GB Storage with Windows10 OS (Blue).",https://www.amazon.ca/HBESTORE-10-1Inch-Portable-Computer-Windows10/dp/B089P1DN49/ref=sr_1_176?crid=1E63C3THFEGDP&dib=eyJ2IjoiMSJ9.9m4ZlSJUAmVhJpm_WyfD--TwqWm7LotpJAJ3KxWdLEKB3_tIrVuV1spK7-ifCcjlze6AheE2LofSTe6ny_ctSuRJ0KD8G4aW4FSjGhByJHuAfkxlwAkMXD_rpMfkcGsv3wvz65H4hKZKcZRaIXJxkphZFA13cFuRAdA7GuicACOcKRJ0yKhx_dWVyFujw98mqRUXVeoiGFpiWj-GjMqUWoDZ0KBJ1bYlkOIjOEsZtfeV3lhJGte6yHe4A8XaoBk_Z_oW31CeN7hlHM45DIdze8LeR6U1BM4QXagPzTDExXE.eF6OQXN-24UGIaFI_iJSiXNw9adzsktY-hhWJSIT3Nc&dib_tag=se&keywords=laptop&qid=1729745571&sprefix=laptop%2Caps%2C128&sr=8-176,199.99,3.4,85,Not available
"ASUS TUF F17 Gaming Laptop, 17.3"" 144Hz FHD IPS-Type Display, Intel Core i5-11400H Processor, GeForce RTX 3050, 8GB DDR4 RAM, 512GB PCIe SSD, Wi-Fi 6, Windows 11 Home, FX706HCB-ES51,Graphite Black",https://www.amazon.ca/ASUS-IPS-Type-i5-11400H-Processor-FX706HCB-ES51/dp/B09SVQY3PF/ref=sr_1_175?crid=1E63C3THFEGDP&dib=eyJ2IjoiMSJ9.9m4ZlSJUAmVhJpm_WyfD--TwqWm7LotpJAJ3KxWdLEKB3_tIrVuV1spK7-ifCcjlze6AheE2LofSTe6ny_ctSuRJ0KD8G4aW4FSjGhByJHuAfkxlwAkMXD_rpMfkcGsv3wvz65H4hKZKcZRaIXJxkphZFA13cFuRAdA7GuicACOcKRJ0yKhx_dWVyFujw98mqRUXVeoiGFpiWj-GjMqUWoDZ0KBJ1bYlkOIjOEsZtfeV3lhJGte6yHe4A8XaoBk_Z_oW31CeN7hlHM45DIdze8LeR6U1BM4QXagPzTDExXE.eF6OQXN-24UGIaFI_iJSiXNw9adzsktY-hhWJSIT3Nc&dib_tag=se&keywords=laptop&qid=1729745571&sprefix=laptop%2Caps%2C128&sr=8-175,"1,149.99",4.5,350,Not available
"HP EliteBook 840 G3 Laptop 14in HD Display, Intel Core i5-6200U 2.4Ghz, 256GB SSD, 16GB DDR4 RAM, Webcam, WiFi, Windows 10 Pro (Renewed)",https://www.amazon.ca/HP-EliteBook-Display-i5-6300U-Windows/dp/B07WJVPGYP/ref=sr_1_174?crid=1E63C3THFEGDP&dib=eyJ2IjoiMSJ9.9m4ZlSJUAmVhJpm_WyfD--TwqWm7LotpJAJ3KxWdLEKB3_tIrVuV1spK7-ifCcjlze6AheE2LofSTe6ny_ctSuRJ0KD8G4aW4FSjGhByJHuAfkxlwAkMXD_rpMfkcGsv3wvz65H4hKZKcZRaIXJxkphZFA13cFuRAdA7GuicACOcKRJ0yKhx_dWVyFujw98mqRUXVeoiGFpiWj-GjMqUWoDZ0KBJ1bYlkOIjOEsZtfeV3lhJGte6yHe4A8XaoBk_Z_oW31CeN7hlHM45DIdze8LeR6U1BM4QXagPzTDExXE.eF6OQXN-24UGIaFI_iJSiXNw9adzsktY-hhWJSIT3Nc&dib_tag=se&keywords=laptop&qid=1729745571&sprefix=laptop%2Caps%2C128&sr=8-174,257.45,3.7,"1,495",Not available
"HP Envy 17.3"" FHD IPS Laptop, Intel i7-1260P, 32GB RAM, 1TB PCIe SSD, Backlit Keyboard, Intel Iris Xe Graphics, 5MP IR Camera, Windows 11, Silver, 32GB Hotface USB Card (Renewed)",https://www.amazon.ca/HP-Envy-i7-1260P-Keyboard-Graphics/dp/B0CSCXVGXX/ref=sr_1_173?crid=1E63C3THFEGDP&dib=eyJ2IjoiMSJ9.9m4ZlSJUAmVhJpm_WyfD--TwqWm7LotpJAJ3KxWdLEKB3_tIrVuV1spK7-ifCcjlze6AheE2LofSTe6ny_ctSuRJ0KD8G4aW4FSjGhByJHuAfkxlwAkMXD_rpMfkcGsv3wvz65H4hKZKcZRaIXJxkphZFA13cFuRAdA7GuicACOcKRJ0yKhx_dWVyFujw98mqRUXVeoiGFpiWj-GjMqUWoDZ0KBJ1bYlkOIjOEsZtfeV3lhJGte6yHe4A8XaoBk_Z_oW31CeN7hlHM45DIdze8LeR6U1BM4QXagPzTDExXE.eF6OQXN-24UGIaFI_iJSiXNw9adzsktY-hhWJSIT3Nc&dib_tag=se&keywords=laptop&qid=1729745571&sprefix=laptop%2Caps%2C128&sr=8-173,"1,299.00",3.7,6,Not available
Lenovo IdeaPad Gaming 3 Laptop 2023 15.6” FHD 1920 x 1080 IPS 120 Hertz Intel Core i7-12700H NVIDIA GeForce RTX 3050 Ti 4GB GDDR6 32GB DDR4 1TB SSD Backlit Keyboard Thunderbolt 4 Windows 10 Home,https://www.amazon.ca/Lenovo-IdeaPad-i7-12700H-Keyboard-Thunderbolt/dp/B0CFKXGYPL/ref=sr_1_172?crid=1E63C3THFEGDP&dib=eyJ2IjoiMSJ9.9m4ZlSJUAmVhJpm_WyfD--TwqWm7LotpJAJ3KxWdLEKB3_tIrVuV1spK7-ifCcjlze6AheE2LofSTe6ny_ctSuRJ0KD8G4aW4FSjGhByJHuAfkxlwAkMXD_rpMfkcGsv3wvz65H4hKZKcZRaIXJxkphZFA13cFuRAdA7GuicACOcKRJ0yKhx_dWVyFujw98mqRUXVeoiGFpiWj-GjMqUWoDZ0KBJ1bYlkOIjOEsZtfeV3lhJGte6yHe4A8XaoBk_Z_oW31CeN7hlHM45DIdze8LeR6U1BM4QXagPzTDExXE.eF6OQXN-24UGIaFI_iJSiXNw9adzsktY-hhWJSIT3Nc&dib_tag=se&keywords=laptop&qid=1729745571&sprefix=laptop%2Caps%2C128&sr=8-172,"1,834.65",FREE delivery Oct 31 - Nov 7 ,Only 9 left in stock.,Not available
"HP 15.6"" FHD Business Laptop, Intel i5-1135G7, 16GB DDR4 RAM, 672GB Storage(512GB SSD +160GB Docking Station Set), Intel Iris Xe Graphics, Numpad, Webcam, Wi-Fi 5, Bluetooth, Silver, Win 11 Pro",https://www.amazon.ca/HP-15-6-Business-i5-1135G7-Bluetooth/dp/B0D5M4L87N/ref=sr_1_170?crid=1E63C3THFEGDP&dib=eyJ2IjoiMSJ9.9m4ZlSJUAmVhJpm_WyfD--TwqWm7LotpJAJ3KxWdLEKB3_tIrVuV1spK7-ifCcjlze6AheE2LofSTe6ny_ctSuRJ0KD8G4aW4FSjGhByJHuAfkxlwAkMXD_rpMfkcGsv3wvz65H4hKZKcZRaIXJxkphZFA13cFuRAdA7GuicACOcKRJ0yKhx_dWVyFujw98mqRUXVeoiGFpiWj-GjMqUWoDZ0KBJ1bYlkOIjOEsZtfeV3lhJGte6yHe4A8XaoBk_Z_oW31CeN7hlHM45DIdze8LeR6U1BM4QXagPzTDExXE.eF6OQXN-24UGIaFI_iJSiXNw9adzsktY-hhWJSIT3Nc&dib_tag=se&keywords=laptop&qid=1729745571&sprefix=laptop%2Caps%2C128&sr=8-170,679.00,3.0,2,Not available
"Dell Precision 5760 Workstation Laptop | 17"" 3840x2400 4k | Core i9-11950H - 1TB SSD Hard Drive - 32GB RAM - Nvidia RTX A3000 | 8 cores @ 5 GHz - 6GB GDDR6 Win 11 Pro Black (Renewed)",https://www.amazon.ca/Dell-Precision-5760-Workstation-Laptop/dp/B0D7C15DJ1/ref=sr_1_169?crid=1E63C3THFEGDP&dib=eyJ2IjoiMSJ9.9m4ZlSJUAmVhJpm_WyfD--TwqWm7LotpJAJ3KxWdLEKB3_tIrVuV1spK7-ifCcjlze6AheE2LofSTe6ny_ctSuRJ0KD8G4aW4FSjGhByJHuAfkxlwAkMXD_rpMfkcGsv3wvz65H4hKZKcZRaIXJxkphZFA13cFuRAdA7GuicACOcKRJ0yKhx_dWVyFujw98mqRUXVeoiGFpiWj-GjMqUWoDZ0KBJ1bYlkOIjOEsZtfeV3lhJGte6yHe4A8XaoBk_Z_oW31CeN7hlHM45DIdze8LeR6U1BM4QXagPzTDExXE.eF6OQXN-24UGIaFI_iJSiXNw9adzsktY-hhWJSIT3Nc&dib_tag=se&keywords=laptop&qid=1729745571&sprefix=laptop%2Caps%2C128&sr=8-169,"2,289.00",$5.54 delivery Nov 4 - 14 ,Only 1 left in stock.,Not available
"Dell i3185-A760GRY Inspiron 3000 3185 11.6"" Laptop PC, AMD A6-9220e, 4GB Memory, 32GB EMMC Storage, Grey, Windows 10 (Renewed)",https://www.amazon.ca/Dell-i3185-A760GRY-Inspiron-A6-9220e-Storage/dp/B07R1Z64BW/ref=sr_1_171?crid=1E63C3THFEGDP&dib=eyJ2IjoiMSJ9.9m4ZlSJUAmVhJpm_WyfD--TwqWm7LotpJAJ3KxWdLEKB3_tIrVuV1spK7-ifCcjlze6AheE2LofSTe6ny_ctSuRJ0KD8G4aW4FSjGhByJHuAfkxlwAkMXD_rpMfkcGsv3wvz65H4hKZKcZRaIXJxkphZFA13cFuRAdA7GuicACOcKRJ0yKhx_dWVyFujw98mqRUXVeoiGFpiWj-GjMqUWoDZ0KBJ1bYlkOIjOEsZtfeV3lhJGte6yHe4A8XaoBk_Z_oW31CeN7hlHM45DIdze8LeR6U1BM4QXagPzTDExXE.eF6OQXN-24UGIaFI_iJSiXNw9adzsktY-hhWJSIT3Nc&dib_tag=se&keywords=laptop&qid=1729745571&sprefix=laptop%2Caps%2C128&sr=8-171,123.59,3.2,11,Not available
"Dell Vostro 3430 14"" FHD Business Laptop - Intel Core i5-1335U, 8GB RAM, 256GB SSD, Windows 11 Pro - Titan Gray",https://www.amazon.ca/Dell-Vostro-3430-Business-Laptop/dp/B0CNBBRRN3/ref=sr_1_168?crid=1E63C3THFEGDP&dib=eyJ2IjoiMSJ9.9m4ZlSJUAmVhJpm_WyfD--TwqWm7LotpJAJ3KxWdLEKB3_tIrVuV1spK7-ifCcjlze6AheE2LofSTe6ny_ctSuRJ0KD8G4aW4FSjGhByJHuAfkxlwAkMXD_rpMfkcGsv3wvz65H4hKZKcZRaIXJxkphZFA13cFuRAdA7GuicACOcKRJ0yKhx_dWVyFujw98mqRUXVeoiGFpiWj-GjMqUWoDZ0KBJ1bYlkOIjOEsZtfeV3lhJGte6yHe4A8XaoBk_Z_oW31CeN7hlHM45DIdze8LeR6U1BM4QXagPzTDExXE.eF6OQXN-24UGIaFI_iJSiXNw9adzsktY-hhWJSIT3Nc&dib_tag=se&keywords=laptop&qid=1729745571&sprefix=laptop%2Caps%2C128&sr=8-168,679.99,"FREE delivery Sun, Oct 27 ",Only 1 left in stock.,Not available
"HP EliteBook 840 G3 14in Laptop, Core i5-6300U 2.4GHz, 16GB Ram, 500GB SSD, Windows 10 Pro 64bit (Renewed)",https://www.amazon.ca/HP-EliteBook-i5-6300U-Certified-Refurbished/dp/B07GCSDP5H/ref=sr_1_166?crid=1E63C3THFEGDP&dib=eyJ2IjoiMSJ9.9m4ZlSJUAmVhJpm_WyfD--TwqWm7LotpJAJ3KxWdLEKB3_tIrVuV1spK7-ifCcjlze6AheE2LofSTe6ny_ctSuRJ0KD8G4aW4FSjGhByJHuAfkxlwAkMXD_rpMfkcGsv3wvz65H4hKZKcZRaIXJxkphZFA13cFuRAdA7GuicACOcKRJ0yKhx_dWVyFujw98mqRUXVeoiGFpiWj-GjMqUWoDZ0KBJ1bYlkOIjOEsZtfeV3lhJGte6yHe4A8XaoBk_Z_oW31CeN7hlHM45DIdze8LeR6U1BM4QXagPzTDExXE.eF6OQXN-24UGIaFI_iJSiXNw9adzsktY-hhWJSIT3Nc&dib_tag=se&keywords=laptop&qid=1729745571&sprefix=laptop%2Caps%2C128&sr=8-166,295.00,4.1,531,Not available
"[Win 11&Office 2019] 14"" Silver FHD IPS Display Ultra-Thin Laptop, Celeron J4125 (2.0-2.7GHz), 8GB DDR4 RAM, SSD, 180° Opening, 2 USB3.0, WiFi/BT, Perfect for Travel, Study and Work (128, GB)",https://www.amazon.ca/Svikou%E3%80%90Win-Display-Ultra-Thin-Celeron-1-5-2-5GHz/dp/B0CZMZFD1N/ref=sr_1_165?crid=1E63C3THFEGDP&dib=eyJ2IjoiMSJ9.9m4ZlSJUAmVhJpm_WyfD--TwqWm7LotpJAJ3KxWdLEKB3_tIrVuV1spK7-ifCcjlze6AheE2LofSTe6ny_ctSuRJ0KD8G4aW4FSjGhByJHuAfkxlwAkMXD_rpMfkcGsv3wvz65H4hKZKcZRaIXJxkphZFA13cFuRAdA7GuicACOcKRJ0yKhx_dWVyFujw98mqRUXVeoiGFpiWj-GjMqUWoDZ0KBJ1bYlkOIjOEsZtfeV3lhJGte6yHe4A8XaoBk_Z_oW31CeN7hlHM45DIdze8LeR6U1BM4QXagPzTDExXE.eF6OQXN-24UGIaFI_iJSiXNw9adzsktY-hhWJSIT3Nc&dib_tag=se&keywords=laptop&qid=1729745571&sprefix=laptop%2Caps%2C128&sr=8-165,268.00,4.0,29,Not available
"Acer Nitro 5, 15.6"" 144Hz FHD Gaming Laptop | Intel Core i5-12450H | NVIDIA GeForce RTX 3050 | 32GB RAM | 1TB SSD | Windows 11 Home | Wi-Fi 6 | VR Ready | Black",https://www.amazon.ca/Acer-Gaming-i5-12450H-GeForce-Windows/dp/B0D8KR8TBS/ref=sr_1_167?crid=1E63C3THFEGDP&dib=eyJ2IjoiMSJ9.9m4ZlSJUAmVhJpm_WyfD--TwqWm7LotpJAJ3KxWdLEKB3_tIrVuV1spK7-ifCcjlze6AheE2LofSTe6ny_ctSuRJ0KD8G4aW4FSjGhByJHuAfkxlwAkMXD_rpMfkcGsv3wvz65H4hKZKcZRaIXJxkphZFA13cFuRAdA7GuicACOcKRJ0yKhx_dWVyFujw98mqRUXVeoiGFpiWj-GjMqUWoDZ0KBJ1bYlkOIjOEsZtfeV3lhJGte6yHe4A8XaoBk_Z_oW31CeN7hlHM45DIdze8LeR6U1BM4QXagPzTDExXE.eF6OQXN-24UGIaFI_iJSiXNw9adzsktY-hhWJSIT3Nc&dib_tag=se&keywords=laptop&qid=1729745571&sprefix=laptop%2Caps%2C128&sr=8-167,"1,099.99",1.0,1,Not available
"Dell Latitude 5510 Business Laptop, 15.6"" FHD 1920 x 1080, Intel Core i5-10210U 1.7GHz, 16GB DDR4 RAM, 512GB SSD, Wi-Fi, Bluetooth, Camera, Windows 10 Pro 64-bit (Renewed)",https://www.amazon.ca/Dell-Latitude-5510-i5-10210U-Bluetooth/dp/B0CCYDXSVG/ref=sr_1_164?crid=1E63C3THFEGDP&dib=eyJ2IjoiMSJ9.9m4ZlSJUAmVhJpm_WyfD--TwqWm7LotpJAJ3KxWdLEKB3_tIrVuV1spK7-ifCcjlze6AheE2LofSTe6ny_ctSuRJ0KD8G4aW4FSjGhByJHuAfkxlwAkMXD_rpMfkcGsv3wvz65H4hKZKcZRaIXJxkphZFA13cFuRAdA7GuicACOcKRJ0yKhx_dWVyFujw98mqRUXVeoiGFpiWj-GjMqUWoDZ0KBJ1bYlkOIjOEsZtfeV3lhJGte6yHe4A8XaoBk_Z_oW31CeN7hlHM45DIdze8LeR6U1BM4QXagPzTDExXE.eF6OQXN-24UGIaFI_iJSiXNw9adzsktY-hhWJSIT3Nc&dib_tag=se&keywords=laptop&qid=1729745571&sprefix=laptop%2Caps%2C128&sr=8-164,549.99,3.4,5,Not available
"Lenovo Thinkpad E14 Gen5 14"" WUXGA Laptop - Intel Core i5-1335U, 8GB RAM, 512GB SSD, Windows 11 Pro (with Microfiber Cloth) - Arctic Grey (21JK0060US)",https://www.amazon.ca/Lenovo-Thinkpad-Gen5-WUXGA-Laptop/dp/B0D3VMB1C3/ref=sr_1_163?crid=1E63C3THFEGDP&dib=eyJ2IjoiMSJ9.9m4ZlSJUAmVhJpm_WyfD--TwqWm7LotpJAJ3KxWdLEKB3_tIrVuV1spK7-ifCcjlze6AheE2LofSTe6ny_ctSuRJ0KD8G4aW4FSjGhByJHuAfkxlwAkMXD_rpMfkcGsv3wvz65H4hKZKcZRaIXJxkphZFA13cFuRAdA7GuicACOcKRJ0yKhx_dWVyFujw98mqRUXVeoiGFpiWj-GjMqUWoDZ0KBJ1bYlkOIjOEsZtfeV3lhJGte6yHe4A8XaoBk_Z_oW31CeN7hlHM45DIdze8LeR6U1BM4QXagPzTDExXE.eF6OQXN-24UGIaFI_iJSiXNw9adzsktY-hhWJSIT3Nc&dib_tag=se&keywords=laptop&qid=1729745571&sprefix=laptop%2Caps%2C128&sr=8-163,819.99,"FREE delivery Sun, Oct 27 ",Was:,Not available
"ASUS Chromebook CX1 Laptop, 15.6"" FHD NanoEdge Display, Intel Celeron N4500 Processor, 64GB eMMC Storage, 4GB RAM, Wi-Fi 6 ChromeOS, CX1500CKA-DH03-CB",https://www.amazon.ca/ASUS-Chromebook-NanoEdge-Processor-CX1500CKA-DH03-CB/dp/B0CPTD9X9S/ref=sr_1_162?crid=1E63C3THFEGDP&dib=eyJ2IjoiMSJ9.9m4ZlSJUAmVhJpm_WyfD--TwqWm7LotpJAJ3KxWdLEKB3_tIrVuV1spK7-ifCcjlze6AheE2LofSTe6ny_ctSuRJ0KD8G4aW4FSjGhByJHuAfkxlwAkMXD_rpMfkcGsv3wvz65H4hKZKcZRaIXJxkphZFA13cFuRAdA7GuicACOcKRJ0yKhx_dWVyFujw98mqRUXVeoiGFpiWj-GjMqUWoDZ0KBJ1bYlkOIjOEsZtfeV3lhJGte6yHe4A8XaoBk_Z_oW31CeN7hlHM45DIdze8LeR6U1BM4QXagPzTDExXE.eF6OQXN-24UGIaFI_iJSiXNw9adzsktY-hhWJSIT3Nc&dib_tag=se&keywords=laptop&qid=1729745571&sprefix=laptop%2Caps%2C128&sr=8-162,249.00,1.0,2,Not available
"ASUS TUF Gaming A16 (2023) Gaming Laptop, 16” FHD+ 165Hz, 100% SRGB Display, AMD Radeon RX 7600S, AMD Ryzen 7 7435HS, 16GB DDR5, 512GB PCIe 4.0 SSD, Wi-Fi 6, Windows 11, FA617NSR-AS71-CA",https://www.amazon.ca/Gaming-Laptop-Display-Windows-FA617NSR-AS71-CA/dp/B0CY9TGP47/ref=sr_1_161?crid=1E63C3THFEGDP&dib=eyJ2IjoiMSJ9.9m4ZlSJUAmVhJpm_WyfD--TwqWm7LotpJAJ3KxWdLEKB3_tIrVuV1spK7-ifCcjlze6AheE2LofSTe6ny_ctSuRJ0KD8G4aW4FSjGhByJHuAfkxlwAkMXD_rpMfkcGsv3wvz65H4hKZKcZRaIXJxkphZFA13cFuRAdA7GuicACOcKRJ0yKhx_dWVyFujw98mqRUXVeoiGFpiWj-GjMqUWoDZ0KBJ1bYlkOIjOEsZtfeV3lhJGte6yHe4A8XaoBk_Z_oW31CeN7hlHM45DIdze8LeR6U1BM4QXagPzTDExXE.eF6OQXN-24UGIaFI_iJSiXNw9adzsktY-hhWJSIT3Nc&dib_tag=se&keywords=laptop&qid=1729745571&sprefix=laptop%2Caps%2C128&sr=8-161,"1,199.00",3.8,10,Not available
"Acer Aspire 3 Laptop, 15.6"" FHD Display, AMD Ryzen 7 5700U Processor, 40GB RAM, 1TB SSD, AMD Radeon Graphics, Numeric Keypad, Webcam, WiFi 6, Pure Silver, Windows 11 Home, 32GB Hotface USB Card",https://www.amazon.ca/Acer-Aspire-Display-Processor-Graphics/dp/B0D12HB9J4/ref=sr_1_160?crid=1E63C3THFEGDP&dib=eyJ2IjoiMSJ9.9m4ZlSJUAmVhJpm_WyfD--TwqWm7LotpJAJ3KxWdLEKB3_tIrVuV1spK7-ifCcjlze6AheE2LofSTe6ny_ctSuRJ0KD8G4aW4FSjGhByJHuAfkxlwAkMXD_rpMfkcGsv3wvz65H4hKZKcZRaIXJxkphZFA13cFuRAdA7GuicACOcKRJ0yKhx_dWVyFujw98mqRUXVeoiGFpiWj-GjMqUWoDZ0KBJ1bYlkOIjOEsZtfeV3lhJGte6yHe4A8XaoBk_Z_oW31CeN7hlHM45DIdze8LeR6U1BM4QXagPzTDExXE.eF6OQXN-24UGIaFI_iJSiXNw9adzsktY-hhWJSIT3Nc&dib_tag=se&keywords=laptop&qid=1729745571&sprefix=laptop%2Caps%2C128&sr=8-160,829.00,4.5,227,Not available
"HP Envy x360 2-in-1 15.6"" FHD Touchscreen Laptop, AMD Ryzen 7 5825U, 32GB RAM, 1TB PCIe SSD, Backlit Keyboard, AMD Radeon Graphics, 5MP IR Camera, Win 11 Pro, Black, 32GB Hotface USB Card (Renewed)",https://www.amazon.ca/HP-Envy-Touchscreen-Keyboard-Graphics/dp/B0CTSTBJQ2/ref=sr_1_157?crid=1E63C3THFEGDP&dib=eyJ2IjoiMSJ9.9m4ZlSJUAmVhJpm_WyfD--TwqWm7LotpJAJ3KxWdLEKB3_tIrVuV1spK7-ifCcjlze6AheE2LofSTe6ny_ctSuRJ0KD8G4aW4FSjGhByJHuAfkxlwAkMXD_rpMfkcGsv3wvz65H4hKZKcZRaIXJxkphZFA13cFuRAdA7GuicACOcKRJ0yKhx_dWVyFujw98mqRUXVeoiGFpiWj-GjMqUWoDZ0KBJ1bYlkOIjOEsZtfeV3lhJGte6yHe4A8XaoBk_Z_oW31CeN7hlHM45DIdze8LeR6U1BM4QXagPzTDExXE.eF6OQXN-24UGIaFI_iJSiXNw9adzsktY-hhWJSIT3Nc&dib_tag=se&keywords=laptop&qid=1729745571&sprefix=laptop%2Caps%2C128&sr=8-157,"1,049.00",4.3,64,Not available
"HP 15.6"" FHD Micro-Edge Touchscreen Laptop, AMD Ryzen 7 5700U, 32GB RAM, 1TB PCIe SSD, Numeric Keypad, 720p HD Webcam, Wi-Fi 5, HP Fast Charge, Win 11 Pro, Silver, 32GB Hotface USB Card",https://www.amazon.ca/HP-15-6-Micro-Edge-Touchscreen-Numeric/dp/B0C31ND8N4/ref=sr_1_156?crid=1E63C3THFEGDP&dib=eyJ2IjoiMSJ9.9m4ZlSJUAmVhJpm_WyfD--TwqWm7LotpJAJ3KxWdLEKB3_tIrVuV1spK7-ifCcjlze6AheE2LofSTe6ny_ctSuRJ0KD8G4aW4FSjGhByJHuAfkxlwAkMXD_rpMfkcGsv3wvz65H4hKZKcZRaIXJxkphZFA13cFuRAdA7GuicACOcKRJ0yKhx_dWVyFujw98mqRUXVeoiGFpiWj-GjMqUWoDZ0KBJ1bYlkOIjOEsZtfeV3lhJGte6yHe4A8XaoBk_Z_oW31CeN7hlHM45DIdze8LeR6U1BM4QXagPzTDExXE.eF6OQXN-24UGIaFI_iJSiXNw9adzsktY-hhWJSIT3Nc&dib_tag=se&keywords=laptop&qid=1729745571&sprefix=laptop%2Caps%2C128&sr=8-156,949.00,4.2,273,Not available
"Dell Latitude 7490 14 HD Anti-Glare, Intel Core i5-8350U, 16GB DDR4, 256GB Solid State Drive, Webcam, Bluetooth, Windows 10Pro (Renewed)",https://www.amazon.ca/Dell-Latitude-7490-Anti-Glare-Bluetooth/dp/B08FCPDH64/ref=sr_1_155?crid=1E63C3THFEGDP&dib=eyJ2IjoiMSJ9.9m4ZlSJUAmVhJpm_WyfD--TwqWm7LotpJAJ3KxWdLEKB3_tIrVuV1spK7-ifCcjlze6AheE2LofSTe6ny_ctSuRJ0KD8G4aW4FSjGhByJHuAfkxlwAkMXD_rpMfkcGsv3wvz65H4hKZKcZRaIXJxkphZFA13cFuRAdA7GuicACOcKRJ0yKhx_dWVyFujw98mqRUXVeoiGFpiWj-GjMqUWoDZ0KBJ1bYlkOIjOEsZtfeV3lhJGte6yHe4A8XaoBk_Z_oW31CeN7hlHM45DIdze8LeR6U1BM4QXagPzTDExXE.eF6OQXN-24UGIaFI_iJSiXNw9adzsktY-hhWJSIT3Nc&dib_tag=se&keywords=laptop&qid=1729745571&sprefix=laptop%2Caps%2C128&sr=8-155,Price not available,4.0,538,Not available
"MSI Modern 15 H AI C1MG-029CA 15.6"" Ultra Thin and Light Professional Laptop, Intel Core Ultra 7-155H, ARC Graphics, 32GB DDR5 Memory, 1TB NVMe SSD, Windows 11 Home, Bilingual Keyboard",https://www.amazon.ca/MSI-C1MG-029CA-Professional-Graphics-Bilingual/dp/B0D1HDRBKX/ref=sr_1_152?crid=1E63C3THFEGDP&dib=eyJ2IjoiMSJ9.9m4ZlSJUAmVhJpm_WyfD--TwqWm7LotpJAJ3KxWdLEKB3_tIrVuV1spK7-ifCcjlze6AheE2LofSTe6ny_ctSuRJ0KD8G4aW4FSjGhByJHuAfkxlwAkMXD_rpMfkcGsv3wvz65H4hKZKcZRaIXJxkphZFA13cFuRAdA7GuicACOcKRJ0yKhx_dWVyFujw98mqRUXVeoiGFpiWj-GjMqUWoDZ0KBJ1bYlkOIjOEsZtfeV3lhJGte6yHe4A8XaoBk_Z_oW31CeN7hlHM45DIdze8LeR6U1BM4QXagPzTDExXE.eF6OQXN-24UGIaFI_iJSiXNw9adzsktY-hhWJSIT3Nc&dib_tag=se&keywords=laptop&qid=1729745571&sprefix=laptop%2Caps%2C128&sr=8-152,"1,199.00","FREE delivery Sun, Oct 27 ",List:,Not available
"Auusda Windows Laptop Computer, 16GB DDR4 RAM,1TB M2 PCIe NVMe SSD, 1.7-3.4GHz Intel N95, 15.6"" FHD IPS LCD 180° Screen, Backlight Keyboard, Fingerprint Reader, USB-A, Upgrade 9.5TB Storage [2024]",https://www.amazon.ca/Auusda-Computer-1-7-3-4GHz-Backlight-Fingerprint/dp/B0D89JMLH2/ref=sr_1_154?crid=1E63C3THFEGDP&dib=eyJ2IjoiMSJ9.9m4ZlSJUAmVhJpm_WyfD--TwqWm7LotpJAJ3KxWdLEKB3_tIrVuV1spK7-ifCcjlze6AheE2LofSTe6ny_ctSuRJ0KD8G4aW4FSjGhByJHuAfkxlwAkMXD_rpMfkcGsv3wvz65H4hKZKcZRaIXJxkphZFA13cFuRAdA7GuicACOcKRJ0yKhx_dWVyFujw98mqRUXVeoiGFpiWj-GjMqUWoDZ0KBJ1bYlkOIjOEsZtfeV3lhJGte6yHe4A8XaoBk_Z_oW31CeN7hlHM45DIdze8LeR6U1BM4QXagPzTDExXE.eF6OQXN-24UGIaFI_iJSiXNw9adzsktY-hhWJSIT3Nc&dib_tag=se&keywords=laptop&qid=1729745571&sprefix=laptop%2Caps%2C128&sr=8-154,449.99,2.0,1,Not available
"N4020-win11 G-Anica Laptop Computer, Laptop, 8GB+128GB, Intel Celeron Quad-Core Processors, 10"" Laptops, Bluetooth WiFi Webcam HDMI, and Laptop Bag,Mouse, Mouse Pad, Headphone（Pink）",https://www.amazon.ca/N4020-win11-G-Anica-Quad-Core-Processors-Headphone%EF%BC%88Pink%EF%BC%89/dp/B0DDPVJQBK/ref=sr_1_159?crid=1E63C3THFEGDP&dib=eyJ2IjoiMSJ9.9m4ZlSJUAmVhJpm_WyfD--TwqWm7LotpJAJ3KxWdLEKB3_tIrVuV1spK7-ifCcjlze6AheE2LofSTe6ny_ctSuRJ0KD8G4aW4FSjGhByJHuAfkxlwAkMXD_rpMfkcGsv3wvz65H4hKZKcZRaIXJxkphZFA13cFuRAdA7GuicACOcKRJ0yKhx_dWVyFujw98mqRUXVeoiGFpiWj-GjMqUWoDZ0KBJ1bYlkOIjOEsZtfeV3lhJGte6yHe4A8XaoBk_Z_oW31CeN7hlHM45DIdze8LeR6U1BM4QXagPzTDExXE.eF6OQXN-24UGIaFI_iJSiXNw9adzsktY-hhWJSIT3Nc&dib_tag=se&keywords=laptop&qid=1729745571&sprefix=laptop%2Caps%2C128&sr=8-159,249.99,4.1,5,Not available
"Pink Laptop [Win 11&MS Office 2019] 14’’ FHD IPS Display Ultra-Thin Notebook Celeron N4120 8GB DDR4 RAM 256GB SSD,180°Opening, USB3.0/Dual-Band WiFi/BT 5.0 Suitable for Work,Study and Play (GB, 256)",https://www.amazon.ca/Ultra-Thin-Notebook-180%C2%B0Opening-Dual-Band-Suitable/dp/B0D1FXQ1FD/ref=sr_1_158?crid=1E63C3THFEGDP&dib=eyJ2IjoiMSJ9.9m4ZlSJUAmVhJpm_WyfD--TwqWm7LotpJAJ3KxWdLEKB3_tIrVuV1spK7-ifCcjlze6AheE2LofSTe6ny_ctSuRJ0KD8G4aW4FSjGhByJHuAfkxlwAkMXD_rpMfkcGsv3wvz65H4hKZKcZRaIXJxkphZFA13cFuRAdA7GuicACOcKRJ0yKhx_dWVyFujw98mqRUXVeoiGFpiWj-GjMqUWoDZ0KBJ1bYlkOIjOEsZtfeV3lhJGte6yHe4A8XaoBk_Z_oW31CeN7hlHM45DIdze8LeR6U1BM4QXagPzTDExXE.eF6OQXN-24UGIaFI_iJSiXNw9adzsktY-hhWJSIT3Nc&dib_tag=se&keywords=laptop&qid=1729745571&sprefix=laptop%2Caps%2C128&sr=8-158,349.00,5.0,2,Not available
"Dell Latitude 5400 14"" Laptop, Intel Core i5, 16GB RAM, 256GB SSD, Win11 Pro (Renewed)",https://www.amazon.ca/Dell-Latitude-Laptop-Intel-Renewed/dp/B0CS4R6BWQ/ref=sr_1_151?crid=1E63C3THFEGDP&dib=eyJ2IjoiMSJ9.9m4ZlSJUAmVhJpm_WyfD--TwqWm7LotpJAJ3KxWdLEKB3_tIrVuV1spK7-ifCcjlze6AheE2LofSTe6ny_ctSuRJ0KD8G4aW4FSjGhByJHuAfkxlwAkMXD_rpMfkcGsv3wvz65H4hKZKcZRaIXJxkphZFA13cFuRAdA7GuicACOcKRJ0yKhx_dWVyFujw98mqRUXVeoiGFpiWj-GjMqUWoDZ0KBJ1bYlkOIjOEsZtfeV3lhJGte6yHe4A8XaoBk_Z_oW31CeN7hlHM45DIdze8LeR6U1BM4QXagPzTDExXE.eF6OQXN-24UGIaFI_iJSiXNw9adzsktY-hhWJSIT3Nc&dib_tag=se&keywords=laptop&qid=1729745571&sprefix=laptop%2Caps%2C128&sr=8-151,330.00,4.6,3,Not available
"Dell Inspiron 15.6"" FHD Business Laptop, Intel i3-1215U, 16GB DDR4 RAM, 1TB PCIe SSD, Intel UHD Graphics, Numeric Keypad, Webcam, Wi-Fi 6, Bluetooth, Black, Win 11 Pro",https://www.amazon.ca/Dell-Inspiron-15-6-Business-Bluetooth/dp/B0CNYZSCNF/ref=sr_1_150?crid=1E63C3THFEGDP&dib=eyJ2IjoiMSJ9.9m4ZlSJUAmVhJpm_WyfD--TwqWm7LotpJAJ3KxWdLEKB3_tIrVuV1spK7-ifCcjlze6AheE2LofSTe6ny_ctSuRJ0KD8G4aW4FSjGhByJHuAfkxlwAkMXD_rpMfkcGsv3wvz65H4hKZKcZRaIXJxkphZFA13cFuRAdA7GuicACOcKRJ0yKhx_dWVyFujw98mqRUXVeoiGFpiWj-GjMqUWoDZ0KBJ1bYlkOIjOEsZtfeV3lhJGte6yHe4A8XaoBk_Z_oW31CeN7hlHM45DIdze8LeR6U1BM4QXagPzTDExXE.eF6OQXN-24UGIaFI_iJSiXNw9adzsktY-hhWJSIT3Nc&dib_tag=se&keywords=laptop&qid=1729745571&sprefix=laptop%2Caps%2C128&sr=8-150,599.00,2.0,1,Not available
"AOKER Triple Monitor Laptop Screen Extender - 15.6 Inch Portable IPS FHD 1080P Display 360° Rotation Extended Screen for 13""-17.4"" Laptops Compatible with Mac/Wins/Android/Linux/Chrome Work",https://www.amazon.ca/AOKER-Triple-Monitor-Laptop-Extender/dp/B0DF5H3D9G/ref=sr_1_149?crid=1E63C3THFEGDP&dib=eyJ2IjoiMSJ9.9m4ZlSJUAmVhJpm_WyfD--TwqWm7LotpJAJ3KxWdLEKB3_tIrVuV1spK7-ifCcjlze6AheE2LofSTe6ny_ctSuRJ0KD8G4aW4FSjGhByJHuAfkxlwAkMXD_rpMfkcGsv3wvz65H4hKZKcZRaIXJxkphZFA13cFuRAdA7GuicACOcKRJ0yKhx_dWVyFujw98mqRUXVeoiGFpiWj-GjMqUWoDZ0KBJ1bYlkOIjOEsZtfeV3lhJGte6yHe4A8XaoBk_Z_oW31CeN7hlHM45DIdze8LeR6U1BM4QXagPzTDExXE.eF6OQXN-24UGIaFI_iJSiXNw9adzsktY-hhWJSIT3Nc&dib_tag=se&keywords=laptop&qid=1729745571&sprefix=laptop%2Caps%2C128&sr=8-149,499.99,4.7,262,Not available
External DVD Drive USB 3.0 Type-C CD Burner Portable CD +/-RW Drive DVD Player for ROM Rewriter Burner Compatible with Laptop Desktop PC Windows MacBook Linux Mac OS,https://www.amazon.ca/External-Rewriter-Burner-Portable-Desktop/dp/B096SQK922/ref=sr_1_148?crid=1E63C3THFEGDP&dib=eyJ2IjoiMSJ9.9m4ZlSJUAmVhJpm_WyfD--TwqWm7LotpJAJ3KxWdLEKB3_tIrVuV1spK7-ifCcjlze6AheE2LofSTe6ny_ctSuRJ0KD8G4aW4FSjGhByJHuAfkxlwAkMXD_rpMfkcGsv3wvz65H4hKZKcZRaIXJxkphZFA13cFuRAdA7GuicACOcKRJ0yKhx_dWVyFujw98mqRUXVeoiGFpiWj-GjMqUWoDZ0KBJ1bYlkOIjOEsZtfeV3lhJGte6yHe4A8XaoBk_Z_oW31CeN7hlHM45DIdze8LeR6U1BM4QXagPzTDExXE.eF6OQXN-24UGIaFI_iJSiXNw9adzsktY-hhWJSIT3Nc&dib_tag=se&keywords=laptop&qid=1729745571&sprefix=laptop%2Caps%2C128&sr=8-148,24.00,4.1,"7,431",Not available
"HP - 15.6"" Micro-Edge IPS Touch-Screen Laptop - Intel Core i3-1215U, 16GB RAM, 256GB SSD, Intel UHD Graphics, HDMI, Windows 11 Home S Mode, Natural Silver",https://www.amazon.ca/HP-Micro-Edge-Touch-Screen-i3-1215U-Graphics/dp/B0DBQWYXL8/ref=sr_1_147?crid=1E63C3THFEGDP&dib=eyJ2IjoiMSJ9.9m4ZlSJUAmVhJpm_WyfD--TwqWm7LotpJAJ3KxWdLEKB3_tIrVuV1spK7-ifCcjlze6AheE2LofSTe6ny_ctSuRJ0KD8G4aW4FSjGhByJHuAfkxlwAkMXD_rpMfkcGsv3wvz65H4hKZKcZRaIXJxkphZFA13cFuRAdA7GuicACOcKRJ0yKhx_dWVyFujw98mqRUXVeoiGFpiWj-GjMqUWoDZ0KBJ1bYlkOIjOEsZtfeV3lhJGte6yHe4A8XaoBk_Z_oW31CeN7hlHM45DIdze8LeR6U1BM4QXagPzTDExXE.eF6OQXN-24UGIaFI_iJSiXNw9adzsktY-hhWJSIT3Nc&dib_tag=se&keywords=laptop&qid=1729745571&sprefix=laptop%2Caps%2C128&sr=8-147,509.99,5.0,1,Not available
"Samsung Galaxy Book4 Edge Laptop, 14"", Copilot+, Qualcomm Snapdragon X Elite, 16GB RAM, 512GB Storage - Sapphire Blue",https://www.amazon.ca/Samsung-Copilot-Qualcomm-Snapdragon-Storage/dp/B0D4CBSDFC/ref=sr_1_146?crid=1E63C3THFEGDP&dib=eyJ2IjoiMSJ9.9m4ZlSJUAmVhJpm_WyfD--TwqWm7LotpJAJ3KxWdLEKB3_tIrVuV1spK7-ifCcjlze6AheE2LofSTe6ny_ctSuRJ0KD8G4aW4FSjGhByJHuAfkxlwAkMXD_rpMfkcGsv3wvz65H4hKZKcZRaIXJxkphZFA13cFuRAdA7GuicACOcKRJ0yKhx_dWVyFujw98mqRUXVeoiGFpiWj-GjMqUWoDZ0KBJ1bYlkOIjOEsZtfeV3lhJGte6yHe4A8XaoBk_Z_oW31CeN7hlHM45DIdze8LeR6U1BM4QXagPzTDExXE.eF6OQXN-24UGIaFI_iJSiXNw9adzsktY-hhWJSIT3Nc&dib_tag=se&keywords=laptop&qid=1729745571&sprefix=laptop%2Caps%2C128&sr=8-146,"1,649.99",4.2,7,Not available
"Dell Inspiron 15.6"" FHD Touchscreen Laptop - Intel Core i5-1235U, 8GB RAM, 512GB SSD, Windows 11 (with Microfiber Cloth) - Carbon Black (i3520-5124BLK-PUS)",https://www.amazon.ca/Dell-Inspiron-Touchscreen-Laptop-i3520-5124BLK-PUS/dp/B096L6R4YH/ref=sr_1_127?crid=1E63C3THFEGDP&dib=eyJ2IjoiMSJ9.etQhvvTfXPUbALAy-xmaolhPzlrVxfuVwAiHV0j9z3wGh05wPTdhnvaUVdEXhXV1o-HUmg1afYMhdMEm0jsG70jLyDHHMK7DaVP8O_60HYLC_etTx1_aE60Pwrbn8K06aSdIHlOkU7k5ayeV9w0XY9HUho0og39TuhCk-jhRgzG3k7HmT0p_KGxSyKiPMxm5XsmCA-3DJGGSwm2D_KH-m3Y1yalaPQ30iilj0oKoZohsdX_kjXLRoTJpxaSzJCrMHKC1qBJf0XJEBb9Rry8GkfkoZNu-HzPZBYODN-Lcsgg.wittfvyaNOP9u05lvnNd_FPSrWUM8gFgDSTPZK97v6o&dib_tag=se&keywords=laptop&qid=1729745572&sprefix=laptop%2Caps%2C128&sr=8-127,649.99,4.1,6,Not available
"ASUS Vivobook 15 2024 Laptop, 2-Core Intel Core i3-1115G4, 15.6"" FHD IPS Display, Intel UHD Graphics, 8GB DDR4 256GB SSD, Wi-Fi 5, Win11 Home",https://www.amazon.ca/Vivobook-Laptop-i3-1115G4-Display-Graphics/dp/B0DJ6QZTL3/ref=sr_1_126?crid=1E63C3THFEGDP&dib=eyJ2IjoiMSJ9.etQhvvTfXPUbALAy-xmaolhPzlrVxfuVwAiHV0j9z3wGh05wPTdhnvaUVdEXhXV1o-HUmg1afYMhdMEm0jsG70jLyDHHMK7DaVP8O_60HYLC_etTx1_aE60Pwrbn8K06aSdIHlOkU7k5ayeV9w0XY9HUho0og39TuhCk-jhRgzG3k7HmT0p_KGxSyKiPMxm5XsmCA-3DJGGSwm2D_KH-m3Y1yalaPQ30iilj0oKoZohsdX_kjXLRoTJpxaSzJCrMHKC1qBJf0XJEBb9Rry8GkfkoZNu-HzPZBYODN-Lcsgg.wittfvyaNOP9u05lvnNd_FPSrWUM8gFgDSTPZK97v6o&dib_tag=se&keywords=laptop&qid=1729745572&sprefix=laptop%2Caps%2C128&sr=8-126,458.38,FREE delivery Oct 31 - Nov 7 ,Only 3 left in stock.,Not available
"Apple 2022 MacBook Air Laptop with M2 chip: 13.6-inch Liquid Retina Display, 8GB RAM, 256GB SSD Storage, Backlit Keyboard, 1080p FaceTime HD Camera. Works with iPhone and iPad; Starlight; English",https://www.amazon.ca/2022-Apple-MacBook-Laptop-chip/dp/B0B3C7MJX3/ref=sr_1_125?crid=1E63C3THFEGDP&dib=eyJ2IjoiMSJ9.etQhvvTfXPUbALAy-xmaolhPzlrVxfuVwAiHV0j9z3wGh05wPTdhnvaUVdEXhXV1o-HUmg1afYMhdMEm0jsG70jLyDHHMK7DaVP8O_60HYLC_etTx1_aE60Pwrbn8K06aSdIHlOkU7k5ayeV9w0XY9HUho0og39TuhCk-jhRgzG3k7HmT0p_KGxSyKiPMxm5XsmCA-3DJGGSwm2D_KH-m3Y1yalaPQ30iilj0oKoZohsdX_kjXLRoTJpxaSzJCrMHKC1qBJf0XJEBb9Rry8GkfkoZNu-HzPZBYODN-Lcsgg.wittfvyaNOP9u05lvnNd_FPSrWUM8gFgDSTPZK97v6o&dib_tag=se&keywords=laptop&qid=1729745572&sprefix=laptop%2Caps%2C128&sr=8-125,"1,298.99",4.6,"3,081",Not available
Samsung Chromebook 4 Intel Celeron N4000 4 GB RAM 32GB eMMC 11.6in Chrome OS (Renewed),https://www.amazon.ca/Samsung-Chromebook-Celeron-11-6in-Renewed/dp/B0888FPFGK/ref=sr_1_124?crid=1E63C3THFEGDP&dib=eyJ2IjoiMSJ9.etQhvvTfXPUbALAy-xmaolhPzlrVxfuVwAiHV0j9z3wGh05wPTdhnvaUVdEXhXV1o-HUmg1afYMhdMEm0jsG70jLyDHHMK7DaVP8O_60HYLC_etTx1_aE60Pwrbn8K06aSdIHlOkU7k5ayeV9w0XY9HUho0og39TuhCk-jhRgzG3k7HmT0p_KGxSyKiPMxm5XsmCA-3DJGGSwm2D_KH-m3Y1yalaPQ30iilj0oKoZohsdX_kjXLRoTJpxaSzJCrMHKC1qBJf0XJEBb9Rry8GkfkoZNu-HzPZBYODN-Lcsgg.wittfvyaNOP9u05lvnNd_FPSrWUM8gFgDSTPZK97v6o&dib_tag=se&keywords=laptop&qid=1729745572&sprefix=laptop%2Caps%2C128&sr=8-124,167.00,4.3,"1,986",Not available
"ASUS Vivobook 14"" FHD 1920 x 1080 Laptop, Intel Core i3-1215U, 16GB RAM, 512GB SSD, Wi-Fi 6E, HDMI, Windows 11 Home in S Mode, Quiet Blue",https://www.amazon.ca/Vivobook-Laptop-Intel-i3-1215U-Windows/dp/B0D66KRBPM/ref=sr_1_123?crid=1E63C3THFEGDP&dib=eyJ2IjoiMSJ9.etQhvvTfXPUbALAy-xmaolhPzlrVxfuVwAiHV0j9z3wGh05wPTdhnvaUVdEXhXV1o-HUmg1afYMhdMEm0jsG70jLyDHHMK7DaVP8O_60HYLC_etTx1_aE60Pwrbn8K06aSdIHlOkU7k5ayeV9w0XY9HUho0og39TuhCk-jhRgzG3k7HmT0p_KGxSyKiPMxm5XsmCA-3DJGGSwm2D_KH-m3Y1yalaPQ30iilj0oKoZohsdX_kjXLRoTJpxaSzJCrMHKC1qBJf0XJEBb9Rry8GkfkoZNu-HzPZBYODN-Lcsgg.wittfvyaNOP9u05lvnNd_FPSrWUM8gFgDSTPZK97v6o&dib_tag=se&keywords=laptop&qid=1729745572&sprefix=laptop%2Caps%2C128&sr=8-123,499.99,3.0,3,Not available
"HP 14"" FHD IPS Display Laptop, AMD Ryzen 3-3250U, 32GB RAM, 1TB PCIe SSD, AMD Radeon Graphics, HP True Vision HD Camera, Wi-Fi 5, Bluetooth, Win 11, Silver, 32GB Hotface USB Card",https://www.amazon.ca/HP-Display-3-3250U-Graphics-Bluetooth/dp/B0CNGM5G9S/ref=sr_1_122?crid=1E63C3THFEGDP&dib=eyJ2IjoiMSJ9.etQhvvTfXPUbALAy-xmaolhPzlrVxfuVwAiHV0j9z3wGh05wPTdhnvaUVdEXhXV1o-HUmg1afYMhdMEm0jsG70jLyDHHMK7DaVP8O_60HYLC_etTx1_aE60Pwrbn8K06aSdIHlOkU7k5ayeV9w0XY9HUho0og39TuhCk-jhRgzG3k7HmT0p_KGxSyKiPMxm5XsmCA-3DJGGSwm2D_KH-m3Y1yalaPQ30iilj0oKoZohsdX_kjXLRoTJpxaSzJCrMHKC1qBJf0XJEBb9Rry8GkfkoZNu-HzPZBYODN-Lcsgg.wittfvyaNOP9u05lvnNd_FPSrWUM8gFgDSTPZK97v6o&dib_tag=se&keywords=laptop&qid=1729745572&sprefix=laptop%2Caps%2C128&sr=8-122,639.00,4.3,928,Not available
"SGIN Laptop, 17.3 IPS Full HD Laptops Computer, 8GB RAM 512GB SSD Notebook with Celeron Quad-core Processor, Mini HDMI, Webcam, 2xUSB 3.0, Type-C, Expandable Storage 512GB TF, WiFi(Gray)",https://www.amazon.ca/SGIN-Computer-Quad-core-Processor-Expandable/dp/B0D8771DRS/ref=sr_1_121?crid=1E63C3THFEGDP&dib=eyJ2IjoiMSJ9.etQhvvTfXPUbALAy-xmaolhPzlrVxfuVwAiHV0j9z3wGh05wPTdhnvaUVdEXhXV1o-HUmg1afYMhdMEm0jsG70jLyDHHMK7DaVP8O_60HYLC_etTx1_aE60Pwrbn8K06aSdIHlOkU7k5ayeV9w0XY9HUho0og39TuhCk-jhRgzG3k7HmT0p_KGxSyKiPMxm5XsmCA-3DJGGSwm2D_KH-m3Y1yalaPQ30iilj0oKoZohsdX_kjXLRoTJpxaSzJCrMHKC1qBJf0XJEBb9Rry8GkfkoZNu-HzPZBYODN-Lcsgg.wittfvyaNOP9u05lvnNd_FPSrWUM8gFgDSTPZK97v6o&dib_tag=se&keywords=laptop&qid=1729745572&sprefix=laptop%2Caps%2C128&sr=8-121,555.99,3.6,12,Not available
"ASUS ROG G752VY Laptop for Gamers (Intel Core i7, 32GB RAM, 128GB SSD + 1TB HDD, NVIDIA GTX 980M 4GB, 17.3""Full HD IPS, Windows 10) Newest Gaming Notebook PC",https://www.amazon.ca/G752VY-Laptop-Gamers-Windows-Notebook/dp/B00QH9HIBW/ref=sr_1_120?crid=1E63C3THFEGDP&dib=eyJ2IjoiMSJ9.etQhvvTfXPUbALAy-xmaolhPzlrVxfuVwAiHV0j9z3wGh05wPTdhnvaUVdEXhXV1o-HUmg1afYMhdMEm0jsG70jLyDHHMK7DaVP8O_60HYLC_etTx1_aE60Pwrbn8K06aSdIHlOkU7k5ayeV9w0XY9HUho0og39TuhCk-jhRgzG3k7HmT0p_KGxSyKiPMxm5XsmCA-3DJGGSwm2D_KH-m3Y1yalaPQ30iilj0oKoZohsdX_kjXLRoTJpxaSzJCrMHKC1qBJf0XJEBb9Rry8GkfkoZNu-HzPZBYODN-Lcsgg.wittfvyaNOP9u05lvnNd_FPSrWUM8gFgDSTPZK97v6o&dib_tag=se&keywords=laptop&qid=1729745572&sprefix=laptop%2Caps%2C128&sr=8-120,350.00,$5.54 delivery Oct 29 - Nov 1 ,Only 2 left in stock.,Not available
"ASUS TUF 15.6"" FHD 144Hz Gaming Laptop, Intel i7-13620H, GeForce RTX 4070 8GB GDDR6, 64GB DDR5, 2TB SSD, RGB Backlit Keyboard, Wi-Fi 6, Win 11 Home, Grey, 128GB Docking Station Set",https://www.amazon.ca/ASUS-TUF-i7-13620H-GeForce-Keyboard/dp/B0D629X7MF/ref=sr_1_119?crid=1E63C3THFEGDP&dib=eyJ2IjoiMSJ9.etQhvvTfXPUbALAy-xmaolhPzlrVxfuVwAiHV0j9z3wGh05wPTdhnvaUVdEXhXV1o-HUmg1afYMhdMEm0jsG70jLyDHHMK7DaVP8O_60HYLC_etTx1_aE60Pwrbn8K06aSdIHlOkU7k5ayeV9w0XY9HUho0og39TuhCk-jhRgzG3k7HmT0p_KGxSyKiPMxm5XsmCA-3DJGGSwm2D_KH-m3Y1yalaPQ30iilj0oKoZohsdX_kjXLRoTJpxaSzJCrMHKC1qBJf0XJEBb9Rry8GkfkoZNu-HzPZBYODN-Lcsgg.wittfvyaNOP9u05lvnNd_FPSrWUM8gFgDSTPZK97v6o&dib_tag=se&keywords=laptop&qid=1729745572&sprefix=laptop%2Caps%2C128&sr=8-119,"2,299.00",4.3,129,Not available
"[Win 11 Pro/MS Office 2019] 16"" Purple Laptop, 12th Gen Alder Lake Quad Core N95 CPU, 12GB LPDDR5, 512GB NVMe SSD, 2K FHD IPS, Color Backlit KB, Fingerprint Unlock/HDMI/Enhanced Performance(512GB)",https://www.amazon.ca/Office-Backlit-Fingerprint-Enhanced-Performance/dp/B0CSW6P916/ref=sr_1_118?crid=1E63C3THFEGDP&dib=eyJ2IjoiMSJ9.etQhvvTfXPUbALAy-xmaolhPzlrVxfuVwAiHV0j9z3wGh05wPTdhnvaUVdEXhXV1o-HUmg1afYMhdMEm0jsG70jLyDHHMK7DaVP8O_60HYLC_etTx1_aE60Pwrbn8K06aSdIHlOkU7k5ayeV9w0XY9HUho0og39TuhCk-jhRgzG3k7HmT0p_KGxSyKiPMxm5XsmCA-3DJGGSwm2D_KH-m3Y1yalaPQ30iilj0oKoZohsdX_kjXLRoTJpxaSzJCrMHKC1qBJf0XJEBb9Rry8GkfkoZNu-HzPZBYODN-Lcsgg.wittfvyaNOP9u05lvnNd_FPSrWUM8gFgDSTPZK97v6o&dib_tag=se&keywords=laptop&qid=1729745572&sprefix=laptop%2Caps%2C128&sr=8-118,439.20,4.4,18,Not available
"ASUS Chromebook Plus CX34 laptop, 14"" Touch Display (1920x1080), Intel® Core™ i3-1215U Processor, 8GB RAM, 256GB UFS storage, ChromeOS, CX3402CBA-ASI31T-CB",https://www.amazon.ca/Chromebook-1920x1080-i3-1215U-Processor-CX3402CBA-ASI31T-CB/dp/B0CXWDFMLL/ref=sr_1_116?crid=1E63C3THFEGDP&dib=eyJ2IjoiMSJ9.etQhvvTfXPUbALAy-xmaolhPzlrVxfuVwAiHV0j9z3wGh05wPTdhnvaUVdEXhXV1o-HUmg1afYMhdMEm0jsG70jLyDHHMK7DaVP8O_60HYLC_etTx1_aE60Pwrbn8K06aSdIHlOkU7k5ayeV9w0XY9HUho0og39TuhCk-jhRgzG3k7HmT0p_KGxSyKiPMxm5XsmCA-3DJGGSwm2D_KH-m3Y1yalaPQ30iilj0oKoZohsdX_kjXLRoTJpxaSzJCrMHKC1qBJf0XJEBb9Rry8GkfkoZNu-HzPZBYODN-Lcsgg.wittfvyaNOP9u05lvnNd_FPSrWUM8gFgDSTPZK97v6o&dib_tag=se&keywords=laptop&qid=1729745572&sprefix=laptop%2Caps%2C128&sr=8-116,449.00,4.0,16,Not available
"SGIN Laptop Computer, 8GB RAM, 512GB SSD, 15.6 Inch Laptops, Celeron Quad Core Processor (up to 2.5 GHz), 2.4G/5G WiFi, Type-C, Mini HDMI, UHD Graphics 600, 512GB TF Card Expansion(Silver)",https://www.amazon.ca/SGIN-Computer-Processor-Graphics-Expansion/dp/B0D7MT3LVW/ref=sr_1_115?crid=1E63C3THFEGDP&dib=eyJ2IjoiMSJ9.etQhvvTfXPUbALAy-xmaolhPzlrVxfuVwAiHV0j9z3wGh05wPTdhnvaUVdEXhXV1o-HUmg1afYMhdMEm0jsG70jLyDHHMK7DaVP8O_60HYLC_etTx1_aE60Pwrbn8K06aSdIHlOkU7k5ayeV9w0XY9HUho0og39TuhCk-jhRgzG3k7HmT0p_KGxSyKiPMxm5XsmCA-3DJGGSwm2D_KH-m3Y1yalaPQ30iilj0oKoZohsdX_kjXLRoTJpxaSzJCrMHKC1qBJf0XJEBb9Rry8GkfkoZNu-HzPZBYODN-Lcsgg.wittfvyaNOP9u05lvnNd_FPSrWUM8gFgDSTPZK97v6o&dib_tag=se&keywords=laptop&qid=1729745572&sprefix=laptop%2Caps%2C128&sr=8-115,602.00,3.8,13,Not available
"Lenovo ThinkPad T490s 14.0'' FHD Laptop, Intel Quad-Core i5-8365U up to 3.90GHz, 16GB DDR4 RAM, 512GB SSD, Fingerprint, Backlit Keyboard, Windows 10 Pro 64-bit (Renewed)",https://www.amazon.ca/Lenovo-ThinkPad-T490s-Quad-Core-Fingerprint/dp/B0CBM97CZL/ref=sr_1_114?crid=1E63C3THFEGDP&dib=eyJ2IjoiMSJ9.etQhvvTfXPUbALAy-xmaolhPzlrVxfuVwAiHV0j9z3wGh05wPTdhnvaUVdEXhXV1o-HUmg1afYMhdMEm0jsG70jLyDHHMK7DaVP8O_60HYLC_etTx1_aE60Pwrbn8K06aSdIHlOkU7k5ayeV9w0XY9HUho0og39TuhCk-jhRgzG3k7HmT0p_KGxSyKiPMxm5XsmCA-3DJGGSwm2D_KH-m3Y1yalaPQ30iilj0oKoZohsdX_kjXLRoTJpxaSzJCrMHKC1qBJf0XJEBb9Rry8GkfkoZNu-HzPZBYODN-Lcsgg.wittfvyaNOP9u05lvnNd_FPSrWUM8gFgDSTPZK97v6o&dib_tag=se&keywords=laptop&qid=1729745572&sprefix=laptop%2Caps%2C128&sr=8-114,295.00,3.9,22,Not available
ACEMAGIC Laptop Computer AMD Ryzen 7 5700U Gaming Laptop 16GB DDR4 512GB M.2 2280 NVMe SSD Windows Laptop Office Laptops Home Laptops Windows11 16.1-inch IPS FHD WIFI6 BT5.2 HDMI Type-C USB3.2,https://www.amazon.ca/ACEMAGIC-i7-1265U-Windows-Graphics-Backlit/dp/B0CPYCV9BM/ref=sr_1_113?crid=1E63C3THFEGDP&dib=eyJ2IjoiMSJ9.etQhvvTfXPUbALAy-xmaolhPzlrVxfuVwAiHV0j9z3wGh05wPTdhnvaUVdEXhXV1o-HUmg1afYMhdMEm0jsG70jLyDHHMK7DaVP8O_60HYLC_etTx1_aE60Pwrbn8K06aSdIHlOkU7k5ayeV9w0XY9HUho0og39TuhCk-jhRgzG3k7HmT0p_KGxSyKiPMxm5XsmCA-3DJGGSwm2D_KH-m3Y1yalaPQ30iilj0oKoZohsdX_kjXLRoTJpxaSzJCrMHKC1qBJf0XJEBb9Rry8GkfkoZNu-HzPZBYODN-Lcsgg.wittfvyaNOP9u05lvnNd_FPSrWUM8gFgDSTPZK97v6o&dib_tag=se&keywords=laptop&qid=1729745572&sprefix=laptop%2Caps%2C128&sr=8-113,899.99,4.1,120,Not available
"MSI Cyborg 14 A13VE-052CA 14"" 144Hz Gaming Laptop, Intel Core i7-13620H, RTX 4050, 16GB DDR5, 512GB NVMe SSD, Windows 11 Home",https://www.amazon.ca/MSI-Cyborg-14-A13VE-052CA-i7-13620H/dp/B0CRKR17Q4/ref=sr_1_117?crid=1E63C3THFEGDP&dib=eyJ2IjoiMSJ9.etQhvvTfXPUbALAy-xmaolhPzlrVxfuVwAiHV0j9z3wGh05wPTdhnvaUVdEXhXV1o-HUmg1afYMhdMEm0jsG70jLyDHHMK7DaVP8O_60HYLC_etTx1_aE60Pwrbn8K06aSdIHlOkU7k5ayeV9w0XY9HUho0og39TuhCk-jhRgzG3k7HmT0p_KGxSyKiPMxm5XsmCA-3DJGGSwm2D_KH-m3Y1yalaPQ30iilj0oKoZohsdX_kjXLRoTJpxaSzJCrMHKC1qBJf0XJEBb9Rry8GkfkoZNu-HzPZBYODN-Lcsgg.wittfvyaNOP9u05lvnNd_FPSrWUM8gFgDSTPZK97v6o&dib_tag=se&keywords=laptop&qid=1729745572&sprefix=laptop%2Caps%2C128&sr=8-117,"1,544.78",5.0,1,Not available
"ASUS Vivobook Go 15 Laptop, 15.6” FHD Display, Intel® Core™ i3-N305 Processor, 4GB RAM, 128GB UFS, Windows 11 Home in S Mode, E1504GA-AS32-CA",https://www.amazon.ca/Vivobook-Display-i3-N305-Processor-E1504GA-AS32-CA/dp/B0CX78H27P/ref=sr_1_110?crid=1E63C3THFEGDP&dib=eyJ2IjoiMSJ9.etQhvvTfXPUbALAy-xmaolhPzlrVxfuVwAiHV0j9z3wGh05wPTdhnvaUVdEXhXV1o-HUmg1afYMhdMEm0jsG70jLyDHHMK7DaVP8O_60HYLC_etTx1_aE60Pwrbn8K06aSdIHlOkU7k5ayeV9w0XY9HUho0og39TuhCk-jhRgzG3k7HmT0p_KGxSyKiPMxm5XsmCA-3DJGGSwm2D_KH-m3Y1yalaPQ30iilj0oKoZohsdX_kjXLRoTJpxaSzJCrMHKC1qBJf0XJEBb9Rry8GkfkoZNu-HzPZBYODN-Lcsgg.wittfvyaNOP9u05lvnNd_FPSrWUM8gFgDSTPZK97v6o&dib_tag=se&keywords=laptop&qid=1729745572&sprefix=laptop%2Caps%2C128&sr=8-110,349.00,4.0,4,Not available
"Acer Aspire Spin A3SP14-31PT-322D, 14.0"" FHD 1920x1080 IPS Touch Laptop, Intel Core i3-N305, ‎Intel UHD Graphics, 8GB RAM, 256GB SSD, Windows 11",https://www.amazon.ca/Acer-Aspire-i3-N305-Graphics-Windows/dp/B0BW4PS16N/ref=sr_1_109?crid=1E63C3THFEGDP&dib=eyJ2IjoiMSJ9.etQhvvTfXPUbALAy-xmaolhPzlrVxfuVwAiHV0j9z3wGh05wPTdhnvaUVdEXhXV1o-HUmg1afYMhdMEm0jsG70jLyDHHMK7DaVP8O_60HYLC_etTx1_aE60Pwrbn8K06aSdIHlOkU7k5ayeV9w0XY9HUho0og39TuhCk-jhRgzG3k7HmT0p_KGxSyKiPMxm5XsmCA-3DJGGSwm2D_KH-m3Y1yalaPQ30iilj0oKoZohsdX_kjXLRoTJpxaSzJCrMHKC1qBJf0XJEBb9Rry8GkfkoZNu-HzPZBYODN-Lcsgg.wittfvyaNOP9u05lvnNd_FPSrWUM8gFgDSTPZK97v6o&dib_tag=se&keywords=laptop&qid=1729745572&sprefix=laptop%2Caps%2C128&sr=8-109,579.99,4.3,21,Not available
"Acer Aspire 5 Laptop | 15.6"" Full HD IPS Display | 12th Gen Intel i7-12650H | 32GB DDR4 | 1 TB NVMe SSD | 802.11ax Wi-Fi 6 | Thunderbolt 4 | Backlit Keyboard | Windows 11 Home (Renewed)",https://www.amazon.ca/Acer-i7-12650H-802-11ax-Thunderbolt-Keyboard/dp/B0CL7TC363/ref=sr_1_108?crid=1E63C3THFEGDP&dib=eyJ2IjoiMSJ9.etQhvvTfXPUbALAy-xmaolhPzlrVxfuVwAiHV0j9z3wGh05wPTdhnvaUVdEXhXV1o-HUmg1afYMhdMEm0jsG70jLyDHHMK7DaVP8O_60HYLC_etTx1_aE60Pwrbn8K06aSdIHlOkU7k5ayeV9w0XY9HUho0og39TuhCk-jhRgzG3k7HmT0p_KGxSyKiPMxm5XsmCA-3DJGGSwm2D_KH-m3Y1yalaPQ30iilj0oKoZohsdX_kjXLRoTJpxaSzJCrMHKC1qBJf0XJEBb9Rry8GkfkoZNu-HzPZBYODN-Lcsgg.wittfvyaNOP9u05lvnNd_FPSrWUM8gFgDSTPZK97v6o&dib_tag=se&keywords=laptop&qid=1729745572&sprefix=laptop%2Caps%2C128&sr=8-108,869.00,4.0,6,Not available
"HP 14"" FHD Laptop, IPS Display, AMD Ryzen 3-3250U, 16GB RAM, 256GB PCIe SSD, AMD Radeon Graphics, HP True Vision HD Camera, Wi-Fi 5, Bluetooth, Win 11, Silver, 32GB Hotface USB Card",https://www.amazon.ca/HP-14-Display-Graphics-Bluetooth/dp/B0CNGGNSZ1/ref=sr_1_112?crid=1E63C3THFEGDP&dib=eyJ2IjoiMSJ9.etQhvvTfXPUbALAy-xmaolhPzlrVxfuVwAiHV0j9z3wGh05wPTdhnvaUVdEXhXV1o-HUmg1afYMhdMEm0jsG70jLyDHHMK7DaVP8O_60HYLC_etTx1_aE60Pwrbn8K06aSdIHlOkU7k5ayeV9w0XY9HUho0og39TuhCk-jhRgzG3k7HmT0p_KGxSyKiPMxm5XsmCA-3DJGGSwm2D_KH-m3Y1yalaPQ30iilj0oKoZohsdX_kjXLRoTJpxaSzJCrMHKC1qBJf0XJEBb9Rry8GkfkoZNu-HzPZBYODN-Lcsgg.wittfvyaNOP9u05lvnNd_FPSrWUM8gFgDSTPZK97v6o&dib_tag=se&keywords=laptop&qid=1729745572&sprefix=laptop%2Caps%2C128&sr=8-112,569.00,4.3,16,Not available
"jumper Laptop, 16 Inch FHD IPS 1200p Screen, 5305U Processor, 4GB RAM 128GB SSD, Office 365 1-Year Subscription, Windows 11 Computer with Numeric Keypad, Stereo Speakers, HDMI, WiFi.",https://www.amazon.ca/jumper-Processor-Subscription-Computer-Speakers/dp/B0D9VH8FWR/ref=sr_1_111?crid=1E63C3THFEGDP&dib=eyJ2IjoiMSJ9.etQhvvTfXPUbALAy-xmaolhPzlrVxfuVwAiHV0j9z3wGh05wPTdhnvaUVdEXhXV1o-HUmg1afYMhdMEm0jsG70jLyDHHMK7DaVP8O_60HYLC_etTx1_aE60Pwrbn8K06aSdIHlOkU7k5ayeV9w0XY9HUho0og39TuhCk-jhRgzG3k7HmT0p_KGxSyKiPMxm5XsmCA-3DJGGSwm2D_KH-m3Y1yalaPQ30iilj0oKoZohsdX_kjXLRoTJpxaSzJCrMHKC1qBJf0XJEBb9Rry8GkfkoZNu-HzPZBYODN-Lcsgg.wittfvyaNOP9u05lvnNd_FPSrWUM8gFgDSTPZK97v6o&dib_tag=se&keywords=laptop&qid=1729745572&sprefix=laptop%2Caps%2C128&sr=8-111,349.99,4.0,55,Not available
"THOMSON NEO 3K Notebook 14"" / Intel 4 cores Celeron N5100 / 3K Display 3000x2000 (400 Nits) / 4GB Ram / 128GB SSD/Black / 1 Year incuded Microsoft 365",https://www.amazon.ca/THOMSON-Notebook-Celeron-3000x2000-Microsoft/dp/B0C8BCSMD8/ref=sr_1_106?crid=1E63C3THFEGDP&dib=eyJ2IjoiMSJ9.etQhvvTfXPUbALAy-xmaolhPzlrVxfuVwAiHV0j9z3wGh05wPTdhnvaUVdEXhXV1o-HUmg1afYMhdMEm0jsG70jLyDHHMK7DaVP8O_60HYLC_etTx1_aE60Pwrbn8K06aSdIHlOkU7k5ayeV9w0XY9HUho0og39TuhCk-jhRgzG3k7HmT0p_KGxSyKiPMxm5XsmCA-3DJGGSwm2D_KH-m3Y1yalaPQ30iilj0oKoZohsdX_kjXLRoTJpxaSzJCrMHKC1qBJf0XJEBb9Rry8GkfkoZNu-HzPZBYODN-Lcsgg.wittfvyaNOP9u05lvnNd_FPSrWUM8gFgDSTPZK97v6o&dib_tag=se&keywords=laptop&qid=1729745572&sprefix=laptop%2Caps%2C128&sr=8-106,205.17,3.5,14,Not available
"HP 15.6"" HD Everyday Laptop, Intel Pentium Silver N5030, 32GB RAM, 1TB PCIe SSD, Intel UHD Graphics 605, Island-Style Keyboard, HP Fast Charge, HD Camera, Win 11, Blue, 32GB Hotface USB Card (Renewed)",https://www.amazon.ca/HP-15-6-Everyday-Graphics-Island-Style/dp/B0CWK21HTM/ref=sr_1_107?crid=1E63C3THFEGDP&dib=eyJ2IjoiMSJ9.etQhvvTfXPUbALAy-xmaolhPzlrVxfuVwAiHV0j9z3wGh05wPTdhnvaUVdEXhXV1o-HUmg1afYMhdMEm0jsG70jLyDHHMK7DaVP8O_60HYLC_etTx1_aE60Pwrbn8K06aSdIHlOkU7k5ayeV9w0XY9HUho0og39TuhCk-jhRgzG3k7HmT0p_KGxSyKiPMxm5XsmCA-3DJGGSwm2D_KH-m3Y1yalaPQ30iilj0oKoZohsdX_kjXLRoTJpxaSzJCrMHKC1qBJf0XJEBb9Rry8GkfkoZNu-HzPZBYODN-Lcsgg.wittfvyaNOP9u05lvnNd_FPSrWUM8gFgDSTPZK97v6o&dib_tag=se&keywords=laptop&qid=1729745572&sprefix=laptop%2Caps%2C128&sr=8-107,549.00,4.3,849,Not available
"Dell Latitude E7450 14in HD High Performance Ultra Book Business Laptop Notebook (Intel Quad Core i5 5300U, 8GB Ram, 256GB Solid State SSD, Camera, HDMI, WiFi) Win 10 Pro (Renewed)",https://www.amazon.ca/Dell-Latitude-E7450-Performance-Refurbished/dp/B076DKFYF9/ref=sr_1_105?crid=1E63C3THFEGDP&dib=eyJ2IjoiMSJ9.etQhvvTfXPUbALAy-xmaolhPzlrVxfuVwAiHV0j9z3wGh05wPTdhnvaUVdEXhXV1o-HUmg1afYMhdMEm0jsG70jLyDHHMK7DaVP8O_60HYLC_etTx1_aE60Pwrbn8K06aSdIHlOkU7k5ayeV9w0XY9HUho0og39TuhCk-jhRgzG3k7HmT0p_KGxSyKiPMxm5XsmCA-3DJGGSwm2D_KH-m3Y1yalaPQ30iilj0oKoZohsdX_kjXLRoTJpxaSzJCrMHKC1qBJf0XJEBb9Rry8GkfkoZNu-HzPZBYODN-Lcsgg.wittfvyaNOP9u05lvnNd_FPSrWUM8gFgDSTPZK97v6o&dib_tag=se&keywords=laptop&qid=1729745572&sprefix=laptop%2Caps%2C128&sr=8-105,268.00,4.1,662,Not available
"HP 14"" FHD Laptop - AMD Ryzen 5 5500U, 8GB RAM, 256GB SSD, Windows 11-14-fq1025nr",https://www.amazon.ca/HP-14-FHD-Laptop-11-14-fq1025nr/dp/B09G8SK2KK/ref=sr_1_103?crid=1E63C3THFEGDP&dib=eyJ2IjoiMSJ9.etQhvvTfXPUbALAy-xmaolhPzlrVxfuVwAiHV0j9z3wGh05wPTdhnvaUVdEXhXV1o-HUmg1afYMhdMEm0jsG70jLyDHHMK7DaVP8O_60HYLC_etTx1_aE60Pwrbn8K06aSdIHlOkU7k5ayeV9w0XY9HUho0og39TuhCk-jhRgzG3k7HmT0p_KGxSyKiPMxm5XsmCA-3DJGGSwm2D_KH-m3Y1yalaPQ30iilj0oKoZohsdX_kjXLRoTJpxaSzJCrMHKC1qBJf0XJEBb9Rry8GkfkoZNu-HzPZBYODN-Lcsgg.wittfvyaNOP9u05lvnNd_FPSrWUM8gFgDSTPZK97v6o&dib_tag=se&keywords=laptop&qid=1729745572&sprefix=laptop%2Caps%2C128&sr=8-103,589.99,4.4,"1,184",Not available
"Lenovo IdeaPad 3i 15.6"" FHD Touchscreen Laptop, Intel i5-1155G7, 16GB RAM, 512GB PCIe SSD, Intel Iris Xe Graphics, Num Pad, WiFi 6, Webcam, Windows 11 Pro, Abyss Blue, 32GB Hotface USB Card",https://www.amazon.ca/Lenovo-IdeaPad-3i-Touchscreen-i5-1155G7/dp/B0CTGZBQZG/ref=sr_1_104?crid=1E63C3THFEGDP&dib=eyJ2IjoiMSJ9.etQhvvTfXPUbALAy-xmaolhPzlrVxfuVwAiHV0j9z3wGh05wPTdhnvaUVdEXhXV1o-HUmg1afYMhdMEm0jsG70jLyDHHMK7DaVP8O_60HYLC_etTx1_aE60Pwrbn8K06aSdIHlOkU7k5ayeV9w0XY9HUho0og39TuhCk-jhRgzG3k7HmT0p_KGxSyKiPMxm5XsmCA-3DJGGSwm2D_KH-m3Y1yalaPQ30iilj0oKoZohsdX_kjXLRoTJpxaSzJCrMHKC1qBJf0XJEBb9Rry8GkfkoZNu-HzPZBYODN-Lcsgg.wittfvyaNOP9u05lvnNd_FPSrWUM8gFgDSTPZK97v6o&dib_tag=se&keywords=laptop&qid=1729745572&sprefix=laptop%2Caps%2C128&sr=8-104,739.00,4.2,362,Not available
"Acer Aspire 3 Laptop 15.6"" Full HD Display | AMD Ryzen 7 5700U CPU | 16GB DDR4 | 1TB SSD | Windows 11 Home (1 Yr Manufacturer Warranty) (Renewed)",https://www.amazon.ca/Acer-Display-Windows-Manufacturer-Warranty/dp/B0D1JZYKRV/ref=sr_1_102?crid=1E63C3THFEGDP&dib=eyJ2IjoiMSJ9.etQhvvTfXPUbALAy-xmaolhPzlrVxfuVwAiHV0j9z3wGh05wPTdhnvaUVdEXhXV1o-HUmg1afYMhdMEm0jsG70jLyDHHMK7DaVP8O_60HYLC_etTx1_aE60Pwrbn8K06aSdIHlOkU7k5ayeV9w0XY9HUho0og39TuhCk-jhRgzG3k7HmT0p_KGxSyKiPMxm5XsmCA-3DJGGSwm2D_KH-m3Y1yalaPQ30iilj0oKoZohsdX_kjXLRoTJpxaSzJCrMHKC1qBJf0XJEBb9Rry8GkfkoZNu-HzPZBYODN-Lcsgg.wittfvyaNOP9u05lvnNd_FPSrWUM8gFgDSTPZK97v6o&dib_tag=se&keywords=laptop&qid=1729745572&sprefix=laptop%2Caps%2C128&sr=8-102,549.00,3.7,8,Not available
"HP Stream 14"" HD BrightView Laptop, Intel Pentium Silver N5030, 16GB RAM, 1.16TB Storage(1TB SSD + 160GB Docking Station Set), Intel UHD Graphics, HP Fast Charge, 1 Year Office 365, Win 11 S, Silver",https://www.amazon.ca/HP-Stream-BrightView-Pentium-Graphics/dp/B0DBKQW616/ref=sr_1_101?crid=1E63C3THFEGDP&dib=eyJ2IjoiMSJ9.etQhvvTfXPUbALAy-xmaolhPzlrVxfuVwAiHV0j9z3wGh05wPTdhnvaUVdEXhXV1o-HUmg1afYMhdMEm0jsG70jLyDHHMK7DaVP8O_60HYLC_etTx1_aE60Pwrbn8K06aSdIHlOkU7k5ayeV9w0XY9HUho0og39TuhCk-jhRgzG3k7HmT0p_KGxSyKiPMxm5XsmCA-3DJGGSwm2D_KH-m3Y1yalaPQ30iilj0oKoZohsdX_kjXLRoTJpxaSzJCrMHKC1qBJf0XJEBb9Rry8GkfkoZNu-HzPZBYODN-Lcsgg.wittfvyaNOP9u05lvnNd_FPSrWUM8gFgDSTPZK97v6o&dib_tag=se&keywords=laptop&qid=1729745572&sprefix=laptop%2Caps%2C128&sr=8-101,539.00,4.7,5,Not available
"Dell Latitude 5480 14 Inch Laptop PC, Intel Core i5-6300U 2.4Ghz, 16GB DDR4 RAM, 256GB SSD, USB Type-C, HDMI, Webcam, Windows 10 Pro (Renewed)",https://www.amazon.ca/Dell-Latitude-Laptop-Windows-Renewed/dp/B0CBPRYKXB/ref=sr_1_100?crid=1E63C3THFEGDP&dib=eyJ2IjoiMSJ9.etQhvvTfXPUbALAy-xmaolhPzlrVxfuVwAiHV0j9z3wGh05wPTdhnvaUVdEXhXV1o-HUmg1afYMhdMEm0jsG70jLyDHHMK7DaVP8O_60HYLC_etTx1_aE60Pwrbn8K06aSdIHlOkU7k5ayeV9w0XY9HUho0og39TuhCk-jhRgzG3k7HmT0p_KGxSyKiPMxm5XsmCA-3DJGGSwm2D_KH-m3Y1yalaPQ30iilj0oKoZohsdX_kjXLRoTJpxaSzJCrMHKC1qBJf0XJEBb9Rry8GkfkoZNu-HzPZBYODN-Lcsgg.wittfvyaNOP9u05lvnNd_FPSrWUM8gFgDSTPZK97v6o&dib_tag=se&keywords=laptop&qid=1729745572&sprefix=laptop%2Caps%2C128&sr=8-100,190.00,4.4,29,Not available
"HP 15.6"" HD Business Laptop, Intel Pentium N200 Processor, 16GB RAM, 128GB SSD, Intel UHD Graphics, Numeric Keyboard, HD Webcam, WiFi, 1 Year Office 365, Windows 11, Scarlet Red, 32GB Hotface USB Card",https://www.amazon.ca/HP-Business-Processor-Graphics-Keyboard/dp/B0CP212L7V/ref=sr_1_99?crid=1E63C3THFEGDP&dib=eyJ2IjoiMSJ9.etQhvvTfXPUbALAy-xmaolhPzlrVxfuVwAiHV0j9z3wGh05wPTdhnvaUVdEXhXV1o-HUmg1afYMhdMEm0jsG70jLyDHHMK7DaVP8O_60HYLC_etTx1_aE60Pwrbn8K06aSdIHlOkU7k5ayeV9w0XY9HUho0og39TuhCk-jhRgzG3k7HmT0p_KGxSyKiPMxm5XsmCA-3DJGGSwm2D_KH-m3Y1yalaPQ30iilj0oKoZohsdX_kjXLRoTJpxaSzJCrMHKC1qBJf0XJEBb9Rry8GkfkoZNu-HzPZBYODN-Lcsgg.wittfvyaNOP9u05lvnNd_FPSrWUM8gFgDSTPZK97v6o&dib_tag=se&keywords=laptop&qid=1729745572&sprefix=laptop%2Caps%2C128&sr=8-99,499.00,4.2,576,Not available
"ASUS TUF A16 16"" FHD 165Hz Gaming Laptop, AMD Ryzen 7-7735HS, 64GB DDR5 RAM, 2TB PCIe SSD, Backlit Keyboard, Radeon RX7600S V8G, Windows 11 Pro, Black, 32GB Hotface USB Card",https://www.amazon.ca/ASUS-TUF-7-7735HS-Backlit-Keyboard/dp/B0CMGR7VF7/ref=sr_1_98?crid=1E63C3THFEGDP&dib=eyJ2IjoiMSJ9.etQhvvTfXPUbALAy-xmaolhPzlrVxfuVwAiHV0j9z3wGh05wPTdhnvaUVdEXhXV1o-HUmg1afYMhdMEm0jsG70jLyDHHMK7DaVP8O_60HYLC_etTx1_aE60Pwrbn8K06aSdIHlOkU7k5ayeV9w0XY9HUho0og39TuhCk-jhRgzG3k7HmT0p_KGxSyKiPMxm5XsmCA-3DJGGSwm2D_KH-m3Y1yalaPQ30iilj0oKoZohsdX_kjXLRoTJpxaSzJCrMHKC1qBJf0XJEBb9Rry8GkfkoZNu-HzPZBYODN-Lcsgg.wittfvyaNOP9u05lvnNd_FPSrWUM8gFgDSTPZK97v6o&dib_tag=se&keywords=laptop&qid=1729745572&sprefix=laptop%2Caps%2C128&sr=8-98,"1,799.00",4.3,110,Not available
"Acer 15.6"" Full HD IPS Touch Screen Laptop | AMD Ryzen 5 7520U CPU | 16 GB LPDDR5 RAM | 512 GB Fast SSD | Windows 11 Home (1 yr Manufacturer Warranty) (Renewed)",https://www.amazon.ca/Acer-Windows-Manufacturer-Warranty-Renewed/dp/B0DFP9LB5V/ref=sr_1_48?crid=1E63C3THFEGDP&dib=eyJ2IjoiMSJ9.8IJhOmDWzPhvmmClWYIoKwA9VFkNUnI3MVUYW5raIrKiVHPXh1JiM9QTjdTE7ykRh95NQVYy24zC1UqrK28-Q8lkTJoNb6yaRjKaKFcIyna_SSS97Bs6PknQbx3AQjBctCz0YDDmHTiWOf88vmXo5ouVdP1Q5NDCme2RVD6BuoVTVe19Lu5I7I9fGUJ4b2iZOB7mQs3AfT7uQ9js_lTJSDzSrbGV4lzAo2fNmn1qtlo-FejUie1F4tsFYTSR1FWHK_bgf_XsFIBJWR6K7qmXEGoB9-fR64EV2n1Gx4uI93I.eNylK8TpnP9tmF1CfrhqBWpMGb4iWHZMs4Fzvxt__q0&dib_tag=se&keywords=laptop&qid=1729745572&sprefix=laptop%2Caps%2C128&sr=8-48,515.00,"FREE delivery Sun, Oct 27 ",No reviews available,Not available
"Acer Aspire 3 A315-59-56K8, 15.6"" FHD 1920x1080 Laptop, Intel Core i5-1235U Processor, 8GB DDR4 RAM, 512GB SSD, Windows 11",https://www.amazon.ca/Acer-A315-59-56K8-1920x1080-i5-1235U-Processor/dp/B0CSPSVP7H/ref=sr_1_45?crid=1E63C3THFEGDP&dib=eyJ2IjoiMSJ9.8IJhOmDWzPhvmmClWYIoKwA9VFkNUnI3MVUYW5raIrKiVHPXh1JiM9QTjdTE7ykRh95NQVYy24zC1UqrK28-Q8lkTJoNb6yaRjKaKFcIyna_SSS97Bs6PknQbx3AQjBctCz0YDDmHTiWOf88vmXo5ouVdP1Q5NDCme2RVD6BuoVTVe19Lu5I7I9fGUJ4b2iZOB7mQs3AfT7uQ9js_lTJSDzSrbGV4lzAo2fNmn1qtlo-FejUie1F4tsFYTSR1FWHK_bgf_XsFIBJWR6K7qmXEGoB9-fR64EV2n1Gx4uI93I.eNylK8TpnP9tmF1CfrhqBWpMGb4iWHZMs4Fzvxt__q0&dib_tag=se&keywords=laptop&qid=1729745572&sprefix=laptop%2Caps%2C128&sr=8-45,599.99,4.5,11,Not available
"Lenovo Ideapad 1i 15.6"" FHD Touchscreen Laptop, Intel i3-1215U, 16GB RAM, 1.16TB Storage(1TB SSD+160GB Docking Station Set), Intel UHD Graphics, Numeric Keypad, Windows 11 Pro, Gray",https://www.amazon.ca/Lenovo-Ideapad-1i-Touchscreen-i3-1215U/dp/B0D5HKJ3T2/ref=sr_1_47?crid=1E63C3THFEGDP&dib=eyJ2IjoiMSJ9.8IJhOmDWzPhvmmClWYIoKwA9VFkNUnI3MVUYW5raIrKiVHPXh1JiM9QTjdTE7ykRh95NQVYy24zC1UqrK28-Q8lkTJoNb6yaRjKaKFcIyna_SSS97Bs6PknQbx3AQjBctCz0YDDmHTiWOf88vmXo5ouVdP1Q5NDCme2RVD6BuoVTVe19Lu5I7I9fGUJ4b2iZOB7mQs3AfT7uQ9js_lTJSDzSrbGV4lzAo2fNmn1qtlo-FejUie1F4tsFYTSR1FWHK_bgf_XsFIBJWR6K7qmXEGoB9-fR64EV2n1Gx4uI93I.eNylK8TpnP9tmF1CfrhqBWpMGb4iWHZMs4Fzvxt__q0&dib_tag=se&keywords=laptop&qid=1729745572&sprefix=laptop%2Caps%2C128&sr=8-47,689.00,4.5,637,Not available
"Lenovo 14E Chromebook 81MH0006US 14"" Chromebook - 1920 X 1080 - A-Series A4-9120 - 4 GB RAM - 32 GB Flash Memory - Chrome OS - AMD Radeon R3 Graphics - English (US) (Renewed)",https://www.amazon.ca/Lenovo-14E-Chromebook-81MH0006US-14/dp/B07Z9RSJHN/ref=sr_1_46?crid=1E63C3THFEGDP&dib=eyJ2IjoiMSJ9.8IJhOmDWzPhvmmClWYIoKwA9VFkNUnI3MVUYW5raIrKiVHPXh1JiM9QTjdTE7ykRh95NQVYy24zC1UqrK28-Q8lkTJoNb6yaRjKaKFcIyna_SSS97Bs6PknQbx3AQjBctCz0YDDmHTiWOf88vmXo5ouVdP1Q5NDCme2RVD6BuoVTVe19Lu5I7I9fGUJ4b2iZOB7mQs3AfT7uQ9js_lTJSDzSrbGV4lzAo2fNmn1qtlo-FejUie1F4tsFYTSR1FWHK_bgf_XsFIBJWR6K7qmXEGoB9-fR64EV2n1Gx4uI93I.eNylK8TpnP9tmF1CfrhqBWpMGb4iWHZMs4Fzvxt__q0&dib_tag=se&keywords=laptop&qid=1729745572&sprefix=laptop%2Caps%2C128&sr=8-46,109.90,4.0,135,Not available
"2019 Lenovo ThinkPad T470 14in Full HD FHD (1920x1080) Business Laptop (Intel Core i5-6300U, 8GB DDR4 RAM, 256GB SSD) Thunderbolt, Type-C, HDMI RJ-45, Windows 10 Professional 64 Bit (Renewed)",https://www.amazon.ca/Lenovo-ThinkPad-1920x1080-Thunderbolt-Professional/dp/B086TV4475/ref=sr_1_43?crid=1E63C3THFEGDP&dib=eyJ2IjoiMSJ9.8IJhOmDWzPhvmmClWYIoKwA9VFkNUnI3MVUYW5raIrKiVHPXh1JiM9QTjdTE7ykRh95NQVYy24zC1UqrK28-Q8lkTJoNb6yaRjKaKFcIyna_SSS97Bs6PknQbx3AQjBctCz0YDDmHTiWOf88vmXo5ouVdP1Q5NDCme2RVD6BuoVTVe19Lu5I7I9fGUJ4b2iZOB7mQs3AfT7uQ9js_lTJSDzSrbGV4lzAo2fNmn1qtlo-FejUie1F4tsFYTSR1FWHK_bgf_XsFIBJWR6K7qmXEGoB9-fR64EV2n1Gx4uI93I.eNylK8TpnP9tmF1CfrhqBWpMGb4iWHZMs4Fzvxt__q0&dib_tag=se&keywords=laptop&qid=1729745572&sprefix=laptop%2Caps%2C128&sr=8-43,219.00,4.1,855,Not available
"HP 14 inch Laptop, FHD Display, 13th Generation Intel Core i3-1315U, 12 GB RAM, 512 GB SSD, Intel UHD Graphics, Windows 11 Home, 14-ee0016ca",https://www.amazon.ca/HP-Generation-i3-1315U-Graphics-14-ee0016ca/dp/B0C42DN17Q/ref=sr_1_42?crid=1E63C3THFEGDP&dib=eyJ2IjoiMSJ9.8IJhOmDWzPhvmmClWYIoKwA9VFkNUnI3MVUYW5raIrKiVHPXh1JiM9QTjdTE7ykRh95NQVYy24zC1UqrK28-Q8lkTJoNb6yaRjKaKFcIyna_SSS97Bs6PknQbx3AQjBctCz0YDDmHTiWOf88vmXo5ouVdP1Q5NDCme2RVD6BuoVTVe19Lu5I7I9fGUJ4b2iZOB7mQs3AfT7uQ9js_lTJSDzSrbGV4lzAo2fNmn1qtlo-FejUie1F4tsFYTSR1FWHK_bgf_XsFIBJWR6K7qmXEGoB9-fR64EV2n1Gx4uI93I.eNylK8TpnP9tmF1CfrhqBWpMGb4iWHZMs4Fzvxt__q0&dib_tag=se&keywords=laptop&qid=1729745572&sprefix=laptop%2Caps%2C128&sr=8-42,799.99,4.2,103,Not available
"ASUS Vivobook Go 15 L510 Thin & Light Laptop, 15.6” HD Display, Intel® Pentium® Silver N6000, 4GB RAM, 128GB eMMC, Windows 11 Home in S Mode, Includes 1 Year Microsoft 365, L510KA-AS01-CA",https://www.amazon.ca/ASUS-Vivobook-Pentium%C2%AE-Microsoft-L510KA-AS01-CA/dp/B0CPHFZ8XB/ref=sr_1_41?crid=1E63C3THFEGDP&dib=eyJ2IjoiMSJ9.8IJhOmDWzPhvmmClWYIoKwA9VFkNUnI3MVUYW5raIrKiVHPXh1JiM9QTjdTE7ykRh95NQVYy24zC1UqrK28-Q8lkTJoNb6yaRjKaKFcIyna_SSS97Bs6PknQbx3AQjBctCz0YDDmHTiWOf88vmXo5ouVdP1Q5NDCme2RVD6BuoVTVe19Lu5I7I9fGUJ4b2iZOB7mQs3AfT7uQ9js_lTJSDzSrbGV4lzAo2fNmn1qtlo-FejUie1F4tsFYTSR1FWHK_bgf_XsFIBJWR6K7qmXEGoB9-fR64EV2n1Gx4uI93I.eNylK8TpnP9tmF1CfrhqBWpMGb4iWHZMs4Fzvxt__q0&dib_tag=se&keywords=laptop&qid=1729745572&sprefix=laptop%2Caps%2C128&sr=8-41,Price not available,4.6,3,Not available
"HBESTORE 14.1inch Laptop with Featuring 1080p IPS Display,Quad-Core J4125 CPU,8GB RAM,512GB SSD Ample Storage,Built-in webcam,Suitable for office,Study and Entertainment (Purple)",https://www.amazon.ca/HBESTORE-14-1inch-Featuring-Quad-Core-Entertainment/dp/B0D8FTZ6FG/ref=sr_1_44?crid=1E63C3THFEGDP&dib=eyJ2IjoiMSJ9.8IJhOmDWzPhvmmClWYIoKwA9VFkNUnI3MVUYW5raIrKiVHPXh1JiM9QTjdTE7ykRh95NQVYy24zC1UqrK28-Q8lkTJoNb6yaRjKaKFcIyna_SSS97Bs6PknQbx3AQjBctCz0YDDmHTiWOf88vmXo5ouVdP1Q5NDCme2RVD6BuoVTVe19Lu5I7I9fGUJ4b2iZOB7mQs3AfT7uQ9js_lTJSDzSrbGV4lzAo2fNmn1qtlo-FejUie1F4tsFYTSR1FWHK_bgf_XsFIBJWR6K7qmXEGoB9-fR64EV2n1Gx4uI93I.eNylK8TpnP9tmF1CfrhqBWpMGb4iWHZMs4Fzvxt__q0&dib_tag=se&keywords=laptop&qid=1729745572&sprefix=laptop%2Caps%2C128&sr=8-44,299.99,5.0,2,Not available
"ASUS Vivobook Go 15 Laptop, 15.6” FHD Display, AMD Ryzen 5 7520U Processor, 16GB RAM, 1TB SSD, Windows 11 Home, E1504FA-DS52-CA",https://www.amazon.ca/ASUS-Vivobook-Display-Processor-E1504FA-DS52-CA/dp/B0CLDGMNYS/ref=sr_1_40?crid=1E63C3THFEGDP&dib=eyJ2IjoiMSJ9.8IJhOmDWzPhvmmClWYIoKwA9VFkNUnI3MVUYW5raIrKiVHPXh1JiM9QTjdTE7ykRh95NQVYy24zC1UqrK28-Q8lkTJoNb6yaRjKaKFcIyna_SSS97Bs6PknQbx3AQjBctCz0YDDmHTiWOf88vmXo5ouVdP1Q5NDCme2RVD6BuoVTVe19Lu5I7I9fGUJ4b2iZOB7mQs3AfT7uQ9js_lTJSDzSrbGV4lzAo2fNmn1qtlo-FejUie1F4tsFYTSR1FWHK_bgf_XsFIBJWR6K7qmXEGoB9-fR64EV2n1Gx4uI93I.eNylK8TpnP9tmF1CfrhqBWpMGb4iWHZMs4Fzvxt__q0&dib_tag=se&keywords=laptop&qid=1729745572&sprefix=laptop%2Caps%2C128&sr=8-40,Price not available,4.1,21,Not available
"ASUS TUF Gaming F15 (2024) Gaming Laptop, 15.6” FHD 144Hz Display, GeForce RTX 3050, Intel Core i5-12500H, 8GB DDR4, 512GB PCIe SSD, Wi-Fi 6, Windows 11, FX507ZC4-AS51-CA",https://www.amazon.ca/Display-GeForce-i5-12500H-Windows-FX507ZC4-AS51-CA/dp/B0CS4XGCK2/ref=sr_1_37?crid=1E63C3THFEGDP&dib=eyJ2IjoiMSJ9.8IJhOmDWzPhvmmClWYIoKwA9VFkNUnI3MVUYW5raIrKiVHPXh1JiM9QTjdTE7ykRh95NQVYy24zC1UqrK28-Q8lkTJoNb6yaRjKaKFcIyna_SSS97Bs6PknQbx3AQjBctCz0YDDmHTiWOf88vmXo5ouVdP1Q5NDCme2RVD6BuoVTVe19Lu5I7I9fGUJ4b2iZOB7mQs3AfT7uQ9js_lTJSDzSrbGV4lzAo2fNmn1qtlo-FejUie1F4tsFYTSR1FWHK_bgf_XsFIBJWR6K7qmXEGoB9-fR64EV2n1Gx4uI93I.eNylK8TpnP9tmF1CfrhqBWpMGb4iWHZMs4Fzvxt__q0&dib_tag=se&keywords=laptop&qid=1729745572&sprefix=laptop%2Caps%2C128&sr=8-37,899.00,4.0,20,Not available
"ASUS Vivobook Go 15 L510 Thin & Light Laptop, 15.6” HD Display, Intel Celeron N4020 Processor, 4GB RAM, 64GB eMMC, Windows 11 Home in S Mode, 1 Year Microsoft 365, L510MA-DH01-CA",https://www.amazon.ca/ASUS-Vivobook-Processor-Microsoft-L510MA-DH01-CA/dp/B0CWLVB4CQ/ref=sr_1_36?crid=1E63C3THFEGDP&dib=eyJ2IjoiMSJ9.8IJhOmDWzPhvmmClWYIoKwA9VFkNUnI3MVUYW5raIrKiVHPXh1JiM9QTjdTE7ykRh95NQVYy24zC1UqrK28-Q8lkTJoNb6yaRjKaKFcIyna_SSS97Bs6PknQbx3AQjBctCz0YDDmHTiWOf88vmXo5ouVdP1Q5NDCme2RVD6BuoVTVe19Lu5I7I9fGUJ4b2iZOB7mQs3AfT7uQ9js_lTJSDzSrbGV4lzAo2fNmn1qtlo-FejUie1F4tsFYTSR1FWHK_bgf_XsFIBJWR6K7qmXEGoB9-fR64EV2n1Gx4uI93I.eNylK8TpnP9tmF1CfrhqBWpMGb4iWHZMs4Fzvxt__q0&dib_tag=se&keywords=laptop&qid=1729745572&sprefix=laptop%2Caps%2C128&sr=8-36,306.45,4.2,11,Not available
"Acer 15.6"" Full HD IPS Touch Screen Laptop | AMD Ryzen 5 7520U CPU | 8 GB LPDDR5 RAM | 512 GB Fast SSD (1 yr Manufacturer Warranty) (Renewed)",https://www.amazon.ca/Acer-Screen-Manufacturer-Warranty-Renewed/dp/B0CBVS5H7S/ref=sr_1_34?crid=1E63C3THFEGDP&dib=eyJ2IjoiMSJ9.8IJhOmDWzPhvmmClWYIoKwA9VFkNUnI3MVUYW5raIrKiVHPXh1JiM9QTjdTE7ykRh95NQVYy24zC1UqrK28-Q8lkTJoNb6yaRjKaKFcIyna_SSS97Bs6PknQbx3AQjBctCz0YDDmHTiWOf88vmXo5ouVdP1Q5NDCme2RVD6BuoVTVe19Lu5I7I9fGUJ4b2iZOB7mQs3AfT7uQ9js_lTJSDzSrbGV4lzAo2fNmn1qtlo-FejUie1F4tsFYTSR1FWHK_bgf_XsFIBJWR6K7qmXEGoB9-fR64EV2n1Gx4uI93I.eNylK8TpnP9tmF1CfrhqBWpMGb4iWHZMs4Fzvxt__q0&dib_tag=se&keywords=laptop&qid=1729745572&sprefix=laptop%2Caps%2C128&sr=8-34,449.00,4.2,57,Not available
"HP 17.3"" IPS FHD Business Laptop, Intel Core i3-N305 Processor, 16GB RAM, 512GB SSD, Intel UHD Graphics, Full-Size Keyboard, HD Camera, Wi-Fi 6, Windows 11 Pro, Natural Silver, 32GB Hotface USB Card",https://www.amazon.ca/HP-Business-Processor-Graphics-Full-size/dp/B0CRR1JGJ3/ref=sr_1_39?crid=1E63C3THFEGDP&dib=eyJ2IjoiMSJ9.8IJhOmDWzPhvmmClWYIoKwA9VFkNUnI3MVUYW5raIrKiVHPXh1JiM9QTjdTE7ykRh95NQVYy24zC1UqrK28-Q8lkTJoNb6yaRjKaKFcIyna_SSS97Bs6PknQbx3AQjBctCz0YDDmHTiWOf88vmXo5ouVdP1Q5NDCme2RVD6BuoVTVe19Lu5I7I9fGUJ4b2iZOB7mQs3AfT7uQ9js_lTJSDzSrbGV4lzAo2fNmn1qtlo-FejUie1F4tsFYTSR1FWHK_bgf_XsFIBJWR6K7qmXEGoB9-fR64EV2n1Gx4uI93I.eNylK8TpnP9tmF1CfrhqBWpMGb4iWHZMs4Fzvxt__q0&dib_tag=se&keywords=laptop&qid=1729745572&sprefix=laptop%2Caps%2C128&sr=8-39,799.00,4.3,148,Not available
"Samsung Galaxy Book4 Laptop, 15.6"", Intel i7, 16GB RAM, 512GB Storage - Moonstone Gray",https://www.amazon.ca/Samsung-Galaxy-Book4-Laptop-Storage/dp/B0CV7GF9L6/ref=sr_1_38?crid=1E63C3THFEGDP&dib=eyJ2IjoiMSJ9.8IJhOmDWzPhvmmClWYIoKwA9VFkNUnI3MVUYW5raIrKiVHPXh1JiM9QTjdTE7ykRh95NQVYy24zC1UqrK28-Q8lkTJoNb6yaRjKaKFcIyna_SSS97Bs6PknQbx3AQjBctCz0YDDmHTiWOf88vmXo5ouVdP1Q5NDCme2RVD6BuoVTVe19Lu5I7I9fGUJ4b2iZOB7mQs3AfT7uQ9js_lTJSDzSrbGV4lzAo2fNmn1qtlo-FejUie1F4tsFYTSR1FWHK_bgf_XsFIBJWR6K7qmXEGoB9-fR64EV2n1Gx4uI93I.eNylK8TpnP9tmF1CfrhqBWpMGb4iWHZMs4Fzvxt__q0&dib_tag=se&keywords=laptop&qid=1729745572&sprefix=laptop%2Caps%2C128&sr=8-38,899.99,3.7,50,Not available
"ACEMAGIC Laptop 16GB DDR4 512GB SSD, Quad-Core Intel N95 Processor(Up to 3.4GHz), Windows 11 Ordinateur Portable, 15.6 inch FHD Laptop Computer, 2.4G/5G WiFi, BT5.0, USB3.2, Type_C, Metal Design",https://www.amazon.ca/ACEMAGIC-Quad-Core-Processor-Ordinateur-Portable/dp/B0CLZMK2CS/ref=sr_1_35?crid=1E63C3THFEGDP&dib=eyJ2IjoiMSJ9.8IJhOmDWzPhvmmClWYIoKwA9VFkNUnI3MVUYW5raIrKiVHPXh1JiM9QTjdTE7ykRh95NQVYy24zC1UqrK28-Q8lkTJoNb6yaRjKaKFcIyna_SSS97Bs6PknQbx3AQjBctCz0YDDmHTiWOf88vmXo5ouVdP1Q5NDCme2RVD6BuoVTVe19Lu5I7I9fGUJ4b2iZOB7mQs3AfT7uQ9js_lTJSDzSrbGV4lzAo2fNmn1qtlo-FejUie1F4tsFYTSR1FWHK_bgf_XsFIBJWR6K7qmXEGoB9-fR64EV2n1Gx4uI93I.eNylK8TpnP9tmF1CfrhqBWpMGb4iWHZMs4Fzvxt__q0&dib_tag=se&keywords=laptop&qid=1729745572&sprefix=laptop%2Caps%2C128&sr=8-35,649.99,4.0,210,Not available
"ASUS TUF Gaming F17 (2024) Gaming Laptop, 17.3” FHD 144Hz Display, GeForce RTX 4050, Intel Core i7-13620H, 16GB DDR5, 512GB PCIe 4.0 SSD, Wi-Fi 6, Windows 11, FX707VU-AS72-CA",https://www.amazon.ca/Display-GeForce-i7-13620H-Windows-FX707VU-AS72-CA/dp/B0CS4CMMW5/ref=sr_1_33?crid=1E63C3THFEGDP&dib=eyJ2IjoiMSJ9.8IJhOmDWzPhvmmClWYIoKwA9VFkNUnI3MVUYW5raIrKiVHPXh1JiM9QTjdTE7ykRh95NQVYy24zC1UqrK28-Q8lkTJoNb6yaRjKaKFcIyna_SSS97Bs6PknQbx3AQjBctCz0YDDmHTiWOf88vmXo5ouVdP1Q5NDCme2RVD6BuoVTVe19Lu5I7I9fGUJ4b2iZOB7mQs3AfT7uQ9js_lTJSDzSrbGV4lzAo2fNmn1qtlo-FejUie1F4tsFYTSR1FWHK_bgf_XsFIBJWR6K7qmXEGoB9-fR64EV2n1Gx4uI93I.eNylK8TpnP9tmF1CfrhqBWpMGb4iWHZMs4Fzvxt__q0&dib_tag=se&keywords=laptop&qid=1729745572&sprefix=laptop%2Caps%2C128&sr=8-33,"1,499.00",4.2,21,Not available
"Dell Latitude 3300 Laptop | 13.3"" 1366x768 HD | Core i5-8250U - 256GB SSD Hard Drive - 8GB RAM | 4 cores @ 3.4 GHz Win 10 Pro Black (Renewed)",https://www.amazon.ca/Dell-Latitude-3300-Laptop-1366x768/dp/B0DBGPP6L9/ref=sr_1_32?crid=1E63C3THFEGDP&dib=eyJ2IjoiMSJ9.8IJhOmDWzPhvmmClWYIoKwA9VFkNUnI3MVUYW5raIrKiVHPXh1JiM9QTjdTE7ykRh95NQVYy24zC1UqrK28-Q8lkTJoNb6yaRjKaKFcIyna_SSS97Bs6PknQbx3AQjBctCz0YDDmHTiWOf88vmXo5ouVdP1Q5NDCme2RVD6BuoVTVe19Lu5I7I9fGUJ4b2iZOB7mQs3AfT7uQ9js_lTJSDzSrbGV4lzAo2fNmn1qtlo-FejUie1F4tsFYTSR1FWHK_bgf_XsFIBJWR6K7qmXEGoB9-fR64EV2n1Gx4uI93I.eNylK8TpnP9tmF1CfrhqBWpMGb4iWHZMs4Fzvxt__q0&dib_tag=se&keywords=laptop&qid=1729745572&sprefix=laptop%2Caps%2C128&sr=8-32,225.00,2.0,1,Not available
"Acer Chromebook 315, 15.6"" HD Widescreen, Intel Celeron N4020, 4GB LPDDR4, 64GB eMMC, Chrome OS, CB315-3H-C0UU Silver",https://www.amazon.ca/Acer-Chromebook-Widescreen-Celeron-CB315-3H-C0UU/dp/B09Z72BK8K/ref=sr_1_31?crid=1E63C3THFEGDP&dib=eyJ2IjoiMSJ9.8IJhOmDWzPhvmmClWYIoKwA9VFkNUnI3MVUYW5raIrKiVHPXh1JiM9QTjdTE7ykRh95NQVYy24zC1UqrK28-Q8lkTJoNb6yaRjKaKFcIyna_SSS97Bs6PknQbx3AQjBctCz0YDDmHTiWOf88vmXo5ouVdP1Q5NDCme2RVD6BuoVTVe19Lu5I7I9fGUJ4b2iZOB7mQs3AfT7uQ9js_lTJSDzSrbGV4lzAo2fNmn1qtlo-FejUie1F4tsFYTSR1FWHK_bgf_XsFIBJWR6K7qmXEGoB9-fR64EV2n1Gx4uI93I.eNylK8TpnP9tmF1CfrhqBWpMGb4iWHZMs4Fzvxt__q0&dib_tag=se&keywords=laptop&qid=1729745572&sprefix=laptop%2Caps%2C128&sr=8-31,279.00,4.2,369,Not available
"ASUS Vivobook Go 15 L510 Thin & Light Laptop, 15.6” HD Display, Intel® Pentium® Silver N6000, 4GB RAM, 128GB eMMC, Windows 11 Home in S Mode, Includes 1 Year Microsoft 365, L510KA-AS02-CA",https://www.amazon.ca/Vivobook-Display-Pentium%C2%AE-Microsoft-L510KA-AS02-CA/dp/B0CX5QZYC3/ref=sr_1_28?crid=1E63C3THFEGDP&dib=eyJ2IjoiMSJ9.8IJhOmDWzPhvmmClWYIoKwA9VFkNUnI3MVUYW5raIrKiVHPXh1JiM9QTjdTE7ykRh95NQVYy24zC1UqrK28-Q8lkTJoNb6yaRjKaKFcIyna_SSS97Bs6PknQbx3AQjBctCz0YDDmHTiWOf88vmXo5ouVdP1Q5NDCme2RVD6BuoVTVe19Lu5I7I9fGUJ4b2iZOB7mQs3AfT7uQ9js_lTJSDzSrbGV4lzAo2fNmn1qtlo-FejUie1F4tsFYTSR1FWHK_bgf_XsFIBJWR6K7qmXEGoB9-fR64EV2n1Gx4uI93I.eNylK8TpnP9tmF1CfrhqBWpMGb4iWHZMs4Fzvxt__q0&dib_tag=se&keywords=laptop&qid=1729745572&sprefix=laptop%2Caps%2C128&sr=8-28,329.00,3.9,19,Not available
"HP Stream 14-inch Laptop, Intel Celeron N4000, 4 GB RAM, 64 GB eMMC, Windows 10 Home in S Mode with Office 365 Personal for 1 Year (14-cb187nr, Diamond White)",https://www.amazon.ca/HP-14-inch-Celeron-Storage-14-cb187nr/dp/B084SCLNB1/ref=sr_1_27?crid=1E63C3THFEGDP&dib=eyJ2IjoiMSJ9.8IJhOmDWzPhvmmClWYIoKwA9VFkNUnI3MVUYW5raIrKiVHPXh1JiM9QTjdTE7ykRh95NQVYy24zC1UqrK28-Q8lkTJoNb6yaRjKaKFcIyna_SSS97Bs6PknQbx3AQjBctCz0YDDmHTiWOf88vmXo5ouVdP1Q5NDCme2RVD6BuoVTVe19Lu5I7I9fGUJ4b2iZOB7mQs3AfT7uQ9js_lTJSDzSrbGV4lzAo2fNmn1qtlo-FejUie1F4tsFYTSR1FWHK_bgf_XsFIBJWR6K7qmXEGoB9-fR64EV2n1Gx4uI93I.eNylK8TpnP9tmF1CfrhqBWpMGb4iWHZMs4Fzvxt__q0&dib_tag=se&keywords=laptop&qid=1729745572&sprefix=laptop%2Caps%2C128&sr=8-27,289.00,4.0,818,Not available
"ACEMAGIC 2024 Newest 17 inch Laptop 16GB DDR4 512GB SSD with Quad-Core N97 Processor(Up to 3.6GHz), Windows 11 Ordinateur Portable Laptop Computer, WiFi, BT5.0, USB3.2, Type_C",https://www.amazon.ca/ACEMAGIC-Quad-Core-Processor-Ordinateur-Portable/dp/B0D5LCMXB7/ref=sr_1_30?crid=1E63C3THFEGDP&dib=eyJ2IjoiMSJ9.8IJhOmDWzPhvmmClWYIoKwA9VFkNUnI3MVUYW5raIrKiVHPXh1JiM9QTjdTE7ykRh95NQVYy24zC1UqrK28-Q8lkTJoNb6yaRjKaKFcIyna_SSS97Bs6PknQbx3AQjBctCz0YDDmHTiWOf88vmXo5ouVdP1Q5NDCme2RVD6BuoVTVe19Lu5I7I9fGUJ4b2iZOB7mQs3AfT7uQ9js_lTJSDzSrbGV4lzAo2fNmn1qtlo-FejUie1F4tsFYTSR1FWHK_bgf_XsFIBJWR6K7qmXEGoB9-fR64EV2n1Gx4uI93I.eNylK8TpnP9tmF1CfrhqBWpMGb4iWHZMs4Fzvxt__q0&dib_tag=se&keywords=laptop&qid=1729745572&sprefix=laptop%2Caps%2C128&sr=8-30,599.99,4.1,163,Not available
"Acer Chromebook Laptop | 15.6"" Full HD Display | Intel Celeron N4500 Processor | 8GB LPDDR4X, 64GB eMMC | ChromeOS | Silver | CB315-4H-C8Y8-CA",https://www.amazon.ca/Acer-Chromebook-Processor-ChromeOS-CB315-4H-C8Y8-CA/dp/B0CQQHG7WS/ref=sr_1_29?crid=1E63C3THFEGDP&dib=eyJ2IjoiMSJ9.8IJhOmDWzPhvmmClWYIoKwA9VFkNUnI3MVUYW5raIrKiVHPXh1JiM9QTjdTE7ykRh95NQVYy24zC1UqrK28-Q8lkTJoNb6yaRjKaKFcIyna_SSS97Bs6PknQbx3AQjBctCz0YDDmHTiWOf88vmXo5ouVdP1Q5NDCme2RVD6BuoVTVe19Lu5I7I9fGUJ4b2iZOB7mQs3AfT7uQ9js_lTJSDzSrbGV4lzAo2fNmn1qtlo-FejUie1F4tsFYTSR1FWHK_bgf_XsFIBJWR6K7qmXEGoB9-fR64EV2n1Gx4uI93I.eNylK8TpnP9tmF1CfrhqBWpMGb4iWHZMs4Fzvxt__q0&dib_tag=se&keywords=laptop&qid=1729745572&sprefix=laptop%2Caps%2C128&sr=8-29,399.99,4.6,17,Not available
"OTVOC Laptop Computer 16 inch, Windows 11, 12th-gen N95, Quad Core, Up to 3.4GHz, 16GB DDR5 RAM, 1TB PCIe NVME SSD, 16"" FHD IPS 1920x1200, 2.0MP, 2.4G+5G WiFi, BT 5.0, HDMI, RJ45, Type C, Gray",https://www.amazon.ca/OTVOC-Computer-16-12th-gen-1920x1200/dp/B0D9CN4PVM/ref=sr_1_26?crid=1E63C3THFEGDP&dib=eyJ2IjoiMSJ9.8IJhOmDWzPhvmmClWYIoKwA9VFkNUnI3MVUYW5raIrKiVHPXh1JiM9QTjdTE7ykRh95NQVYy24zC1UqrK28-Q8lkTJoNb6yaRjKaKFcIyna_SSS97Bs6PknQbx3AQjBctCz0YDDmHTiWOf88vmXo5ouVdP1Q5NDCme2RVD6BuoVTVe19Lu5I7I9fGUJ4b2iZOB7mQs3AfT7uQ9js_lTJSDzSrbGV4lzAo2fNmn1qtlo-FejUie1F4tsFYTSR1FWHK_bgf_XsFIBJWR6K7qmXEGoB9-fR64EV2n1Gx4uI93I.eNylK8TpnP9tmF1CfrhqBWpMGb4iWHZMs4Fzvxt__q0&dib_tag=se&keywords=laptop&qid=1729745572&sprefix=laptop%2Caps%2C128&sr=8-26,499.98,4.3,29,Not available
"HP Stream 14'' HD Laptop, Intel Celeron N4020 Dual-core Processor, 16GB DDR4 RAM, 64GB eMMC, 1 Year Office 365, Webcam, HDMI, Windows 10S, White, 32GB Hotface USB Card",https://www.amazon.ca/HP-Celeron-Dual-core-Processor-Windows/dp/B0CJNY74Y9/ref=sr_1_49?crid=1E63C3THFEGDP&dib=eyJ2IjoiMSJ9.akMDTOG5KBho4VWXJdqFI8EQq3zg3Tep4GghGuvoFQ_7cp8iETpMHFO4NgIhB7cnSrYyeL6kWqeyqJujKxZbY4WJ6OVWgaXZyQU9NMzTm12fRp0_aHi6oQPZpwiQK25cXLVKgbjjFaeX1jzmIAXXiGyaBY5Bn_AqJh9gUuU56hc3gH3Jypbn3IFcRZC6idPfLPhOpBgOadc-k3o4vBqT7Ohxiaur0e7JYKLhGAZMTmIfgOTYFC8cZ_1Vg-GClmy7ct76t8Or8SSxPTK0h_Lrzjb0-EHZnyWqZAIzlDe1_qs.Smq7ndAv-9kZOWzK0DqkmjS3Sucx5kL_RA2TnxMk96A&dib_tag=se&keywords=laptop&qid=1729745572&sprefix=laptop%2Caps%2C128&sr=8-49,399.00,4.2,309,Not available
"Lenovo Thinkpad T470s Laptop Computer, 14-inch Notebook, Intel Core i7-6600 2.6Ghz, 12GB DDR4 RAM, 512GB SSD, Webcam, HDMI, Bluetooth 4.1, Windows 10 Pro 64-bit (Renewed)",https://www.amazon.ca/Lenovo-Thinkpad-T470s-Computer-Bluetooth/dp/B0CLD9K3YM/ref=sr_1_241?crid=1E63C3THFEGDP&dib=eyJ2IjoiMSJ9.UD6ugI5eMGi-goeWpRbPkGs-M1H22VD6ry80d-nyuIV0j5L_ce_nlqf79GzEcuPKPtPzOJyn4jpooJeqI1huHh7W-rBDv8LcCLXssKPE57bwtAnp2de4Wm3I08l7BELZgK9shwL95KSXT133rm2LUHUYY4jph5l8kvBzvzjncC2mdLKNuTZjN80Zfp_h-iSAttoPGxqO8c7MPvp_YaKleG-o3lV4WOi2mpBpRq57T6czlYVLRvUf3BMvvc8VKmREI7OpYlL1sl9l3MkMmA-4Sy1i7XNw-N7WjUHZ6QekbX4.Rqri-sD6gBHHByPcXpEEGnBllzGDHoeVkvnYnJYOAnA&dib_tag=se&keywords=laptop&qid=1729745572&sprefix=laptop%2Caps%2C128&sr=8-241,334.00,3.2,12,Not available
"Premium Dell Latitude E7440 Ultrabook 14 Inch HD Business Laptop (Intel Core i5-4310U up to 3.0GHz, 8GB DDR3 RAM, 256GB SSD USB, HDMI, Windows 10 Pro) (Renewed)",https://www.amazon.ca/Dell-Latitude-Ultrabook-Business-i5-4310U/dp/B07SQK4P2N/ref=sr_1_193?crid=1E63C3THFEGDP&dib=eyJ2IjoiMSJ9.vyT5BBSgt2cX4T0-hKG9fCrM8utZXmkmxN3xLuNgQw6wVAhW-5AklWqDZDHHDrOf0dw6dIklTqdleZmlV6b31ZH8UNazo0Z04bRPs9umLBNrI5LhVPNMXEW9Gyx9yHXiaitBU5-yGKbQpRpfgrKdje0_783rSlzAshG_OKExyD_h6Cseqkn5XoKTXAlnV9emk0y-g3TVeRGPsGG2_YezhDtH3f5uhLGs-MThLTNHo1LYynESUy36iFFeTwf6PRCLp7-YAynHwHwQ7FyoaZhGDzzrocnhbTVWQ1BHeOa0AsE.bmxRA8EdH27bq7XobOGl-B482gCv4OJYU9FP-KqP9HY&dib_tag=se&keywords=laptop&qid=1729745572&sprefix=laptop%2Caps%2C128&sr=8-193,219.59,4.0,91,Not available
"Dell Inspiron 15.6"" FHD Business Laptop, Intel Core i3-1215U, 32GB DDR4 RAM, 2TB PCIe SSD, Intel UHD Graphics, Numeric Keypad, Webcam, Wi-Fi 6, Bluetooth, Black, Win 11 Pro",https://www.amazon.ca/Dell-Inspiron-15-6-Business-Bluetooth/dp/B07SZ2TM2J/ref=sr_1_145?crid=1E63C3THFEGDP&dib=eyJ2IjoiMSJ9.9m4ZlSJUAmVhJpm_WyfD--TwqWm7LotpJAJ3KxWdLEKB3_tIrVuV1spK7-ifCcjlze6AheE2LofSTe6ny_ctSuRJ0KD8G4aW4FSjGhByJHuAfkxlwAkMXD_rpMfkcGsv3wvz65H4hKZKcZRaIXJxkphZFA13cFuRAdA7GuicACOcKRJ0yKhx_dWVyFujw98mqRUXVeoiGFpiWj-GjMqUWoDZ0KBJ1bYlkOIjOEsZtfeV3lhJGte6yHe4A8XaoBk_Z_oW31CeN7hlHM45DIdze8LeR6U1BM4QXagPzTDExXE.eF6OQXN-24UGIaFI_iJSiXNw9adzsktY-hhWJSIT3Nc&dib_tag=se&keywords=laptop&qid=1729745571&sprefix=laptop%2Caps%2C128&sr=8-145,829.00,5.0,1,Not available
"Acer Newest 15.6"" HD Chromebook/Intel Dual Core Celeron N4000 4M Cache Up to 2.6 GHZ Processor /4G RAM/32G eMMC/USB 3.1/USB TYPE-C/INTEL UHD 600 GRAPHIC/WIFI AC/BLUETOOTH 5.0/Wide View HD CAM/ Micro SD Reader/Long Battery Life! One Year Manufacturer Warranty!",https://www.amazon.ca/Acer-Chromebook-Processor-BLUETOOTH-Manufacturer/dp/B08GF7CBG9/ref=sr_1_97?crid=1E63C3THFEGDP&dib=eyJ2IjoiMSJ9.etQhvvTfXPUbALAy-xmaolhPzlrVxfuVwAiHV0j9z3wGh05wPTdhnvaUVdEXhXV1o-HUmg1afYMhdMEm0jsG70jLyDHHMK7DaVP8O_60HYLC_etTx1_aE60Pwrbn8K06aSdIHlOkU7k5ayeV9w0XY9HUho0og39TuhCk-jhRgzG3k7HmT0p_KGxSyKiPMxm5XsmCA-3DJGGSwm2D_KH-m3Y1yalaPQ30iilj0oKoZohsdX_kjXLRoTJpxaSzJCrMHKC1qBJf0XJEBb9Rry8GkfkoZNu-HzPZBYODN-Lcsgg.wittfvyaNOP9u05lvnNd_FPSrWUM8gFgDSTPZK97v6o&dib_tag=se&keywords=laptop&qid=1729745572&sprefix=laptop%2Caps%2C128&sr=8-97,259.00,4.3,126,Not available
"Acer Swift 3 SF314-511-52EE, 14"" FHD 1920x1080 IPS EVO Laptop, Intel Core i5-1135G7, 8GB LPDDR4X RAM, 512GB SSD, Windows 11 Home",https://www.amazon.ca/Acer-SF314-511-52EE-1920x1080-i5-1135G7-LPDDR4X/dp/B0CP895B6V/ref=sr_1_25?crid=1E63C3THFEGDP&dib=eyJ2IjoiMSJ9.8IJhOmDWzPhvmmClWYIoKwA9VFkNUnI3MVUYW5raIrKiVHPXh1JiM9QTjdTE7ykRh95NQVYy24zC1UqrK28-Q8lkTJoNb6yaRjKaKFcIyna_SSS97Bs6PknQbx3AQjBctCz0YDDmHTiWOf88vmXo5ouVdP1Q5NDCme2RVD6BuoVTVe19Lu5I7I9fGUJ4b2iZOB7mQs3AfT7uQ9js_lTJSDzSrbGV4lzAo2fNmn1qtlo-FejUie1F4tsFYTSR1FWHK_bgf_XsFIBJWR6K7qmXEGoB9-fR64EV2n1Gx4uI93I.eNylK8TpnP9tmF1CfrhqBWpMGb4iWHZMs4Fzvxt__q0&dib_tag=se&keywords=laptop&qid=1729745572&sprefix=laptop%2Caps%2C128&sr=8-25,599.99,4.8,8,Not available
HP EliteBook 840 G6 Laptop Computer - 8th Gen Intel Core i5-8365U 1.6GHz - 16GB DDR4 RAM 256GB PCIe SSD - 14-inch UHD Graphics 620 - Webcam Windows 10 Pro (Renewed),https://www.amazon.ca/HP-EliteBook-840-G6-Computer/dp/B08FCPQTDQ/ref=sr_1_24?crid=1E63C3THFEGDP&dib=eyJ2IjoiMSJ9.8IJhOmDWzPhvmmClWYIoKwA9VFkNUnI3MVUYW5raIrKiVHPXh1JiM9QTjdTE7ykRh95NQVYy24zC1UqrK28-Q8lkTJoNb6yaRjKaKFcIyna_SSS97Bs6PknQbx3AQjBctCz0YDDmHTiWOf88vmXo5ouVdP1Q5NDCme2RVD6BuoVTVe19Lu5I7I9fGUJ4b2iZOB7mQs3AfT7uQ9js_lTJSDzSrbGV4lzAo2fNmn1qtlo-FejUie1F4tsFYTSR1FWHK_bgf_XsFIBJWR6K7qmXEGoB9-fR64EV2n1Gx4uI93I.eNylK8TpnP9tmF1CfrhqBWpMGb4iWHZMs4Fzvxt__q0&dib_tag=se&keywords=laptop&qid=1729745572&sprefix=laptop%2Caps%2C128&sr=8-24,329.00,4.2,141,Not available
"ACEMAGIC Laptop, 15.6"" Laptop Computer, 16GB DDR4 512GB SSD Quad-Core(Up to 3.4GHz), 1080P FHD Traditional Laptops, Metal Shell, WiFi, Bluetooth 5.0, 5G WiFi, BT5.0, Webcam, Type_C, USB3.2",https://www.amazon.ca/ACEMAGIC-Computer-Quad-Core-Traditional-Bluetooth/dp/B0DF7T4PBN/ref=sr_1_23?crid=1E63C3THFEGDP&dib=eyJ2IjoiMSJ9.8IJhOmDWzPhvmmClWYIoKwA9VFkNUnI3MVUYW5raIrKiVHPXh1JiM9QTjdTE7ykRh95NQVYy24zC1UqrK28-Q8lkTJoNb6yaRjKaKFcIyna_SSS97Bs6PknQbx3AQjBctCz0YDDmHTiWOf88vmXo5ouVdP1Q5NDCme2RVD6BuoVTVe19Lu5I7I9fGUJ4b2iZOB7mQs3AfT7uQ9js_lTJSDzSrbGV4lzAo2fNmn1qtlo-FejUie1F4tsFYTSR1FWHK_bgf_XsFIBJWR6K7qmXEGoB9-fR64EV2n1Gx4uI93I.eNylK8TpnP9tmF1CfrhqBWpMGb4iWHZMs4Fzvxt__q0&dib_tag=se&keywords=laptop&qid=1729745572&sprefix=laptop%2Caps%2C128&sr=8-23,599.99,4.7,4,Not available
"Lenovo ThinkPad L13 Yoga Gen 2 Laptop, 13.3"" FHD Touch Display & Stylus, Core i5-1145G7 16GB RAM, 512GB SSD, HDMI, Thunderbolt, Camera, Windows 10 Pro (Renewed)",https://www.amazon.ca/Lenovo-ThinkPad-L13-Yoga-Laptop/dp/B0DHVC5F8L/ref=sr_1_22?crid=1E63C3THFEGDP&dib=eyJ2IjoiMSJ9.8IJhOmDWzPhvmmClWYIoKwA9VFkNUnI3MVUYW5raIrKiVHPXh1JiM9QTjdTE7ykRh95NQVYy24zC1UqrK28-Q8lkTJoNb6yaRjKaKFcIyna_SSS97Bs6PknQbx3AQjBctCz0YDDmHTiWOf88vmXo5ouVdP1Q5NDCme2RVD6BuoVTVe19Lu5I7I9fGUJ4b2iZOB7mQs3AfT7uQ9js_lTJSDzSrbGV4lzAo2fNmn1qtlo-FejUie1F4tsFYTSR1FWHK_bgf_XsFIBJWR6K7qmXEGoB9-fR64EV2n1Gx4uI93I.eNylK8TpnP9tmF1CfrhqBWpMGb4iWHZMs4Fzvxt__q0&dib_tag=se&keywords=laptop&qid=1729745572&sprefix=laptop%2Caps%2C128&sr=8-22,519.00,"FREE delivery Tue, Oct 29 ",Save 5%,Not available
"15.6"" FHD Quad-Core N95 (Up to 3.4Ghz) Laptop by ALLDOCUBE, 16GB RAM+512GB SSD, Windows 11 Home Portable Notebook, 3.8v/12000mAh, Type-C, HDMI, SD Card, BT5.0, USB3.0, 1920×1080 Display",https://www.amazon.ca/Quad-Core-ALLDOCUBE-Portable-Notebook-1920%C3%971080/dp/B0D9GKGL1X/ref=sr_1_21?crid=1E63C3THFEGDP&dib=eyJ2IjoiMSJ9.8IJhOmDWzPhvmmClWYIoKwA9VFkNUnI3MVUYW5raIrKiVHPXh1JiM9QTjdTE7ykRh95NQVYy24zC1UqrK28-Q8lkTJoNb6yaRjKaKFcIyna_SSS97Bs6PknQbx3AQjBctCz0YDDmHTiWOf88vmXo5ouVdP1Q5NDCme2RVD6BuoVTVe19Lu5I7I9fGUJ4b2iZOB7mQs3AfT7uQ9js_lTJSDzSrbGV4lzAo2fNmn1qtlo-FejUie1F4tsFYTSR1FWHK_bgf_XsFIBJWR6K7qmXEGoB9-fR64EV2n1Gx4uI93I.eNylK8TpnP9tmF1CfrhqBWpMGb4iWHZMs4Fzvxt__q0&dib_tag=se&keywords=laptop&qid=1729745572&sprefix=laptop%2Caps%2C128&sr=8-21,356.99,4.0,515,Not available
"jumper Laptop, 4GB DDR4 RAM 128GB SSD, Office 365 1-Year Subscription, 5205U Processor, 15.6 Inch HD Screen, 38Wh Battery, 2 Stereo Speakers, Type-C, USB3.0, Numeric Keypad.",https://www.amazon.ca/jumper-Subscription-Processor-Battery-Speakers/dp/B0DDXHQMGW/ref=sr_1_20?crid=1E63C3THFEGDP&dib=eyJ2IjoiMSJ9.8IJhOmDWzPhvmmClWYIoKwA9VFkNUnI3MVUYW5raIrKiVHPXh1JiM9QTjdTE7ykRh95NQVYy24zC1UqrK28-Q8lkTJoNb6yaRjKaKFcIyna_SSS97Bs6PknQbx3AQjBctCz0YDDmHTiWOf88vmXo5ouVdP1Q5NDCme2RVD6BuoVTVe19Lu5I7I9fGUJ4b2iZOB7mQs3AfT7uQ9js_lTJSDzSrbGV4lzAo2fNmn1qtlo-FejUie1F4tsFYTSR1FWHK_bgf_XsFIBJWR6K7qmXEGoB9-fR64EV2n1Gx4uI93I.eNylK8TpnP9tmF1CfrhqBWpMGb4iWHZMs4Fzvxt__q0&dib_tag=se&keywords=laptop&qid=1729745572&sprefix=laptop%2Caps%2C128&sr=8-20,569.99,4.4,31,Not available
"Ruzava 14"" Traditional Laptop 6GB DDR4 128GB SSD Celeron N4020(Up to 2.8Ghz) Dual-Core Win PC1920x1080 FHD Dual WiFi BT 4.2 Support 512GB TF&1TB SSD Expand with Webcam for Business Entertainment-Blue",https://www.amazon.ca/Ruzava-Notebook-1920x1080-Wireless-Business-Blue/dp/B0CMZXD9C6/ref=sr_1_19?crid=1E63C3THFEGDP&dib=eyJ2IjoiMSJ9.8IJhOmDWzPhvmmClWYIoKwA9VFkNUnI3MVUYW5raIrKiVHPXh1JiM9QTjdTE7ykRh95NQVYy24zC1UqrK28-Q8lkTJoNb6yaRjKaKFcIyna_SSS97Bs6PknQbx3AQjBctCz0YDDmHTiWOf88vmXo5ouVdP1Q5NDCme2RVD6BuoVTVe19Lu5I7I9fGUJ4b2iZOB7mQs3AfT7uQ9js_lTJSDzSrbGV4lzAo2fNmn1qtlo-FejUie1F4tsFYTSR1FWHK_bgf_XsFIBJWR6K7qmXEGoB9-fR64EV2n1Gx4uI93I.eNylK8TpnP9tmF1CfrhqBWpMGb4iWHZMs4Fzvxt__q0&dib_tag=se&keywords=laptop&qid=1729745572&sprefix=laptop%2Caps%2C128&sr=8-19,230.99,4.0,84,Not available
"ASUS Vivobook Go 12 L210 11.6” Ultra-Thin Laptop, Intel Celeron N4500, 4GB RAM, 64GB eMMC, Windows 11 Home in S Mode Includes 1 Year of Office 365 Personal, L210KA-AS01-CA",https://www.amazon.ca/ASUS-Vivobook-Ultra-Thin-Personal-L210KA-AS01-CA/dp/B0CPHCB97Y/ref=sr_1_18?crid=1E63C3THFEGDP&dib=eyJ2IjoiMSJ9.8IJhOmDWzPhvmmClWYIoKwA9VFkNUnI3MVUYW5raIrKiVHPXh1JiM9QTjdTE7ykRh95NQVYy24zC1UqrK28-Q8lkTJoNb6yaRjKaKFcIyna_SSS97Bs6PknQbx3AQjBctCz0YDDmHTiWOf88vmXo5ouVdP1Q5NDCme2RVD6BuoVTVe19Lu5I7I9fGUJ4b2iZOB7mQs3AfT7uQ9js_lTJSDzSrbGV4lzAo2fNmn1qtlo-FejUie1F4tsFYTSR1FWHK_bgf_XsFIBJWR6K7qmXEGoB9-fR64EV2n1Gx4uI93I.eNylK8TpnP9tmF1CfrhqBWpMGb4iWHZMs4Fzvxt__q0&dib_tag=se&keywords=laptop&qid=1729745572&sprefix=laptop%2Caps%2C128&sr=8-18,219.00,3.7,402,Not available
"Gateway (by Acer) Chromebook Laptop | 14"" FHD 1920x1080 | TN Chromebook | Intel Celeron N4500 | 4GB LPDDR4X RAM | 64GB eMMC | Chrome OS | CBO314-1H-C3AX",https://www.amazon.ca/Gateway-Acer-Chromebook-1920x1080-CBO314-1H-C3AX/dp/B0CY3H3LP4/ref=sr_1_17?crid=1E63C3THFEGDP&dib=eyJ2IjoiMSJ9.8IJhOmDWzPhvmmClWYIoKwA9VFkNUnI3MVUYW5raIrKiVHPXh1JiM9QTjdTE7ykRh95NQVYy24zC1UqrK28-Q8lkTJoNb6yaRjKaKFcIyna_SSS97Bs6PknQbx3AQjBctCz0YDDmHTiWOf88vmXo5ouVdP1Q5NDCme2RVD6BuoVTVe19Lu5I7I9fGUJ4b2iZOB7mQs3AfT7uQ9js_lTJSDzSrbGV4lzAo2fNmn1qtlo-FejUie1F4tsFYTSR1FWHK_bgf_XsFIBJWR6K7qmXEGoB9-fR64EV2n1Gx4uI93I.eNylK8TpnP9tmF1CfrhqBWpMGb4iWHZMs4Fzvxt__q0&dib_tag=se&keywords=laptop&qid=1729745572&sprefix=laptop%2Caps%2C128&sr=8-17,329.99,4.4,31,Not available
"Lenovo Thinkpad T490 Laptop Touchscreen 14"" FHD (1920x1080) Notebook, Core i5-8365u, 16GB DDR4 RAM, 512GB SSD, HDMI, Thunderbolt Windows 10 Pro (Renewed)",https://www.amazon.ca/Lenovo-Thinkpad-T490-Touchscreen-Thunderbolt/dp/B083ZMWTNL/ref=sr_1_16?crid=1E63C3THFEGDP&dib=eyJ2IjoiMSJ9.8IJhOmDWzPhvmmClWYIoKwA9VFkNUnI3MVUYW5raIrKiVHPXh1JiM9QTjdTE7ykRh95NQVYy24zC1UqrK28-Q8lkTJoNb6yaRjKaKFcIyna_SSS97Bs6PknQbx3AQjBctCz0YDDmHTiWOf88vmXo5ouVdP1Q5NDCme2RVD6BuoVTVe19Lu5I7I9fGUJ4b2iZOB7mQs3AfT7uQ9js_lTJSDzSrbGV4lzAo2fNmn1qtlo-FejUie1F4tsFYTSR1FWHK_bgf_XsFIBJWR6K7qmXEGoB9-fR64EV2n1Gx4uI93I.eNylK8TpnP9tmF1CfrhqBWpMGb4iWHZMs4Fzvxt__q0&dib_tag=se&keywords=laptop&qid=1729745572&sprefix=laptop%2Caps%2C128&sr=8-16,361.00,3.9,449,Not available
"HP Stream 14"" HD Laptop, Intel Celeron N4120, 8GB RAM, 128GB eMMC, Intel UHD Graphics, Webcam, 1 Year Office 365, Silver, Win 11 S, 128GB Hotface USB Card",https://www.amazon.ca/HP-Stream-Celeron-Graphics-Hotface/dp/B0CZLRHY7Y/ref=sr_1_15?crid=1E63C3THFEGDP&dib=eyJ2IjoiMSJ9.8IJhOmDWzPhvmmClWYIoKwA9VFkNUnI3MVUYW5raIrKiVHPXh1JiM9QTjdTE7ykRh95NQVYy24zC1UqrK28-Q8lkTJoNb6yaRjKaKFcIyna_SSS97Bs6PknQbx3AQjBctCz0YDDmHTiWOf88vmXo5ouVdP1Q5NDCme2RVD6BuoVTVe19Lu5I7I9fGUJ4b2iZOB7mQs3AfT7uQ9js_lTJSDzSrbGV4lzAo2fNmn1qtlo-FejUie1F4tsFYTSR1FWHK_bgf_XsFIBJWR6K7qmXEGoB9-fR64EV2n1Gx4uI93I.eNylK8TpnP9tmF1CfrhqBWpMGb4iWHZMs4Fzvxt__q0&dib_tag=se&keywords=laptop&qid=1729745572&sprefix=laptop%2Caps%2C128&sr=8-15,399.00,4.3,"1,212",Not available
"SGIN 15.6 Inch Laptop Computer, 4GB DDR4 RAM 128GB SSD Notebook, Laptop with Celeron Qaud-Core Processor, UHD Graphics 600, Webcam, Wi-Fi, Mini HDMI, Bluetooth 4.2, USB3.0",https://www.amazon.ca/SGIN-Computer-Qaud-Core-Processor-Bluetooth/dp/B0CDGXBGXX/ref=sr_1_12?crid=1E63C3THFEGDP&dib=eyJ2IjoiMSJ9.8IJhOmDWzPhvmmClWYIoKwA9VFkNUnI3MVUYW5raIrKiVHPXh1JiM9QTjdTE7ykRh95NQVYy24zC1UqrK28-Q8lkTJoNb6yaRjKaKFcIyna_SSS97Bs6PknQbx3AQjBctCz0YDDmHTiWOf88vmXo5ouVdP1Q5NDCme2RVD6BuoVTVe19Lu5I7I9fGUJ4b2iZOB7mQs3AfT7uQ9js_lTJSDzSrbGV4lzAo2fNmn1qtlo-FejUie1F4tsFYTSR1FWHK_bgf_XsFIBJWR6K7qmXEGoB9-fR64EV2n1Gx4uI93I.eNylK8TpnP9tmF1CfrhqBWpMGb4iWHZMs4Fzvxt__q0&dib_tag=se&keywords=laptop&qid=1729745572&sprefix=laptop%2Caps%2C128&sr=8-12,Price not available,5.0,6,Not available
"Laptop 15.6 inch Windows 11, 11th-Gen Celeron N5100, Quad Core, 16GB RAM, 512GB NVME SSD, 4TB Expansion, 15.6"" FHD IPS, 2.0MP, 2.4G+5G WiFi, Bluetooth 5.0, Type-C, HDMI, RJ45, HDD, Silver",https://www.amazon.ca/Windows-11th-Gen-Celeron-Expansion-Bluetooth/dp/B0DBTF9728/ref=sr_1_13?crid=1E63C3THFEGDP&dib=eyJ2IjoiMSJ9.8IJhOmDWzPhvmmClWYIoKwA9VFkNUnI3MVUYW5raIrKiVHPXh1JiM9QTjdTE7ykRh95NQVYy24zC1UqrK28-Q8lkTJoNb6yaRjKaKFcIyna_SSS97Bs6PknQbx3AQjBctCz0YDDmHTiWOf88vmXo5ouVdP1Q5NDCme2RVD6BuoVTVe19Lu5I7I9fGUJ4b2iZOB7mQs3AfT7uQ9js_lTJSDzSrbGV4lzAo2fNmn1qtlo-FejUie1F4tsFYTSR1FWHK_bgf_XsFIBJWR6K7qmXEGoB9-fR64EV2n1Gx4uI93I.eNylK8TpnP9tmF1CfrhqBWpMGb4iWHZMs4Fzvxt__q0&dib_tag=se&keywords=laptop&qid=1729745572&sprefix=laptop%2Caps%2C128&sr=8-13,413.98,4.5,42,Not available
"Lenovo ThinkPad T480 14-inch HD Business Laptop (Intel 8th Gen Quad-Core i5-8250U, 16GB DDR4 RAM, Toshiba 256GB PCIe NVMe 2242 M.2 SSD) Fingerprint, Thunderbolt 3 Type-C, WiFi, Windows 10 Pro (Renewed)",https://www.amazon.ca/Lenovo-ThinkPad-Quad-Core-Fingerprint-Thunderbolt/dp/B0832JFM9G/ref=sr_1_14?crid=1E63C3THFEGDP&dib=eyJ2IjoiMSJ9.8IJhOmDWzPhvmmClWYIoKwA9VFkNUnI3MVUYW5raIrKiVHPXh1JiM9QTjdTE7ykRh95NQVYy24zC1UqrK28-Q8lkTJoNb6yaRjKaKFcIyna_SSS97Bs6PknQbx3AQjBctCz0YDDmHTiWOf88vmXo5ouVdP1Q5NDCme2RVD6BuoVTVe19Lu5I7I9fGUJ4b2iZOB7mQs3AfT7uQ9js_lTJSDzSrbGV4lzAo2fNmn1qtlo-FejUie1F4tsFYTSR1FWHK_bgf_XsFIBJWR6K7qmXEGoB9-fR64EV2n1Gx4uI93I.eNylK8TpnP9tmF1CfrhqBWpMGb4iWHZMs4Fzvxt__q0&dib_tag=se&keywords=laptop&qid=1729745572&sprefix=laptop%2Caps%2C128&sr=8-14,289.00,4.0,398,Not available
"Lenovo 14w Gen 2 14"" FHD Laptop - AMD 3015e, 4GB RAM, 128GB SSD, Windows 11 Pro, Educational, Rugged and MIL-STD-810H Durability - 82N80024US",https://www.amazon.ca/Lenovo-14w-Gen-FHD-Laptop/dp/B0BYNYJPKV/ref=sr_1_11?crid=1E63C3THFEGDP&dib=eyJ2IjoiMSJ9.8IJhOmDWzPhvmmClWYIoKwA9VFkNUnI3MVUYW5raIrKiVHPXh1JiM9QTjdTE7ykRh95NQVYy24zC1UqrK28-Q8lkTJoNb6yaRjKaKFcIyna_SSS97Bs6PknQbx3AQjBctCz0YDDmHTiWOf88vmXo5ouVdP1Q5NDCme2RVD6BuoVTVe19Lu5I7I9fGUJ4b2iZOB7mQs3AfT7uQ9js_lTJSDzSrbGV4lzAo2fNmn1qtlo-FejUie1F4tsFYTSR1FWHK_bgf_XsFIBJWR6K7qmXEGoB9-fR64EV2n1Gx4uI93I.eNylK8TpnP9tmF1CfrhqBWpMGb4iWHZMs4Fzvxt__q0&dib_tag=se&keywords=laptop&qid=1729745572&sprefix=laptop%2Caps%2C128&sr=8-11,269.98,4.0,43,Not available
"Acer Aspire Go 15 AG15-31P-31C1-CA, 15.6"" FHD, Intel Core i3-N305 Processor, 8GB DDR5, 512GB SSD, Windows 11",https://www.amazon.ca/Acer-AG15-31P-31C1-CA-i3-N305-Processor-Windows/dp/B0CSQJ56YV/ref=sr_1_10?crid=1E63C3THFEGDP&dib=eyJ2IjoiMSJ9.8IJhOmDWzPhvmmClWYIoKwA9VFkNUnI3MVUYW5raIrKiVHPXh1JiM9QTjdTE7ykRh95NQVYy24zC1UqrK28-Q8lkTJoNb6yaRjKaKFcIyna_SSS97Bs6PknQbx3AQjBctCz0YDDmHTiWOf88vmXo5ouVdP1Q5NDCme2RVD6BuoVTVe19Lu5I7I9fGUJ4b2iZOB7mQs3AfT7uQ9js_lTJSDzSrbGV4lzAo2fNmn1qtlo-FejUie1F4tsFYTSR1FWHK_bgf_XsFIBJWR6K7qmXEGoB9-fR64EV2n1Gx4uI93I.eNylK8TpnP9tmF1CfrhqBWpMGb4iWHZMs4Fzvxt__q0&dib_tag=se&keywords=laptop&qid=1729745572&sprefix=laptop%2Caps%2C128&sr=8-10,449.99,3.4,9,Not available
"Acer Aspire 1 A115-32-C6PW, 15.6"" FHD 1920x1080 TN Laptop, Intel Celeron N4500, 4GB RAM, 128GB eMMC, Windows 11 in S-Mode, Microsoft 365 1-Year Subscription",https://www.amazon.ca/Acer-A115-32-C6PW-Celeron-Notebook-NX-A6WAA-00D/dp/B0BP8WZ366/ref=sr_1_8?crid=1E63C3THFEGDP&dib=eyJ2IjoiMSJ9.8IJhOmDWzPhvmmClWYIoKwA9VFkNUnI3MVUYW5raIrKiVHPXh1JiM9QTjdTE7ykRh95NQVYy24zC1UqrK28-Q8lkTJoNb6yaRjKaKFcIyna_SSS97Bs6PknQbx3AQjBctCz0YDDmHTiWOf88vmXo5ouVdP1Q5NDCme2RVD6BuoVTVe19Lu5I7I9fGUJ4b2iZOB7mQs3AfT7uQ9js_lTJSDzSrbGV4lzAo2fNmn1qtlo-FejUie1F4tsFYTSR1FWHK_bgf_XsFIBJWR6K7qmXEGoB9-fR64EV2n1Gx4uI93I.eNylK8TpnP9tmF1CfrhqBWpMGb4iWHZMs4Fzvxt__q0&dib_tag=se&keywords=laptop&qid=1729745572&sprefix=laptop%2Caps%2C128&sr=8-8,299.99,4.1,32,Not available
"SGIN 15.6"" FHD 1920X1080 Screen Laptop, High Performance Quad-Core Celeron N5095 Processors, 12GB DDR4 512GB SSD Computers Laptop, 2.4G/5G WiFi, Bluetooth 4.2, Webcam(Gray)",https://www.amazon.ca/SGIN-1920X1080-Performance-Quad-Core-Processors/dp/B0DB5G1T3W/ref=sr_1_9?crid=1E63C3THFEGDP&dib=eyJ2IjoiMSJ9.8IJhOmDWzPhvmmClWYIoKwA9VFkNUnI3MVUYW5raIrKiVHPXh1JiM9QTjdTE7ykRh95NQVYy24zC1UqrK28-Q8lkTJoNb6yaRjKaKFcIyna_SSS97Bs6PknQbx3AQjBctCz0YDDmHTiWOf88vmXo5ouVdP1Q5NDCme2RVD6BuoVTVe19Lu5I7I9fGUJ4b2iZOB7mQs3AfT7uQ9js_lTJSDzSrbGV4lzAo2fNmn1qtlo-FejUie1F4tsFYTSR1FWHK_bgf_XsFIBJWR6K7qmXEGoB9-fR64EV2n1Gx4uI93I.eNylK8TpnP9tmF1CfrhqBWpMGb4iWHZMs4Fzvxt__q0&dib_tag=se&keywords=laptop&qid=1729745572&sprefix=laptop%2Caps%2C128&sr=8-9,409.99,4.3,86,Not available
"Lenovo ThinkPad T490 14"" HD Laptop Computer, Intel Core i5-8365U Quad-core, 16GB DDR4 RAM 512GB SSD, Type-C, HDMI, Windows 10 Pro (Renewed)",https://www.amazon.ca/Lenovo-ThinkPad-T490-Computer-Quad-core/dp/B0CW3C9L89/ref=sr_1_6?crid=1E63C3THFEGDP&dib=eyJ2IjoiMSJ9.8IJhOmDWzPhvmmClWYIoKwA9VFkNUnI3MVUYW5raIrKiVHPXh1JiM9QTjdTE7ykRh95NQVYy24zC1UqrK28-Q8lkTJoNb6yaRjKaKFcIyna_SSS97Bs6PknQbx3AQjBctCz0YDDmHTiWOf88vmXo5ouVdP1Q5NDCme2RVD6BuoVTVe19Lu5I7I9fGUJ4b2iZOB7mQs3AfT7uQ9js_lTJSDzSrbGV4lzAo2fNmn1qtlo-FejUie1F4tsFYTSR1FWHK_bgf_XsFIBJWR6K7qmXEGoB9-fR64EV2n1Gx4uI93I.eNylK8TpnP9tmF1CfrhqBWpMGb4iWHZMs4Fzvxt__q0&dib_tag=se&keywords=laptop&qid=1729745572&sprefix=laptop%2Caps%2C128&sr=8-6,309.99,3.7,87,Not available
"Laptop Computer 14.1 inch Laptop 6GB RAM 128GB SSD, Dual-Core Cerelon N4000 (up to 2.6GHz) Ordinateur-Portable Laptop PC, 2.4G/5G WiFi, BT 5.0, USB3.0, Mini HDMI, 3 Ports USB-C Hub",https://www.amazon.ca/Laptop-Computer-Dual-Core-Cerelon-Ordinateur-Portable/dp/B0D3DSXQWB/ref=sr_1_5?crid=1E63C3THFEGDP&dib=eyJ2IjoiMSJ9.8IJhOmDWzPhvmmClWYIoKwA9VFkNUnI3MVUYW5raIrKiVHPXh1JiM9QTjdTE7ykRh95NQVYy24zC1UqrK28-Q8lkTJoNb6yaRjKaKFcIyna_SSS97Bs6PknQbx3AQjBctCz0YDDmHTiWOf88vmXo5ouVdP1Q5NDCme2RVD6BuoVTVe19Lu5I7I9fGUJ4b2iZOB7mQs3AfT7uQ9js_lTJSDzSrbGV4lzAo2fNmn1qtlo-FejUie1F4tsFYTSR1FWHK_bgf_XsFIBJWR6K7qmXEGoB9-fR64EV2n1Gx4uI93I.eNylK8TpnP9tmF1CfrhqBWpMGb4iWHZMs4Fzvxt__q0&dib_tag=se&keywords=laptop&qid=1729745572&sprefix=laptop%2Caps%2C128&sr=8-5,279.00,4.4,47,Not available
"Lenovo IdeaPad 1 14.0"" HD Laptop - Intel Celeron N4020, 4GB RAM, 128GB eMMC, Windows 11 S Mode (with Microfiber Cloth) - Cloud Grey (82V60094CF)",https://www.amazon.ca/Lenovo-IdeaPad-14-0-Laptop-Microfiber/dp/B0D7MYM4B3/ref=sr_1_4?crid=1E63C3THFEGDP&dib=eyJ2IjoiMSJ9.8IJhOmDWzPhvmmClWYIoKwA9VFkNUnI3MVUYW5raIrKiVHPXh1JiM9QTjdTE7ykRh95NQVYy24zC1UqrK28-Q8lkTJoNb6yaRjKaKFcIyna_SSS97Bs6PknQbx3AQjBctCz0YDDmHTiWOf88vmXo5ouVdP1Q5NDCme2RVD6BuoVTVe19Lu5I7I9fGUJ4b2iZOB7mQs3AfT7uQ9js_lTJSDzSrbGV4lzAo2fNmn1qtlo-FejUie1F4tsFYTSR1FWHK_bgf_XsFIBJWR6K7qmXEGoB9-fR64EV2n1Gx4uI93I.eNylK8TpnP9tmF1CfrhqBWpMGb4iWHZMs4Fzvxt__q0&dib_tag=se&keywords=laptop&qid=1729745572&sprefix=laptop%2Caps%2C128&sr=8-4,249.98,5.0,3,Not available
"ASUS Chromebook CX1500 15.6"" Full HD Laptop, Intel Celeron N3350, 4GB RAM, 64GB eMMC Flash Memory, Intel HD Graphics, WiFi 5, Chrome OS, Mineral Gray (Renewed)",https://www.amazon.ca/ASUS-Chromebook-Celeron-Graphics-Mineral/dp/B0CTRWFK3C/ref=sr_1_7?crid=1E63C3THFEGDP&dib=eyJ2IjoiMSJ9.8IJhOmDWzPhvmmClWYIoKwA9VFkNUnI3MVUYW5raIrKiVHPXh1JiM9QTjdTE7ykRh95NQVYy24zC1UqrK28-Q8lkTJoNb6yaRjKaKFcIyna_SSS97Bs6PknQbx3AQjBctCz0YDDmHTiWOf88vmXo5ouVdP1Q5NDCme2RVD6BuoVTVe19Lu5I7I9fGUJ4b2iZOB7mQs3AfT7uQ9js_lTJSDzSrbGV4lzAo2fNmn1qtlo-FejUie1F4tsFYTSR1FWHK_bgf_XsFIBJWR6K7qmXEGoB9-fR64EV2n1Gx4uI93I.eNylK8TpnP9tmF1CfrhqBWpMGb4iWHZMs4Fzvxt__q0&dib_tag=se&keywords=laptop&qid=1729745572&sprefix=laptop%2Caps%2C128&sr=8-7,219.00,4.0,"1,458",Not available
ACEMAGIC Laptop Computer AMD Ryzen 7 5700U Gaming Laptop 16GB DDR4 512GB M.2 2280 NVMe SSD Windows Laptop Office Laptops Home Laptops Windows11 16.1-inch IPS FHD WIFI6 BT5.2 HDMI Type-C USB3.2,https://www.amazon.ca#,899.99,4.1,120,Not available
Dell Chromebook 3100 Intel N4020 4GB 16GB Chrome OS 11.6 inch Gray (Renewed),https://www.amazon.ca/Dell-Chromebook-Intel-Chrome-Renewed/dp/B08SHN3TZP/ref=sr_1_3?crid=1E63C3THFEGDP&dib=eyJ2IjoiMSJ9.8IJhOmDWzPhvmmClWYIoKwA9VFkNUnI3MVUYW5raIrKiVHPXh1JiM9QTjdTE7ykRh95NQVYy24zC1UqrK28-Q8lkTJoNb6yaRjKaKFcIyna_SSS97Bs6PknQbx3AQjBctCz0YDDmHTiWOf88vmXo5ouVdP1Q5NDCme2RVD6BuoVTVe19Lu5I7I9fGUJ4b2iZOB7mQs3AfT7uQ9js_lTJSDzSrbGV4lzAo2fNmn1qtlo-FejUie1F4tsFYTSR1FWHK_bgf_XsFIBJWR6K7qmXEGoB9-fR64EV2n1Gx4uI93I.eNylK8TpnP9tmF1CfrhqBWpMGb4iWHZMs4Fzvxt__q0&dib_tag=se&keywords=laptop&qid=1729745572&sprefix=laptop%2Caps%2C128&sr=8-3,88.00,4.1,380,Not available
"Acer Aspire 3 A315-24P-R7VH, 15.6"" FHD 1920x1080 Laptop, AMD Ryzen 3 7320U, Radeon Graphics, 8GB RAM, 128G SSD, Windows 11 in S Mode",https://www.amazon.ca/Acer-Aspire-RadeonTM-Graphics-Windows/dp/B0BS4BP8FB/ref=sr_1_2?crid=1E63C3THFEGDP&dib=eyJ2IjoiMSJ9.8IJhOmDWzPhvmmClWYIoKwA9VFkNUnI3MVUYW5raIrKiVHPXh1JiM9QTjdTE7ykRh95NQVYy24zC1UqrK28-Q8lkTJoNb6yaRjKaKFcIyna_SSS97Bs6PknQbx3AQjBctCz0YDDmHTiWOf88vmXo5ouVdP1Q5NDCme2RVD6BuoVTVe19Lu5I7I9fGUJ4b2iZOB7mQs3AfT7uQ9js_lTJSDzSrbGV4lzAo2fNmn1qtlo-FejUie1F4tsFYTSR1FWHK_bgf_XsFIBJWR6K7qmXEGoB9-fR64EV2n1Gx4uI93I.eNylK8TpnP9tmF1CfrhqBWpMGb4iWHZMs4Fzvxt__q0&dib_tag=se&keywords=laptop&qid=1729745572&sprefix=laptop%2Caps%2C128&sr=8-2,449.99,4.3,"2,585",Not available
"HP 15 inch Laptop, HD Display, Intel Processor N100, 4 GB RAM, 128 GB UFS, Intel UHD Graphics, Windows 11 Home in S Mode, 15-fd0000ca",https://www.amazon.ca/HP-Display-Processor-Graphics-15-fd0000ca/dp/B0BX7FD8H7/ref=sr_1_1?crid=1E63C3THFEGDP&dib=eyJ2IjoiMSJ9.8IJhOmDWzPhvmmClWYIoKwA9VFkNUnI3MVUYW5raIrKiVHPXh1JiM9QTjdTE7ykRh95NQVYy24zC1UqrK28-Q8lkTJoNb6yaRjKaKFcIyna_SSS97Bs6PknQbx3AQjBctCz0YDDmHTiWOf88vmXo5ouVdP1Q5NDCme2RVD6BuoVTVe19Lu5I7I9fGUJ4b2iZOB7mQs3AfT7uQ9js_lTJSDzSrbGV4lzAo2fNmn1qtlo-FejUie1F4tsFYTSR1FWHK_bgf_XsFIBJWR6K7qmXEGoB9-fR64EV2n1Gx4uI93I.eNylK8TpnP9tmF1CfrhqBWpMGb4iWHZMs4Fzvxt__q0&dib_tag=se&keywords=laptop&qid=1729745572&sprefix=laptop%2Caps%2C128&sr=8-1,379.99,Amazon's Choice,187,Not available
"ASUS Vivobook 15 Laptop, 15.6” FHD (1920 x 1080) Display, Intel Core i7-1355U CPU, Intel Iris Xᵉ Graphics, 16GB RAM, 1TB SSD, Windows 11 Home, Quiet Blue, X1504VA-AS71-CA",https://www.amazon.ca/Vivobook-Display-i7-1355U-Graphics-X1504VA-AS71-CA/dp/B0BW11PP18/ref=sr_1_306?crid=1E63C3THFEGDP&dib=eyJ2IjoiMSJ9.dEF-bIsROI4ar_2Q0mLqXtrqG0eUnZ33bfSjc-lC-22elLLvf6nnhkfhtaZl-fb-yRA-yPruEWcNE0x2xWoUEr0N6zSCt-mGWDwgbGxzGfRDtFDslwG5_96EfshHMgpGKW1sgTvBnDB8leeqVTJraYn6e26_UpLmRMLcJK3o2kOtLbA2gLtPB3OVCIhXV1-MfG2vbkwg4T8c6QbCAlgMdWanSfZL68XXzRCpuUhpPHTYcBO7Um8bIvakUQP0mfERtxKKcGm2uUnFApyxSveBSw.e3lGW-H_cnLJpmw8jAv8Vgu-rJccXNhgYkKuk4CDAho&dib_tag=se&keywords=laptop&qid=1729745572&sprefix=laptop%2Caps%2C128&sr=8-306,989.10,4.2,87,Not available
"ASUS VivoBook 14"" FHD (1920x1080) Laptop - Intel Core i5-1135G7 Processor, 8GB RAM, 256GB SSD, WiFi, Bluetooth, Blacklit Keyboard, Windows 10 Home - Slate Grey (F415EA-UB51)",https://www.amazon.ca/ASUS-VivoBook-FHD-1920x1080-Laptop/dp/B0CS4RRY5P/ref=sr_1_304?crid=1E63C3THFEGDP&dib=eyJ2IjoiMSJ9.dEF-bIsROI4ar_2Q0mLqXtrqG0eUnZ33bfSjc-lC-22elLLvf6nnhkfhtaZl-fb-yRA-yPruEWcNE0x2xWoUEr0N6zSCt-mGWDwgbGxzGfRDtFDslwG5_96EfshHMgpGKW1sgTvBnDB8leeqVTJraYn6e26_UpLmRMLcJK3o2kOtLbA2gLtPB3OVCIhXV1-MfG2vbkwg4T8c6QbCAlgMdWanSfZL68XXzRCpuUhpPHTYcBO7Um8bIvakUQP0mfERtxKKcGm2uUnFApyxSveBSw.e3lGW-H_cnLJpmw8jAv8Vgu-rJccXNhgYkKuk4CDAho&dib_tag=se&keywords=laptop&qid=1729745572&sprefix=laptop%2Caps%2C128&sr=8-304,549.98,"FREE delivery Sun, Oct 27 ",Only 6 left in stock.,Not available
"HP 15.6"" HD Business Laptop, AMD Ryzen 3-5300U Processor, 16GB RAM, 1TB SSD, AMD Radeon Graphics, 720p HD Camera, Numeric Keypad, Wi-Fi, Windows 11, Silver, 32GB Hotface USB Card",https://www.amazon.ca/HP-Business-3-5300U-Processor-Graphics/dp/B0CQ4X2C49/ref=sr_1_305?crid=1E63C3THFEGDP&dib=eyJ2IjoiMSJ9.dEF-bIsROI4ar_2Q0mLqXtrqG0eUnZ33bfSjc-lC-22elLLvf6nnhkfhtaZl-fb-yRA-yPruEWcNE0x2xWoUEr0N6zSCt-mGWDwgbGxzGfRDtFDslwG5_96EfshHMgpGKW1sgTvBnDB8leeqVTJraYn6e26_UpLmRMLcJK3o2kOtLbA2gLtPB3OVCIhXV1-MfG2vbkwg4T8c6QbCAlgMdWanSfZL68XXzRCpuUhpPHTYcBO7Um8bIvakUQP0mfERtxKKcGm2uUnFApyxSveBSw.e3lGW-H_cnLJpmw8jAv8Vgu-rJccXNhgYkKuk4CDAho&dib_tag=se&keywords=laptop&qid=1729745572&sprefix=laptop%2Caps%2C128&sr=8-305,619.00,4.2,213,Not available
"Dell Latitude 5410 Business Laptop, 14'' FHD Notebook, 10th Gen Intel Core i5-10210U, 16GB RAM, 512GB SSD, Backlit Keyboard, HDMI, Wi-Fi, Bluetooth, Camera, Windows 10 Pro 64-bit (Renewed)",https://www.amazon.ca/Dell-Latitude-5410-i5-10210U-Bluetooth/dp/B0CKN4WMZW/ref=sr_1_303?crid=1E63C3THFEGDP&dib=eyJ2IjoiMSJ9.dEF-bIsROI4ar_2Q0mLqXtrqG0eUnZ33bfSjc-lC-22elLLvf6nnhkfhtaZl-fb-yRA-yPruEWcNE0x2xWoUEr0N6zSCt-mGWDwgbGxzGfRDtFDslwG5_96EfshHMgpGKW1sgTvBnDB8leeqVTJraYn6e26_UpLmRMLcJK3o2kOtLbA2gLtPB3OVCIhXV1-MfG2vbkwg4T8c6QbCAlgMdWanSfZL68XXzRCpuUhpPHTYcBO7Um8bIvakUQP0mfERtxKKcGm2uUnFApyxSveBSw.e3lGW-H_cnLJpmw8jAv8Vgu-rJccXNhgYkKuk4CDAho&dib_tag=se&keywords=laptop&qid=1729745572&sprefix=laptop%2Caps%2C128&sr=8-303,364.99,3.9,24,Not available
"Dell Latitude 5400 Business Laptop, 14"" FHD (1920 x 1080) Non-Touch, Quad Core 8th Gen i5-8365U, 16GB RAM, 512GB SSD, Webcam, Windows 10 Pro (Certified Refurbished)",https://www.amazon.ca/Dell-Latitude-5400-Non-Touch-Refurbished/dp/B095CZJQYN/ref=sr_1_302?crid=1E63C3THFEGDP&dib=eyJ2IjoiMSJ9.dEF-bIsROI4ar_2Q0mLqXtrqG0eUnZ33bfSjc-lC-22elLLvf6nnhkfhtaZl-fb-yRA-yPruEWcNE0x2xWoUEr0N6zSCt-mGWDwgbGxzGfRDtFDslwG5_96EfshHMgpGKW1sgTvBnDB8leeqVTJraYn6e26_UpLmRMLcJK3o2kOtLbA2gLtPB3OVCIhXV1-MfG2vbkwg4T8c6QbCAlgMdWanSfZL68XXzRCpuUhpPHTYcBO7Um8bIvakUQP0mfERtxKKcGm2uUnFApyxSveBSw.e3lGW-H_cnLJpmw8jAv8Vgu-rJccXNhgYkKuk4CDAho&dib_tag=se&keywords=laptop&qid=1729745572&sprefix=laptop%2Caps%2C128&sr=8-302,399.25,4.2,200,Not available
"Lenovo Thinkpad X1 Carbon Gen 10 14.0"" WUXGA Touchscreen Business Laptop, Intel Core i7-1260P, 32GB RAM, 512GB PCIe SSD, Intel Iris Xe Graphics, Win 11 Pro, Black, 32GB Hotface USB Card",https://www.amazon.ca/sspa/click?ie=UTF8&spc=MToxMjIzMTU0NDc0NDIzNjUwOjE3Mjk3NDU1NzI6c3Bfc2VhcmNoX3RoZW1hdGljOjMwMDM2MDg0MTU0NjYwMjo6NDo6&url=%2FLenovo-Thinkpad-X1-Touchscreen-Business%2Fdp%2FB0CMLLWFYV%2Fref%3Dsxin_15_pa_sp_search_thematic_sspa%3Fcontent-id%3Damzn1.sym.e251a9a8-91a9-4f1e-be32-505687a120a3%253Aamzn1.sym.e251a9a8-91a9-4f1e-be32-505687a120a3%26crid%3D1E63C3THFEGDP%26cv_ct_cx%3Dlaptop%26dib%3DeyJ2IjoiMSJ9.yDbuu4YYAPf82wc2hMge-f_aW-BNMilzZ2MrhzDsjKPjPfaTnHz5NARmeWyQ-w3jsMR2G7wS1YYKaZ81H3zFyw.V5E0mcQ8u3LwpaAr-nPdUeujdn76OczOfmK7HWkH2kg%26dib_tag%3Dse%26keywords%3Dlaptop%26pd_rd_i%3DB0CMLLWFYV%26pd_rd_r%3D4297f6a9-c873-4542-9295-b7080a6be078%26pd_rd_w%3Da9lod%26pd_rd_wg%3DtIXjP%26pf_rd_p%3De251a9a8-91a9-4f1e-be32-505687a120a3%26pf_rd_r%3D1QN578M9NJ0Y41W4AC3W%26qid%3D1729745572%26sbo%3DRZvfv%252F%252FHxDF%252BO5021pAnSA%253D%253D%26sprefix%3Dlaptop%252Caps%252C128%26sr%3D1-5-0db4faf6-3485-4ed7-80e2-7395e0b5d027-spons%26sp_csd%3Dd2lkZ2V0TmFtZT1zcF9zZWFyY2hfdGhlbWF0aWM%26psc%3D1,"2,549.00",4.3,22,Not available
"Dell Inspiron 16 Plus 7640 Laptop - 16.0-inch 16:10 2.5K Display, Intel Core i7-13620H Processor, 16GB LPDDR5 RAM, 1TB SSD, Intel UHD Graphics, Windows 11 Home, Onsite & Migrate Service - Ice Blue",https://www.amazon.ca/sspa/click?ie=UTF8&spc=MToxMjIzMTU0NDc0NDIzNjUwOjE3Mjk3NDU1NzI6c3Bfc2VhcmNoX3RoZW1hdGljOjMwMDQ2NTE1Njg5NjMwMjo6Mzo6&url=%2FDell-Inspiron-Plus-7640-Laptop%2Fdp%2FB0D273XDFY%2Fref%3Dsxin_15_pa_sp_search_thematic_sspa%3Fcontent-id%3Damzn1.sym.e251a9a8-91a9-4f1e-be32-505687a120a3%253Aamzn1.sym.e251a9a8-91a9-4f1e-be32-505687a120a3%26crid%3D1E63C3THFEGDP%26cv_ct_cx%3Dlaptop%26dib%3DeyJ2IjoiMSJ9.yDbuu4YYAPf82wc2hMge-f_aW-BNMilzZ2MrhzDsjKPjPfaTnHz5NARmeWyQ-w3jsMR2G7wS1YYKaZ81H3zFyw.V5E0mcQ8u3LwpaAr-nPdUeujdn76OczOfmK7HWkH2kg%26dib_tag%3Dse%26keywords%3Dlaptop%26pd_rd_i%3DB0D273XDFY%26pd_rd_r%3D4297f6a9-c873-4542-9295-b7080a6be078%26pd_rd_w%3Da9lod%26pd_rd_wg%3DtIXjP%26pf_rd_p%3De251a9a8-91a9-4f1e-be32-505687a120a3%26pf_rd_r%3D1QN578M9NJ0Y41W4AC3W%26qid%3D1729745572%26sbo%3DRZvfv%252F%252FHxDF%252BO5021pAnSA%253D%253D%26sprefix%3Dlaptop%252Caps%252C128%26sr%3D1-4-0db4faf6-3485-4ed7-80e2-7395e0b5d027-spons%26sp_csd%3Dd2lkZ2V0TmFtZT1zcF9zZWFyY2hfdGhlbWF0aWM%26psc%3D1,"1,399.99",4.0,26,Not available
"Ruzava 14"" Traditional Laptop 6GB DDR4 256GB SSD Celeron N4020(Up to 2.8Ghz) 2-Core Win 11 Notebook 1920x1080 FHD Dual WiFi BT 4.2 Support 512GB TF&1TB SSD Expand with Webcam for Business Study-Gold",https://www.amazon.ca/sspa/click?ie=UTF8&spc=MToxMjIzMTU0NDc0NDIzNjUwOjE3Mjk3NDU1NzI6c3Bfc2VhcmNoX3RoZW1hdGljOjMwMDA0NjY2MzE0MzQwMjo6MTo6&url=%2FRuzava-Notebook-1920x1080-Wireless-Study-Gold%2Fdp%2FB0CBKJVWL4%2Fref%3Dsxin_15_pa_sp_search_thematic_sspa%3Fcontent-id%3Damzn1.sym.e251a9a8-91a9-4f1e-be32-505687a120a3%253Aamzn1.sym.e251a9a8-91a9-4f1e-be32-505687a120a3%26crid%3D1E63C3THFEGDP%26cv_ct_cx%3Dlaptop%26dib%3DeyJ2IjoiMSJ9.yDbuu4YYAPf82wc2hMge-f_aW-BNMilzZ2MrhzDsjKPjPfaTnHz5NARmeWyQ-w3jsMR2G7wS1YYKaZ81H3zFyw.V5E0mcQ8u3LwpaAr-nPdUeujdn76OczOfmK7HWkH2kg%26dib_tag%3Dse%26keywords%3Dlaptop%26pd_rd_i%3DB0CBKJVWL4%26pd_rd_r%3D4297f6a9-c873-4542-9295-b7080a6be078%26pd_rd_w%3Da9lod%26pd_rd_wg%3DtIXjP%26pf_rd_p%3De251a9a8-91a9-4f1e-be32-505687a120a3%26pf_rd_r%3D1QN578M9NJ0Y41W4AC3W%26qid%3D1729745572%26sbo%3DRZvfv%252F%252FHxDF%252BO5021pAnSA%253D%253D%26sprefix%3Dlaptop%252Caps%252C128%26sr%3D1-2-0db4faf6-3485-4ed7-80e2-7395e0b5d027-spons%26sp_csd%3Dd2lkZ2V0TmFtZT1zcF9zZWFyY2hfdGhlbWF0aWM%26psc%3D1,263.99,4.0,84,Not available
"Acer Aspire 3 A315-59-590J-CA, 15.6"" FHD 1920x1080 Laptop, Intel CoreTM i5-1235U, Intel UHD Graphics, 16GB RAM, 512GB SSD, Windows 11 Home",https://www.amazon.ca/sspa/click?ie=UTF8&spc=MToxMjIzMTU0NDc0NDIzNjUwOjE3Mjk3NDU1NzI6c3Bfc2VhcmNoX3RoZW1hdGljOjMwMDQ2NTE1Njg5NzEwMjo6Mjo6&url=%2FAcer-A315-59-590J-CA-1920x1080-i5-1235U-Graphics%2Fdp%2FB0D1ZFBPFV%2Fref%3Dsxin_15_pa_sp_search_thematic_sspa%3Fcontent-id%3Damzn1.sym.e251a9a8-91a9-4f1e-be32-505687a120a3%253Aamzn1.sym.e251a9a8-91a9-4f1e-be32-505687a120a3%26crid%3D1E63C3THFEGDP%26cv_ct_cx%3Dlaptop%26dib%3DeyJ2IjoiMSJ9.yDbuu4YYAPf82wc2hMge-f_aW-BNMilzZ2MrhzDsjKPjPfaTnHz5NARmeWyQ-w3jsMR2G7wS1YYKaZ81H3zFyw.V5E0mcQ8u3LwpaAr-nPdUeujdn76OczOfmK7HWkH2kg%26dib_tag%3Dse%26keywords%3Dlaptop%26pd_rd_i%3DB0D1ZFBPFV%26pd_rd_r%3D4297f6a9-c873-4542-9295-b7080a6be078%26pd_rd_w%3Da9lod%26pd_rd_wg%3DtIXjP%26pf_rd_p%3De251a9a8-91a9-4f1e-be32-505687a120a3%26pf_rd_r%3D1QN578M9NJ0Y41W4AC3W%26qid%3D1729745572%26sbo%3DRZvfv%252F%252FHxDF%252BO5021pAnSA%253D%253D%26sprefix%3Dlaptop%252Caps%252C128%26sr%3D1-3-0db4faf6-3485-4ed7-80e2-7395e0b5d027-spons%26sp_csd%3Dd2lkZ2V0TmFtZT1zcF9zZWFyY2hfdGhlbWF0aWM%26psc%3D1,699.99,5.0,2,Not available
ACEMAGIC Laptop Computer AMD Ryzen 7 5700U Gaming Laptop 16GB DDR4 512GB M.2 2280 NVMe SSD Windows Laptop Office Laptops Home Laptops Windows11 16.1-inch IPS FHD WIFI6 BT5.2 HDMI Type-C USB3.2,https://www.amazon.ca/sspa/click?ie=UTF8&spc=MToxMjIzMTU0NDc0NDIzNjUwOjE3Mjk3NDU1NzI6c3Bfc2VhcmNoX3RoZW1hdGljOjMwMDMyOTQyNzI1ODAwMjo6MDo6&url=%2FACEMAGIC-i7-1265U-Windows-Graphics-Backlit%2Fdp%2FB0CPYCV9BM%2Fref%3Dsxin_15_pa_sp_search_thematic_sspa%3Fcontent-id%3Damzn1.sym.e251a9a8-91a9-4f1e-be32-505687a120a3%253Aamzn1.sym.e251a9a8-91a9-4f1e-be32-505687a120a3%26crid%3D1E63C3THFEGDP%26cv_ct_cx%3Dlaptop%26dib%3DeyJ2IjoiMSJ9.yDbuu4YYAPf82wc2hMge-f_aW-BNMilzZ2MrhzDsjKPjPfaTnHz5NARmeWyQ-w3jsMR2G7wS1YYKaZ81H3zFyw.V5E0mcQ8u3LwpaAr-nPdUeujdn76OczOfmK7HWkH2kg%26dib_tag%3Dse%26keywords%3Dlaptop%26pd_rd_i%3DB0CPYCV9BM%26pd_rd_r%3D4297f6a9-c873-4542-9295-b7080a6be078%26pd_rd_w%3Da9lod%26pd_rd_wg%3DtIXjP%26pf_rd_p%3De251a9a8-91a9-4f1e-be32-505687a120a3%26pf_rd_r%3D1QN578M9NJ0Y41W4AC3W%26qid%3D1729745572%26sbo%3DRZvfv%252F%252FHxDF%252BO5021pAnSA%253D%253D%26sprefix%3Dlaptop%252Caps%252C128%26sr%3D1-1-0db4faf6-3485-4ed7-80e2-7395e0b5d027-spons%26sp_csd%3Dd2lkZ2V0TmFtZT1zcF9zZWFyY2hfdGhlbWF0aWM%26psc%3D1,899.99,4.1,120,Not available
"Lenovo IdeaPad 3 Laptop, 15.6"" FHD Touchscreen, Intel Core i3-1115G4, 16GB RAM, 512GB SSD, SD Card Reader, HDMI, Webcam, Wi-Fi 6, Windows 11 Home, Grey",https://www.amazon.ca/Lenovo-IdeaPad-Touchscreen-i3-1115G4-Windows/dp/B0C157S95V/ref=sr_1_301?crid=1E63C3THFEGDP&dib=eyJ2IjoiMSJ9.dEF-bIsROI4ar_2Q0mLqXtrqG0eUnZ33bfSjc-lC-22elLLvf6nnhkfhtaZl-fb-yRA-yPruEWcNE0x2xWoUEr0N6zSCt-mGWDwgbGxzGfRDtFDslwG5_96EfshHMgpGKW1sgTvBnDB8leeqVTJraYn6e26_UpLmRMLcJK3o2kOtLbA2gLtPB3OVCIhXV1-MfG2vbkwg4T8c6QbCAlgMdWanSfZL68XXzRCpuUhpPHTYcBO7Um8bIvakUQP0mfERtxKKcGm2uUnFApyxSveBSw.e3lGW-H_cnLJpmw8jAv8Vgu-rJccXNhgYkKuk4CDAho&dib_tag=se&keywords=laptop&qid=1729745572&sprefix=laptop%2Caps%2C128&sr=8-301,579.00,4.1,30,Not available
"Dell Latitude 7200 Multi-Touch 2-in-1 Business Laptop, 12.3'' FHD (1920x1080), Intel Core i5-8th Gen 1.6GHz, 8GB RAM 256GB SSD, Wi-Fi, Webcam, Windows 10pro (Renewed)",https://www.amazon.ca/Dell-Latitude-Multi-Touch-Business-1920x1080/dp/B0C8NFGNM3/ref=sr_1_300?crid=1E63C3THFEGDP&dib=eyJ2IjoiMSJ9.dEF-bIsROI4ar_2Q0mLqXtrqG0eUnZ33bfSjc-lC-22elLLvf6nnhkfhtaZl-fb-yRA-yPruEWcNE0x2xWoUEr0N6zSCt-mGWDwgbGxzGfRDtFDslwG5_96EfshHMgpGKW1sgTvBnDB8leeqVTJraYn6e26_UpLmRMLcJK3o2kOtLbA2gLtPB3OVCIhXV1-MfG2vbkwg4T8c6QbCAlgMdWanSfZL68XXzRCpuUhpPHTYcBO7Um8bIvakUQP0mfERtxKKcGm2uUnFApyxSveBSw.e3lGW-H_cnLJpmw8jAv8Vgu-rJccXNhgYkKuk4CDAho&dib_tag=se&keywords=laptop&qid=1729745572&sprefix=laptop%2Caps%2C128&sr=8-300,569.19,4.3,15,Not available
"Laptop Screen Extender Dual Monitor - 14"" Portable Monitor IPS FHD 1080P Attachment Screen Extended Extra Screen USB-C/HDMI Port Compatible with Wins Mac Dex Chrome Travel Work Fits 13""-17"" Laptops",https://www.amazon.ca/Laptop-Screen-Extender-Dual-Monitor/dp/B0CZSB1DMW/ref=sr_1_299?crid=1E63C3THFEGDP&dib=eyJ2IjoiMSJ9.dEF-bIsROI4ar_2Q0mLqXtrqG0eUnZ33bfSjc-lC-22elLLvf6nnhkfhtaZl-fb-yRA-yPruEWcNE0x2xWoUEr0N6zSCt-mGWDwgbGxzGfRDtFDslwG5_96EfshHMgpGKW1sgTvBnDB8leeqVTJraYn6e26_UpLmRMLcJK3o2kOtLbA2gLtPB3OVCIhXV1-MfG2vbkwg4T8c6QbCAlgMdWanSfZL68XXzRCpuUhpPHTYcBO7Um8bIvakUQP0mfERtxKKcGm2uUnFApyxSveBSw.e3lGW-H_cnLJpmw8jAv8Vgu-rJccXNhgYkKuk4CDAho&dib_tag=se&keywords=laptop&qid=1729745572&sprefix=laptop%2Caps%2C128&sr=8-299,169.73,4.4,185,Not available
"Lenovo Thinkpad E16 Gen2 16"" WUXGA Laptop - Intel Core Ultra 7 155U, 16GB RAM, 512GB SSD, Windows 11 Pro (with Microfiber Cloth) - Graphite Black (21MA0035US)",https://www.amazon.ca/Lenovo-Thinkpad-Gen2-WUXGA-Laptop/dp/B0DH92GT44/ref=sr_1_297?crid=1E63C3THFEGDP&dib=eyJ2IjoiMSJ9.dEF-bIsROI4ar_2Q0mLqXtrqG0eUnZ33bfSjc-lC-22elLLvf6nnhkfhtaZl-fb-yRA-yPruEWcNE0x2xWoUEr0N6zSCt-mGWDwgbGxzGfRDtFDslwG5_96EfshHMgpGKW1sgTvBnDB8leeqVTJraYn6e26_UpLmRMLcJK3o2kOtLbA2gLtPB3OVCIhXV1-MfG2vbkwg4T8c6QbCAlgMdWanSfZL68XXzRCpuUhpPHTYcBO7Um8bIvakUQP0mfERtxKKcGm2uUnFApyxSveBSw.e3lGW-H_cnLJpmw8jAv8Vgu-rJccXNhgYkKuk4CDAho&dib_tag=se&keywords=laptop&qid=1729745572&sprefix=laptop%2Caps%2C128&sr=8-297,"1,289.99","FREE delivery Mon, Oct 28 ",Only 5 left in stock.,Not available
"Dell Latitude 5400 Laptop | 14"" 1920x1080 FHD | Core i7-8665U - 512GB SSD Hard Drive - 16GB RAM | 4 cores @ 4.8 GHz Win 11 Home Black (Renewed)",https://www.amazon.ca/Dell-Latitude-5400-Laptop-1920x1080/dp/B0D28HRSLG/ref=sr_1_296?crid=1E63C3THFEGDP&dib=eyJ2IjoiMSJ9.dEF-bIsROI4ar_2Q0mLqXtrqG0eUnZ33bfSjc-lC-22elLLvf6nnhkfhtaZl-fb-yRA-yPruEWcNE0x2xWoUEr0N6zSCt-mGWDwgbGxzGfRDtFDslwG5_96EfshHMgpGKW1sgTvBnDB8leeqVTJraYn6e26_UpLmRMLcJK3o2kOtLbA2gLtPB3OVCIhXV1-MfG2vbkwg4T8c6QbCAlgMdWanSfZL68XXzRCpuUhpPHTYcBO7Um8bIvakUQP0mfERtxKKcGm2uUnFApyxSveBSw.e3lGW-H_cnLJpmw8jAv8Vgu-rJccXNhgYkKuk4CDAho&dib_tag=se&keywords=laptop&qid=1729745572&sprefix=laptop%2Caps%2C128&sr=8-296,475.00,FREE delivery Oct 28 - 30 ,Only 1 left in stock.,Not available
"Lenovo 2019 Thinkpad T470 14-inch IPS Full HD FHD (1920x1080) Business Laptop (Intel Core i5-6300U, 16GB DDR4 RAM, 256GB PCIe NVMe M.2 SSD) Thunderbolt, Type-C, HDMI, RJ-45, Windows 10 Pro (Renewed)",https://www.amazon.ca/Lenovo-Thinkpad-1920x1080-Business-Thunderbolt/dp/B08T6J8MZK/ref=sr_1_295?crid=1E63C3THFEGDP&dib=eyJ2IjoiMSJ9.dEF-bIsROI4ar_2Q0mLqXtrqG0eUnZ33bfSjc-lC-22elLLvf6nnhkfhtaZl-fb-yRA-yPruEWcNE0x2xWoUEr0N6zSCt-mGWDwgbGxzGfRDtFDslwG5_96EfshHMgpGKW1sgTvBnDB8leeqVTJraYn6e26_UpLmRMLcJK3o2kOtLbA2gLtPB3OVCIhXV1-MfG2vbkwg4T8c6QbCAlgMdWanSfZL68XXzRCpuUhpPHTYcBO7Um8bIvakUQP0mfERtxKKcGm2uUnFApyxSveBSw.e3lGW-H_cnLJpmw8jAv8Vgu-rJccXNhgYkKuk4CDAho&dib_tag=se&keywords=laptop&qid=1729745572&sprefix=laptop%2Caps%2C128&sr=8-295,Price not available,4.2,604,Not available
"HP EliteBook 840 G6 14"" Laptop, Intel Core i5, 16GB, 256GB SSD, Win11 Pro. (Renewed)",https://www.amazon.ca/HP-EliteBook-840-G6-Renewed/dp/B0CKLX46PQ/ref=sr_1_294?crid=1E63C3THFEGDP&dib=eyJ2IjoiMSJ9.dEF-bIsROI4ar_2Q0mLqXtrqG0eUnZ33bfSjc-lC-22elLLvf6nnhkfhtaZl-fb-yRA-yPruEWcNE0x2xWoUEr0N6zSCt-mGWDwgbGxzGfRDtFDslwG5_96EfshHMgpGKW1sgTvBnDB8leeqVTJraYn6e26_UpLmRMLcJK3o2kOtLbA2gLtPB3OVCIhXV1-MfG2vbkwg4T8c6QbCAlgMdWanSfZL68XXzRCpuUhpPHTYcBO7Um8bIvakUQP0mfERtxKKcGm2uUnFApyxSveBSw.e3lGW-H_cnLJpmw8jAv8Vgu-rJccXNhgYkKuk4CDAho&dib_tag=se&keywords=laptop&qid=1729745572&sprefix=laptop%2Caps%2C128&sr=8-294,289.00,4.7,5,Not available
"Dell 7480 14 HD Laptop, Core i5-6300U 2.4GHz, 16GB RAM, 256GB Solid State Drive, Windows 10 Pro 64Bit (Renewed)",https://www.amazon.ca/Dell-i5-6300U-Windows-Certified-Refurbished/dp/B07S1BVHGC/ref=sr_1_293?crid=1E63C3THFEGDP&dib=eyJ2IjoiMSJ9.dEF-bIsROI4ar_2Q0mLqXtrqG0eUnZ33bfSjc-lC-22elLLvf6nnhkfhtaZl-fb-yRA-yPruEWcNE0x2xWoUEr0N6zSCt-mGWDwgbGxzGfRDtFDslwG5_96EfshHMgpGKW1sgTvBnDB8leeqVTJraYn6e26_UpLmRMLcJK3o2kOtLbA2gLtPB3OVCIhXV1-MfG2vbkwg4T8c6QbCAlgMdWanSfZL68XXzRCpuUhpPHTYcBO7Um8bIvakUQP0mfERtxKKcGm2uUnFApyxSveBSw.e3lGW-H_cnLJpmw8jAv8Vgu-rJccXNhgYkKuk4CDAho&dib_tag=se&keywords=laptop&qid=1729745572&sprefix=laptop%2Caps%2C128&sr=8-293,245.82,4.0,101,Not available
"ASUS Vivobook Go 15 Personal Laptop, 15.6"" FHD IPS, AMD Ryzen 5 7520U, 8GB LPDDR5, 512GB SSD, Windows 11 Home, Wi-Fi 5, Bluetooth 5.1, Cool Silver",https://www.amazon.ca/Vivobook-Personal-Laptop-Windows-Bluetooth/dp/B0DDYDDS7S/ref=sr_1_292?crid=1E63C3THFEGDP&dib=eyJ2IjoiMSJ9.dEF-bIsROI4ar_2Q0mLqXtrqG0eUnZ33bfSjc-lC-22elLLvf6nnhkfhtaZl-fb-yRA-yPruEWcNE0x2xWoUEr0N6zSCt-mGWDwgbGxzGfRDtFDslwG5_96EfshHMgpGKW1sgTvBnDB8leeqVTJraYn6e26_UpLmRMLcJK3o2kOtLbA2gLtPB3OVCIhXV1-MfG2vbkwg4T8c6QbCAlgMdWanSfZL68XXzRCpuUhpPHTYcBO7Um8bIvakUQP0mfERtxKKcGm2uUnFApyxSveBSw.e3lGW-H_cnLJpmw8jAv8Vgu-rJccXNhgYkKuk4CDAho&dib_tag=se&keywords=laptop&qid=1729745572&sprefix=laptop%2Caps%2C128&sr=8-292,539.99,FREE delivery Oct 29 - 31 ,No reviews available,Not available
"MSI Stealth 14 AI Studio A1VFG-041CA 14"" OLED 120Hz Ultra Thin and Light Gaming Laptop, Intel Core Ultra7-155H, RTX 4060, 32GB DDR5, 1TB NVMe SSD, Windows 11 Home",https://www.amazon.ca/MSI-Stealth-Studio-A1VFG-041CA-Ultra7-155H/dp/B0CRKRCF63/ref=sr_1_298?crid=1E63C3THFEGDP&dib=eyJ2IjoiMSJ9.dEF-bIsROI4ar_2Q0mLqXtrqG0eUnZ33bfSjc-lC-22elLLvf6nnhkfhtaZl-fb-yRA-yPruEWcNE0x2xWoUEr0N6zSCt-mGWDwgbGxzGfRDtFDslwG5_96EfshHMgpGKW1sgTvBnDB8leeqVTJraYn6e26_UpLmRMLcJK3o2kOtLbA2gLtPB3OVCIhXV1-MfG2vbkwg4T8c6QbCAlgMdWanSfZL68XXzRCpuUhpPHTYcBO7Um8bIvakUQP0mfERtxKKcGm2uUnFApyxSveBSw.e3lGW-H_cnLJpmw8jAv8Vgu-rJccXNhgYkKuk4CDAho&dib_tag=se&keywords=laptop&qid=1729745572&sprefix=laptop%2Caps%2C128&sr=8-298,"2,399.00",3.4,3,Not available
"HP EliteBook 840 G3 Laptop 14in HD Display, Intel Core i5-6200U 2.4Ghz, 256GB SSD, 16GB DDR4 RAM, Webcam, WiFi, Windows 10 Pro (Renewed)",https://www.amazon.ca/HP-EliteBook-Display-i5-6300U-Windows/dp/B07WJVPGYP/ref=sr_1_291?crid=1E63C3THFEGDP&dib=eyJ2IjoiMSJ9.dEF-bIsROI4ar_2Q0mLqXtrqG0eUnZ33bfSjc-lC-22elLLvf6nnhkfhtaZl-fb-yRA-yPruEWcNE0x2xWoUEr0N6zSCt-mGWDwgbGxzGfRDtFDslwG5_96EfshHMgpGKW1sgTvBnDB8leeqVTJraYn6e26_UpLmRMLcJK3o2kOtLbA2gLtPB3OVCIhXV1-MfG2vbkwg4T8c6QbCAlgMdWanSfZL68XXzRCpuUhpPHTYcBO7Um8bIvakUQP0mfERtxKKcGm2uUnFApyxSveBSw.e3lGW-H_cnLJpmw8jAv8Vgu-rJccXNhgYkKuk4CDAho&dib_tag=se&keywords=laptop&qid=1729745572&sprefix=laptop%2Caps%2C128&sr=8-291,257.45,3.7,"1,495",Not available
Samsung Galaxy Book2 15.6 Inch Amoled i7 (intel 12th Gen) | 8G DDR4x | 256G SSD | Graphite | Windows 11 Home laptop,https://www.amazon.ca/Galaxy-AMOLED-Graphite-Windows-Laptop/dp/B09VWFP3X2/ref=sr_1_290?crid=1E63C3THFEGDP&dib=eyJ2IjoiMSJ9.dEF-bIsROI4ar_2Q0mLqXtrqG0eUnZ33bfSjc-lC-22elLLvf6nnhkfhtaZl-fb-yRA-yPruEWcNE0x2xWoUEr0N6zSCt-mGWDwgbGxzGfRDtFDslwG5_96EfshHMgpGKW1sgTvBnDB8leeqVTJraYn6e26_UpLmRMLcJK3o2kOtLbA2gLtPB3OVCIhXV1-MfG2vbkwg4T8c6QbCAlgMdWanSfZL68XXzRCpuUhpPHTYcBO7Um8bIvakUQP0mfERtxKKcGm2uUnFApyxSveBSw.e3lGW-H_cnLJpmw8jAv8Vgu-rJccXNhgYkKuk4CDAho&dib_tag=se&keywords=laptop&qid=1729745572&sprefix=laptop%2Caps%2C128&sr=8-290,836.99,3.5,35,Not available
"Microsoft Surface Laptop 3 – 13.5"" Touch-Screen – Intel Core i7 - 16GB Memory - 256GB Solid State Drive (Latest Model) – Matte Black (Renewed)",https://www.amazon.ca/Microsoft-Surface-Laptop-Touch-Screen-Renewed/dp/B081ZJ1WW9/ref=sr_1_289?crid=1E63C3THFEGDP&dib=eyJ2IjoiMSJ9.dEF-bIsROI4ar_2Q0mLqXtrqG0eUnZ33bfSjc-lC-22elLLvf6nnhkfhtaZl-fb-yRA-yPruEWcNE0x2xWoUEr0N6zSCt-mGWDwgbGxzGfRDtFDslwG5_96EfshHMgpGKW1sgTvBnDB8leeqVTJraYn6e26_UpLmRMLcJK3o2kOtLbA2gLtPB3OVCIhXV1-MfG2vbkwg4T8c6QbCAlgMdWanSfZL68XXzRCpuUhpPHTYcBO7Um8bIvakUQP0mfERtxKKcGm2uUnFApyxSveBSw.e3lGW-H_cnLJpmw8jAv8Vgu-rJccXNhgYkKuk4CDAho&dib_tag=se&keywords=laptop&qid=1729745572&sprefix=laptop%2Caps%2C128&sr=8-289,661.11,4.0,64,Not available
No title available,https://www.amazon.ca/s?k=hp+laptop&ref=rsl_sug_0_0&pd_rd_w=hUGXR&content-id=amzn1.sym.44e6e7c3-130a-4bef-a9b7-4368915a8293:amzn1.sym.44e6e7c3-130a-4bef-a9b7-4368915a8293&pf_rd_p=44e6e7c3-130a-4bef-a9b7-4368915a8293&pf_rd_r=WSVH5MVGANHBEQVSESDC&pd_rd_wg=shO0o&pd_rd_r=9b5d091f-9155-4b02-b740-e155f63856aa&qid=1729745572,Price not available,Rating not available,hp laptop,Not available
No title available,https://www.amazon.ca/s?k=hp+laptop&ref=rsl_sug_0_0&pd_rd_w=jTq57&content-id=amzn1.sym.44e6e7c3-130a-4bef-a9b7-4368915a8293:amzn1.sym.44e6e7c3-130a-4bef-a9b7-4368915a8293&pf_rd_p=44e6e7c3-130a-4bef-a9b7-4368915a8293&pf_rd_r=J8YNA3EY0FN7G8FQXK7Q&pd_rd_wg=nCq1j&pd_rd_r=dee0d581-f652-44f9-82ae-87ac80d8ef7c&qid=1729745579,Price not available,Rating not available,hp laptop,Not available
"ASUS Vivobook 15.6"" FHD Touchscreen Laptop, Intel i5-1135G7 Processor, 20GB RAM, 1TB PCIe SSD, Intel Iris Xe Graphics, Number Pad, Bluetooth, Win 11 Pro, Gray, 32GB Hotface USB Card",https://www.amazon.ca/sspa/click?ie=UTF8&spc=MTo3NTM5OTczMTAzNTAzMzU0OjE3Mjk3NDU1Nzk6c3Bfc2VhcmNoX3RoZW1hdGljOjMwMDM3MzIzNDk5NjgwMjo6MTo6&url=%2FASUS-Vivobook-Touchscreen-i5-1135G7-Processor%2Fdp%2FB0CSFGWHHV%2Fref%3Dsxin_15_pa_sp_search_thematic_sspa%3Fcontent-id%3Damzn1.sym.ead4008e-f313-4943-84c5-6b44d3477e63%253Aamzn1.sym.ead4008e-f313-4943-84c5-6b44d3477e63%26crid%3D1E63C3THFEGDP%26cv_ct_cx%3Dlaptop%26dib%3DeyJ2IjoiMSJ9.wEJptN0Ngz6wzR67QfzX7FKWD5bS0ija3dQEadpAit8a2_rDg2SUszUG_v6pLf7LtW-i9Z6I0PxHysm5_1XX3g.78jBdw4_-U7nZyebwMKM5IB3zNF3XzRlFzmxoZ_O0Tk%26dib_tag%3Dse%26keywords%3Dlaptop%26pd_rd_i%3DB0CSFGWHHV%26pd_rd_r%3D9496cf3f-ef05-4e46-b427-ce7d29e9edc4%26pd_rd_w%3D0YcX2%26pd_rd_wg%3DvaLS8%26pf_rd_p%3Dead4008e-f313-4943-84c5-6b44d3477e63%26pf_rd_r%3DP9FVGN5QTKX31N74KHK3%26qid%3D1729745579%26sbo%3DRZvfv%252F%252FHxDF%252BO5021pAnSA%253D%253D%26sprefix%3Dlaptop%252Caps%252C128%26sr%3D1-1250-1cd13166-e9fe-46a7-89b4-109ca0ed00af-spons%26sp_csd%3Dd2lkZ2V0TmFtZT1zcF9zZWFyY2hfdGhlbWF0aWM%26psc%3D1,829.00,4.1,109,Not available
"Lenovo Ideapad 1i 15.6"" FHD Touchscreen Laptop, Intel i3-1215U, 40GB RAM, 2.16TB Storage(2TB SSD+160GB Docking Station Set), Intel UHD Graphics, Numeric Keypad, Windows 11 Pro, Gray",https://www.amazon.ca/sspa/click?ie=UTF8&spc=MTo3NTM5OTczMTAzNTAzMzU0OjE3Mjk3NDU1Nzk6c3Bfc2VhcmNoX3RoZW1hdGljOjMwMDQwODAwNTE3OTMwMjo6Mjo6&url=%2FLenovo-Ideapad-1i-Touchscreen-i3-1215U%2Fdp%2FB0D5HL2D6Y%2Fref%3Dsxin_15_pa_sp_search_thematic_sspa%3Fcontent-id%3Damzn1.sym.ead4008e-f313-4943-84c5-6b44d3477e63%253Aamzn1.sym.ead4008e-f313-4943-84c5-6b44d3477e63%26crid%3D1E63C3THFEGDP%26cv_ct_cx%3Dlaptop%26dib%3DeyJ2IjoiMSJ9.wEJptN0Ngz6wzR67QfzX7FKWD5bS0ija3dQEadpAit8a2_rDg2SUszUG_v6pLf7LtW-i9Z6I0PxHysm5_1XX3g.78jBdw4_-U7nZyebwMKM5IB3zNF3XzRlFzmxoZ_O0Tk%26dib_tag%3Dse%26keywords%3Dlaptop%26pd_rd_i%3DB0D5HL2D6Y%26pd_rd_r%3D9496cf3f-ef05-4e46-b427-ce7d29e9edc4%26pd_rd_w%3D0YcX2%26pd_rd_wg%3DvaLS8%26pf_rd_p%3Dead4008e-f313-4943-84c5-6b44d3477e63%26pf_rd_r%3DP9FVGN5QTKX31N74KHK3%26qid%3D1729745579%26sbo%3DRZvfv%252F%252FHxDF%252BO5021pAnSA%253D%253D%26sprefix%3Dlaptop%252Caps%252C128%26sr%3D1-1251-1cd13166-e9fe-46a7-89b4-109ca0ed00af-spons%26sp_csd%3Dd2lkZ2V0TmFtZT1zcF9zZWFyY2hfdGhlbWF0aWM%26psc%3D1,839.00,4.5,637,Not available
"Ruzava 14"" Laptop 8GB DDR4 256GB SSD Celeron N5095 (Up to 2.9Ghz) 4-Core Win 11 PC with Cooling Fan 1920 * 1200 2K FHD Screen Dual WiFi Support 1TB SSD Expand for Business Study-Blue",https://www.amazon.ca/sspa/click?ie=UTF8&spc=MTo3NTM5OTczMTAzNTAzMzU0OjE3Mjk3NDU1Nzk6c3Bfc2VhcmNoX3RoZW1hdGljOjMwMDAyNDY5MzYzMzUwMjo6NDo6&url=%2FRuzava-Celeron-Cooling-Support-Study-Blue%2Fdp%2FB0CBKKHD7R%2Fref%3Dsxin_15_pa_sp_search_thematic_sspa%3Fcontent-id%3Damzn1.sym.ead4008e-f313-4943-84c5-6b44d3477e63%253Aamzn1.sym.ead4008e-f313-4943-84c5-6b44d3477e63%26crid%3D1E63C3THFEGDP%26cv_ct_cx%3Dlaptop%26dib%3DeyJ2IjoiMSJ9.wEJptN0Ngz6wzR67QfzX7FKWD5bS0ija3dQEadpAit8a2_rDg2SUszUG_v6pLf7LtW-i9Z6I0PxHysm5_1XX3g.78jBdw4_-U7nZyebwMKM5IB3zNF3XzRlFzmxoZ_O0Tk%26dib_tag%3Dse%26keywords%3Dlaptop%26pd_rd_i%3DB0CBKKHD7R%26pd_rd_r%3D9496cf3f-ef05-4e46-b427-ce7d29e9edc4%26pd_rd_w%3D0YcX2%26pd_rd_wg%3DvaLS8%26pf_rd_p%3Dead4008e-f313-4943-84c5-6b44d3477e63%26pf_rd_r%3DP9FVGN5QTKX31N74KHK3%26qid%3D1729745579%26sbo%3DRZvfv%252F%252FHxDF%252BO5021pAnSA%253D%253D%26sprefix%3Dlaptop%252Caps%252C128%26sr%3D1-1253-1cd13166-e9fe-46a7-89b4-109ca0ed00af-spons%26sp_csd%3Dd2lkZ2V0TmFtZT1zcF9zZWFyY2hfdGhlbWF0aWM%26psc%3D1,344.27,4.4,137,Not available
"ASUS BR1100 Laptop, BR1100FKA-CES1S-CA, 11.6"" HD Touch Screen Glossy Display, Intel Celeron N4500 Processor, 4GB RAM, 128GB Storage, MIL-STD 810H Durability, TPM 2.0, Windows 10 Pro, Star Grey",https://www.amazon.ca/sspa/click?ie=UTF8&spc=MTo3NTM5OTczMTAzNTAzMzU0OjE3Mjk3NDU1Nzk6c3Bfc2VhcmNoX3RoZW1hdGljOjMwMDI5MTEwNjQwOTQwMjo6Mzo6&url=%2FBR1100FKA-CES1S-CA-Display-Celeron-Processor-Durability%2Fdp%2FB09HN3TWSG%2Fref%3Dsxin_15_pa_sp_search_thematic_sspa%3Fcontent-id%3Damzn1.sym.ead4008e-f313-4943-84c5-6b44d3477e63%253Aamzn1.sym.ead4008e-f313-4943-84c5-6b44d3477e63%26crid%3D1E63C3THFEGDP%26cv_ct_cx%3Dlaptop%26dib%3DeyJ2IjoiMSJ9.wEJptN0Ngz6wzR67QfzX7FKWD5bS0ija3dQEadpAit8a2_rDg2SUszUG_v6pLf7LtW-i9Z6I0PxHysm5_1XX3g.78jBdw4_-U7nZyebwMKM5IB3zNF3XzRlFzmxoZ_O0Tk%26dib_tag%3Dse%26keywords%3Dlaptop%26pd_rd_i%3DB09HN3TWSG%26pd_rd_r%3D9496cf3f-ef05-4e46-b427-ce7d29e9edc4%26pd_rd_w%3D0YcX2%26pd_rd_wg%3DvaLS8%26pf_rd_p%3Dead4008e-f313-4943-84c5-6b44d3477e63%26pf_rd_r%3DP9FVGN5QTKX31N74KHK3%26qid%3D1729745579%26sbo%3DRZvfv%252F%252FHxDF%252BO5021pAnSA%253D%253D%26sprefix%3Dlaptop%252Caps%252C128%26sr%3D1-1252-1cd13166-e9fe-46a7-89b4-109ca0ed00af-spons%26sp_csd%3Dd2lkZ2V0TmFtZT1zcF9zZWFyY2hfdGhlbWF0aWM%26psc%3D1,299.00,4.1,214,Not available
No title available,https://www.amazon.ca/s?k=hp+laptop&ref=rsl_sug_0_0&pd_rd_w=TJ1s6&content-id=amzn1.sym.44e6e7c3-130a-4bef-a9b7-4368915a8293:amzn1.sym.44e6e7c3-130a-4bef-a9b7-4368915a8293&pf_rd_p=44e6e7c3-130a-4bef-a9b7-4368915a8293&pf_rd_r=XFJQWKCF1T8F4T846QTF&pd_rd_wg=71ZUS&pd_rd_r=3d3900db-b8b0-4b02-b1eb-7a959256af8d&qid=1729745580,Price not available,Rating not available,hp laptop,Not available
"Acer Aspire 3 A315-59-590J-CA, 15.6"" FHD 1920x1080 Laptop, Intel CoreTM i5-1235U, Intel UHD Graphics, 16GB RAM, 512GB SSD, Windows 11 Home",https://www.amazon.ca/sspa/click?ie=UTF8&spc=MTo0ODAzMTY0MDg4OTkwNzg5OjE3Mjk3NDU1ODA6c3BfYnRmOjMwMDQ2NTE1Njg5NzEwMjo6MDo6&url=%2FAcer-A315-59-590J-CA-1920x1080-i5-1235U-Graphics%2Fdp%2FB0D1ZFBPFV%2Fref%3Dsr_1_2073_sspa%3Fcrid%3D1E63C3THFEGDP%26keywords%3Dlaptop%26qid%3D1729745580%26sprefix%3Dlaptop%252Caps%252C128%26sr%3D8-2073-spons%26sp_csd%3Dd2lkZ2V0TmFtZT1zcF9idGY%26psc%3D1,699.99,5.0,2,Not available
Dell Latitude 5491 Laptop 14 - Intel Core i5 8th Gen - i5-8300H - Quad Core 4Ghz - 512GB SSD - 16GB RAM - 1920x1080 FHD - Windows 10 Pro (Renewed),https://www.amazon.ca/sspa/click?ie=UTF8&spc=MTo0ODAzMTY0MDg4OTkwNzg5OjE3Mjk3NDU1ODA6c3BfYnRmOjMwMDQ4Mjc3OTE5MzAwMjo6MDo6&url=%2FDell-Latitude-5491-Laptop-1920x1080%2Fdp%2FB095MGVRZ3%2Fref%3Dsr_1_2074_sspa%3Fcrid%3D1E63C3THFEGDP%26keywords%3Dlaptop%26qid%3D1729745580%26sprefix%3Dlaptop%252Caps%252C128%26sr%3D8-2074-spons%26sp_csd%3Dd2lkZ2V0TmFtZT1zcF9idGY%26psc%3D1,348.00,3.6,26,Not available
"Dell Inspiron 3530 Laptop - 15.6-inch FHD 120Hz Display, Intel Core i5-1334U Processor, 16GB DDR4 RAM, 512GB SSD, Intel Iris Xe Graphics, Windows 11 Home, Migrate Services - Platinum Silver (Aluminum)",https://www.amazon.ca/sspa/click?ie=UTF8&spc=MTo0ODAzMTY0MDg4OTkwNzg5OjE3Mjk3NDU1ODA6c3BfYnRmOjMwMDQ2NTE1Njg5NzAwMjo6MDo6&url=%2FDell-Inspiron-3530-Laptop-15-6-inch%2Fdp%2FB0D1KS5VX9%2Fref%3Dsr_1_2075_sspa%3Fcrid%3D1E63C3THFEGDP%26keywords%3Dlaptop%26qid%3D1729745580%26sprefix%3Dlaptop%252Caps%252C128%26sr%3D8-2075-spons%26sp_csd%3Dd2lkZ2V0TmFtZT1zcF9idGY%26psc%3D1,849.99,4.0,194,Not available
"Dell Latitude 3400 Business Laptop, 14in Wide Screen Notebook, Intel i5-8265 Dual-core Processor up to 2.6GHz, 8GB RAM, 256GB SSD, Win10 pro(Renewed)",https://www.amazon.ca/sspa/click?ie=UTF8&spc=MTo0ODAzMTY0MDg4OTkwNzg5OjE3Mjk3NDU1ODA6c3BfYnRmOjMwMDIzMjM3OTc3MTAwMjo6MDo6&url=%2FDell-Latitude-Business-Dual-core-Processor%2Fdp%2FB0CV49SJ55%2Fref%3Dsr_1_2076_sspa%3Fcrid%3D1E63C3THFEGDP%26keywords%3Dlaptop%26qid%3D1729745580%26sprefix%3Dlaptop%252Caps%252C128%26sr%3D8-2076-spons%26sp_csd%3Dd2lkZ2V0TmFtZT1zcF9idGY%26psc%3D1,259.70,"FREE delivery Sun, Oct 27 ",Only 4 left in stock.,Not available
"Acer Swift 3 SF314-511-52EE, 14"" FHD 1920x1080 IPS EVO Laptop, Intel Core i5-1135G7, 8GB LPDDR4X RAM, 512GB SSD, Windows 11 Home",https://www.amazon.ca/sspa/click?ie=UTF8&spc=MTo0ODAzMTY0MDg4OTkwNzg5OjE3Mjk3NDU1ODA6c3BfbXRmOjMwMDQ2NTE1Njg5NzIwMjo6MDo6&url=%2FAcer-SF314-511-52EE-1920x1080-i5-1135G7-LPDDR4X%2Fdp%2FB0CP895B6V%2Fref%3Dsr_1_2069_sspa%3Fcrid%3D1E63C3THFEGDP%26keywords%3Dlaptop%26qid%3D1729745580%26sprefix%3Dlaptop%252Caps%252C128%26sr%3D8-2069-spons%26sp_csd%3Dd2lkZ2V0TmFtZT1zcF9tdGY%26psc%3D1,599.99,4.8,8,Not available
Dell Latitude 5300 Laptop 13.3 - Intel Core i7 8th Gen - i7-8665U - Quad Core 4.8Ghz - 512GB SSD - 16GB RAM - 1920x1080 FHD - Windows 10 Pro (Renewed),https://www.amazon.ca/sspa/click?ie=UTF8&spc=MTo0ODAzMTY0MDg4OTkwNzg5OjE3Mjk3NDU1ODA6c3BfbXRmOjMwMDQ3ODMwMjUxNTYwMjo6MDo6&url=%2FDell-Latitude-5300-Laptop-13-3%2Fdp%2FB08ZL2ZY5Q%2Fref%3Dsr_1_2071_sspa%3Fcrid%3D1E63C3THFEGDP%26keywords%3Dlaptop%26qid%3D1729745580%26sprefix%3Dlaptop%252Caps%252C128%26sr%3D8-2071-spons%26sp_csd%3Dd2lkZ2V0TmFtZT1zcF9tdGY%26psc%3D1,369.00,4.2,34,Not available
"Lenovo ThinkPad X280 Laptop Touch 12.5"" FHD (1920x1080) Ultrabook, Intel i5-8250U, 8GB DDR4 RAM, 256GB SSD, Wecam, HDMI, USB Type-C Windows 10 Pro (Renewed)",https://www.amazon.ca/sspa/click?ie=UTF8&spc=MTo0ODAzMTY0MDg4OTkwNzg5OjE3Mjk3NDU1ODA6c3BfbXRmOjMwMDE2Mzg0MDI0MDQwMjo6MDo6&url=%2FLenovo-ThinkPad-1920x1080-Ultrabook-i5-8250U%2Fdp%2FB0CVVPG13J%2Fref%3Dsr_1_2070_sspa%3Fcrid%3D1E63C3THFEGDP%26keywords%3Dlaptop%26qid%3D1729745580%26sprefix%3Dlaptop%252Caps%252C128%26sr%3D8-2070-spons%26sp_csd%3Dd2lkZ2V0TmFtZT1zcF9tdGY%26psc%3D1,282.00,5.0,3,Not available
"Dell Latitude 7370 Business Laptop with Backlict Keyboard, 13.3in FHD(1920x1080) Notebook, Intel Core M5-6Y54 Processor 2.8GHz, 8GB RAM, 256GB SSD, Windows 10 Pro (Renewed)",https://www.amazon.ca/sspa/click?ie=UTF8&spc=MTo0ODAzMTY0MDg4OTkwNzg5OjE3Mjk3NDU1ODA6c3BfYXRmX25leHQ6MzAwNDY0NTk3NTcyOTAyOjowOjo&url=%2FDell-Latitude-Laptop-Intel-Renewed%2Fdp%2FB0B111XQKP%2Fref%3Dsr_1_2067_sspa%3Fcrid%3D1E63C3THFEGDP%26keywords%3Dlaptop%26qid%3D1729745580%26sprefix%3Dlaptop%252Caps%252C128%26sr%3D8-2067-spons%26sp_csd%3Dd2lkZ2V0TmFtZT1zcF9hdGZfbmV4dA%26psc%3D1,239.00,2.1,3,Not available
"Dell Latitude 5400 Laptop, 14-inch Business Laptop, Intel Core i5-8365U, 16GB RAM, 512GB SSD, Webcam, Wi-Fi, Bluetooth, Windows 10 Pro 64-bit (Renewed)",https://www.amazon.ca/sspa/click?ie=UTF8&spc=MTo0ODAzMTY0MDg4OTkwNzg5OjE3Mjk3NDU1ODA6c3BfYXRmX25leHQ6MzAwNDY4NTU3MTUwMTAyOjowOjo&url=%2FDell-Latitude-Business-i5-8365U-Bluetooth%2Fdp%2FB0CNPP359K%2Fref%3Dsr_1_2068_sspa%3Fcrid%3D1E63C3THFEGDP%26keywords%3Dlaptop%26qid%3D1729745580%26sprefix%3Dlaptop%252Caps%252C128%26sr%3D8-2068-spons%26sp_csd%3Dd2lkZ2V0TmFtZT1zcF9hdGZfbmV4dA%26psc%3D1,329.00,"FREE delivery Sun, Oct 27 ",Was:,Not available
"Dell Latitude 5310 Laptop 10th, 14in FHD(1920x1080) 5310 10th Laptop, i5-10th Processor, 16GB RAM, 512GB SSD, Win10 pro(Renewed)",https://www.amazon.ca/sspa/click?ie=UTF8&spc=MTo0ODAzMTY0MDg4OTkwNzg5OjE3Mjk3NDU1ODA6c3BfbXRmOjMwMDQzNDUwODIwODUwMjo6MDo6&url=%2FDell-Latitude-5310-1920x1080-Processor%2Fdp%2FB0DF7H27XT%2Fref%3Dsr_1_2072_sspa%3Fcrid%3D1E63C3THFEGDP%26keywords%3Dlaptop%26qid%3D1729745580%26sprefix%3Dlaptop%252Caps%252C128%26sr%3D8-2072-spons%26sp_csd%3Dd2lkZ2V0TmFtZT1zcF9tdGY%26psc%3D1,389.70,"FREE delivery Sun, Oct 27 ",Only 6 left in stock.,Not available
"Lenovo ThinkPad T490 14 Inch Display Business Laptop, Intel Core i5-8265U Processor 1.6GHz, 16GB RAM, 256GB SSD, Windows 10 Pro 64-bit (Renewed)",https://www.amazon.ca/sspa/click?ie=UTF8&spc=MTo0ODAzMTY0MDg4OTkwNzg5OjE3Mjk3NDU1ODA6c3BfYXRmX25leHQ6MzAwNDQyMzM4OTMwNjAyOjowOjo&url=%2FLenovo-ThinkPad-T490-Laptop-Processor%2Fdp%2FB0DF8163S2%2Fref%3Dsr_1_2066_sspa%3Fcrid%3D1E63C3THFEGDP%26keywords%3Dlaptop%26qid%3D1729745580%26sprefix%3Dlaptop%252Caps%252C128%26sr%3D8-2066-spons%26sp_csd%3Dd2lkZ2V0TmFtZT1zcF9hdGZfbmV4dA%26psc%3D1,315.00,1.0,1,Not available
"Dell Latitude 3400 Business Laptop, 14in Wide Screen Notebook, Intel i5-8265 Dual-core Processor up to 2.6GHz, 8GB RAM, 256GB SSD, Win10 pro(Renewed)",https://www.amazon.ca/sspa/click?ie=UTF8&spc=MToyNDM2MzgzODQzMDMzODA2OjE3Mjk3NDU1ODE6c3BfYnRmOjMwMDIzMjM3OTc3MTAwMjo6MDo6&url=%2FDell-Latitude-Business-Dual-core-Processor%2Fdp%2FB0CV49SJ55%2Fref%3Dsr_1_2268_sspa%3Fcrid%3D1E63C3THFEGDP%26keywords%3Dlaptop%26qid%3D1729745580%26sprefix%3Dlaptop%252Caps%252C128%26sr%3D8-2268-spons%26sp_csd%3Dd2lkZ2V0TmFtZT1zcF9idGY%26psc%3D1,259.70,"FREE delivery Sun, Oct 27 ",Only 4 left in stock.,Not available
"Acer Aspire 3 A315-59-590J-CA, 15.6"" FHD 1920x1080 Laptop, Intel CoreTM i5-1235U, Intel UHD Graphics, 16GB RAM, 512GB SSD, Windows 11 Home",https://www.amazon.ca/sspa/click?ie=UTF8&spc=MToyNDM2MzgzODQzMDMzODA2OjE3Mjk3NDU1ODE6c3BfYnRmOjMwMDQ2NTE1Njg5NzEwMjo6MDo6&url=%2FAcer-A315-59-590J-CA-1920x1080-i5-1235U-Graphics%2Fdp%2FB0D1ZFBPFV%2Fref%3Dsr_1_2265_sspa%3Fcrid%3D1E63C3THFEGDP%26keywords%3Dlaptop%26qid%3D1729745580%26sprefix%3Dlaptop%252Caps%252C128%26sr%3D8-2265-spons%26sp_csd%3Dd2lkZ2V0TmFtZT1zcF9idGY%26psc%3D1,699.99,5.0,2,Not available
Dell Latitude 5491 Laptop 14 - Intel Core i5 8th Gen - i5-8300H - Quad Core 4Ghz - 512GB SSD - 16GB RAM - 1920x1080 FHD - Windows 10 Pro (Renewed),https://www.amazon.ca/sspa/click?ie=UTF8&spc=MToyNDM2MzgzODQzMDMzODA2OjE3Mjk3NDU1ODE6c3BfYnRmOjMwMDQ4Mjc3OTE5MzAwMjo6MDo6&url=%2FDell-Latitude-5491-Laptop-1920x1080%2Fdp%2FB095MGVRZ3%2Fref%3Dsr_1_2266_sspa%3Fcrid%3D1E63C3THFEGDP%26keywords%3Dlaptop%26qid%3D1729745580%26sprefix%3Dlaptop%252Caps%252C128%26sr%3D8-2266-spons%26sp_csd%3Dd2lkZ2V0TmFtZT1zcF9idGY%26psc%3D1,348.00,3.6,26,Not available
"ACEMAGIC Laptop 16GB DDR4 512GB SSD, Quad-Core Intel N95 Processor(Up to 3.4GHz), Windows 11 Ordinateur Portable, 15.6 inch FHD Laptop Computer, 2.4G/5G WiFi, BT5.0, USB3.2, Type_C, Metal Design",https://www.amazon.ca/sspa/click?ie=UTF8&spc=MTo2NTA4MTg1NTc4MTU4MzU6MTcyOTc0NTU4MTpzcF9hdGZfbmV4dDozMDAzODk5MTE4MTE3MDI6OjA6Og&url=%2FACEMAGIC-Quad-Core-Processor-Ordinateur-Portable%2Fdp%2FB0CLZMK2CS%2Fref%3Dsr_1_2401_sspa%3Fcrid%3D1E63C3THFEGDP%26keywords%3Dlaptop%26qid%3D1729745581%26sprefix%3Dlaptop%252Caps%252C128%26sr%3D8-2401-spons%26sp_csd%3Dd2lkZ2V0TmFtZT1zcF9hdGZfbmV4dA%26psc%3D1,649.99,4.0,210,Not available
"Dell Inspiron 3530 Laptop - 15.6-inch FHD 120Hz Display, Intel Core i5-1334U Processor, 16GB DDR4 RAM, 512GB SSD, Intel Iris Xe Graphics, Windows 11 Home, Migrate Services - Platinum Silver (Aluminum)",https://www.amazon.ca/sspa/click?ie=UTF8&spc=MToyNDM2MzgzODQzMDMzODA2OjE3Mjk3NDU1ODE6c3BfYnRmOjMwMDQ2NTE1Njg5NzAwMjo6MDo6&url=%2FDell-Inspiron-3530-Laptop-15-6-inch%2Fdp%2FB0D1KS5VX9%2Fref%3Dsr_1_2267_sspa%3Fcrid%3D1E63C3THFEGDP%26keywords%3Dlaptop%26qid%3D1729745580%26sprefix%3Dlaptop%252Caps%252C128%26sr%3D8-2267-spons%26sp_csd%3Dd2lkZ2V0TmFtZT1zcF9idGY%26psc%3D1,849.99,4.0,194,Not available
"Dell Latitude 5310 Laptop 10th, 14in FHD(1920x1080) 5310 10th Laptop, i5-10th Processor, 16GB RAM, 512GB SSD, Win10 pro(Renewed)",https://www.amazon.ca/sspa/click?ie=UTF8&spc=MToyNDM2MzgzODQzMDMzODA2OjE3Mjk3NDU1ODE6c3BfbXRmOjMwMDQzNDUwODIwODUwMjo6MDo6&url=%2FDell-Latitude-5310-1920x1080-Processor%2Fdp%2FB0DF7H27XT%2Fref%3Dsr_1_2264_sspa%3Fcrid%3D1E63C3THFEGDP%26keywords%3Dlaptop%26qid%3D1729745580%26sprefix%3Dlaptop%252Caps%252C128%26sr%3D8-2264-spons%26sp_csd%3Dd2lkZ2V0TmFtZT1zcF9tdGY%26psc%3D1,389.70,"FREE delivery Sun, Oct 27 ",Only 6 left in stock.,Not available
"Rose Gold Laptop 15.6 inch FHD IPS Screen, High Speed Celeron N5095(2.0-2.9Ghz), 16G DDR4 RAM 512GB SSD Business/Student Laptop Computer/Backlit KB (16+512G)",https://www.amazon.ca/sspa/click?ie=UTF8&spc=MTo2NTA4MTg1NTc4MTU4MzU6MTcyOTc0NTU4MTpzcF9idGY6MzAwMzE1ODU4MDgxMzAyOjowOjo&url=%2FCeleron-2-0-2-9Ghz-Business-Student-Computer%2Fdp%2FB0D3LSJXVR%2Fref%3Dsr_1_2410_sspa%3Fcrid%3D1E63C3THFEGDP%26keywords%3Dlaptop%26qid%3D1729745581%26sprefix%3Dlaptop%252Caps%252C128%26sr%3D8-2410-spons%26sp_csd%3Dd2lkZ2V0TmFtZT1zcF9idGY%26psc%3D1,459.90,4.1,5,Not available
"Acer Chromebook CB315 15.6"" HD Laptop - Intel Celeron N4020, 4GB RAM, 64GB eMMC, Chrome OS, Protective Sleeve Included (with Microfiber Cloth) - Silver",https://www.amazon.ca/sspa/click?ie=UTF8&spc=MTo2NTA4MTg1NTc4MTU4MzU6MTcyOTc0NTU4MTpzcF9idGY6MzAwMzE2ODY0NzA1NDAyOjowOjo&url=%2FAcer-Chromebook-CB315-15-6-Laptop%2Fdp%2FB0D3JBTL4L%2Fref%3Dsr_1_2411_sspa%3Fcrid%3D1E63C3THFEGDP%26keywords%3Dlaptop%26qid%3D1729745581%26sprefix%3Dlaptop%252Caps%252C128%26sr%3D8-2411-spons%26sp_csd%3Dd2lkZ2V0TmFtZT1zcF9idGY%26psc%3D1,279.99,"FREE delivery Sun, Oct 27 ",Only 9 left in stock.,Not available
"Lenovo ThinkPad L13 Yoga 13.3"" Touchscreen FHD 2-in-1 Business Laptop, Intel Core i5-1145G7 up to 4.2GHz, 16GB DDR4 RAM, 256GB SSD, Backlit Keyboard, WiFi, BT, Windows 10 Pro (Renewed)",https://www.amazon.ca/sspa/click?ie=UTF8&spc=MTo2NTA4MTg1NTc4MTU4MzU6MTcyOTc0NTU4MTpzcF9idGY6MzAwMjk2NjcyNzk4NDAyOjowOjo&url=%2FLenovo-ThinkPad-Touchscreen-Business-i5-1145G7%2Fdp%2FB0CM6CVYB2%2Fref%3Dsr_1_2412_sspa%3Fcrid%3D1E63C3THFEGDP%26keywords%3Dlaptop%26qid%3D1729745581%26sprefix%3Dlaptop%252Caps%252C128%26sr%3D8-2412-spons%26sp_csd%3Dd2lkZ2V0TmFtZT1zcF9idGY%26psc%3D1,479.00,4.1,82,Not available
Dell Latitude 5300 Laptop 13.3 - Intel Core i7 8th Gen - i7-8665U - Quad Core 4.8Ghz - 512GB SSD - 16GB RAM - 1920x1080 FHD - Windows 10 Pro (Renewed),https://www.amazon.ca/sspa/click?ie=UTF8&spc=MToyNDM2MzgzODQzMDMzODA2OjE3Mjk3NDU1ODE6c3BfbXRmOjMwMDQ3ODMwMjUxNTYwMjo6MDo6&url=%2FDell-Latitude-5300-Laptop-13-3%2Fdp%2FB08ZL2ZY5Q%2Fref%3Dsr_1_2263_sspa%3Fcrid%3D1E63C3THFEGDP%26keywords%3Dlaptop%26qid%3D1729745580%26sprefix%3Dlaptop%252Caps%252C128%26sr%3D8-2263-spons%26sp_csd%3Dd2lkZ2V0TmFtZT1zcF9tdGY%26psc%3D1,369.00,4.2,34,Not available
"【Win 11 Pro/MS Office 2019】 16"" Purple Laptop, 12th Gen Alder Lake Quad Core N95 CPU, 12GB LPDDR5, 1TB NVMe SSD, 2K FHD IPS, Color Backlit KB, Fingerprint Unlock/HDMI/Enhanced Performance(12+1T)",https://www.amazon.ca/sspa/click?ie=UTF8&spc=MTo2NTA4MTg1NTc4MTU4MzU6MTcyOTc0NTU4MTpzcF9idGY6MzAwMTI1MDg1MjcwMDAyOjowOjo&url=%2FOffice-Backlit-Fingerprint-Enhanced-Performance%2Fdp%2FB0CSVZWCRQ%2Fref%3Dsr_1_2409_sspa%3Fcrid%3D1E63C3THFEGDP%26keywords%3Dlaptop%26qid%3D1729745581%26sprefix%3Dlaptop%252Caps%252C128%26sr%3D8-2409-spons%26sp_csd%3Dd2lkZ2V0TmFtZT1zcF9idGY%26psc%3D1,479.90,4.4,18,Not available
No title available,https://www.amazon.ca/s?k=hp+laptop&ref=rsl_sug_0_0&pd_rd_w=thJ9q&content-id=amzn1.sym.44e6e7c3-130a-4bef-a9b7-4368915a8293:amzn1.sym.44e6e7c3-130a-4bef-a9b7-4368915a8293&pf_rd_p=44e6e7c3-130a-4bef-a9b7-4368915a8293&pf_rd_r=V9DKYVKXC2N6KS6D2KX7&pd_rd_wg=ZCYdG&pd_rd_r=e2b68d89-8847-4aeb-8ced-bfb2bd95c462&qid=1729745580,Price not available,Rating not available,hp laptop,Not available
"Dell Latitude 5590 15.6"" Touchscreen Laptop, Intel Core i5, 16GB RAM, 512GB SSD, Win11 Pro (Renewed)",https://www.amazon.ca/sspa/click?ie=UTF8&spc=MTo2NTA4MTg1NTc4MTU4MzU6MTcyOTc0NTU4MTpzcF9tdGY6MzAwMjA2OTUyMjk4NjAyOjowOjo&url=%2FDell-Latitude-5590-Touchscreen-Renewed%2Fdp%2FB0D4WRQ533%2Fref%3Dsr_1_2408_sspa%3Fcrid%3D1E63C3THFEGDP%26keywords%3Dlaptop%26qid%3D1729745581%26sprefix%3Dlaptop%252Caps%252C128%26sr%3D8-2408-spons%26sp_csd%3Dd2lkZ2V0TmFtZT1zcF9tdGY%26psc%3D1,435.00,4.6,5,Not available
"Dell Inspiron 16 Laptop 5640-16.0-inch 16:10 FHD+ (1920 x 1200) Display, Intel Core 7-150U Processor, 16GB DDR5 RAM, 1TB SSD, Intel Graphics, Windows 11 Pro, Onsite & Migrate Service - Midnight Blue",https://www.amazon.ca/sspa/click?ie=UTF8&spc=MTo2NTA4MTg1NTc4MTU4MzU6MTcyOTc0NTU4MTpzcF9tdGY6MzAwMzAwNjc2OTY3ODAyOjowOjo&url=%2FDell-Inspiron-Laptop-5640-16-0-inch-Processor%2Fdp%2FB0D1KQLRR8%2Fref%3Dsr_1_2407_sspa%3Fcrid%3D1E63C3THFEGDP%26keywords%3Dlaptop%26qid%3D1729745581%26sprefix%3Dlaptop%252Caps%252C128%26sr%3D8-2407-spons%26sp_csd%3Dd2lkZ2V0TmFtZT1zcF9tdGY%26psc%3D1,"1,229.99",4.3,205,Not available
"Acer Aspire 3 A315-59-56K8, 15.6"" FHD 1920x1080 Laptop, Intel Core i5-1235U Processor, 8GB DDR4 RAM, 512GB SSD, Windows 11",https://www.amazon.ca/sspa/click?ie=UTF8&spc=MTo2NTA4MTg1NTc4MTU4MzU6MTcyOTc0NTU4MTpzcF9tdGY6MzAwMjk3MDc2MzMxMjAyOjowOjo&url=%2FAcer-A315-59-56K8-1920x1080-i5-1235U-Processor%2Fdp%2FB0CSPSVP7H%2Fref%3Dsr_1_2405_sspa%3Fcrid%3D1E63C3THFEGDP%26keywords%3Dlaptop%26qid%3D1729745581%26sprefix%3Dlaptop%252Caps%252C128%26sr%3D8-2405-spons%26sp_csd%3Dd2lkZ2V0TmFtZT1zcF9tdGY%26psc%3D1,599.99,4.5,11,Not available
"Lenovo ThinkPad X280 Laptop Touch 12.5"" FHD (1920x1080) Ultrabook, Intel i5-8250U, 8GB DDR4 RAM, 256GB SSD, Wecam, HDMI, USB Type-C Windows 10 Pro (Renewed)",https://www.amazon.ca/sspa/click?ie=UTF8&spc=MToyNDM2MzgzODQzMDMzODA2OjE3Mjk3NDU1ODE6c3BfbXRmOjMwMDE2Mzg0MDI0MDQwMjo6MDo6&url=%2FLenovo-ThinkPad-1920x1080-Ultrabook-i5-8250U%2Fdp%2FB0CVVPG13J%2Fref%3Dsr_1_2262_sspa%3Fcrid%3D1E63C3THFEGDP%26keywords%3Dlaptop%26qid%3D1729745580%26sprefix%3Dlaptop%252Caps%252C128%26sr%3D8-2262-spons%26sp_csd%3Dd2lkZ2V0TmFtZT1zcF9tdGY%26psc%3D1,282.00,5.0,3,Not available
"Samsung Galaxy Book4 Laptop, 15.6"", Intel i7, 16GB RAM, 512GB Storage - Moonstone Gray",https://www.amazon.ca/sspa/click?ie=UTF8&spc=MTo2NTA4MTg1NTc4MTU4MzU6MTcyOTc0NTU4MTpzcF9hdGZfbmV4dDozMDA0NjUxNTY4OTY1MDI6OjA6Og&url=%2FSamsung-Galaxy-Book4-Laptop-Storage%2Fdp%2FB0CV7GF9L6%2Fref%3Dsr_1_2404_sspa%3Fcrid%3D1E63C3THFEGDP%26keywords%3Dlaptop%26qid%3D1729745581%26sprefix%3Dlaptop%252Caps%252C128%26sr%3D8-2404-spons%26sp_csd%3Dd2lkZ2V0TmFtZT1zcF9hdGZfbmV4dA%26psc%3D1,899.99,3.7,50,Not available
"2 in 1 Laptop 10.1"" Touch-Screen Tablet 2K (1920x1200) IPS Display Celeron J4105 CPU DDR4 16GB RAM 256GB SSD,Ultra-Light Portable Laptop Win 11Pro&MS Office 2019 BT4.2,Dual-band WiFi,Type-C (GB, 256)",https://www.amazon.ca/sspa/click?ie=UTF8&spc=MTo2NTA4MTg1NTc4MTU4MzU6MTcyOTc0NTU4MTpzcF9tdGY6MzAwMTg0NjEwNDc1NjAyOjowOjo&url=%2FTouch-Screen-1920x1200-Ultra-Light-Portable-Dual-band%2Fdp%2FB0D1CH9KFX%2Fref%3Dsr_1_2406_sspa%3Fcrid%3D1E63C3THFEGDP%26keywords%3Dlaptop%26qid%3D1729745581%26sprefix%3Dlaptop%252Caps%252C128%26sr%3D8-2406-spons%26sp_csd%3Dd2lkZ2V0TmFtZT1zcF9tdGY%26psc%3D1,459.90,1.0,1,Not available
"SGIN 15.6 Inch Laptops, 4GB RAM, 128GB SSD Laptop Computer, Celeron N4120 Processor, 2.4G/5G WiFi, Mini HDMI, Webcam, 8 Hrs Long Battery Life, 1TB TF Card Expansion, Type-C",https://www.amazon.ca/sspa/click?ie=UTF8&spc=MTo2NTA4MTg1NTc4MTU4MzU6MTcyOTc0NTU4MTpzcF9hdGZfbmV4dDozMDA0NzYwNDI3NDEyMDI6OjA6Og&url=%2FSGIN-Laptops-Computer-Processor-Expansion%2Fdp%2FB0DFMMHCPF%2Fref%3Dsr_1_2403_sspa%3Fcrid%3D1E63C3THFEGDP%26keywords%3Dlaptop%26qid%3D1729745581%26sprefix%3Dlaptop%252Caps%252C128%26sr%3D8-2403-spons%26sp_csd%3Dd2lkZ2V0TmFtZT1zcF9hdGZfbmV4dA%26psc%3D1,309.99,4.6,6,Not available
"Ruzava 14"" Traditional Laptop 6GB DDR4 128GB SSD Celeron N4020(Up to 2.8Ghz) Dual-Core Win PC1920x1080 FHD Dual WiFi BT 4.2 Support 512GB TF&1TB SSD Expand with Webcam for Business Entertainment-Blue",https://www.amazon.ca/sspa/click?ie=UTF8&spc=MTo2NTA4MTg1NTc4MTU4MzU6MTcyOTc0NTU4MTpzcF9hdGZfbmV4dDozMDAyNjQ5NjEzNjU0MDI6OjA6Og&url=%2FRuzava-Notebook-1920x1080-Wireless-Business-Blue%2Fdp%2FB0CMZXD9C6%2Fref%3Dsr_1_2402_sspa%3Fcrid%3D1E63C3THFEGDP%26keywords%3Dlaptop%26qid%3D1729745581%26sprefix%3Dlaptop%252Caps%252C128%26sr%3D8-2402-spons%26sp_csd%3Dd2lkZ2V0TmFtZT1zcF9hdGZfbmV4dA%26psc%3D1,230.99,4.0,84,Not available
"Dell Latitude 5300 Laptop,13.3'' Intel Core i5-8365U Notebook, 16GB DDR4 RAM, 512GB SSD, 1.6GHz, Webcam, WiFi, Type-C, RJ-45, Windows 10 Pro (Renewed)",https://www.amazon.ca/sspa/click?ie=UTF8&spc=MTo0ODAzMTY0MDg4OTkwNzg5OjE3Mjk3NDU1ODA6c3BfYXRmX25leHQ6MzAwMzk3MzMwMzg1ODAyOjowOjo&url=%2FDell-Latitude-i5-8365U-Notebook-Windows%2Fdp%2FB0C1SHW84C%2Fref%3Dsr_1_2065_sspa%3Fcrid%3D1E63C3THFEGDP%26keywords%3Dlaptop%26qid%3D1729745580%26sprefix%3Dlaptop%252Caps%252C128%26sr%3D8-2065-spons%26sp_csd%3Dd2lkZ2V0TmFtZT1zcF9hdGZfbmV4dA%26psc%3D1,318.70,3.3,23,Not available
No title available,https://www.amazon.ca/s?k=hp+laptop&ref=rsl_sug_0_0&pd_rd_w=BtDJF&content-id=amzn1.sym.44e6e7c3-130a-4bef-a9b7-4368915a8293:amzn1.sym.44e6e7c3-130a-4bef-a9b7-4368915a8293&pf_rd_p=44e6e7c3-130a-4bef-a9b7-4368915a8293&pf_rd_r=DPHVJ5JV5P43JP8KZSX3&pd_rd_wg=cOjsG&pd_rd_r=74d279cf-9446-43e6-8993-94b4c4c5482d&qid=1729745581,Price not available,Rating not available,hp laptop,Not available
"Lenovo ThinkPad T490 14 Inch Display Business Laptop, Intel Core i5-8265U Processor 1.6GHz, 16GB RAM, 256GB SSD, Windows 10 Pro 64-bit (Renewed)",https://www.amazon.ca/sspa/click?ie=UTF8&spc=MToyNDM2MzgzODQzMDMzODA2OjE3Mjk3NDU1ODE6c3BfYXRmX25leHQ6MzAwNDQyMzM4OTMwNjAyOjowOjo&url=%2FLenovo-ThinkPad-T490-Laptop-Processor%2Fdp%2FB0DF8163S2%2Fref%3Dsr_1_2258_sspa%3Fcrid%3D1E63C3THFEGDP%26keywords%3Dlaptop%26qid%3D1729745580%26sprefix%3Dlaptop%252Caps%252C128%26sr%3D8-2258-spons%26sp_csd%3Dd2lkZ2V0TmFtZT1zcF9hdGZfbmV4dA%26psc%3D1,315.00,1.0,1,Not available
"Dell Latitude 7370 Business Laptop with Backlict Keyboard, 13.3in FHD(1920x1080) Notebook, Intel Core M5-6Y54 Processor 2.8GHz, 8GB RAM, 256GB SSD, Windows 10 Pro (Renewed)",https://www.amazon.ca/sspa/click?ie=UTF8&spc=MToyNDM2MzgzODQzMDMzODA2OjE3Mjk3NDU1ODE6c3BfYXRmX25leHQ6MzAwNDY0NTk3NTcyOTAyOjowOjo&url=%2FDell-Latitude-Laptop-Intel-Renewed%2Fdp%2FB0B111XQKP%2Fref%3Dsr_1_2259_sspa%3Fcrid%3D1E63C3THFEGDP%26keywords%3Dlaptop%26qid%3D1729745580%26sprefix%3Dlaptop%252Caps%252C128%26sr%3D8-2259-spons%26sp_csd%3Dd2lkZ2V0TmFtZT1zcF9hdGZfbmV4dA%26psc%3D1,239.00,2.1,3,Not available
"Dell Latitude 5400 Laptop, 14-inch Business Laptop, Intel Core i5-8365U, 16GB RAM, 512GB SSD, Webcam, Wi-Fi, Bluetooth, Windows 10 Pro 64-bit (Renewed)",https://www.amazon.ca/sspa/click?ie=UTF8&spc=MToyNDM2MzgzODQzMDMzODA2OjE3Mjk3NDU1ODE6c3BfYXRmX25leHQ6MzAwNDY4NTU3MTUwMTAyOjowOjo&url=%2FDell-Latitude-Business-i5-8365U-Bluetooth%2Fdp%2FB0CNPP359K%2Fref%3Dsr_1_2260_sspa%3Fcrid%3D1E63C3THFEGDP%26keywords%3Dlaptop%26qid%3D1729745580%26sprefix%3Dlaptop%252Caps%252C128%26sr%3D8-2260-spons%26sp_csd%3Dd2lkZ2V0TmFtZT1zcF9hdGZfbmV4dA%26psc%3D1,329.00,"FREE delivery Sun, Oct 27 ",Was:,Not available
"Dell Latitude 5300 Laptop,13.3'' Intel Core i5-8365U Notebook, 16GB DDR4 RAM, 512GB SSD, 1.6GHz, Webcam, WiFi, Type-C, RJ-45, Windows 10 Pro (Renewed)",https://www.amazon.ca/sspa/click?ie=UTF8&spc=MToyNDM2MzgzODQzMDMzODA2OjE3Mjk3NDU1ODE6c3BfYXRmX25leHQ6MzAwMzk3MzMwMzg1ODAyOjowOjo&url=%2FDell-Latitude-i5-8365U-Notebook-Windows%2Fdp%2FB0C1SHW84C%2Fref%3Dsr_1_2257_sspa%3Fcrid%3D1E63C3THFEGDP%26keywords%3Dlaptop%26qid%3D1729745580%26sprefix%3Dlaptop%252Caps%252C128%26sr%3D8-2257-spons%26sp_csd%3Dd2lkZ2V0TmFtZT1zcF9hdGZfbmV4dA%26psc%3D1,318.70,3.3,23,Not available
"Acer Swift 3 SF314-511-52EE, 14"" FHD 1920x1080 IPS EVO Laptop, Intel Core i5-1135G7, 8GB LPDDR4X RAM, 512GB SSD, Windows 11 Home",https://www.amazon.ca/sspa/click?ie=UTF8&spc=MToyNDM2MzgzODQzMDMzODA2OjE3Mjk3NDU1ODE6c3BfbXRmOjMwMDQ2NTE1Njg5NzIwMjo6MDo6&url=%2FAcer-SF314-511-52EE-1920x1080-i5-1135G7-LPDDR4X%2Fdp%2FB0CP895B6V%2Fref%3Dsr_1_2261_sspa%3Fcrid%3D1E63C3THFEGDP%26keywords%3Dlaptop%26qid%3D1729745580%26sprefix%3Dlaptop%252Caps%252C128%26sr%3D8-2261-spons%26sp_csd%3Dd2lkZ2V0TmFtZT1zcF9tdGY%26psc%3D1,599.99,4.8,8,Not available
No title available,https://www.amazon.ca/s?k=hp+laptop&ref=rsl_sug_0_0&pd_rd_w=7oqIx&content-id=amzn1.sym.44e6e7c3-130a-4bef-a9b7-4368915a8293:amzn1.sym.44e6e7c3-130a-4bef-a9b7-4368915a8293&pf_rd_p=44e6e7c3-130a-4bef-a9b7-4368915a8293&pf_rd_r=DGFVQ5Z6DA9R8WK76ZFQ&pd_rd_wg=g1GGX&pd_rd_r=1c7ef30e-1685-4753-bf38-fa9c241f3379&qid=1729745580,Price not available,Rating not available,hp laptop,Not available
No title available,https://www.amazon.ca/s?k=hp+laptop&ref=rsl_sug_0_0&pd_rd_w=rtVHc&content-id=amzn1.sym.44e6e7c3-130a-4bef-a9b7-4368915a8293:amzn1.sym.44e6e7c3-130a-4bef-a9b7-4368915a8293&pf_rd_p=44e6e7c3-130a-4bef-a9b7-4368915a8293&pf_rd_r=6JB68E5BH5K33NX928GA&pd_rd_wg=DpByh&pd_rd_r=50cc0501-9665-47e6-ab86-3498f02bf160&qid=1729745584,Price not available,Rating not available,hp laptop,Not available
No title available,https://www.amazon.ca/s?k=hp+laptop&ref=rsl_sug_0_0&pd_rd_w=axpCy&content-id=amzn1.sym.44e6e7c3-130a-4bef-a9b7-4368915a8293:amzn1.sym.44e6e7c3-130a-4bef-a9b7-4368915a8293&pf_rd_p=44e6e7c3-130a-4bef-a9b7-4368915a8293&pf_rd_r=M05KZKARY0KZAX17AN5C&pd_rd_wg=OnwqK&pd_rd_r=0db5d50a-7a93-4dd3-baff-32c7afc21e75&qid=1729745584,Price not available,Rating not available,hp laptop,Not available
"Dell Latitude 5510 Laptop PC, 15.6in FHD(1920 x 1080) Business Notebook, Intel Core i5-10210U 10th Gen Processor, 16GB RAM, 512GB SSD, Webcam, Windows 10 Pro (Renewed)",https://www.amazon.ca/sspa/click?ie=UTF8&spc=MTo3ODU4NTk3MjQ2MDc2MTY3OjE3Mjk3NDU1ODU6c3BfYnRmOjMwMDE2NDQwNjk4NDEwMjo6MDo6&url=%2FDell-Latitude-Business-i5-10210U-Processor%2Fdp%2FB0CWNRY1MC%2Fref%3Dsr_1_4137_sspa%3Fcrid%3D1E63C3THFEGDP%26keywords%3Dlaptop%26qid%3D1729745585%26sprefix%3Dlaptop%252Caps%252C128%26sr%3D8-4137-spons%26sp_csd%3Dd2lkZ2V0TmFtZT1zcF9idGY%26psc%3D1,485.00,5.0,1,Not available
"fanxiang SODIMM DDR4 RAM 64GB (2x32GB) 3200mhz, Intel AMD Laptop Memory CL22 1.2V Dual Channel,Ideal for Gaming and Productivity",https://www.amazon.ca/sspa/click?ie=UTF8&spc=MTo3ODU4NTk3MjQ2MDc2MTY3OjE3Mjk3NDU1ODU6c3BfYnRmOjMwMDQ4NDg2NDU2MDIwMjo6MDo6&url=%2Ffanxiang-SODIMM-3200mhz-Channel-Productivity%2Fdp%2FB0DGL5CWYZ%2Fref%3Dsr_1_4138_sspa%3Fcrid%3D1E63C3THFEGDP%26keywords%3Dlaptop%26qid%3D1729745585%26sprefix%3Dlaptop%252Caps%252C128%26sr%3D8-4138-spons%26sp_csd%3Dd2lkZ2V0TmFtZT1zcF9idGY%26psc%3D1,167.99,"FREE delivery Sun, Oct 27 ",No reviews available,Not available
"Android 14 Tablet with Keyboard, Headwolf WPad5 Tablet 10 inch with Widevine L1,1920 * 1200 FHD Display Android Tablet, 8GB+128GB Octa Core, 5500mAh, WiFi 6 Tablets",https://www.amazon.ca/sspa/click?ie=UTF8&spc=MTo3ODU4NTk3MjQ2MDc2MTY3OjE3Mjk3NDU1ODU6c3BfYnRmOjMwMDI2NTQxMjg1NzUwMjo6MDo6&url=%2FAndroid-Keyboard-Headwolf-Widevine-Display%2Fdp%2FB0CXX82Y6W%2Fref%3Dsr_1_4140_sspa%3Fcrid%3D1E63C3THFEGDP%26keywords%3Dlaptop%26qid%3D1729745585%26sprefix%3Dlaptop%252Caps%252C128%26sr%3D8-4140-spons%26sp_csd%3Dd2lkZ2V0TmFtZT1zcF9idGY%26psc%3D1,189.99,4.3,148,Not available
"AOKER Triple Monitor Laptop Screen Extender - 15.6 Inch Portable IPS FHD 1080P Display 360° Rotation Extended Screen for 13""-17.4"" Laptops Compatible with Mac/Wins/Android/Linux/Chrome Work",https://www.amazon.ca/sspa/click?ie=UTF8&spc=MTo3ODU4NTk3MjQ2MDc2MTY3OjE3Mjk3NDU1ODU6c3BfYnRmOjMwMDQ2NDY4NTQzMzQwMjo6MDo6&url=%2FAOKER-Triple-Monitor-Laptop-Extender%2Fdp%2FB0DF5H3D9G%2Fref%3Dsr_1_4139_sspa%3Fcrid%3D1E63C3THFEGDP%26keywords%3Dlaptop%26qid%3D1729745585%26sprefix%3Dlaptop%252Caps%252C128%26sr%3D8-4139-spons%26sp_csd%3Dd2lkZ2V0TmFtZT1zcF9idGY%26psc%3D1,499.99,4.7,262,Not available
Lenovo Business V14 G3 IAP - 14 inch FHD - Intel core i7-1255U 1.70 GHZ 10 cores - 16 GB RAM - 512 GB SSD - Windows 11 pro - Business_Black,https://www.amazon.ca/sspa/click?ie=UTF8&spc=MTo3ODU4NTk3MjQ2MDc2MTY3OjE3Mjk3NDU1ODU6c3BfbXRmOjMwMDI5MTEwNjQwODkwMjo6MDo6&url=%2FLenovo-Business-V14-IAP-Business_Black%2Fdp%2FB0CMHVRT1J%2Fref%3Dsr_1_4135_sspa%3Fcrid%3D1E63C3THFEGDP%26keywords%3Dlaptop%26qid%3D1729745585%26sprefix%3Dlaptop%252Caps%252C128%26sr%3D8-4135-spons%26sp_csd%3Dd2lkZ2V0TmFtZT1zcF9tdGY%26psc%3D1,749.00,5.0,1,Not available
"HP EliteBook 830 G7 13"" Laptop, Intel Core i7-10th Gen, 32GB, 512GB SSD, Win11 Pro (Renewed)",https://www.amazon.ca/sspa/click?ie=UTF8&spc=MTo3ODU4NTk3MjQ2MDc2MTY3OjE3Mjk3NDU1ODU6c3BfbXRmOjMwMDE2NjUzNzQ5MjQwMjo6MDo6&url=%2FHP-EliteBook-830-G7-i7-10th%2Fdp%2FB0CWWF8149%2Fref%3Dsr_1_4136_sspa%3Fcrid%3D1E63C3THFEGDP%26keywords%3Dlaptop%26qid%3D1729745585%26sprefix%3Dlaptop%252Caps%252C128%26sr%3D8-4136-spons%26sp_csd%3Dd2lkZ2V0TmFtZT1zcF9tdGY%26psc%3D1,519.00,2.5,2,Not available
Fanxiang 512GB External SSD Portable Hard Drive-Up to 550MB/s USB Flash Drive Thumb Drive SSD Stick USB 3.2 Gen2 External Solid State Drive for PC/Laptop Zinc Alloy(FF511),https://www.amazon.ca/sspa/click?ie=UTF8&spc=MTo3ODU4NTk3MjQ2MDc2MTY3OjE3Mjk3NDU1ODU6c3BfYXRmX25leHQ6MzAwMTYzODcwMjk5MTAyOjowOjo&url=%2FFanxiang-External-Portable-Drive-Up-Laptop%2Fdp%2FB0CMHN12YY%2Fref%3Dsr_1_4130_sspa%3Fcrid%3D1E63C3THFEGDP%26keywords%3Dlaptop%26qid%3D1729745585%26sprefix%3Dlaptop%252Caps%252C128%26sr%3D8-4130-spons%26sp_csd%3Dd2lkZ2V0TmFtZT1zcF9hdGZfbmV4dA%26psc%3D1,59.99,4.2,88,Not available
"Lenovo ThinkPad X280 Touchscreen Ultrabook Business Laptop, 12.5"" FHD(1920x1080), Intel Core i5-8350U 1.70 GHz Up to 3.6GHz, 16GB RAM, 256 GB SSD, Windows 10 Pro 64-bit (English) (Renewed)",https://www.amazon.ca/sspa/click?ie=UTF8&spc=MTo3ODU4NTk3MjQ2MDc2MTY3OjE3Mjk3NDU1ODU6c3BfbXRmOjMwMDA3NzM0Njg0NjgwMjo6MDo6&url=%2FLenovo-X280-Touchscreen-Ultrabook-1920x1080%2Fdp%2FB0CKZ25RT1%2Fref%3Dsr_1_4133_sspa%3Fcrid%3D1E63C3THFEGDP%26keywords%3Dlaptop%26qid%3D1729745585%26sprefix%3Dlaptop%252Caps%252C128%26sr%3D8-4133-spons%26sp_csd%3Dd2lkZ2V0TmFtZT1zcF9tdGY%26psc%3D1,319.00,"FREE delivery Tue, Oct 29 ",Only 5 left in stock.,Not available
"Lenovo ThinkPad X1 Carbon 6th gen Laptop, 14.0in FHD (1920x1080), Intel Core i7-8550U, 16GB LPDDR3, 512 GB Solid State Drive, Windows 10 Pro (Renewed)",https://www.amazon.ca/sspa/click?ie=UTF8&spc=MTo3ODU4NTk3MjQ2MDc2MTY3OjE3Mjk3NDU1ODU6c3BfYXRmX25leHQ6MzAwMDI1OTczNzI2MzAyOjowOjo&url=%2FLenovo-ThinkPad-X1-Carbon-Refurbished%2Fdp%2FB07MLGSYFV%2Fref%3Dsr_1_4131_sspa%3Fcrid%3D1E63C3THFEGDP%26keywords%3Dlaptop%26qid%3D1729745585%26sprefix%3Dlaptop%252Caps%252C128%26sr%3D8-4131-spons%26sp_csd%3Dd2lkZ2V0TmFtZT1zcF9hdGZfbmV4dA%26psc%3D1,799.99,$30 delivery Oct 29 - 31 ,No reviews available,Not available
"Samsung Galaxy Book4 Laptop, 15.6"", Intel i5, 8GB RAM, 256GB Storage - Moonstone Gray",https://www.amazon.ca/sspa/click?ie=UTF8&spc=MTo3ODU4NTk3MjQ2MDc2MTY3OjE3Mjk3NDU1ODU6c3BfYXRmX25leHQ6MzAwNDY1MTU2ODk2OTAyOjowOjo&url=%2FSamsung-Galaxy-Book4-Laptop-Storage%2Fdp%2FB0CV7KZ95D%2Fref%3Dsr_1_4132_sspa%3Fcrid%3D1E63C3THFEGDP%26keywords%3Dlaptop%26qid%3D1729745585%26sprefix%3Dlaptop%252Caps%252C128%26sr%3D8-4132-spons%26sp_csd%3Dd2lkZ2V0TmFtZT1zcF9hdGZfbmV4dA%26psc%3D1,899.94,3.7,50,Not available
"Lenovo IdeaPad 3 15.6"" FHD Laptop - AMD Ryzen 5 4500U, 8GB RAM, 512GB SSD, Windows 10 Home - Abyss Blue (81W40016CF)",https://www.amazon.ca/sspa/click?ie=UTF8&spc=MTo2MDg5MTA1MjE3NjMzMzI2OjE3Mjk3NDU1ODY6c3BfYnRmOjMwMDI5MTEwNjQwOTAwMjo6MDo6&url=%2FIdeaPad-15-6-FHD-Laptop-81W40016CF%2Fdp%2FB09C6PNVT6%2Fref%3Dsr_1_4571_sspa%3Fcrid%3D1E63C3THFEGDP%26keywords%3Dlaptop%26qid%3D1729745586%26sprefix%3Dlaptop%252Caps%252C128%26sr%3D8-4571-spons%26sp_csd%3Dd2lkZ2V0TmFtZT1zcF9idGY%26psc%3D1,549.99,4.1,15,Not available
"HP 17 inch Laptop, FHD Display, Intel Core i5-1335U, 8 GB RAM, 1 TB SSD, Intel UHD Graphics, Windows 11 Home, 17-cn3010ca",https://www.amazon.ca/sspa/click?ie=UTF8&spc=MTo2MDg5MTA1MjE3NjMzMzI2OjE3Mjk3NDU1ODY6c3BfYnRmOjMwMDQ2NTE1Njg5NjcwMjo6MDo6&url=%2FHP-Display-i5-1335U-Graphics-17-cn3010ca%2Fdp%2FB0BYFDQK6S%2Fref%3Dsr_1_4570_sspa%3Fcrid%3D1E63C3THFEGDP%26keywords%3Dlaptop%26qid%3D1729745586%26sprefix%3Dlaptop%252Caps%252C128%26sr%3D8-4570-spons%26sp_csd%3Dd2lkZ2V0TmFtZT1zcF9idGY%26psc%3D1,849.98,4.2,20,Not available
"Lenovo ThinkPad P53 Laptop | 15.6"" 1920x1080 FHD | Core i7-9850H - 512GB SSD + 1TB HDD Hard Drive - 32GB RAM - Nvidia Quadro RTX 3000 | 6 cores @ 4.6 GHz - 4GB GDDR6 Win 10 Pro Black (Renewed)",https://www.amazon.ca/sspa/click?ie=UTF8&spc=MTo2MDg5MTA1MjE3NjMzMzI2OjE3Mjk3NDU1ODY6c3BfYnRmOjMwMDMzMzU2ODAwNTcwMjo6MDo6&url=%2FLenovo-ThinkPad-P53-Laptop-1920x1080%2Fdp%2FB0DBGVP7MK%2Fref%3Dsr_1_4572_sspa%3Fcrid%3D1E63C3THFEGDP%26keywords%3Dlaptop%26qid%3D1729745586%26sprefix%3Dlaptop%252Caps%252C128%26sr%3D8-4572-spons%26sp_csd%3Dd2lkZ2V0TmFtZT1zcF9idGY%26psc%3D1,"1,449.99",$30 delivery Oct 29 - 31 ,No reviews available,Not available
No title available,https://www.amazon.ca/s?k=hp+laptop&ref=rsl_sug_0_0&pd_rd_w=P7qJg&content-id=amzn1.sym.44e6e7c3-130a-4bef-a9b7-4368915a8293:amzn1.sym.44e6e7c3-130a-4bef-a9b7-4368915a8293&pf_rd_p=44e6e7c3-130a-4bef-a9b7-4368915a8293&pf_rd_r=S8F9480VGT7XQFSS9XKN&pd_rd_wg=XfcDg&pd_rd_r=afd7ace8-730e-4209-8319-b8c6fe0c9097&qid=1729745586,Price not available,Rating not available,hp laptop,Not available
"Lenovo Ideapad Gaming 15.6"" Laptop - Intel Core i5-10300H, 8GB RAM, 256GB SSD + 1TB HDD, Windows 10, NVIDIA GeForce GTX 1650-81Y4001WUS",https://www.amazon.ca/sspa/click?ie=UTF8&spc=MTo2MDg5MTA1MjE3NjMzMzI2OjE3Mjk3NDU1ODY6c3BfYnRmOjMwMDQ4NTczMDM5OTAwMjo6MDo6&url=%2FLenovo-Ideapad-Gaming-15-6-Laptop%2Fdp%2FB0CZ7LNM8M%2Fref%3Dsr_1_4569_sspa%3Fcrid%3D1E63C3THFEGDP%26keywords%3Dlaptop%26qid%3D1729745586%26sprefix%3Dlaptop%252Caps%252C128%26sr%3D8-4569-spons%26sp_csd%3Dd2lkZ2V0TmFtZT1zcF9idGY%26psc%3D1,699.99,"FREE delivery Sun, Oct 27 ",Only 8 left in stock.,Not available
"Gray Laptop [Win 11&MS Office 2019] 14'' FHD IPS Display Ultra-Thin Notebook Celeron J4105 (up to 2.5GHz) 8GB DDR4 RAM 256GB SSD,180°Opening, USB3.0/WIFI/BT Suitable for Work,Study and Play(GB, 256)",https://www.amazon.ca/sspa/click?ie=UTF8&spc=MTo2MDg5MTA1MjE3NjMzMzI2OjE3Mjk3NDU1ODY6c3BfbXRmOjMwMDE1NDUzMDg5NTgwMjo6MDo6&url=%2FDisplay-Ultra-Thin-Notebook-180%25C2%25B0Opening-Suitable%2Fdp%2FB0CYNYJL2M%2Fref%3Dsr_1_4568_sspa%3Fcrid%3D1E63C3THFEGDP%26keywords%3Dlaptop%26qid%3D1729745586%26sprefix%3Dlaptop%252Caps%252C128%26sr%3D8-4568-spons%26sp_csd%3Dd2lkZ2V0TmFtZT1zcF9tdGY%26psc%3D1,399.90,"FREE delivery Sun, Oct 27 ",Only 2 left in stock.,Not available
"ASUS VivoBook 14"" FHD (1920x1080) Laptop - Intel Core i5-1135G7 Processor, 8GB RAM, 256GB SSD, WiFi, Bluetooth, Blacklit Keyboard, Windows 10 Home - Slate Grey (F415EA-UB51)",https://www.amazon.ca/sspa/click?ie=UTF8&spc=MTo2MDg5MTA1MjE3NjMzMzI2OjE3Mjk3NDU1ODY6c3BfbXRmOjMwMDEzMzUzNjExMDQwMjo6MDo6&url=%2FASUS-VivoBook-FHD-1920x1080-Laptop%2Fdp%2FB0CS4RRY5P%2Fref%3Dsr_1_4566_sspa%3Fcrid%3D1E63C3THFEGDP%26keywords%3Dlaptop%26qid%3D1729745586%26sprefix%3Dlaptop%252Caps%252C128%26sr%3D8-4566-spons%26sp_csd%3Dd2lkZ2V0TmFtZT1zcF9tdGY%26psc%3D1,549.98,"FREE delivery Sun, Oct 27 ",Only 6 left in stock.,Not available
"LeadsaiL Wireless Keyboard and Mouse Combo, Full-Sized Ergonomic Computer Keyboard with Phone Tablet Holder, 2.4GHz Silent Cordless Keyboard Mouse Set for Windows Laptop, PC, Desktop - Pink",https://www.amazon.ca/sspa/click?ie=UTF8&spc=MTo2MDg5MTA1MjE3NjMzMzI2OjE3Mjk3NDU1ODY6c3BfbXRmOjMwMDQ5NTY0MDg4NDEwMjo6MDo6&url=%2FWireless-Keyboard-Full-Sized-Ergonomic-Computer%2Fdp%2FB09YNC9SVM%2Fref%3Dsr_1_4567_sspa%3Fcrid%3D1E63C3THFEGDP%26keywords%3Dlaptop%26qid%3D1729745586%26sprefix%3Dlaptop%252Caps%252C128%26sr%3D8-4567-spons%26sp_csd%3Dd2lkZ2V0TmFtZT1zcF9tdGY%26psc%3D1,37.99,4.4,926,Not available
"Dell Precision 7750 Workstation Laptop | 17.3"" 1920x1080 FHD | Xeon W - 10885M - 1TB SSD + 1TB SSD Hard Drive - 32GB RAM - Nvidia Quadro T1000 | 8 cores @ 5.3 GHz - 4GB GDDR6 Win 10 Pro (Renewed)",https://www.amazon.ca/sspa/click?ie=UTF8&spc=MTo2MDg5MTA1MjE3NjMzMzI2OjE3Mjk3NDU1ODY6c3BfYXRmX25leHQ6MzAwMTA0ODY1MjMyNzAyOjowOjo&url=%2F2020-Dell-Precision-7750-Laptop%2Fdp%2FB096V7YR3D%2Fref%3Dsr_1_4563_sspa%3Fcrid%3D1E63C3THFEGDP%26keywords%3Dlaptop%26qid%3D1729745586%26sprefix%3Dlaptop%252Caps%252C128%26sr%3D8-4563-spons%26sp_csd%3Dd2lkZ2V0TmFtZT1zcF9hdGZfbmV4dA%26psc%3D1,"1,999.99",$30 delivery Oct 29 - 31 ,Only 5 left in stock.,Not available
"Dell Latitude 7370 13.3"" Touchscreen Laptop, Intel Core M5, 8GB RAM, 256GB SSD, Win10 Pro (Renewed)",https://www.amazon.ca/sspa/click?ie=UTF8&spc=MTo2MDg5MTA1MjE3NjMzMzI2OjE3Mjk3NDU1ODY6c3BfYXRmX25leHQ6MzAwNDcxNjk0Njc5MDAyOjowOjo&url=%2FDell-Latitude-Touchscreen-Laptop-Renewed%2Fdp%2FB0CRWWSNRW%2Fref%3Dsr_1_4564_sspa%3Fcrid%3D1E63C3THFEGDP%26keywords%3Dlaptop%26qid%3D1729745586%26sprefix%3Dlaptop%252Caps%252C128%26sr%3D8-4564-spons%26sp_csd%3Dd2lkZ2V0TmFtZT1zcF9hdGZfbmV4dA%26psc%3D1,275.00,5.0,1,Not available
"Ruzava 14"" Traditional Laptop 6GB DDR4 256GB SSD Celeron N4020(Up to 2.8Ghz) 2-Core Win 11 Notebook 1920x1080 FHD Dual WiFi BT 4.2 Support 512GB TF&1TB SSD Expand with Webcam for Business Study-Gold",https://www.amazon.ca/sspa/click?ie=UTF8&spc=MTo2MDg5MTA1MjE3NjMzMzI2OjE3Mjk3NDU1ODY6c3BfbXRmOjMwMDA0NjY2MzE0MzQwMjo6MDo6&url=%2FRuzava-Notebook-1920x1080-Wireless-Study-Gold%2Fdp%2FB0CBKJVWL4%2Fref%3Dsr_1_4565_sspa%3Fcrid%3D1E63C3THFEGDP%26keywords%3Dlaptop%26qid%3D1729745586%26sprefix%3Dlaptop%252Caps%252C128%26sr%3D8-4565-spons%26sp_csd%3Dd2lkZ2V0TmFtZT1zcF9tdGY%26psc%3D1,263.99,4.0,84,Not available
"SOEYBAE Fiber Optic HDMI Cable 20M, Fiber HDMI Cable 2.0 Supports 4K@60Hz,18Gbps, 4:4:4, HDR, Dolby, Vision, HDCP2.2, ARC, 3D,Suitable for TV LCD Laptop PS3 PS4 Projector Computer,Cable HDMI",https://www.amazon.ca/sspa/click?ie=UTF8&spc=MTo2MDg5MTA1MjE3NjMzMzI2OjE3Mjk3NDU1ODY6c3BfYXRmX25leHQ6MzAwNDAyODA5ODQ1NjAyOjowOjo&url=%2FSOEYBAE-Fiber-Optic-Supports-18Gbps%2Fdp%2FB09HTVJGL4%2Fref%3Dsr_1_4562_sspa%3Fcrid%3D1E63C3THFEGDP%26keywords%3Dlaptop%26qid%3D1729745586%26sprefix%3Dlaptop%252Caps%252C128%26sr%3D8-4562-spons%26sp_csd%3Dd2lkZ2V0TmFtZT1zcF9hdGZfbmV4dA%26psc%3D1,80.00,4.4,621,Not available
No title available,https://www.amazon.ca/s?k=hp+laptop&ref=rsl_sug_0_0&pd_rd_w=KIieA&content-id=amzn1.sym.44e6e7c3-130a-4bef-a9b7-4368915a8293:amzn1.sym.44e6e7c3-130a-4bef-a9b7-4368915a8293&pf_rd_p=44e6e7c3-130a-4bef-a9b7-4368915a8293&pf_rd_r=R7G3Z9WBDFBC8K3P2GQV&pd_rd_wg=L2u5m&pd_rd_r=dffc8d02-2682-4dfe-8dd4-317b57828797&qid=1729745586,Price not available,Rating not available,hp laptop,Not available
"Selfie Light for Phone, Update Phone Light Clip on with 3 Light Colors+6 RGB, 5/24h Duration, Portable Rechargeable Video Fill Light for for Phone, IPad, Laptop, Makeup, Live Stream,TikTok,Vlog",https://www.amazon.ca/sspa/click?ie=UTF8&spc=MTo2MDg5MTA1MjE3NjMzMzI2OjE3Mjk3NDU1ODY6c3BfYXRmX25leHQ6MzAwMzgyMDc1Nzg5MDAyOjowOjo&url=%2FSelfie-Update-Duration-Portable-Rechargeable%2Fdp%2FB0D2TNLX63%2Fref%3Dsr_1_4561_sspa%3Fcrid%3D1E63C3THFEGDP%26keywords%3Dlaptop%26qid%3D1729745586%26sprefix%3Dlaptop%252Caps%252C128%26sr%3D8-4561-spons%26sp_csd%3Dd2lkZ2V0TmFtZT1zcF9hdGZfbmV4dA%26psc%3D1,38.99,4.0,8,Not available
"Ruzava 14"" Traditional Laptop 6GB DDR4 256GB SSD Celeron N4020(Up to 2.8Ghz) 2-Core Win 11 Notebook 1920x1080 FHD Dual WiFi BT 4.2 Support 512GB TF&1TB SSD Expand with Webcam for Business Study-Blue",https://www.amazon.ca/sspa/click?ie=UTF8&spc=MTo3ODU4NTk3MjQ2MDc2MTY3OjE3Mjk3NDU1ODU6c3BfYXRmX25leHQ6MzAwMDQ2NjYzMTQzMjAyOjowOjo&url=%2FRuzava-Notebook-1920x1080-Wireless-Study-Blue%2Fdp%2FB0CBKHWNB2%2Fref%3Dsr_1_4129_sspa%3Fcrid%3D1E63C3THFEGDP%26keywords%3Dlaptop%26qid%3D1729745585%26sprefix%3Dlaptop%252Caps%252C128%26sr%3D8-4129-spons%26sp_csd%3Dd2lkZ2V0TmFtZT1zcF9hdGZfbmV4dA%26psc%3D1,267.99,4.0,84,Not available
No title available,https://www.amazon.ca/s?k=hp+laptop&ref=rsl_sug_0_0&pd_rd_w=uknko&content-id=amzn1.sym.44e6e7c3-130a-4bef-a9b7-4368915a8293:amzn1.sym.44e6e7c3-130a-4bef-a9b7-4368915a8293&pf_rd_p=44e6e7c3-130a-4bef-a9b7-4368915a8293&pf_rd_r=030BK2MTXY7V2EVWJNWB&pd_rd_wg=2b1xC&pd_rd_r=158fb5bb-8951-4183-9524-eda259f017c7&qid=1729745586,Price not available,Rating not available,hp laptop,Not available
No title available,https://www.amazon.ca/s?k=hp+laptop&ref=rsl_sug_0_0&pd_rd_w=EVPdi&content-id=amzn1.sym.44e6e7c3-130a-4bef-a9b7-4368915a8293:amzn1.sym.44e6e7c3-130a-4bef-a9b7-4368915a8293&pf_rd_p=44e6e7c3-130a-4bef-a9b7-4368915a8293&pf_rd_r=Q3SKKPX2T919PDE34VAH&pd_rd_wg=78CsV&pd_rd_r=521fdc6c-8e71-42f4-b128-a06f3152f1bd&qid=1729745586,Price not available,Rating not available,hp laptop,Not available
No title available,https://www.amazon.ca/s?k=hp+laptop&ref=rsl_sug_0_0&pd_rd_w=nRaQF&content-id=amzn1.sym.44e6e7c3-130a-4bef-a9b7-4368915a8293:amzn1.sym.44e6e7c3-130a-4bef-a9b7-4368915a8293&pf_rd_p=44e6e7c3-130a-4bef-a9b7-4368915a8293&pf_rd_r=BDF9E83YFM22TFT9Z14M&pd_rd_wg=soYSn&pd_rd_r=e93f30ae-841b-40ea-881e-3716c7669585&qid=1729745588,Price not available,Rating not available,hp laptop,Not available
No title available,https://www.amazon.ca/s?k=hp+laptop&ref=rsl_sug_0_0&pd_rd_w=58Zq7&content-id=amzn1.sym.44e6e7c3-130a-4bef-a9b7-4368915a8293:amzn1.sym.44e6e7c3-130a-4bef-a9b7-4368915a8293&pf_rd_p=44e6e7c3-130a-4bef-a9b7-4368915a8293&pf_rd_r=XDVKWCDQ2RXS0KG03BW2&pd_rd_wg=qh0Cm&pd_rd_r=56b3fadf-88cc-4b83-a826-bd80840e2ba3&qid=1729745588,Price not available,Rating not available,hp laptop,Not available
No title available,https://www.amazon.ca/s?k=hp+laptop&ref=rsl_sug_0_0&pd_rd_w=JqKud&content-id=amzn1.sym.44e6e7c3-130a-4bef-a9b7-4368915a8293:amzn1.sym.44e6e7c3-130a-4bef-a9b7-4368915a8293&pf_rd_p=44e6e7c3-130a-4bef-a9b7-4368915a8293&pf_rd_r=6FYZ9D0MDYV2YZFMFE10&pd_rd_wg=NQBrj&pd_rd_r=017f3a89-cf52-407d-ab01-be47211d01f6&qid=1729745591,Price not available,Rating not available,hp laptop,Not available
No title available,https://www.amazon.ca/s?k=hp+laptop&ref=rsl_sug_0_0&pd_rd_w=XLauW&content-id=amzn1.sym.44e6e7c3-130a-4bef-a9b7-4368915a8293:amzn1.sym.44e6e7c3-130a-4bef-a9b7-4368915a8293&pf_rd_p=44e6e7c3-130a-4bef-a9b7-4368915a8293&pf_rd_r=9WX9JCVY3TRYKRRX8RKP&pd_rd_wg=gpiMy&pd_rd_r=2da76b98-293e-4eb5-b751-9ec8e03f31b2&qid=1729745590,Price not available,Rating not available,hp laptop,Not available
HP EliteBook Folio 9480M 14in Intel Core i5-4310U 2.0GHz 8GB 180GB SSD Windows 10 Professional (Renewed),https://www.amazon.ca/sspa/click?ie=UTF8&spc=MTo0MTAzNTk0MjM5NTkwNDM6MTcyOTc0NTU5MjpzcF9zZWFyY2hfdGhlbWF0aWM6MzAwMjIzMzQyMjYwMTAyOjo0Ojo&url=%2FHP-EliteBook-Professional-Certified-Refurbished%2Fdp%2FB073V3SY93%2Fref%3Dsxin_15_pa_sp_search_thematic_sspa%3Fcontent-id%3Damzn1.sym.ead4008e-f313-4943-84c5-6b44d3477e63%253Aamzn1.sym.ead4008e-f313-4943-84c5-6b44d3477e63%26crid%3D1E63C3THFEGDP%26cv_ct_cx%3Dlaptop%26dib%3DeyJ2IjoiMSJ9.w9i8V2R0LxeDnpaP2WH30wIw86olo3f_FCbuqniTrj8BQ-M2tWGTm9PhQab0LXpwIZ7P1Hwa6uxyVW_fQhaNlg.MzYTQvCC7MlN_OZvEY8WfZIfyBdPF9fQlmfBNQFDNWw%26dib_tag%3Dse%26keywords%3Dlaptop%26pd_rd_i%3DB073V3SY93%26pd_rd_r%3Dc9a35b13-acbf-47a4-812f-a7587ca3c17b%26pd_rd_w%3D1RWaC%26pd_rd_wg%3Dk8SDD%26pf_rd_p%3Dead4008e-f313-4943-84c5-6b44d3477e63%26pf_rd_r%3DK3S06H8MDXY5BT94795D%26qid%3D1729745592%26sbo%3DGW1QB%252BmqAsHTPf1jTZRSDA%253D%253D%26sprefix%3Dlaptop%252Caps%252C128%26sr%3D1-7061-1cd13166-e9fe-46a7-89b4-109ca0ed00af-spons%26sp_csd%3Dd2lkZ2V0TmFtZT1zcF9zZWFyY2hfdGhlbWF0aWM%26psc%3D1,249.99,4.0,191,Not available
"Ruzava 14"" Laptop 8GB DDR4 256GB SSD Celeron N5095 (Up to 2.9Ghz) 4-Core Win 11 PC with Cooling Fan 1920 * 1200 2K FHD Screen Dual WiFi Support 1TB SSD Expand for Business Study-Pink",https://www.amazon.ca/sspa/click?ie=UTF8&spc=MTo0MTAzNTk0MjM5NTkwNDM6MTcyOTc0NTU5MjpzcF9zZWFyY2hfdGhlbWF0aWM6MzAwMDI0NjkzNjMzNjAyOjoxOjo&url=%2FRuzava-Aocwei-Cooling-Support-Study-Pink%2Fdp%2FB0CBKJRW39%2Fref%3Dsxin_15_pa_sp_search_thematic_sspa%3Fcontent-id%3Damzn1.sym.ead4008e-f313-4943-84c5-6b44d3477e63%253Aamzn1.sym.ead4008e-f313-4943-84c5-6b44d3477e63%26crid%3D1E63C3THFEGDP%26cv_ct_cx%3Dlaptop%26dib%3DeyJ2IjoiMSJ9.w9i8V2R0LxeDnpaP2WH30wIw86olo3f_FCbuqniTrj8BQ-M2tWGTm9PhQab0LXpwIZ7P1Hwa6uxyVW_fQhaNlg.MzYTQvCC7MlN_OZvEY8WfZIfyBdPF9fQlmfBNQFDNWw%26dib_tag%3Dse%26keywords%3Dlaptop%26pd_rd_i%3DB0CBKJRW39%26pd_rd_r%3Dc9a35b13-acbf-47a4-812f-a7587ca3c17b%26pd_rd_w%3D1RWaC%26pd_rd_wg%3Dk8SDD%26pf_rd_p%3Dead4008e-f313-4943-84c5-6b44d3477e63%26pf_rd_r%3DK3S06H8MDXY5BT94795D%26qid%3D1729745592%26sbo%3DRZvfv%252F%252FHxDF%252BO5021pAnSA%253D%253D%26sprefix%3Dlaptop%252Caps%252C128%26sr%3D1-7058-1cd13166-e9fe-46a7-89b4-109ca0ed00af-spons%26sp_csd%3Dd2lkZ2V0TmFtZT1zcF9zZWFyY2hfdGhlbWF0aWM%26psc%3D1,330.68,4.4,137,Not available
"Ruzava 16"" Laptop 12+512GB Celeron CPU N5095 (Up to 2.9Ghz) 4-Core Win 11 PC with Cooling Fan 1920 * 1200 2K Screen Dual WiFi BT4.2 Support 2.5"" HDD 1TB SSD Expand for Business Study-Red",https://www.amazon.ca/sspa/click?ie=UTF8&spc=MTo0MTAzNTk0MjM5NTkwNDM6MTcyOTc0NTU5MjpzcF9zZWFyY2hfdGhlbWF0aWM6MzAwMTA4NDc3OTY5NzAyOjowOjo&url=%2FRuzava-Aocwei-Cooling-Support-Study-Red%2Fdp%2FB0CBKH1NSP%2Fref%3Dsxin_15_pa_sp_search_thematic_sspa%3Fcontent-id%3Damzn1.sym.ead4008e-f313-4943-84c5-6b44d3477e63%253Aamzn1.sym.ead4008e-f313-4943-84c5-6b44d3477e63%26crid%3D1E63C3THFEGDP%26cv_ct_cx%3Dlaptop%26dib%3DeyJ2IjoiMSJ9.w9i8V2R0LxeDnpaP2WH30wIw86olo3f_FCbuqniTrj8BQ-M2tWGTm9PhQab0LXpwIZ7P1Hwa6uxyVW_fQhaNlg.MzYTQvCC7MlN_OZvEY8WfZIfyBdPF9fQlmfBNQFDNWw%26dib_tag%3Dse%26keywords%3Dlaptop%26pd_rd_i%3DB0CBKH1NSP%26pd_rd_r%3Dc9a35b13-acbf-47a4-812f-a7587ca3c17b%26pd_rd_w%3D1RWaC%26pd_rd_wg%3Dk8SDD%26pf_rd_p%3Dead4008e-f313-4943-84c5-6b44d3477e63%26pf_rd_r%3DK3S06H8MDXY5BT94795D%26qid%3D1729745592%26sbo%3DRZvfv%252F%252FHxDF%252BO5021pAnSA%253D%253D%26sprefix%3Dlaptop%252Caps%252C128%26sr%3D1-7057-1cd13166-e9fe-46a7-89b4-109ca0ed00af-spons%26sp_csd%3Dd2lkZ2V0TmFtZT1zcF9zZWFyY2hfdGhlbWF0aWM%26psc%3D1,499.99,4.4,352,Not available
"ASUS Vivobook 15.6"" FHD Touchscreen Laptop, Intel i5-1135G7 Processor, 36GB RAM, 2TB PCIe SSD, Intel Iris Xe Graphics, Number Pad, Bluetooth, Win 11 Pro, Gray, 32GB Hotface USB Card",https://www.amazon.ca/sspa/click?ie=UTF8&spc=MTo0MTAzNTk0MjM5NTkwNDM6MTcyOTc0NTU5MjpzcF9zZWFyY2hfdGhlbWF0aWM6MzAwMzczMjM0OTk2NTAyOjozOjo&url=%2FASUS-Vivobook-Touchscreen-i5-1135G7-Processor%2Fdp%2FB0CSF2FP9S%2Fref%3Dsxin_15_pa_sp_search_thematic_sspa%3Fcontent-id%3Damzn1.sym.ead4008e-f313-4943-84c5-6b44d3477e63%253Aamzn1.sym.ead4008e-f313-4943-84c5-6b44d3477e63%26crid%3D1E63C3THFEGDP%26cv_ct_cx%3Dlaptop%26dib%3DeyJ2IjoiMSJ9.w9i8V2R0LxeDnpaP2WH30wIw86olo3f_FCbuqniTrj8BQ-M2tWGTm9PhQab0LXpwIZ7P1Hwa6uxyVW_fQhaNlg.MzYTQvCC7MlN_OZvEY8WfZIfyBdPF9fQlmfBNQFDNWw%26dib_tag%3Dse%26keywords%3Dlaptop%26pd_rd_i%3DB0CSF2FP9S%26pd_rd_r%3Dc9a35b13-acbf-47a4-812f-a7587ca3c17b%26pd_rd_w%3D1RWaC%26pd_rd_wg%3Dk8SDD%26pf_rd_p%3Dead4008e-f313-4943-84c5-6b44d3477e63%26pf_rd_r%3DK3S06H8MDXY5BT94795D%26qid%3D1729745592%26sbo%3DRZvfv%252F%252FHxDF%252BO5021pAnSA%253D%253D%26sprefix%3Dlaptop%252Caps%252C128%26sr%3D1-7060-1cd13166-e9fe-46a7-89b4-109ca0ed00af-spons%26sp_csd%3Dd2lkZ2V0TmFtZT1zcF9zZWFyY2hfdGhlbWF0aWM%26psc%3D1,929.00,4.1,109,Not available
"HP Stream 14-inch Laptop, Intel Celeron N4000, 4 GB RAM, 64 GB eMMC, Windows 10 Home in S Mode with Office 365 Personal for 1 Year (14-cb187nr, Diamond White)",https://www.amazon.ca/sspa/click?ie=UTF8&spc=MTo0MTAzNTk0MjM5NTkwNDM6MTcyOTc0NTU5MjpzcF9zZWFyY2hfdGhlbWF0aWM6MzAwNDg1OTMxMDQ3MTAyOjoyOjo&url=%2FHP-14-inch-Celeron-Storage-14-cb187nr%2Fdp%2FB084SCLNB1%2Fref%3Dsxin_15_pa_sp_search_thematic_sspa%3Fcontent-id%3Damzn1.sym.ead4008e-f313-4943-84c5-6b44d3477e63%253Aamzn1.sym.ead4008e-f313-4943-84c5-6b44d3477e63%26crid%3D1E63C3THFEGDP%26cv_ct_cx%3Dlaptop%26dib%3DeyJ2IjoiMSJ9.w9i8V2R0LxeDnpaP2WH30wIw86olo3f_FCbuqniTrj8BQ-M2tWGTm9PhQab0LXpwIZ7P1Hwa6uxyVW_fQhaNlg.MzYTQvCC7MlN_OZvEY8WfZIfyBdPF9fQlmfBNQFDNWw%26dib_tag%3Dse%26keywords%3Dlaptop%26pd_rd_i%3DB084SCLNB1%26pd_rd_r%3Dc9a35b13-acbf-47a4-812f-a7587ca3c17b%26pd_rd_w%3D1RWaC%26pd_rd_wg%3Dk8SDD%26pf_rd_p%3Dead4008e-f313-4943-84c5-6b44d3477e63%26pf_rd_r%3DK3S06H8MDXY5BT94795D%26qid%3D1729745592%26sbo%3DRZvfv%252F%252FHxDF%252BO5021pAnSA%253D%253D%26sprefix%3Dlaptop%252Caps%252C128%26sr%3D1-7059-1cd13166-e9fe-46a7-89b4-109ca0ed00af-spons%26sp_csd%3Dd2lkZ2V0TmFtZT1zcF9zZWFyY2hfdGhlbWF0aWM%26psc%3D1,289.00,4.0,818,Not available
Product Title,Product Link,Product Price,Rating,Number of Reviews,Frequently Bought Together
"Lenovo 14E Chromebook 81MH0006US 14"" Chromebook - 1920 X 1080 - A-Series A4-9120 - 4 GB RAM - 32 GB Flash Memory - Chrome OS - AMD Radeon R3 Graphics - English (US) (Renewed)",https://www.amazon.ca/Lenovo-14E-Chromebook-81MH0006US-14/dp/B07Z9RSJHN/ref=sr_1_46?crid=1E63C3THFEGDP&dib=eyJ2IjoiMSJ9.8IJhOmDWzPhvmmClWYIoK3gVSUWRr1SbN_1haQFD5Lb4Vh41jR2v0waUd5pbMlY6h95NQVYy24zC1UqrK28-Q8lkTJoNb6yaRjKaKFcIyna_SSS97Bs6PknQbx3AQjBctCz0YDDmHTiWOf88vmXo5lTGMY9qEPR-s3NAtoUAQ09D4HNtdOgUovqbfU72RlXNOB7mQs3AfT7uQ9js_lTJSCIKTx-wBa3ReyRNMlGrTbthyk_KpqPjcmHbTMp3YO6ekRDyGck3UIjX1dXefRaBWGoB9-fR64EV2n1Gx4uI93I.iDGYLEj1h_Y9ndPCAu6XoTHhFWmk6IbTBvjW5zw705c&dib_tag=se&keywords=laptop&qid=1729747871&sprefix=laptop%2Caps%2C128&sr=8-46,109.90,4.0,135,Not available
"2019 Lenovo ThinkPad T470 14in Full HD FHD (1920x1080) Business Laptop (Intel Core i5-6300U, 8GB DDR4 RAM, 256GB SSD) Thunderbolt, Type-C, HDMI RJ-45, Windows 10 Professional 64 Bit (Renewed)",https://www.amazon.ca/Lenovo-ThinkPad-1920x1080-Thunderbolt-Professional/dp/B086TV4475/ref=sr_1_44?crid=1E63C3THFEGDP&dib=eyJ2IjoiMSJ9.8IJhOmDWzPhvmmClWYIoK3gVSUWRr1SbN_1haQFD5Lb4Vh41jR2v0waUd5pbMlY6h95NQVYy24zC1UqrK28-Q8lkTJoNb6yaRjKaKFcIyna_SSS97Bs6PknQbx3AQjBctCz0YDDmHTiWOf88vmXo5lTGMY9qEPR-s3NAtoUAQ09D4HNtdOgUovqbfU72RlXNOB7mQs3AfT7uQ9js_lTJSCIKTx-wBa3ReyRNMlGrTbthyk_KpqPjcmHbTMp3YO6ekRDyGck3UIjX1dXefRaBWGoB9-fR64EV2n1Gx4uI93I.iDGYLEj1h_Y9ndPCAu6XoTHhFWmk6IbTBvjW5zw705c&dib_tag=se&keywords=laptop&qid=1729747871&sprefix=laptop%2Caps%2C128&sr=8-44,Price not available,4.1,855,Not available
"HBESTORE 14.1inch Laptop with Featuring 1080p IPS Display,Quad-Core J4125 CPU,8GB RAM,512GB SSD Ample Storage,Built-in webcam,Suitable for office,Study and Entertainment (Purple)",https://www.amazon.ca/HBESTORE-14-1inch-Featuring-Quad-Core-Entertainment/dp/B0D8FTZ6FG/ref=sr_1_43?crid=1E63C3THFEGDP&dib=eyJ2IjoiMSJ9.8IJhOmDWzPhvmmClWYIoK3gVSUWRr1SbN_1haQFD5Lb4Vh41jR2v0waUd5pbMlY6h95NQVYy24zC1UqrK28-Q8lkTJoNb6yaRjKaKFcIyna_SSS97Bs6PknQbx3AQjBctCz0YDDmHTiWOf88vmXo5lTGMY9qEPR-s3NAtoUAQ09D4HNtdOgUovqbfU72RlXNOB7mQs3AfT7uQ9js_lTJSCIKTx-wBa3ReyRNMlGrTbthyk_KpqPjcmHbTMp3YO6ekRDyGck3UIjX1dXefRaBWGoB9-fR64EV2n1Gx4uI93I.iDGYLEj1h_Y9ndPCAu6XoTHhFWmk6IbTBvjW5zw705c&dib_tag=se&keywords=laptop&qid=1729747871&sprefix=laptop%2Caps%2C128&sr=8-43,299.99,5.0,2,Not available
"Acer 15.6"" Full HD IPS Touch Screen Laptop | AMD Ryzen 5 7520U CPU | 16 GB LPDDR5 RAM | 512 GB Fast SSD | Windows 11 Home (1 yr Manufacturer Warranty) (Renewed)",https://www.amazon.ca/Acer-Windows-Manufacturer-Warranty-Renewed/dp/B0DFP9LB5V/ref=sr_1_48?crid=1E63C3THFEGDP&dib=eyJ2IjoiMSJ9.8IJhOmDWzPhvmmClWYIoK3gVSUWRr1SbN_1haQFD5Lb4Vh41jR2v0waUd5pbMlY6h95NQVYy24zC1UqrK28-Q8lkTJoNb6yaRjKaKFcIyna_SSS97Bs6PknQbx3AQjBctCz0YDDmHTiWOf88vmXo5lTGMY9qEPR-s3NAtoUAQ09D4HNtdOgUovqbfU72RlXNOB7mQs3AfT7uQ9js_lTJSCIKTx-wBa3ReyRNMlGrTbthyk_KpqPjcmHbTMp3YO6ekRDyGck3UIjX1dXefRaBWGoB9-fR64EV2n1Gx4uI93I.iDGYLEj1h_Y9ndPCAu6XoTHhFWmk6IbTBvjW5zw705c&dib_tag=se&keywords=laptop&qid=1729747871&sprefix=laptop%2Caps%2C128&sr=8-48,515.00,"FREE delivery Sun, Oct 27 ",No reviews available,Not available
"Acer Aspire 3 A315-59-56K8, 15.6"" FHD 1920x1080 Laptop, Intel Core i5-1235U Processor, 8GB DDR4 RAM, 512GB SSD, Windows 11",https://www.amazon.ca/Acer-A315-59-56K8-1920x1080-i5-1235U-Processor/dp/B0CSPSVP7H/ref=sr_1_45?crid=1E63C3THFEGDP&dib=eyJ2IjoiMSJ9.8IJhOmDWzPhvmmClWYIoK3gVSUWRr1SbN_1haQFD5Lb4Vh41jR2v0waUd5pbMlY6h95NQVYy24zC1UqrK28-Q8lkTJoNb6yaRjKaKFcIyna_SSS97Bs6PknQbx3AQjBctCz0YDDmHTiWOf88vmXo5lTGMY9qEPR-s3NAtoUAQ09D4HNtdOgUovqbfU72RlXNOB7mQs3AfT7uQ9js_lTJSCIKTx-wBa3ReyRNMlGrTbthyk_KpqPjcmHbTMp3YO6ekRDyGck3UIjX1dXefRaBWGoB9-fR64EV2n1Gx4uI93I.iDGYLEj1h_Y9ndPCAu6XoTHhFWmk6IbTBvjW5zw705c&dib_tag=se&keywords=laptop&qid=1729747871&sprefix=laptop%2Caps%2C128&sr=8-45,599.99,4.5,11,Not available
"Lenovo Ideapad 1i 15.6"" FHD Touchscreen Laptop, Intel i3-1215U, 16GB RAM, 1.16TB Storage(1TB SSD+160GB Docking Station Set), Intel UHD Graphics, Numeric Keypad, Windows 11 Pro, Gray",https://www.amazon.ca/Lenovo-Ideapad-1i-Touchscreen-i3-1215U/dp/B0D5HKJ3T2/ref=sr_1_47?crid=1E63C3THFEGDP&dib=eyJ2IjoiMSJ9.8IJhOmDWzPhvmmClWYIoK3gVSUWRr1SbN_1haQFD5Lb4Vh41jR2v0waUd5pbMlY6h95NQVYy24zC1UqrK28-Q8lkTJoNb6yaRjKaKFcIyna_SSS97Bs6PknQbx3AQjBctCz0YDDmHTiWOf88vmXo5lTGMY9qEPR-s3NAtoUAQ09D4HNtdOgUovqbfU72RlXNOB7mQs3AfT7uQ9js_lTJSCIKTx-wBa3ReyRNMlGrTbthyk_KpqPjcmHbTMp3YO6ekRDyGck3UIjX1dXefRaBWGoB9-fR64EV2n1Gx4uI93I.iDGYLEj1h_Y9ndPCAu6XoTHhFWmk6IbTBvjW5zw705c&dib_tag=se&keywords=laptop&qid=1729747871&sprefix=laptop%2Caps%2C128&sr=8-47,689.00,4.5,637,Not available
"ASUS Vivobook Go 15 L510 Thin & Light Laptop, 15.6” HD Display, Intel® Pentium® Silver N6000, 4GB RAM, 128GB eMMC, Windows 11 Home in S Mode, Includes 1 Year Microsoft 365, L510KA-AS01-CA",https://www.amazon.ca/ASUS-Vivobook-Pentium%C2%AE-Microsoft-L510KA-AS01-CA/dp/B0CPHFZ8XB/ref=sr_1_42?crid=1E63C3THFEGDP&dib=eyJ2IjoiMSJ9.8IJhOmDWzPhvmmClWYIoK3gVSUWRr1SbN_1haQFD5Lb4Vh41jR2v0waUd5pbMlY6h95NQVYy24zC1UqrK28-Q8lkTJoNb6yaRjKaKFcIyna_SSS97Bs6PknQbx3AQjBctCz0YDDmHTiWOf88vmXo5lTGMY9qEPR-s3NAtoUAQ09D4HNtdOgUovqbfU72RlXNOB7mQs3AfT7uQ9js_lTJSCIKTx-wBa3ReyRNMlGrTbthyk_KpqPjcmHbTMp3YO6ekRDyGck3UIjX1dXefRaBWGoB9-fR64EV2n1Gx4uI93I.iDGYLEj1h_Y9ndPCAu6XoTHhFWmk6IbTBvjW5zw705c&dib_tag=se&keywords=laptop&qid=1729747871&sprefix=laptop%2Caps%2C128&sr=8-42,Price not available,4.6,3,Not available
"Samsung Galaxy Book4 Laptop, 15.6"", Intel i7, 16GB RAM, 512GB Storage - Moonstone Gray",https://www.amazon.ca/sspa/click?ie=UTF8&spc=MTo2OTk0MjA0MTUwNTgzNDI2OjE3Mjk3NDc4NzI6c3BfYXRmX25leHQ6MzAwNDY1MTU2ODk2NTAyOjowOjo&url=%2FSamsung-Galaxy-Book4-Laptop-Storage%2Fdp%2FB0CV7GF9L6%2Fref%3Dsr_1_481_sspa%3Fcrid%3D1E63C3THFEGDP%26keywords%3Dlaptop%26qid%3D1729747872%26sprefix%3Dlaptop%252Caps%252C128%26sr%3D8-481-spons%26sp_csd%3Dd2lkZ2V0TmFtZT1zcF9hdGZfbmV4dA%26psc%3D1,899.99,3.7,50,Not available
"HP 14 inch Laptop, FHD Display, 13th Generation Intel Core i3-1315U, 12 GB RAM, 512 GB SSD, Intel UHD Graphics, Windows 11 Home, 14-ee0016ca",https://www.amazon.ca/HP-Generation-i3-1315U-Graphics-14-ee0016ca/dp/B0C42DN17Q/ref=sr_1_41?crid=1E63C3THFEGDP&dib=eyJ2IjoiMSJ9.8IJhOmDWzPhvmmClWYIoK3gVSUWRr1SbN_1haQFD5Lb4Vh41jR2v0waUd5pbMlY6h95NQVYy24zC1UqrK28-Q8lkTJoNb6yaRjKaKFcIyna_SSS97Bs6PknQbx3AQjBctCz0YDDmHTiWOf88vmXo5lTGMY9qEPR-s3NAtoUAQ09D4HNtdOgUovqbfU72RlXNOB7mQs3AfT7uQ9js_lTJSCIKTx-wBa3ReyRNMlGrTbthyk_KpqPjcmHbTMp3YO6ekRDyGck3UIjX1dXefRaBWGoB9-fR64EV2n1Gx4uI93I.iDGYLEj1h_Y9ndPCAu6XoTHhFWmk6IbTBvjW5zw705c&dib_tag=se&keywords=laptop&qid=1729747871&sprefix=laptop%2Caps%2C128&sr=8-41,799.99,4.2,103,Not available
"HP 17.3"" IPS FHD Business Laptop, Intel Core i3-N305 Processor, 16GB RAM, 512GB SSD, Intel UHD Graphics, Full-Size Keyboard, HD Camera, Wi-Fi 6, Windows 11 Pro, Natural Silver, 32GB Hotface USB Card",https://www.amazon.ca/HP-Business-Processor-Graphics-Full-size/dp/B0CRR1JGJ3/ref=sr_1_39?crid=1E63C3THFEGDP&dib=eyJ2IjoiMSJ9.8IJhOmDWzPhvmmClWYIoK3gVSUWRr1SbN_1haQFD5Lb4Vh41jR2v0waUd5pbMlY6h95NQVYy24zC1UqrK28-Q8lkTJoNb6yaRjKaKFcIyna_SSS97Bs6PknQbx3AQjBctCz0YDDmHTiWOf88vmXo5lTGMY9qEPR-s3NAtoUAQ09D4HNtdOgUovqbfU72RlXNOB7mQs3AfT7uQ9js_lTJSCIKTx-wBa3ReyRNMlGrTbthyk_KpqPjcmHbTMp3YO6ekRDyGck3UIjX1dXefRaBWGoB9-fR64EV2n1Gx4uI93I.iDGYLEj1h_Y9ndPCAu6XoTHhFWmk6IbTBvjW5zw705c&dib_tag=se&keywords=laptop&qid=1729747871&sprefix=laptop%2Caps%2C128&sr=8-39,799.00,4.3,148,Not available
"ASUS Vivobook Go 15 Laptop, 15.6” FHD Display, AMD Ryzen 5 7520U Processor, 16GB RAM, 1TB SSD, Windows 11 Home, E1504FA-DS52-CA",https://www.amazon.ca/ASUS-Vivobook-Display-Processor-E1504FA-DS52-CA/dp/B0CLDGMNYS/ref=sr_1_40?crid=1E63C3THFEGDP&dib=eyJ2IjoiMSJ9.8IJhOmDWzPhvmmClWYIoK3gVSUWRr1SbN_1haQFD5Lb4Vh41jR2v0waUd5pbMlY6h95NQVYy24zC1UqrK28-Q8lkTJoNb6yaRjKaKFcIyna_SSS97Bs6PknQbx3AQjBctCz0YDDmHTiWOf88vmXo5lTGMY9qEPR-s3NAtoUAQ09D4HNtdOgUovqbfU72RlXNOB7mQs3AfT7uQ9js_lTJSCIKTx-wBa3ReyRNMlGrTbthyk_KpqPjcmHbTMp3YO6ekRDyGck3UIjX1dXefRaBWGoB9-fR64EV2n1Gx4uI93I.iDGYLEj1h_Y9ndPCAu6XoTHhFWmk6IbTBvjW5zw705c&dib_tag=se&keywords=laptop&qid=1729747871&sprefix=laptop%2Caps%2C128&sr=8-40,Price not available,4.1,21,Not available
"Samsung Galaxy Book4 Laptop, 15.6"", Intel i7, 16GB RAM, 512GB Storage - Moonstone Gray",https://www.amazon.ca/Samsung-Galaxy-Book4-Laptop-Storage/dp/B0CV7GF9L6/ref=sr_1_38?crid=1E63C3THFEGDP&dib=eyJ2IjoiMSJ9.8IJhOmDWzPhvmmClWYIoK3gVSUWRr1SbN_1haQFD5Lb4Vh41jR2v0waUd5pbMlY6h95NQVYy24zC1UqrK28-Q8lkTJoNb6yaRjKaKFcIyna_SSS97Bs6PknQbx3AQjBctCz0YDDmHTiWOf88vmXo5lTGMY9qEPR-s3NAtoUAQ09D4HNtdOgUovqbfU72RlXNOB7mQs3AfT7uQ9js_lTJSCIKTx-wBa3ReyRNMlGrTbthyk_KpqPjcmHbTMp3YO6ekRDyGck3UIjX1dXefRaBWGoB9-fR64EV2n1Gx4uI93I.iDGYLEj1h_Y9ndPCAu6XoTHhFWmk6IbTBvjW5zw705c&dib_tag=se&keywords=laptop&qid=1729747871&sprefix=laptop%2Caps%2C128&sr=8-38,899.99,3.7,50,Not available
"ASUS Vivobook 15.6"" FHD Touchscreen Laptop, Intel i5-1135G7 Processor, 20GB RAM, 1TB PCIe SSD, Intel Iris Xe Graphics, Number Pad, Bluetooth, Win 11 Pro, Gray, 32GB Hotface USB Card",https://www.amazon.ca/sspa/click?ie=UTF8&spc=MTo2OTk0MjA0MTUwNTgzNDI2OjE3Mjk3NDc4NzI6c3BfYnRmOjMwMDM3MzIzNDk5NjgwMjo6MDo6&url=%2FASUS-Vivobook-Touchscreen-i5-1135G7-Processor%2Fdp%2FB0CSFGWHHV%2Fref%3Dsr_1_491_sspa%3Fcrid%3D1E63C3THFEGDP%26keywords%3Dlaptop%26qid%3D1729747872%26sprefix%3Dlaptop%252Caps%252C128%26sr%3D8-491-spons%26sp_csd%3Dd2lkZ2V0TmFtZT1zcF9idGY%26psc%3D1,829.00,4.1,109,Not available
"Dell Latitude 5310 Laptop | 13.3"" 1366x768 HD | Core i5-10210U - 512GB SSD Hard Drive - 16GB RAM | 4 cores @ 4.2 GHz Win 10 Pro Black (Renewed)",https://www.amazon.ca/sspa/click?ie=UTF8&spc=MTo2OTk0MjA0MTUwNTgzNDI2OjE3Mjk3NDc4NzI6c3BfbXRmOjMwMDQ5NDcyODQ4NzkwMjo6MDo6&url=%2FDell-Latitude-5000-5310-Laptop%2Fdp%2FB09BCPT9P5%2Fref%3Dsr_1_488_sspa%3Fcrid%3D1E63C3THFEGDP%26keywords%3Dlaptop%26qid%3D1729747872%26sprefix%3Dlaptop%252Caps%252C128%26sr%3D8-488-spons%26sp_csd%3Dd2lkZ2V0TmFtZT1zcF9tdGY%26psc%3D1,379.50,"FREE delivery Sun, Oct 27 ",Only 5 left in stock.,Not available
"Ruzava 14"" Laptop 8GB DDR4 256GB SSD Celeron N5095 (Up to 2.9Ghz) 4-Core Win 11 PC with Cooling Fan 1920 * 1200 2K FHD Screen Dual WiFi Support 1TB SSD Expand for Business Study-Pink",https://www.amazon.ca/sspa/click?ie=UTF8&spc=MTo2OTk0MjA0MTUwNTgzNDI2OjE3Mjk3NDc4NzI6c3BfYnRmOjMwMDAyNDY5MzYzMzYwMjo6MDo6&url=%2FRuzava-Aocwei-Cooling-Support-Study-Pink%2Fdp%2FB0CBKJRW39%2Fref%3Dsr_1_490_sspa%3Fcrid%3D1E63C3THFEGDP%26keywords%3Dlaptop%26qid%3D1729747872%26sprefix%3Dlaptop%252Caps%252C128%26sr%3D8-490-spons%26sp_csd%3Dd2lkZ2V0TmFtZT1zcF9idGY%26psc%3D1,330.68,4.4,137,Not available
"Dell Inspiron 16 Laptop 5640-16.0-inch 16:10 FHD+ (1920 x 1200) Display, Intel Core 7-150U Processor, 16GB DDR5 RAM, 1TB SSD, Intel Graphics, Windows 11 Pro, Onsite & Migrate Service - Midnight Blue",https://www.amazon.ca/sspa/click?ie=UTF8&spc=MTo2OTk0MjA0MTUwNTgzNDI2OjE3Mjk3NDc4NzI6c3BfYnRmOjMwMDMwMDY3Njk2NzgwMjo6MDo6&url=%2FDell-Inspiron-Laptop-5640-16-0-inch-Processor%2Fdp%2FB0D1KQLRR8%2Fref%3Dsr_1_492_sspa%3Fcrid%3D1E63C3THFEGDP%26keywords%3Dlaptop%26qid%3D1729747872%26sprefix%3Dlaptop%252Caps%252C128%26sr%3D8-492-spons%26sp_csd%3Dd2lkZ2V0TmFtZT1zcF9idGY%26psc%3D1,"1,229.99",4.3,205,Not available
"Ruzava 14"" Traditional Laptop 6GB DDR4 128GB SSD Celeron N4020(Up to 2.8Ghz) Dual-Core Win PC1920x1080 FHD Dual WiFi BT 4.2 Support 512GB TF&1TB SSD Expand with Webcam for Business Entertainment-Blue",https://www.amazon.ca/sspa/click?ie=UTF8&spc=MTo2OTk0MjA0MTUwNTgzNDI2OjE3Mjk3NDc4NzI6c3BfYnRmOjMwMDI4NzM1NTI3MTgwMjo6MDo6&url=%2FRuzava-Notebook-1920x1080-Wireless-Business-Blue%2Fdp%2FB0CMZXD9C6%2Fref%3Dsr_1_489_sspa%3Fcrid%3D1E63C3THFEGDP%26keywords%3Dlaptop%26qid%3D1729747872%26sprefix%3Dlaptop%252Caps%252C128%26sr%3D8-489-spons%26sp_csd%3Dd2lkZ2V0TmFtZT1zcF9idGY%26psc%3D1,230.99,4.0,84,Not available
"Lenovo ThinkPad X390 Yoga 13.3"" Touchscreen 2-in-1 Laptop, Intel Core i5, 8GB RAM, 256GB SSD, Win11 Pro. (Renewed)",https://www.amazon.ca/sspa/click?ie=UTF8&spc=MTo2OTk0MjA0MTUwNTgzNDI2OjE3Mjk3NDc4NzI6c3BfbXRmOjMwMDQ3MTY5NDY3OTEwMjo6MDo6&url=%2FLenovo-ThinkPad-Touchscreen-Laptop-Renewed%2Fdp%2FB0DJRNWND7%2Fref%3Dsr_1_487_sspa%3Fcrid%3D1E63C3THFEGDP%26keywords%3Dlaptop%26qid%3D1729747872%26sprefix%3Dlaptop%252Caps%252C128%26sr%3D8-487-spons%26sp_csd%3Dd2lkZ2V0TmFtZT1zcF9tdGY%26psc%3D1,375.00,FREE delivery Oct 30 - Nov 5 ,No reviews available,Not available
"Lenovo Ideapad 1i 15.6"" FHD Touchscreen Laptop, Intel i3-1215U, 40GB RAM, 2.16TB Storage(2TB SSD+160GB Docking Station Set), Intel UHD Graphics, Numeric Keypad, Windows 11 Pro, Gray",https://www.amazon.ca/sspa/click?ie=UTF8&spc=MTo2OTk0MjA0MTUwNTgzNDI2OjE3Mjk3NDc4NzI6c3BfbXRmOjMwMDQwODAwNTE3OTMwMjo6MDo6&url=%2FLenovo-Ideapad-1i-Touchscreen-i3-1215U%2Fdp%2FB0D5HL2D6Y%2Fref%3Dsr_1_486_sspa%3Fcrid%3D1E63C3THFEGDP%26keywords%3Dlaptop%26qid%3D1729747872%26sprefix%3Dlaptop%252Caps%252C128%26sr%3D8-486-spons%26sp_csd%3Dd2lkZ2V0TmFtZT1zcF9tdGY%26psc%3D1,839.00,4.5,637,Not available
"Acer 15.6"" Full HD IPS Touch Screen Laptop | AMD Ryzen 5 7520U CPU | 8 GB LPDDR5 RAM | 512 GB Fast SSD (1 yr Manufacturer Warranty) (Renewed)",https://www.amazon.ca/Acer-Screen-Manufacturer-Warranty-Renewed/dp/B0CBVS5H7S/ref=sr_1_35?crid=1E63C3THFEGDP&dib=eyJ2IjoiMSJ9.8IJhOmDWzPhvmmClWYIoK3gVSUWRr1SbN_1haQFD5Lb4Vh41jR2v0waUd5pbMlY6h95NQVYy24zC1UqrK28-Q8lkTJoNb6yaRjKaKFcIyna_SSS97Bs6PknQbx3AQjBctCz0YDDmHTiWOf88vmXo5lTGMY9qEPR-s3NAtoUAQ09D4HNtdOgUovqbfU72RlXNOB7mQs3AfT7uQ9js_lTJSCIKTx-wBa3ReyRNMlGrTbthyk_KpqPjcmHbTMp3YO6ekRDyGck3UIjX1dXefRaBWGoB9-fR64EV2n1Gx4uI93I.iDGYLEj1h_Y9ndPCAu6XoTHhFWmk6IbTBvjW5zw705c&dib_tag=se&keywords=laptop&qid=1729747871&sprefix=laptop%2Caps%2C128&sr=8-35,449.00,4.2,57,Not available
"ASUS Vivobook Go 15 L510 Thin & Light Laptop, 15.6” HD Display, Intel Celeron N4020 Processor, 4GB RAM, 64GB eMMC, Windows 11 Home in S Mode, 1 Year Microsoft 365, L510MA-DH01-CA",https://www.amazon.ca/ASUS-Vivobook-Processor-Microsoft-L510MA-DH01-CA/dp/B0CWLVB4CQ/ref=sr_1_36?crid=1E63C3THFEGDP&dib=eyJ2IjoiMSJ9.8IJhOmDWzPhvmmClWYIoK3gVSUWRr1SbN_1haQFD5Lb4Vh41jR2v0waUd5pbMlY6h95NQVYy24zC1UqrK28-Q8lkTJoNb6yaRjKaKFcIyna_SSS97Bs6PknQbx3AQjBctCz0YDDmHTiWOf88vmXo5lTGMY9qEPR-s3NAtoUAQ09D4HNtdOgUovqbfU72RlXNOB7mQs3AfT7uQ9js_lTJSCIKTx-wBa3ReyRNMlGrTbthyk_KpqPjcmHbTMp3YO6ekRDyGck3UIjX1dXefRaBWGoB9-fR64EV2n1Gx4uI93I.iDGYLEj1h_Y9ndPCAu6XoTHhFWmk6IbTBvjW5zw705c&dib_tag=se&keywords=laptop&qid=1729747871&sprefix=laptop%2Caps%2C128&sr=8-36,306.45,4.2,11,Not available
"HP 15.6"" FHD Laptop, Intel i3-1215U, 16GB RAM, 1TB SSD, Intel UHD Graphics, HD Webcam, Numpad, Wi-Fi 6, Bluetooth, Gray, Windows 11 Pro, 32GB Hotface USB Card",https://www.amazon.ca/sspa/click?ie=UTF8&spc=MTo2OTk0MjA0MTUwNTgzNDI2OjE3Mjk3NDc4NzI6c3BfYXRmX25leHQ6MzAwMzcxMTY1MTQyMzAyOjowOjo&url=%2FHP-i3-1215U-Graphics-Bluetooth-Windows%2Fdp%2FB0CPHXMKWV%2Fref%3Dsr_1_483_sspa%3Fcrid%3D1E63C3THFEGDP%26keywords%3Dlaptop%26qid%3D1729747872%26sprefix%3Dlaptop%252Caps%252C128%26sr%3D8-483-spons%26sp_csd%3Dd2lkZ2V0TmFtZT1zcF9hdGZfbmV4dA%26psc%3D1,659.00,4.1,151,Not available
"Acer Swift 3 SF314-511-52EE, 14"" FHD 1920x1080 IPS EVO Laptop, Intel Core i5-1135G7, 8GB LPDDR4X RAM, 512GB SSD, Windows 11 Home",https://www.amazon.ca/sspa/click?ie=UTF8&spc=MTo2OTk0MjA0MTUwNTgzNDI2OjE3Mjk3NDc4NzI6c3BfYXRmX25leHQ6MzAwNDY1MTU2ODk3MjAyOjowOjo&url=%2FAcer-SF314-511-52EE-1920x1080-i5-1135G7-LPDDR4X%2Fdp%2FB0CP895B6V%2Fref%3Dsr_1_484_sspa%3Fcrid%3D1E63C3THFEGDP%26keywords%3Dlaptop%26qid%3D1729747872%26sprefix%3Dlaptop%252Caps%252C128%26sr%3D8-484-spons%26sp_csd%3Dd2lkZ2V0TmFtZT1zcF9hdGZfbmV4dA%26psc%3D1,599.99,4.8,8,Not available
HP Elitebook 840 G5-14 FHD - i7-8650U Quad Core - 16 GB RAM - 256 SSD - Bluetooth - WiFi - Webcam -Windows 10 Pro 64 (Renewed),https://www.amazon.ca/sspa/click?ie=UTF8&spc=MTo2OTk0MjA0MTUwNTgzNDI2OjE3Mjk3NDc4NzI6c3BfYXRmX25leHQ6MzAwMTAxMTQ3ODk2NTAyOjowOjo&url=%2FHP-Elitebook-840-G5-Bluetooth%2Fdp%2FB08FNLVHRL%2Fref%3Dsr_1_482_sspa%3Fcrid%3D1E63C3THFEGDP%26keywords%3Dlaptop%26qid%3D1729747872%26sprefix%3Dlaptop%252Caps%252C128%26sr%3D8-482-spons%26sp_csd%3Dd2lkZ2V0TmFtZT1zcF9hdGZfbmV4dA%26psc%3D1,382.00,3.8,99,Not available
"ACEMAGIC Laptop 16GB DDR4 512GB SSD, Quad-Core Intel N95 Processor(Up to 3.4GHz), Windows 11 Ordinateur Portable, 15.6 inch FHD Laptop Computer, 2.4G/5G WiFi, BT5.0, USB3.2, Type_C, Metal Design",https://www.amazon.ca/ACEMAGIC-Quad-Core-Processor-Ordinateur-Portable/dp/B0CLZMK2CS/ref=sr_1_34?crid=1E63C3THFEGDP&dib=eyJ2IjoiMSJ9.8IJhOmDWzPhvmmClWYIoK3gVSUWRr1SbN_1haQFD5Lb4Vh41jR2v0waUd5pbMlY6h95NQVYy24zC1UqrK28-Q8lkTJoNb6yaRjKaKFcIyna_SSS97Bs6PknQbx3AQjBctCz0YDDmHTiWOf88vmXo5lTGMY9qEPR-s3NAtoUAQ09D4HNtdOgUovqbfU72RlXNOB7mQs3AfT7uQ9js_lTJSCIKTx-wBa3ReyRNMlGrTbthyk_KpqPjcmHbTMp3YO6ekRDyGck3UIjX1dXefRaBWGoB9-fR64EV2n1Gx4uI93I.iDGYLEj1h_Y9ndPCAu6XoTHhFWmk6IbTBvjW5zw705c&dib_tag=se&keywords=laptop&qid=1729747871&sprefix=laptop%2Caps%2C128&sr=8-34,649.99,4.0,210,Not available
"Dell Latitude 3300 Laptop | 13.3"" 1366x768 HD | Core i5-8250U - 256GB SSD Hard Drive - 8GB RAM | 4 cores @ 3.4 GHz Win 10 Pro Black (Renewed)",https://www.amazon.ca/Dell-Latitude-3300-Laptop-1366x768/dp/B0DBGPP6L9/ref=sr_1_32?crid=1E63C3THFEGDP&dib=eyJ2IjoiMSJ9.8IJhOmDWzPhvmmClWYIoK3gVSUWRr1SbN_1haQFD5Lb4Vh41jR2v0waUd5pbMlY6h95NQVYy24zC1UqrK28-Q8lkTJoNb6yaRjKaKFcIyna_SSS97Bs6PknQbx3AQjBctCz0YDDmHTiWOf88vmXo5lTGMY9qEPR-s3NAtoUAQ09D4HNtdOgUovqbfU72RlXNOB7mQs3AfT7uQ9js_lTJSCIKTx-wBa3ReyRNMlGrTbthyk_KpqPjcmHbTMp3YO6ekRDyGck3UIjX1dXefRaBWGoB9-fR64EV2n1Gx4uI93I.iDGYLEj1h_Y9ndPCAu6XoTHhFWmk6IbTBvjW5zw705c&dib_tag=se&keywords=laptop&qid=1729747871&sprefix=laptop%2Caps%2C128&sr=8-32,225.00,2.0,1,Not available
"HP Pavilion 15.6"" FHD Touchscreen Laptop, Intel Core i7-1165G7, 32GB RAM, 1TB SSD, Fingerprint Reader, Wi-Fi 6, HDMI 2.0, Windows 10 Home, Lunar Gold",https://www.amazon.ca/HP-Pavilion-Touchscreen-i7-1165G7-Fingerprint/dp/B0DHXPGW97/ref=sr_1_240?crid=1E63C3THFEGDP&dib=eyJ2IjoiMSJ9.2co32wjNA1e_EVDuJTF8vOehLsUA9rBafx26cwEIppMqvGN0GTHEYMFGgZ4BJzjjdiCnxTWb5kPOcvYsibYTWTZDK_qXvriOs12FKsjNVN0ss9Nd5NsHgSUe8tmiL7mryQQG3kq-j7I3Z3SZUVXiq46swjaiMqOSnKZ0Au3lL4BdiowtDbqVTJMgFBfG68VejTOhs1hjWwvYw1dV2BQ6q1CUiWwqNWj7wsXL_PskQ9Lkx0fvrjFKTGfSZDEFvlOFk6vH59TMwXBINBqhAyLHhWk5YQpQG51wSLFGLgjpb-c.9IjvZlgxoEwBuiULSpqIohLloY6UpARC1UBT4O6hQS8&dib_tag=se&keywords=laptop&qid=1729747871&sprefix=laptop%2Caps%2C128&sr=8-240,"1,029.99",FREE delivery Oct 29 - 31 ,No reviews available,Not available
"HP Victus 15 inch Gaming Laptop, FHD, 144Hz Refresh Rate, 9ms Response Time, 13th Generation Intel Core i5-13500H, 16 GB RAM, 512 GB SSD, NVIDIA GeForce RTX 4050 Graphics, Windows 11 Home, 15-fa1000ca",https://www.amazon.ca/Display-Response-i5-13500H-Graphics-15-fa1000ca/dp/B0BWZXH1HL/ref=sr_1_239?crid=1E63C3THFEGDP&dib=eyJ2IjoiMSJ9.2co32wjNA1e_EVDuJTF8vOehLsUA9rBafx26cwEIppMqvGN0GTHEYMFGgZ4BJzjjdiCnxTWb5kPOcvYsibYTWTZDK_qXvriOs12FKsjNVN0ss9Nd5NsHgSUe8tmiL7mryQQG3kq-j7I3Z3SZUVXiq46swjaiMqOSnKZ0Au3lL4BdiowtDbqVTJMgFBfG68VejTOhs1hjWwvYw1dV2BQ6q1CUiWwqNWj7wsXL_PskQ9Lkx0fvrjFKTGfSZDEFvlOFk6vH59TMwXBINBqhAyLHhWk5YQpQG51wSLFGLgjpb-c.9IjvZlgxoEwBuiULSpqIohLloY6UpARC1UBT4O6hQS8&dib_tag=se&keywords=laptop&qid=1729747871&sprefix=laptop%2Caps%2C128&sr=8-239,"1,599.99",3.2,8,Not available
"Acer Aspire 3 A315-59-590J-CA, 15.6"" FHD 1920x1080 Laptop, Intel CoreTM i5-1235U, Intel UHD Graphics, 16GB RAM, 512GB SSD, Windows 11 Home",https://www.amazon.ca/sspa/click?ie=UTF8&spc=MTo2OTk0MjA0MTUwNTgzNDI2OjE3Mjk3NDc4NzI6c3BfbXRmOjMwMDQ2NTE1Njg5NzEwMjo6MDo6&url=%2FAcer-A315-59-590J-CA-1920x1080-i5-1235U-Graphics%2Fdp%2FB0D1ZFBPFV%2Fref%3Dsr_1_485_sspa%3Fcrid%3D1E63C3THFEGDP%26keywords%3Dlaptop%26qid%3D1729747872%26sprefix%3Dlaptop%252Caps%252C128%26sr%3D8-485-spons%26sp_csd%3Dd2lkZ2V0TmFtZT1zcF9tdGY%26psc%3D1,699.99,5.0,2,Not available
"Acer Swift X 16"" WUXGA Laptop, Intel Core i7-1260P, Intel Arc A370M, 16GB RAM, 512GB SSD, Windows 11 Home",https://www.amazon.ca/Acer-Laptop-i7-1260P-LPDDR5-SFX16-52G-76U3/dp/B09SVFJLFY/ref=sr_1_238?crid=1E63C3THFEGDP&dib=eyJ2IjoiMSJ9.2co32wjNA1e_EVDuJTF8vOehLsUA9rBafx26cwEIppMqvGN0GTHEYMFGgZ4BJzjjdiCnxTWb5kPOcvYsibYTWTZDK_qXvriOs12FKsjNVN0ss9Nd5NsHgSUe8tmiL7mryQQG3kq-j7I3Z3SZUVXiq46swjaiMqOSnKZ0Au3lL4BdiowtDbqVTJMgFBfG68VejTOhs1hjWwvYw1dV2BQ6q1CUiWwqNWj7wsXL_PskQ9Lkx0fvrjFKTGfSZDEFvlOFk6vH59TMwXBINBqhAyLHhWk5YQpQG51wSLFGLgjpb-c.9IjvZlgxoEwBuiULSpqIohLloY6UpARC1UBT4O6hQS8&dib_tag=se&keywords=laptop&qid=1729747871&sprefix=laptop%2Caps%2C128&sr=8-238,"1,649.99",4.0,8,Not available
"HP Pavilion 15.6"" FHD Touchscreen Laptop, Intel Core i7-1165G7, 16GB RAM, 512GB SSD, Fingerprint Reader, Wi-Fi 6, HDMI 2.0, Windows 10 Home, Lunar Gold",https://www.amazon.ca/HP-Pavilion-Touchscreen-i7-1165G7-Fingerprint/dp/B0DHXR4C89/ref=sr_1_237?crid=1E63C3THFEGDP&dib=eyJ2IjoiMSJ9.2co32wjNA1e_EVDuJTF8vOehLsUA9rBafx26cwEIppMqvGN0GTHEYMFGgZ4BJzjjdiCnxTWb5kPOcvYsibYTWTZDK_qXvriOs12FKsjNVN0ss9Nd5NsHgSUe8tmiL7mryQQG3kq-j7I3Z3SZUVXiq46swjaiMqOSnKZ0Au3lL4BdiowtDbqVTJMgFBfG68VejTOhs1hjWwvYw1dV2BQ6q1CUiWwqNWj7wsXL_PskQ9Lkx0fvrjFKTGfSZDEFvlOFk6vH59TMwXBINBqhAyLHhWk5YQpQG51wSLFGLgjpb-c.9IjvZlgxoEwBuiULSpqIohLloY6UpARC1UBT4O6hQS8&dib_tag=se&keywords=laptop&qid=1729747871&sprefix=laptop%2Caps%2C128&sr=8-237,919.99,FREE delivery Oct 29 - Nov 1 ,No reviews available,Not available
"HP Elitebook 840 G3 Laptop Intel i7-6600U 2.6GHz, 16GB RAM, 512GB SSD, Windows 10 Pro (Renewed)",https://www.amazon.ca/HP-Elitebook-i7-6600U-Windows-Renewed/dp/B07QZ46Q1N/ref=sr_1_236?crid=1E63C3THFEGDP&dib=eyJ2IjoiMSJ9.2co32wjNA1e_EVDuJTF8vOehLsUA9rBafx26cwEIppMqvGN0GTHEYMFGgZ4BJzjjdiCnxTWb5kPOcvYsibYTWTZDK_qXvriOs12FKsjNVN0ss9Nd5NsHgSUe8tmiL7mryQQG3kq-j7I3Z3SZUVXiq46swjaiMqOSnKZ0Au3lL4BdiowtDbqVTJMgFBfG68VejTOhs1hjWwvYw1dV2BQ6q1CUiWwqNWj7wsXL_PskQ9Lkx0fvrjFKTGfSZDEFvlOFk6vH59TMwXBINBqhAyLHhWk5YQpQG51wSLFGLgjpb-c.9IjvZlgxoEwBuiULSpqIohLloY6UpARC1UBT4O6hQS8&dib_tag=se&keywords=laptop&qid=1729747871&sprefix=laptop%2Caps%2C128&sr=8-236,408.45,4.0,961,Not available
"HP 17.3"" HD+ (1600x900) Touchscreen Laptop | Intel Pentium Silver N5030 4-Core | Intel UHD Graphics | Wi-Fi 5 | USB-C | HDMI | 8GB DDR4 256GB SSD | Win10 Home",https://www.amazon.ca/HP-1600x900-Touchscreen-Pentium-Graphics/dp/B0CP5HC18B/ref=sr_1_235?crid=1E63C3THFEGDP&dib=eyJ2IjoiMSJ9.2co32wjNA1e_EVDuJTF8vOehLsUA9rBafx26cwEIppMqvGN0GTHEYMFGgZ4BJzjjdiCnxTWb5kPOcvYsibYTWTZDK_qXvriOs12FKsjNVN0ss9Nd5NsHgSUe8tmiL7mryQQG3kq-j7I3Z3SZUVXiq46swjaiMqOSnKZ0Au3lL4BdiowtDbqVTJMgFBfG68VejTOhs1hjWwvYw1dV2BQ6q1CUiWwqNWj7wsXL_PskQ9Lkx0fvrjFKTGfSZDEFvlOFk6vH59TMwXBINBqhAyLHhWk5YQpQG51wSLFGLgjpb-c.9IjvZlgxoEwBuiULSpqIohLloY6UpARC1UBT4O6hQS8&dib_tag=se&keywords=laptop&qid=1729747871&sprefix=laptop%2Caps%2C128&sr=8-235,625.95,5.0,2,Not available
"Dell Precision 3470 Mobile Workstation 14"" FHD Laptop - Intel Core i5-1250P, 16GB RAM, 256GB SSD, Windows 10 Pro - Titan Gray (MGHV1)",https://www.amazon.ca/Dell-Precision-3470-Mobile-Workstation/dp/B0BBGT2CL8/ref=sr_1_234?crid=1E63C3THFEGDP&dib=eyJ2IjoiMSJ9.2co32wjNA1e_EVDuJTF8vOehLsUA9rBafx26cwEIppMqvGN0GTHEYMFGgZ4BJzjjdiCnxTWb5kPOcvYsibYTWTZDK_qXvriOs12FKsjNVN0ss9Nd5NsHgSUe8tmiL7mryQQG3kq-j7I3Z3SZUVXiq46swjaiMqOSnKZ0Au3lL4BdiowtDbqVTJMgFBfG68VejTOhs1hjWwvYw1dV2BQ6q1CUiWwqNWj7wsXL_PskQ9Lkx0fvrjFKTGfSZDEFvlOFk6vH59TMwXBINBqhAyLHhWk5YQpQG51wSLFGLgjpb-c.9IjvZlgxoEwBuiULSpqIohLloY6UpARC1UBT4O6hQS8&dib_tag=se&keywords=laptop&qid=1729747871&sprefix=laptop%2Caps%2C128&sr=8-234,749.99,"FREE delivery Sun, Oct 27 ",No reviews available,Not available
"Lenovo ThinkPad T470 14"" FHD IPS Touch-Screen Laptop, Intel Core i5-6300U up to 3.0GHz, 8GB DDR4, 256GB PCIe SSD, Webcam, Wireless AC, LTE-A, Thunderbolt, Fingerprint Reader, Windows 10 Professional (Renewed)",https://www.amazon.ca/Lenovo-Touch-Screen-Thunderbolt-Fingerprint-Professional/dp/B08KYJ6DMX/ref=sr_1_233?crid=1E63C3THFEGDP&dib=eyJ2IjoiMSJ9.2co32wjNA1e_EVDuJTF8vOehLsUA9rBafx26cwEIppMqvGN0GTHEYMFGgZ4BJzjjdiCnxTWb5kPOcvYsibYTWTZDK_qXvriOs12FKsjNVN0ss9Nd5NsHgSUe8tmiL7mryQQG3kq-j7I3Z3SZUVXiq46swjaiMqOSnKZ0Au3lL4BdiowtDbqVTJMgFBfG68VejTOhs1hjWwvYw1dV2BQ6q1CUiWwqNWj7wsXL_PskQ9Lkx0fvrjFKTGfSZDEFvlOFk6vH59TMwXBINBqhAyLHhWk5YQpQG51wSLFGLgjpb-c.9IjvZlgxoEwBuiULSpqIohLloY6UpARC1UBT4O6hQS8&dib_tag=se&keywords=laptop&qid=1729747871&sprefix=laptop%2Caps%2C128&sr=8-233,268.00,5.0,2,Not available
"ASUS TUF Gaming Laptop, 15.6"" 144Hz FHD Display, Intel 13th i7-13620H, 64GB DDR5, 4TB PCIe SSD, NVIDIA GeForce RTX 4070, Backlit Keyboard, HD Webcam, Win 11 Pro, Gray, 128GB Docking Station Set",https://www.amazon.ca/ASUS-TUF-Display-i7-13620H-Keyboard/dp/B0D62LZP4B/ref=sr_1_231?crid=1E63C3THFEGDP&dib=eyJ2IjoiMSJ9.2co32wjNA1e_EVDuJTF8vOehLsUA9rBafx26cwEIppMqvGN0GTHEYMFGgZ4BJzjjdiCnxTWb5kPOcvYsibYTWTZDK_qXvriOs12FKsjNVN0ss9Nd5NsHgSUe8tmiL7mryQQG3kq-j7I3Z3SZUVXiq46swjaiMqOSnKZ0Au3lL4BdiowtDbqVTJMgFBfG68VejTOhs1hjWwvYw1dV2BQ6q1CUiWwqNWj7wsXL_PskQ9Lkx0fvrjFKTGfSZDEFvlOFk6vH59TMwXBINBqhAyLHhWk5YQpQG51wSLFGLgjpb-c.9IjvZlgxoEwBuiULSpqIohLloY6UpARC1UBT4O6hQS8&dib_tag=se&keywords=laptop&qid=1729747871&sprefix=laptop%2Caps%2C128&sr=8-231,"2,499.00",4.6,10,Not available
"HP 14-inch Laptop, Intel Core i3-N305, 16GB RAM, 256GB SSD, Wi-Fi 6, Bluetooth 5.3, Intel UHD Graphics, Windows 11 Home, Moonlight Blue",https://www.amazon.ca/HP-14-inch-Bluetooth-Graphics-Moonlight/dp/B0D8T955TW/ref=sr_1_228?crid=1E63C3THFEGDP&dib=eyJ2IjoiMSJ9.2co32wjNA1e_EVDuJTF8vOehLsUA9rBafx26cwEIppMqvGN0GTHEYMFGgZ4BJzjjdiCnxTWb5kPOcvYsibYTWTZDK_qXvriOs12FKsjNVN0ss9Nd5NsHgSUe8tmiL7mryQQG3kq-j7I3Z3SZUVXiq46swjaiMqOSnKZ0Au3lL4BdiowtDbqVTJMgFBfG68VejTOhs1hjWwvYw1dV2BQ6q1CUiWwqNWj7wsXL_PskQ9Lkx0fvrjFKTGfSZDEFvlOFk6vH59TMwXBINBqhAyLHhWk5YQpQG51wSLFGLgjpb-c.9IjvZlgxoEwBuiULSpqIohLloY6UpARC1UBT4O6hQS8&dib_tag=se&keywords=laptop&qid=1729747871&sprefix=laptop%2Caps%2C128&sr=8-228,499.99,5.0,1,Not available
"Lenovo Ideapad 3i 15.6"" Touchscreen FHD Laptop - Intel Core i5-1155G7, 8GB RAM, 512GB SSD, Windows 11 S Mode - Abyss Blue (82H803SBUS)",https://www.amazon.ca/Lenovo-Ideapad-15-6-Touchscreen-Laptop/dp/B0CT3Y84T8/ref=sr_1_230?crid=1E63C3THFEGDP&dib=eyJ2IjoiMSJ9.2co32wjNA1e_EVDuJTF8vOehLsUA9rBafx26cwEIppMqvGN0GTHEYMFGgZ4BJzjjdiCnxTWb5kPOcvYsibYTWTZDK_qXvriOs12FKsjNVN0ss9Nd5NsHgSUe8tmiL7mryQQG3kq-j7I3Z3SZUVXiq46swjaiMqOSnKZ0Au3lL4BdiowtDbqVTJMgFBfG68VejTOhs1hjWwvYw1dV2BQ6q1CUiWwqNWj7wsXL_PskQ9Lkx0fvrjFKTGfSZDEFvlOFk6vH59TMwXBINBqhAyLHhWk5YQpQG51wSLFGLgjpb-c.9IjvZlgxoEwBuiULSpqIohLloY6UpARC1UBT4O6hQS8&dib_tag=se&keywords=laptop&qid=1729747871&sprefix=laptop%2Caps%2C128&sr=8-230,599.98,3.0,1,Not available
"Dell Latitude E5470 Laptop 14 Inch Notebook PC, Core i7-6600 - Intel HD Graphics 520, 16GB RAM, 256GB SSD, WiFi, Bluetooth, Wecam, HDMI, Windows 10 Pro (Renewed)",https://www.amazon.ca/Dell-Latitude-E5470-Business-Bluetooth/dp/B0CGRBN3HR/ref=sr_1_229?crid=1E63C3THFEGDP&dib=eyJ2IjoiMSJ9.2co32wjNA1e_EVDuJTF8vOehLsUA9rBafx26cwEIppMqvGN0GTHEYMFGgZ4BJzjjdiCnxTWb5kPOcvYsibYTWTZDK_qXvriOs12FKsjNVN0ss9Nd5NsHgSUe8tmiL7mryQQG3kq-j7I3Z3SZUVXiq46swjaiMqOSnKZ0Au3lL4BdiowtDbqVTJMgFBfG68VejTOhs1hjWwvYw1dV2BQ6q1CUiWwqNWj7wsXL_PskQ9Lkx0fvrjFKTGfSZDEFvlOFk6vH59TMwXBINBqhAyLHhWk5YQpQG51wSLFGLgjpb-c.9IjvZlgxoEwBuiULSpqIohLloY6UpARC1UBT4O6hQS8&dib_tag=se&keywords=laptop&qid=1729747871&sprefix=laptop%2Caps%2C128&sr=8-229,294.00,3.4,4,Not available
"ASUS ROG Strix G15 (2022) Gaming Laptop, 15.6” 165Hz IPS Type WQHD Display, NVIDIA GeForce RTX 3060, AMD Ryzen 7 6800H, 16GB DDR5, 1TB PCIe SSD, RGB Keyboard, Windows 11 Home, G513RM-AS71-CA",https://www.amazon.ca/Display-GeForce-Keyboard-Windows-G513RM-AS71-CA/dp/B09V6VTGYG/ref=sr_1_227?crid=1E63C3THFEGDP&dib=eyJ2IjoiMSJ9.2co32wjNA1e_EVDuJTF8vOehLsUA9rBafx26cwEIppMqvGN0GTHEYMFGgZ4BJzjjdiCnxTWb5kPOcvYsibYTWTZDK_qXvriOs12FKsjNVN0ss9Nd5NsHgSUe8tmiL7mryQQG3kq-j7I3Z3SZUVXiq46swjaiMqOSnKZ0Au3lL4BdiowtDbqVTJMgFBfG68VejTOhs1hjWwvYw1dV2BQ6q1CUiWwqNWj7wsXL_PskQ9Lkx0fvrjFKTGfSZDEFvlOFk6vH59TMwXBINBqhAyLHhWk5YQpQG51wSLFGLgjpb-c.9IjvZlgxoEwBuiULSpqIohLloY6UpARC1UBT4O6hQS8&dib_tag=se&keywords=laptop&qid=1729747871&sprefix=laptop%2Caps%2C128&sr=8-227,"1,679.00",4.2,272,Not available
"HP Laptop 14"" HD Display, Intel Celeron N4120 Quad-Core Processor 1.1GHz, 4GB RAM, 64GB eMMC, Bluetooth & Wi-Fi Connectivity, Windows 11 Home S, Snowflake White (Renewed)",https://www.amazon.ca/HP-Quad-Core-Processor-Bluetooth-Connectivity/dp/B0B7265ZP6/ref=sr_1_225?crid=1E63C3THFEGDP&dib=eyJ2IjoiMSJ9.2co32wjNA1e_EVDuJTF8vOehLsUA9rBafx26cwEIppMqvGN0GTHEYMFGgZ4BJzjjdiCnxTWb5kPOcvYsibYTWTZDK_qXvriOs12FKsjNVN0ss9Nd5NsHgSUe8tmiL7mryQQG3kq-j7I3Z3SZUVXiq46swjaiMqOSnKZ0Au3lL4BdiowtDbqVTJMgFBfG68VejTOhs1hjWwvYw1dV2BQ6q1CUiWwqNWj7wsXL_PskQ9Lkx0fvrjFKTGfSZDEFvlOFk6vH59TMwXBINBqhAyLHhWk5YQpQG51wSLFGLgjpb-c.9IjvZlgxoEwBuiULSpqIohLloY6UpARC1UBT4O6hQS8&dib_tag=se&keywords=laptop&qid=1729747871&sprefix=laptop%2Caps%2C128&sr=8-225,235.00,3.8,32,Not available
"HP Elitebook 840 G3 14in Laptop, Core i5-6300U 2.4GHz, 8GB RAM, 256GB Solid State Drive, Windows 10 Pro 64bit, CAM (Renewed)",https://www.amazon.ca/HP-Elitebook-i5-6300U-Windows-Renewed/dp/B07MNTPW8B/ref=sr_1_226?crid=1E63C3THFEGDP&dib=eyJ2IjoiMSJ9.2co32wjNA1e_EVDuJTF8vOehLsUA9rBafx26cwEIppMqvGN0GTHEYMFGgZ4BJzjjdiCnxTWb5kPOcvYsibYTWTZDK_qXvriOs12FKsjNVN0ss9Nd5NsHgSUe8tmiL7mryQQG3kq-j7I3Z3SZUVXiq46swjaiMqOSnKZ0Au3lL4BdiowtDbqVTJMgFBfG68VejTOhs1hjWwvYw1dV2BQ6q1CUiWwqNWj7wsXL_PskQ9Lkx0fvrjFKTGfSZDEFvlOFk6vH59TMwXBINBqhAyLHhWk5YQpQG51wSLFGLgjpb-c.9IjvZlgxoEwBuiULSpqIohLloY6UpARC1UBT4O6hQS8&dib_tag=se&keywords=laptop&qid=1729747871&sprefix=laptop%2Caps%2C128&sr=8-226,234.99,4.2,48,Not available
"Dell Latitude 5410 Business Laptop, 14'' FHD Notebook, 10th Gen Intel Core i5-10210U, 16GB RAM, 512GB SSD, Backlit Keyboard, HDMI, Wi-Fi, Bluetooth, Camera, Windows 10 Pro 64-bit (Renewed)",https://www.amazon.ca/Dell-Latitude-5410-i5-10210U-Bluetooth/dp/B0CKN4WMZW/ref=sr_1_224?crid=1E63C3THFEGDP&dib=eyJ2IjoiMSJ9.2co32wjNA1e_EVDuJTF8vOehLsUA9rBafx26cwEIppMqvGN0GTHEYMFGgZ4BJzjjdiCnxTWb5kPOcvYsibYTWTZDK_qXvriOs12FKsjNVN0ss9Nd5NsHgSUe8tmiL7mryQQG3kq-j7I3Z3SZUVXiq46swjaiMqOSnKZ0Au3lL4BdiowtDbqVTJMgFBfG68VejTOhs1hjWwvYw1dV2BQ6q1CUiWwqNWj7wsXL_PskQ9Lkx0fvrjFKTGfSZDEFvlOFk6vH59TMwXBINBqhAyLHhWk5YQpQG51wSLFGLgjpb-c.9IjvZlgxoEwBuiULSpqIohLloY6UpARC1UBT4O6hQS8&dib_tag=se&keywords=laptop&qid=1729747871&sprefix=laptop%2Caps%2C128&sr=8-224,364.99,3.9,24,Not available
"WOZIFAN Traditional Laptops 14"" 6GB RAM 128GB SSD Support 1TB SSD Expand with Celeron N4020 (Up to 2.8Ghz), Full Metal with French Keyboard Film Transparent Protective Film-Blue",https://www.amazon.ca/WOZIFAN-Traditional-Transparent-Protective-Film-Blue/dp/B0D2XVLRBW/ref=sr_1_96?crid=1E63C3THFEGDP&dib=eyJ2IjoiMSJ9.akMDTOG5KBho4VWXJdqFI-2Vo012hyghVX19Ise9rhuYnjxLoG2IsHdZNj68CyWm06Wz4KoboBIPslkPi0t2Pq8VkUqaCNIPfZs5bk_8dwDJ3zaJLirn7oJovR1l5rZHYdCtGqsQ5kSV2BiJ81EcZww8KZxzA1BRaP7NcTSWyDBbEu8RtbEedS-smxQmcTYd1OHFf05fQkWQcbZZSTB9qhTy4aZJlGAhplot32JlaqAfgOTYFC8cZ_1Vg-GClmy7ct76t8Or8SSxPTK0h_LrzlsS-6_w8kUTA_zltFRk4KA.UONvbtGOlpIa-P5CdAfx5O8hDsMAVxb8TTgZOZ8MNuI&dib_tag=se&keywords=laptop&qid=1729747871&sprefix=laptop%2Caps%2C128&sr=8-96,260.99,4.0,208,Not available
"Acer Newest 15.6"" HD Chromebook/Intel Dual Core Celeron N4000 4M Cache Up to 2.6 GHZ Processor /4G RAM/32G eMMC/USB 3.1/USB TYPE-C/INTEL UHD 600 GRAPHIC/WIFI AC/BLUETOOTH 5.0/Wide View HD CAM/ Micro SD Reader/Long Battery Life! One Year Manufacturer Warranty!",https://www.amazon.ca/Acer-Chromebook-Processor-BLUETOOTH-Manufacturer/dp/B08GF7CBG9/ref=sr_1_95?crid=1E63C3THFEGDP&dib=eyJ2IjoiMSJ9.akMDTOG5KBho4VWXJdqFI-2Vo012hyghVX19Ise9rhuYnjxLoG2IsHdZNj68CyWm06Wz4KoboBIPslkPi0t2Pq8VkUqaCNIPfZs5bk_8dwDJ3zaJLirn7oJovR1l5rZHYdCtGqsQ5kSV2BiJ81EcZww8KZxzA1BRaP7NcTSWyDBbEu8RtbEedS-smxQmcTYd1OHFf05fQkWQcbZZSTB9qhTy4aZJlGAhplot32JlaqAfgOTYFC8cZ_1Vg-GClmy7ct76t8Or8SSxPTK0h_LrzlsS-6_w8kUTA_zltFRk4KA.UONvbtGOlpIa-P5CdAfx5O8hDsMAVxb8TTgZOZ8MNuI&dib_tag=se&keywords=laptop&qid=1729747871&sprefix=laptop%2Caps%2C128&sr=8-95,259.00,4.3,126,Not available
"Lenovo IdeaPad Slim 5 Multimedia Laptop, 16"" WUXGA Touchscreen, AMD Ryzen 7 7730U 8 Cores, 16GB LPDDR4+ 512GB SSD, Win10 Home, HDMI 1.4, Wi-Fi 6, Fullsize Backlit Keyboard, Fingerprint Reader",https://www.amazon.ca/Lenovo-IdeaPad-Slim-Touchscreen-Fingerprint/dp/B0D4917VWZ/ref=sr_1_93?crid=1E63C3THFEGDP&dib=eyJ2IjoiMSJ9.akMDTOG5KBho4VWXJdqFI-2Vo012hyghVX19Ise9rhuYnjxLoG2IsHdZNj68CyWm06Wz4KoboBIPslkPi0t2Pq8VkUqaCNIPfZs5bk_8dwDJ3zaJLirn7oJovR1l5rZHYdCtGqsQ5kSV2BiJ81EcZww8KZxzA1BRaP7NcTSWyDBbEu8RtbEedS-smxQmcTYd1OHFf05fQkWQcbZZSTB9qhTy4aZJlGAhplot32JlaqAfgOTYFC8cZ_1Vg-GClmy7ct76t8Or8SSxPTK0h_LrzlsS-6_w8kUTA_zltFRk4KA.UONvbtGOlpIa-P5CdAfx5O8hDsMAVxb8TTgZOZ8MNuI&dib_tag=se&keywords=laptop&qid=1729747871&sprefix=laptop%2Caps%2C128&sr=8-93,669.99,FREE delivery Oct 25 - 28 ,Only 1 left in stock.,Not available
"HP 17.3"" FHD IPS Anti-Glare Laptop, Intel Core i3-1215U, 16GB RAM, 1TB PCIe SSD, Intel UHD Graphics, HD Webcam, Numpad, HP Fast Charge, Silver, Win 11 Pro, 32GB Hotface USB Card",https://www.amazon.ca/HP-17-3-Anti-Glare-i3-1215U-Graphics/dp/B0D12GK8P3/ref=sr_1_92?crid=1E63C3THFEGDP&dib=eyJ2IjoiMSJ9.akMDTOG5KBho4VWXJdqFI-2Vo012hyghVX19Ise9rhuYnjxLoG2IsHdZNj68CyWm06Wz4KoboBIPslkPi0t2Pq8VkUqaCNIPfZs5bk_8dwDJ3zaJLirn7oJovR1l5rZHYdCtGqsQ5kSV2BiJ81EcZww8KZxzA1BRaP7NcTSWyDBbEu8RtbEedS-smxQmcTYd1OHFf05fQkWQcbZZSTB9qhTy4aZJlGAhplot32JlaqAfgOTYFC8cZ_1Vg-GClmy7ct76t8Or8SSxPTK0h_LrzlsS-6_w8kUTA_zltFRk4KA.UONvbtGOlpIa-P5CdAfx5O8hDsMAVxb8TTgZOZ8MNuI&dib_tag=se&keywords=laptop&qid=1729747871&sprefix=laptop%2Caps%2C128&sr=8-92,769.00,4.2,424,Not available
"Lenovo 2019 Thinkpad T470 14-inch IPS Full HD FHD (1920x1080) Business Laptop (Intel Core i5-6300U, 16GB DDR4 RAM, 256GB PCIe NVMe M.2 SSD) Thunderbolt, Type-C, HDMI, RJ-45, Windows 10 Pro (Renewed)",https://www.amazon.ca/Lenovo-Thinkpad-1920x1080-Business-Thunderbolt/dp/B08T6J8MZK/ref=sr_1_94?crid=1E63C3THFEGDP&dib=eyJ2IjoiMSJ9.akMDTOG5KBho4VWXJdqFI-2Vo012hyghVX19Ise9rhuYnjxLoG2IsHdZNj68CyWm06Wz4KoboBIPslkPi0t2Pq8VkUqaCNIPfZs5bk_8dwDJ3zaJLirn7oJovR1l5rZHYdCtGqsQ5kSV2BiJ81EcZww8KZxzA1BRaP7NcTSWyDBbEu8RtbEedS-smxQmcTYd1OHFf05fQkWQcbZZSTB9qhTy4aZJlGAhplot32JlaqAfgOTYFC8cZ_1Vg-GClmy7ct76t8Or8SSxPTK0h_LrzlsS-6_w8kUTA_zltFRk4KA.UONvbtGOlpIa-P5CdAfx5O8hDsMAVxb8TTgZOZ8MNuI&dib_tag=se&keywords=laptop&qid=1729747871&sprefix=laptop%2Caps%2C128&sr=8-94,Price not available,4.2,604,Not available
Dell Inspiron 15 3000 3520 12th Gen Intel i5-1235U 512GB SSD 16GB RAM 15.6-inch 1920x1080 FHD Laptop Windows 11 Home,https://www.amazon.ca/Dell-Inspiron-3520-15-6-inch-1920x1080/dp/B0CKFQRSXZ/ref=sr_1_91?crid=1E63C3THFEGDP&dib=eyJ2IjoiMSJ9.akMDTOG5KBho4VWXJdqFI-2Vo012hyghVX19Ise9rhuYnjxLoG2IsHdZNj68CyWm06Wz4KoboBIPslkPi0t2Pq8VkUqaCNIPfZs5bk_8dwDJ3zaJLirn7oJovR1l5rZHYdCtGqsQ5kSV2BiJ81EcZww8KZxzA1BRaP7NcTSWyDBbEu8RtbEedS-smxQmcTYd1OHFf05fQkWQcbZZSTB9qhTy4aZJlGAhplot32JlaqAfgOTYFC8cZ_1Vg-GClmy7ct76t8Or8SSxPTK0h_LrzlsS-6_w8kUTA_zltFRk4KA.UONvbtGOlpIa-P5CdAfx5O8hDsMAVxb8TTgZOZ8MNuI&dib_tag=se&keywords=laptop&qid=1729747871&sprefix=laptop%2Caps%2C128&sr=8-91,659.90,5.0,1,Not available
"ASUS Vivobook 15, Intel® Core™ i5-1235U Processor, ‎Intel UHD Graphics 620, 8GB DDR4, 512GB SSD, Wi-Fi 5, Windows 11, Quiet Blue, X1504ZA-BS55-CB",https://www.amazon.ca/Vivobook-i5-1235U-Processor-Graphics-X1504ZA-BS55-CB/dp/B0D5SXCKCD/ref=sr_1_90?crid=1E63C3THFEGDP&dib=eyJ2IjoiMSJ9.akMDTOG5KBho4VWXJdqFI-2Vo012hyghVX19Ise9rhuYnjxLoG2IsHdZNj68CyWm06Wz4KoboBIPslkPi0t2Pq8VkUqaCNIPfZs5bk_8dwDJ3zaJLirn7oJovR1l5rZHYdCtGqsQ5kSV2BiJ81EcZww8KZxzA1BRaP7NcTSWyDBbEu8RtbEedS-smxQmcTYd1OHFf05fQkWQcbZZSTB9qhTy4aZJlGAhplot32JlaqAfgOTYFC8cZ_1Vg-GClmy7ct76t8Or8SSxPTK0h_LrzlsS-6_w8kUTA_zltFRk4KA.UONvbtGOlpIa-P5CdAfx5O8hDsMAVxb8TTgZOZ8MNuI&dib_tag=se&keywords=laptop&qid=1729747871&sprefix=laptop%2Caps%2C128&sr=8-90,549.00,3.8,6,Not available
"Lenovo Ideapad i3 15.6"" FHD IPS Touchscreen Laptop, Intel i3-1115G4, 16GB RAM, 512GB PCIe SSD, Intel UHD Graphics, Numeric Keypad, HD Webcam, Wi-Fi 6, Windows 11, Gray, 32GB USB Card",https://www.amazon.ca/Ideapad-Touchscreen-i3-1115G4-Graphics-Numeric/dp/B0CN8B697S/ref=sr_1_89?crid=1E63C3THFEGDP&dib=eyJ2IjoiMSJ9.akMDTOG5KBho4VWXJdqFI-2Vo012hyghVX19Ise9rhuYnjxLoG2IsHdZNj68CyWm06Wz4KoboBIPslkPi0t2Pq8VkUqaCNIPfZs5bk_8dwDJ3zaJLirn7oJovR1l5rZHYdCtGqsQ5kSV2BiJ81EcZww8KZxzA1BRaP7NcTSWyDBbEu8RtbEedS-smxQmcTYd1OHFf05fQkWQcbZZSTB9qhTy4aZJlGAhplot32JlaqAfgOTYFC8cZ_1Vg-GClmy7ct76t8Or8SSxPTK0h_LrzlsS-6_w8kUTA_zltFRk4KA.UONvbtGOlpIa-P5CdAfx5O8hDsMAVxb8TTgZOZ8MNuI&dib_tag=se&keywords=laptop&qid=1729747871&sprefix=laptop%2Caps%2C128&sr=8-89,639.00,4.3,"3,983",Not available
Dell Latitude E7250 Microsoft Renewed Laptop,https://www.amazon.ca/Dell-Latitude-i5-5300U-Certified-Refurbished/dp/B07FDHGH2R/ref=sr_1_88?crid=1E63C3THFEGDP&dib=eyJ2IjoiMSJ9.akMDTOG5KBho4VWXJdqFI-2Vo012hyghVX19Ise9rhuYnjxLoG2IsHdZNj68CyWm06Wz4KoboBIPslkPi0t2Pq8VkUqaCNIPfZs5bk_8dwDJ3zaJLirn7oJovR1l5rZHYdCtGqsQ5kSV2BiJ81EcZww8KZxzA1BRaP7NcTSWyDBbEu8RtbEedS-smxQmcTYd1OHFf05fQkWQcbZZSTB9qhTy4aZJlGAhplot32JlaqAfgOTYFC8cZ_1Vg-GClmy7ct76t8Or8SSxPTK0h_LrzlsS-6_w8kUTA_zltFRk4KA.UONvbtGOlpIa-P5CdAfx5O8hDsMAVxb8TTgZOZ8MNuI&dib_tag=se&keywords=laptop&qid=1729747871&sprefix=laptop%2Caps%2C128&sr=8-88,188.66,4.1,404,Not available
"MSI Thin A15 B7UC-057CA 15.6"" 144Hz Gaming Laptop AMD Ryzen R7 7735HS RTX 3050 16GB 1TB NVMe SSD Win11",https://www.amazon.ca/MSI-Thin-A15-B7UC-057CA-Gaming/dp/B0CRKQS256/ref=sr_1_87?crid=1E63C3THFEGDP&dib=eyJ2IjoiMSJ9.akMDTOG5KBho4VWXJdqFI-2Vo012hyghVX19Ise9rhuYnjxLoG2IsHdZNj68CyWm06Wz4KoboBIPslkPi0t2Pq8VkUqaCNIPfZs5bk_8dwDJ3zaJLirn7oJovR1l5rZHYdCtGqsQ5kSV2BiJ81EcZww8KZxzA1BRaP7NcTSWyDBbEu8RtbEedS-smxQmcTYd1OHFf05fQkWQcbZZSTB9qhTy4aZJlGAhplot32JlaqAfgOTYFC8cZ_1Vg-GClmy7ct76t8Or8SSxPTK0h_LrzlsS-6_w8kUTA_zltFRk4KA.UONvbtGOlpIa-P5CdAfx5O8hDsMAVxb8TTgZOZ8MNuI&dib_tag=se&keywords=laptop&qid=1729747871&sprefix=laptop%2Caps%2C128&sr=8-87,"1,299.00",3.0,3,Not available
"HP Essential 255 G8 Laptop, 15.6"" FHD Display, AMD Ryzen 5 5500U, 16GB RAM, 1TB PCIe SSD, Webcam, SD Card Reader, HDMI, Wi-Fi 6, Windows 11 Pro, Dark Ash Silver…",https://www.amazon.ca/HP-Essential-Laptop-Display-Windows/dp/B0CNJCY4MG/ref=sr_1_86?crid=1E63C3THFEGDP&dib=eyJ2IjoiMSJ9.akMDTOG5KBho4VWXJdqFI-2Vo012hyghVX19Ise9rhuYnjxLoG2IsHdZNj68CyWm06Wz4KoboBIPslkPi0t2Pq8VkUqaCNIPfZs5bk_8dwDJ3zaJLirn7oJovR1l5rZHYdCtGqsQ5kSV2BiJ81EcZww8KZxzA1BRaP7NcTSWyDBbEu8RtbEedS-smxQmcTYd1OHFf05fQkWQcbZZSTB9qhTy4aZJlGAhplot32JlaqAfgOTYFC8cZ_1Vg-GClmy7ct76t8Or8SSxPTK0h_LrzlsS-6_w8kUTA_zltFRk4KA.UONvbtGOlpIa-P5CdAfx5O8hDsMAVxb8TTgZOZ8MNuI&dib_tag=se&keywords=laptop&qid=1729747871&sprefix=laptop%2Caps%2C128&sr=8-86,725.00,4.9,10,Not available
"ASUS BR1100 Laptop, BR1100FKA-CES1S-CA, 11.6"" HD Touch Screen Glossy Display, Intel Celeron N4500 Processor, 4GB RAM, 128GB Storage, MIL-STD 810H Durability, TPM 2.0, Windows 10 Pro, Star Grey",https://www.amazon.ca/BR1100FKA-CES1S-CA-Display-Celeron-Processor-Durability/dp/B09HN3TWSG/ref=sr_1_85?crid=1E63C3THFEGDP&dib=eyJ2IjoiMSJ9.akMDTOG5KBho4VWXJdqFI-2Vo012hyghVX19Ise9rhuYnjxLoG2IsHdZNj68CyWm06Wz4KoboBIPslkPi0t2Pq8VkUqaCNIPfZs5bk_8dwDJ3zaJLirn7oJovR1l5rZHYdCtGqsQ5kSV2BiJ81EcZww8KZxzA1BRaP7NcTSWyDBbEu8RtbEedS-smxQmcTYd1OHFf05fQkWQcbZZSTB9qhTy4aZJlGAhplot32JlaqAfgOTYFC8cZ_1Vg-GClmy7ct76t8Or8SSxPTK0h_LrzlsS-6_w8kUTA_zltFRk4KA.UONvbtGOlpIa-P5CdAfx5O8hDsMAVxb8TTgZOZ8MNuI&dib_tag=se&keywords=laptop&qid=1729747871&sprefix=laptop%2Caps%2C128&sr=8-85,299.00,4.1,214,Not available
"Acer Aspire 3 Laptop 15.6"" FHD Display, AMD Athlon 7120U CPU, 8GB LPDDR5 RAM, Fast 256GB SSD, Win 11 Home (1 yr Manufacturer Warranty) (Renewed)",https://www.amazon.ca/Acer-Display-Manufacturer-Warranty-Renewed/dp/B0CN9SKYB4/ref=sr_1_84?crid=1E63C3THFEGDP&dib=eyJ2IjoiMSJ9.akMDTOG5KBho4VWXJdqFI-2Vo012hyghVX19Ise9rhuYnjxLoG2IsHdZNj68CyWm06Wz4KoboBIPslkPi0t2Pq8VkUqaCNIPfZs5bk_8dwDJ3zaJLirn7oJovR1l5rZHYdCtGqsQ5kSV2BiJ81EcZww8KZxzA1BRaP7NcTSWyDBbEu8RtbEedS-smxQmcTYd1OHFf05fQkWQcbZZSTB9qhTy4aZJlGAhplot32JlaqAfgOTYFC8cZ_1Vg-GClmy7ct76t8Or8SSxPTK0h_LrzlsS-6_w8kUTA_zltFRk4KA.UONvbtGOlpIa-P5CdAfx5O8hDsMAVxb8TTgZOZ8MNuI&dib_tag=se&keywords=laptop&qid=1729747871&sprefix=laptop%2Caps%2C128&sr=8-84,355.00,4.2,8,Not available
Lenovo B210,https://www.amazon.ca/Lenovo-Backpack-15-6-Inch-Water-Repellent-GX40Q17226/dp/B075Y7H8V6/ref=sr_1_83?crid=1E63C3THFEGDP&dib=eyJ2IjoiMSJ9.akMDTOG5KBho4VWXJdqFI-2Vo012hyghVX19Ise9rhuYnjxLoG2IsHdZNj68CyWm06Wz4KoboBIPslkPi0t2Pq8VkUqaCNIPfZs5bk_8dwDJ3zaJLirn7oJovR1l5rZHYdCtGqsQ5kSV2BiJ81EcZww8KZxzA1BRaP7NcTSWyDBbEu8RtbEedS-smxQmcTYd1OHFf05fQkWQcbZZSTB9qhTy4aZJlGAhplot32JlaqAfgOTYFC8cZ_1Vg-GClmy7ct76t8Or8SSxPTK0h_LrzlsS-6_w8kUTA_zltFRk4KA.UONvbtGOlpIa-P5CdAfx5O8hDsMAVxb8TTgZOZ8MNuI&dib_tag=se&keywords=laptop&qid=1729747871&sprefix=laptop%2Caps%2C128&sr=8-83,10.99,4.4,"11,148",Not available
"Lenovo Thinkpad E16 Gen 1 16"" WUXGA (1920 x 1200) Laptop - Intel Core i7-1355U (10 Core) Processor, 16GB RAM, 512GB SSD, Windows 11 Pro - Graphite Black",https://www.amazon.ca/Lenovo-Thinkpad-WUXGA-1920-Laptop/dp/B0CLW3PXHC/ref=sr_1_82?crid=1E63C3THFEGDP&dib=eyJ2IjoiMSJ9.akMDTOG5KBho4VWXJdqFI-2Vo012hyghVX19Ise9rhuYnjxLoG2IsHdZNj68CyWm06Wz4KoboBIPslkPi0t2Pq8VkUqaCNIPfZs5bk_8dwDJ3zaJLirn7oJovR1l5rZHYdCtGqsQ5kSV2BiJ81EcZww8KZxzA1BRaP7NcTSWyDBbEu8RtbEedS-smxQmcTYd1OHFf05fQkWQcbZZSTB9qhTy4aZJlGAhplot32JlaqAfgOTYFC8cZ_1Vg-GClmy7ct76t8Or8SSxPTK0h_LrzlsS-6_w8kUTA_zltFRk4KA.UONvbtGOlpIa-P5CdAfx5O8hDsMAVxb8TTgZOZ8MNuI&dib_tag=se&keywords=laptop&qid=1729747871&sprefix=laptop%2Caps%2C128&sr=8-82,"1,209.99",4.2,24,Not available
"HP EliteBook 840 G1 14in Laptop, Core i5-4300U 1.9GHz, 8GB Ram, 500GB HDD, Windows 10 Pro 64bit (Renewed)",https://www.amazon.ca/HP-EliteBook-i5-4300U-Certified-Refurbished/dp/B077T24RT6/ref=sr_1_81?crid=1E63C3THFEGDP&dib=eyJ2IjoiMSJ9.akMDTOG5KBho4VWXJdqFI-2Vo012hyghVX19Ise9rhuYnjxLoG2IsHdZNj68CyWm06Wz4KoboBIPslkPi0t2Pq8VkUqaCNIPfZs5bk_8dwDJ3zaJLirn7oJovR1l5rZHYdCtGqsQ5kSV2BiJ81EcZww8KZxzA1BRaP7NcTSWyDBbEu8RtbEedS-smxQmcTYd1OHFf05fQkWQcbZZSTB9qhTy4aZJlGAhplot32JlaqAfgOTYFC8cZ_1Vg-GClmy7ct76t8Or8SSxPTK0h_LrzlsS-6_w8kUTA_zltFRk4KA.UONvbtGOlpIa-P5CdAfx5O8hDsMAVxb8TTgZOZ8MNuI&dib_tag=se&keywords=laptop&qid=1729747871&sprefix=laptop%2Caps%2C128&sr=8-81,Price not available,5.0,7,Not available
"Samsung Galaxy Book4 Edge Laptop, 14"", Copilot+, Qualcomm Snapdragon X Elite, 16GB RAM, 512GB Storage - Sapphire Blue",https://www.amazon.ca/Samsung-Copilot-Qualcomm-Snapdragon-Storage/dp/B0D4CBSDFC/ref=sr_1_144?crid=1E63C3THFEGDP&dib=eyJ2IjoiMSJ9.3ZboQUZ9TuG7BPZ79Skc620Eedpe517gmsQjxguqREWVWOTNr0Whwq0LBYVCPn5GxlPL0-K4eDnpE36YZDZkHwoP615HX6RIHZ9Q7a7kz-PYUEZ7Xxm4cofzys07XPiuzbqgU6r3vplm-hljaH2vyR9VtEtlDo_dg0zO7sX1toTma-2bzMzpp400OfP0CmpL5cKM3Xf8Mfakzn3FTU0IXBgbH7rHSCMz3Iv9h6ejRUAr6Wm-tFTi9HNCKD7RlRYLJanu3RIdcZNDIdmKDIaLSXGxQz-sk-1tf8ONF45Zxqs.K6tR3CjdoZBEaYsDnjlqZq4p6ObGf6QWDs8EHJynWMM&dib_tag=se&keywords=laptop&qid=1729747871&sprefix=laptop%2Caps%2C128&sr=8-144,"1,649.99",4.2,7,Not available
"Dell Inspiron 15.6"" FHD Business Laptop, Intel Core i3-1215U, 32GB DDR4 RAM, 2TB PCIe SSD, Intel UHD Graphics, Numeric Keypad, Webcam, Wi-Fi 6, Bluetooth, Black, Win 11 Pro",https://www.amazon.ca/Dell-Inspiron-15-6-Business-Bluetooth/dp/B07SZ2TM2J/ref=sr_1_143?crid=1E63C3THFEGDP&dib=eyJ2IjoiMSJ9.3ZboQUZ9TuG7BPZ79Skc620Eedpe517gmsQjxguqREWVWOTNr0Whwq0LBYVCPn5GxlPL0-K4eDnpE36YZDZkHwoP615HX6RIHZ9Q7a7kz-PYUEZ7Xxm4cofzys07XPiuzbqgU6r3vplm-hljaH2vyR9VtEtlDo_dg0zO7sX1toTma-2bzMzpp400OfP0CmpL5cKM3Xf8Mfakzn3FTU0IXBgbH7rHSCMz3Iv9h6ejRUAr6Wm-tFTi9HNCKD7RlRYLJanu3RIdcZNDIdmKDIaLSXGxQz-sk-1tf8ONF45Zxqs.K6tR3CjdoZBEaYsDnjlqZq4p6ObGf6QWDs8EHJynWMM&dib_tag=se&keywords=laptop&qid=1729747871&sprefix=laptop%2Caps%2C128&sr=8-143,829.00,5.0,1,Not available
"HP 15.6"" FHD Touchscreen Laptop, Intel i7-1255U, 64GB RAM, 2TB PCIe SSD, Backlit Keyboard, Intel Iris Xe Graphics, HD Camera, HP Fast Charge, Win 11 Pro, Silver, 32GB Hotface USB Card",https://www.amazon.ca/HP-Touchscreen-i7-1255U-Keyboard-Graphics/dp/B0CYZC2FZD/ref=sr_1_142?crid=1E63C3THFEGDP&dib=eyJ2IjoiMSJ9.3ZboQUZ9TuG7BPZ79Skc620Eedpe517gmsQjxguqREWVWOTNr0Whwq0LBYVCPn5GxlPL0-K4eDnpE36YZDZkHwoP615HX6RIHZ9Q7a7kz-PYUEZ7Xxm4cofzys07XPiuzbqgU6r3vplm-hljaH2vyR9VtEtlDo_dg0zO7sX1toTma-2bzMzpp400OfP0CmpL5cKM3Xf8Mfakzn3FTU0IXBgbH7rHSCMz3Iv9h6ejRUAr6Wm-tFTi9HNCKD7RlRYLJanu3RIdcZNDIdmKDIaLSXGxQz-sk-1tf8ONF45Zxqs.K6tR3CjdoZBEaYsDnjlqZq4p6ObGf6QWDs8EHJynWMM&dib_tag=se&keywords=laptop&qid=1729747871&sprefix=laptop%2Caps%2C128&sr=8-142,"1,399.00",4.2,177,Not available
"Lenovo IdeaPad 1i 15.6"" FHD Business Laptop, Intel i5-1235U, 16GB RAM, 800GB Storage(512GB SSD+288GB Docking Station Set), Intel Iris Xe Graphics, Number Pad, HD Camera, WiFi 6, Win 11 Pro, Gray",https://www.amazon.ca/Lenovo-IdeaPad-1i-Business-i5-1235U/dp/B0D9LS4RX3/ref=sr_1_140?crid=1E63C3THFEGDP&dib=eyJ2IjoiMSJ9.3ZboQUZ9TuG7BPZ79Skc620Eedpe517gmsQjxguqREWVWOTNr0Whwq0LBYVCPn5GxlPL0-K4eDnpE36YZDZkHwoP615HX6RIHZ9Q7a7kz-PYUEZ7Xxm4cofzys07XPiuzbqgU6r3vplm-hljaH2vyR9VtEtlDo_dg0zO7sX1toTma-2bzMzpp400OfP0CmpL5cKM3Xf8Mfakzn3FTU0IXBgbH7rHSCMz3Iv9h6ejRUAr6Wm-tFTi9HNCKD7RlRYLJanu3RIdcZNDIdmKDIaLSXGxQz-sk-1tf8ONF45Zxqs.K6tR3CjdoZBEaYsDnjlqZq4p6ObGf6QWDs8EHJynWMM&dib_tag=se&keywords=laptop&qid=1729747871&sprefix=laptop%2Caps%2C128&sr=8-140,769.00,4.6,13,Not available
Dell Latitude E7470 Laptop 14 - Intel Core i7 6th Gen - i7-6600U - 3.4Ghz - 256GB SSD - 8GB RAM - 1920x1080 FHD - Windows 10 Pro (Renewed),https://www.amazon.ca/Latitude-E7470-Ultrabook-Bluetooth-Refurbished/dp/B07GH93TB5/ref=sr_1_139?crid=1E63C3THFEGDP&dib=eyJ2IjoiMSJ9.3ZboQUZ9TuG7BPZ79Skc620Eedpe517gmsQjxguqREWVWOTNr0Whwq0LBYVCPn5GxlPL0-K4eDnpE36YZDZkHwoP615HX6RIHZ9Q7a7kz-PYUEZ7Xxm4cofzys07XPiuzbqgU6r3vplm-hljaH2vyR9VtEtlDo_dg0zO7sX1toTma-2bzMzpp400OfP0CmpL5cKM3Xf8Mfakzn3FTU0IXBgbH7rHSCMz3Iv9h6ejRUAr6Wm-tFTi9HNCKD7RlRYLJanu3RIdcZNDIdmKDIaLSXGxQz-sk-1tf8ONF45Zxqs.K6tR3CjdoZBEaYsDnjlqZq4p6ObGf6QWDs8EHJynWMM&dib_tag=se&keywords=laptop&qid=1729747871&sprefix=laptop%2Caps%2C128&sr=8-139,299.99,3.3,11,Not available
"HP EliteBook 840 G5 14"" Laptop, Intel Core i5, 16GB, 256GB SSD, Windows 11 Pro. (Renewed)",https://www.amazon.ca/HP-EliteBook-Laptop-Windows-Renewed/dp/B0BN4LGR88/ref=sr_1_138?crid=1E63C3THFEGDP&dib=eyJ2IjoiMSJ9.3ZboQUZ9TuG7BPZ79Skc620Eedpe517gmsQjxguqREWVWOTNr0Whwq0LBYVCPn5GxlPL0-K4eDnpE36YZDZkHwoP615HX6RIHZ9Q7a7kz-PYUEZ7Xxm4cofzys07XPiuzbqgU6r3vplm-hljaH2vyR9VtEtlDo_dg0zO7sX1toTma-2bzMzpp400OfP0CmpL5cKM3Xf8Mfakzn3FTU0IXBgbH7rHSCMz3Iv9h6ejRUAr6Wm-tFTi9HNCKD7RlRYLJanu3RIdcZNDIdmKDIaLSXGxQz-sk-1tf8ONF45Zxqs.K6tR3CjdoZBEaYsDnjlqZq4p6ObGf6QWDs8EHJynWMM&dib_tag=se&keywords=laptop&qid=1729747871&sprefix=laptop%2Caps%2C128&sr=8-138,305.00,4.3,37,Not available
"ASUS TUF Gaming A15 Gaming Laptop, 15.6” 144Hz FHD Display, AMD Ryzen™ 5 7535HS Processor, GeForce RTX 3050, 8GB DDR5 RAM, 512GB PCIe SSD Gen 4, Wi-Fi 6, Windows 11, FA506NC-DS51-CA",https://www.amazon.ca/ASUS-Display-RyzenTM-Processor-FA506NC-DS51-CA/dp/B0CW3MSLQ5/ref=sr_1_137?crid=1E63C3THFEGDP&dib=eyJ2IjoiMSJ9.3ZboQUZ9TuG7BPZ79Skc620Eedpe517gmsQjxguqREWVWOTNr0Whwq0LBYVCPn5GxlPL0-K4eDnpE36YZDZkHwoP615HX6RIHZ9Q7a7kz-PYUEZ7Xxm4cofzys07XPiuzbqgU6r3vplm-hljaH2vyR9VtEtlDo_dg0zO7sX1toTma-2bzMzpp400OfP0CmpL5cKM3Xf8Mfakzn3FTU0IXBgbH7rHSCMz3Iv9h6ejRUAr6Wm-tFTi9HNCKD7RlRYLJanu3RIdcZNDIdmKDIaLSXGxQz-sk-1tf8ONF45Zxqs.K6tR3CjdoZBEaYsDnjlqZq4p6ObGf6QWDs8EHJynWMM&dib_tag=se&keywords=laptop&qid=1729747871&sprefix=laptop%2Caps%2C128&sr=8-137,848.98,4.3,5,Not available
"ASUS Zenbook 14 OLED 14” WUXGA Touchscreen Laptop, AMD Ryzen 7 8840HS, 16GB Memory, 1 TB SSD, Jade Black, UM3406HA-AS71-CA",https://www.amazon.ca/Zenbook-Touchscreen-Laptop-8840HS-UM3406HA-AS71-CA/dp/B0CY9W2GWG/ref=sr_1_141?crid=1E63C3THFEGDP&dib=eyJ2IjoiMSJ9.3ZboQUZ9TuG7BPZ79Skc620Eedpe517gmsQjxguqREWVWOTNr0Whwq0LBYVCPn5GxlPL0-K4eDnpE36YZDZkHwoP615HX6RIHZ9Q7a7kz-PYUEZ7Xxm4cofzys07XPiuzbqgU6r3vplm-hljaH2vyR9VtEtlDo_dg0zO7sX1toTma-2bzMzpp400OfP0CmpL5cKM3Xf8Mfakzn3FTU0IXBgbH7rHSCMz3Iv9h6ejRUAr6Wm-tFTi9HNCKD7RlRYLJanu3RIdcZNDIdmKDIaLSXGxQz-sk-1tf8ONF45Zxqs.K6tR3CjdoZBEaYsDnjlqZq4p6ObGf6QWDs8EHJynWMM&dib_tag=se&keywords=laptop&qid=1729747871&sprefix=laptop%2Caps%2C128&sr=8-141,"1,399.00",3.7,9,Not available
"HP EliteBook 840 G1 14in HD Business Laptop Computer Ultrabook, Intel Core i5-4200U 1.9 GHz Processor, 8GB RAM, 256GB SSD, USB 3.0, VGA, WiFi, RJ45, Windows 10 Pro (Renewed) (256gb SSD)",https://www.amazon.ca/HP-EliteBook-840-G1-Refurbished/dp/B07BB2NPC8/ref=sr_1_136?crid=1E63C3THFEGDP&dib=eyJ2IjoiMSJ9.3ZboQUZ9TuG7BPZ79Skc620Eedpe517gmsQjxguqREWVWOTNr0Whwq0LBYVCPn5GxlPL0-K4eDnpE36YZDZkHwoP615HX6RIHZ9Q7a7kz-PYUEZ7Xxm4cofzys07XPiuzbqgU6r3vplm-hljaH2vyR9VtEtlDo_dg0zO7sX1toTma-2bzMzpp400OfP0CmpL5cKM3Xf8Mfakzn3FTU0IXBgbH7rHSCMz3Iv9h6ejRUAr6Wm-tFTi9HNCKD7RlRYLJanu3RIdcZNDIdmKDIaLSXGxQz-sk-1tf8ONF45Zxqs.K6tR3CjdoZBEaYsDnjlqZq4p6ObGf6QWDs8EHJynWMM&dib_tag=se&keywords=laptop&qid=1729747871&sprefix=laptop%2Caps%2C128&sr=8-136,248.99,4.0,29,Not available
"Lenovo Thinkpad X390 Business Laptop, Intel Core i7-8665U 1.9GHz, 4.8GHz Max Turbo Frequency, 16GB DDR4 RAM, 512GB SSD, Fingeprint, Backlit Keyboard, 13.3"" FHD, Windows 10 Pro (Renewed)",https://www.amazon.ca/Lenovo-Thinkpad-X390-Frequency-Fingeprint/dp/B0CJ54DV3P/ref=sr_1_135?crid=1E63C3THFEGDP&dib=eyJ2IjoiMSJ9.3ZboQUZ9TuG7BPZ79Skc620Eedpe517gmsQjxguqREWVWOTNr0Whwq0LBYVCPn5GxlPL0-K4eDnpE36YZDZkHwoP615HX6RIHZ9Q7a7kz-PYUEZ7Xxm4cofzys07XPiuzbqgU6r3vplm-hljaH2vyR9VtEtlDo_dg0zO7sX1toTma-2bzMzpp400OfP0CmpL5cKM3Xf8Mfakzn3FTU0IXBgbH7rHSCMz3Iv9h6ejRUAr6Wm-tFTi9HNCKD7RlRYLJanu3RIdcZNDIdmKDIaLSXGxQz-sk-1tf8ONF45Zxqs.K6tR3CjdoZBEaYsDnjlqZq4p6ObGf6QWDs8EHJynWMM&dib_tag=se&keywords=laptop&qid=1729747871&sprefix=laptop%2Caps%2C128&sr=8-135,395.99,3.8,7,Not available
"HP 15.6"" FHD Laptop Computer, Intel i5-1135G7, 16GB DDR4 RAM, 512GB PCIe SSD, Intel Iris Xe Graphics, HD Webcam, Stereo Speakers, Windows 11, Silver, 32GB USB Card",https://www.amazon.ca/HP-Laptop-Computer-i5-1135G7-Graphics/dp/B0CPJCFQGC/ref=sr_1_134?crid=1E63C3THFEGDP&dib=eyJ2IjoiMSJ9.3ZboQUZ9TuG7BPZ79Skc620Eedpe517gmsQjxguqREWVWOTNr0Whwq0LBYVCPn5GxlPL0-K4eDnpE36YZDZkHwoP615HX6RIHZ9Q7a7kz-PYUEZ7Xxm4cofzys07XPiuzbqgU6r3vplm-hljaH2vyR9VtEtlDo_dg0zO7sX1toTma-2bzMzpp400OfP0CmpL5cKM3Xf8Mfakzn3FTU0IXBgbH7rHSCMz3Iv9h6ejRUAr6Wm-tFTi9HNCKD7RlRYLJanu3RIdcZNDIdmKDIaLSXGxQz-sk-1tf8ONF45Zxqs.K6tR3CjdoZBEaYsDnjlqZq4p6ObGf6QWDs8EHJynWMM&dib_tag=se&keywords=laptop&qid=1729747871&sprefix=laptop%2Caps%2C128&sr=8-134,699.00,4.3,740,Not available
"HP Laptop, 15.6"" HD Display, Intel N200 Processor, 16GB RAM, 128GB UFS, Windows 11 Home, Office 365 (1-Year), Bluetooth, Wi-Fi 6, Full-Size Keyboard with Numeric Keypad, Black",https://www.amazon.ca/HP-Processor-Bluetooth-Full-Size-Keyboard/dp/B0DBVCQG7N/ref=sr_1_133?crid=1E63C3THFEGDP&dib=eyJ2IjoiMSJ9.3ZboQUZ9TuG7BPZ79Skc620Eedpe517gmsQjxguqREWVWOTNr0Whwq0LBYVCPn5GxlPL0-K4eDnpE36YZDZkHwoP615HX6RIHZ9Q7a7kz-PYUEZ7Xxm4cofzys07XPiuzbqgU6r3vplm-hljaH2vyR9VtEtlDo_dg0zO7sX1toTma-2bzMzpp400OfP0CmpL5cKM3Xf8Mfakzn3FTU0IXBgbH7rHSCMz3Iv9h6ejRUAr6Wm-tFTi9HNCKD7RlRYLJanu3RIdcZNDIdmKDIaLSXGxQz-sk-1tf8ONF45Zxqs.K6tR3CjdoZBEaYsDnjlqZq4p6ObGf6QWDs8EHJynWMM&dib_tag=se&keywords=laptop&qid=1729747871&sprefix=laptop%2Caps%2C128&sr=8-133,399.99,FREE delivery Oct 29 - 31 ,No reviews available,Not available
"Lenovo Ideapad 1i 15.6"" FHD Touchscreen Laptop, Intel Core i3-1215U, 8GB RAM, 256GB SSD, Intel UHD Graphics, Windows 11 with Copilot AI, Wi-Fi 6, Smart Noise Cancelling, Cloud Gray",https://www.amazon.ca/Lenovo-Touchscreen-i3-1215U-Graphics-Cancelling/dp/B0DDV1GPRC/ref=sr_1_132?crid=1E63C3THFEGDP&dib=eyJ2IjoiMSJ9.3ZboQUZ9TuG7BPZ79Skc620Eedpe517gmsQjxguqREWVWOTNr0Whwq0LBYVCPn5GxlPL0-K4eDnpE36YZDZkHwoP615HX6RIHZ9Q7a7kz-PYUEZ7Xxm4cofzys07XPiuzbqgU6r3vplm-hljaH2vyR9VtEtlDo_dg0zO7sX1toTma-2bzMzpp400OfP0CmpL5cKM3Xf8Mfakzn3FTU0IXBgbH7rHSCMz3Iv9h6ejRUAr6Wm-tFTi9HNCKD7RlRYLJanu3RIdcZNDIdmKDIaLSXGxQz-sk-1tf8ONF45Zxqs.K6tR3CjdoZBEaYsDnjlqZq4p6ObGf6QWDs8EHJynWMM&dib_tag=se&keywords=laptop&qid=1729747871&sprefix=laptop%2Caps%2C128&sr=8-132,499.99,5.0,1,Not available
Dell Latitude 5320 Laptop 13.3 - Intel Core i7 11th Gen - i7-1185G7 - Quad Core 4.4Ghz - 512GB SSD - 16GB RAM - 1920x1080 FHD - Windows 10 Pro (Renewed),https://www.amazon.ca/Dell-Latitude-5320-Laptop-13-3/dp/B093WZ2X92/ref=sr_1_131?crid=1E63C3THFEGDP&dib=eyJ2IjoiMSJ9.3ZboQUZ9TuG7BPZ79Skc620Eedpe517gmsQjxguqREWVWOTNr0Whwq0LBYVCPn5GxlPL0-K4eDnpE36YZDZkHwoP615HX6RIHZ9Q7a7kz-PYUEZ7Xxm4cofzys07XPiuzbqgU6r3vplm-hljaH2vyR9VtEtlDo_dg0zO7sX1toTma-2bzMzpp400OfP0CmpL5cKM3Xf8Mfakzn3FTU0IXBgbH7rHSCMz3Iv9h6ejRUAr6Wm-tFTi9HNCKD7RlRYLJanu3RIdcZNDIdmKDIaLSXGxQz-sk-1tf8ONF45Zxqs.K6tR3CjdoZBEaYsDnjlqZq4p6ObGf6QWDs8EHJynWMM&dib_tag=se&keywords=laptop&qid=1729747871&sprefix=laptop%2Caps%2C128&sr=8-131,482.99,4.3,7,Not available
Acer Swift Go Intel Evo Laptop | 16” WUXGA Display | i7-1355U CPU | 16GB LPDDR5 RAM | 1TB SSD | 1 Yr Manufacturer Warranty (Renewed),https://www.amazon.ca/Acer-Display-i7-1355U-Manufacturer-Warranty/dp/B0CLYTVMXG/ref=sr_1_130?crid=1E63C3THFEGDP&dib=eyJ2IjoiMSJ9.3ZboQUZ9TuG7BPZ79Skc620Eedpe517gmsQjxguqREWVWOTNr0Whwq0LBYVCPn5GxlPL0-K4eDnpE36YZDZkHwoP615HX6RIHZ9Q7a7kz-PYUEZ7Xxm4cofzys07XPiuzbqgU6r3vplm-hljaH2vyR9VtEtlDo_dg0zO7sX1toTma-2bzMzpp400OfP0CmpL5cKM3Xf8Mfakzn3FTU0IXBgbH7rHSCMz3Iv9h6ejRUAr6Wm-tFTi9HNCKD7RlRYLJanu3RIdcZNDIdmKDIaLSXGxQz-sk-1tf8ONF45Zxqs.K6tR3CjdoZBEaYsDnjlqZq4p6ObGf6QWDs8EHJynWMM&dib_tag=se&keywords=laptop&qid=1729747871&sprefix=laptop%2Caps%2C128&sr=8-130,799.00,4.4,4,Not available
"HP 14 inch Laptop, Full HD Display, Intel Pentium Silver N6000, 4 GB RAM, 256 GB SSD, Intel UHD Graphics, Windows 11 Home, 14-dq3016ca",https://www.amazon.ca/HP-Pentium-14-Inch-Display-14-dq3016ca/dp/B09VCLNG18/ref=sr_1_129?crid=1E63C3THFEGDP&dib=eyJ2IjoiMSJ9.3ZboQUZ9TuG7BPZ79Skc620Eedpe517gmsQjxguqREWVWOTNr0Whwq0LBYVCPn5GxlPL0-K4eDnpE36YZDZkHwoP615HX6RIHZ9Q7a7kz-PYUEZ7Xxm4cofzys07XPiuzbqgU6r3vplm-hljaH2vyR9VtEtlDo_dg0zO7sX1toTma-2bzMzpp400OfP0CmpL5cKM3Xf8Mfakzn3FTU0IXBgbH7rHSCMz3Iv9h6ejRUAr6Wm-tFTi9HNCKD7RlRYLJanu3RIdcZNDIdmKDIaLSXGxQz-sk-1tf8ONF45Zxqs.K6tR3CjdoZBEaYsDnjlqZq4p6ObGf6QWDs8EHJynWMM&dib_tag=se&keywords=laptop&qid=1729747871&sprefix=laptop%2Caps%2C128&sr=8-129,427.35,3.6,212,Not available
"Microsoft Surface Laptop 3 (2019): 13.5"" Touchscreen Laptop (Intel Core i7/16GB RAM/256GB SSD/Windows 10 Home) Matte Black - English Keyboard",https://www.amazon.ca/Microsoft-VEF-00022-Surface-Laptop-Touch-Screen/dp/B07YNK3H6P/ref=sr_1_288?crid=1E63C3THFEGDP&dib=eyJ2IjoiMSJ9.ywIPwsWgTWUcMh-hS3BWfzf8PdUFLjNe3En-5uV-dkJ0j5L_ce_nlqf79GzEcuPKPtPzOJyn4jpooJeqI1huHuRmm558RhWn-LC6_yN0x7kYi6qtYpltQMugCh-7s7OggK9shwL95KSXT133rm2LUOyC_kiJzLg5fXMToRV1NFQNiRa8ebWVaf63J70G4dsUEnH4YszgoZe7HjGbEG3qPYx15fSLevyGMILMs-A7_oASYjqNTomCDt8yJcJRyrpHbhgqnRqD6mL95_9GqrB0kFV0stgRbhLlvJ0yEE7rw1E.ar1EBT8BB3WPGJaRvENOWqZ5j5RF26rW91m0tpvMbwQ&dib_tag=se&keywords=laptop&qid=1729747871&sprefix=laptop%2Caps%2C128&sr=8-288,"1,163.40",4.3,"1,918",Not available
"HP 15.6"" FHD IPS Touchscreen Laptop, 11th Gen Intel Core i7-1165G7 Processor, 32GB DDR4 RAM, 1TB SSD, Intel Iris Xe Graphics, 720p HD Webcam, Windows 11, Silver, 32GB Hotface USB Card",https://www.amazon.ca/HP-Touchscreen-i7-1165G7-Processor-Graphics/dp/B0CMCC9L5D/ref=sr_1_287?crid=1E63C3THFEGDP&dib=eyJ2IjoiMSJ9.ywIPwsWgTWUcMh-hS3BWfzf8PdUFLjNe3En-5uV-dkJ0j5L_ce_nlqf79GzEcuPKPtPzOJyn4jpooJeqI1huHuRmm558RhWn-LC6_yN0x7kYi6qtYpltQMugCh-7s7OggK9shwL95KSXT133rm2LUOyC_kiJzLg5fXMToRV1NFQNiRa8ebWVaf63J70G4dsUEnH4YszgoZe7HjGbEG3qPYx15fSLevyGMILMs-A7_oASYjqNTomCDt8yJcJRyrpHbhgqnRqD6mL95_9GqrB0kFV0stgRbhLlvJ0yEE7rw1E.ar1EBT8BB3WPGJaRvENOWqZ5j5RF26rW91m0tpvMbwQ&dib_tag=se&keywords=laptop&qid=1729747871&sprefix=laptop%2Caps%2C128&sr=8-287,"1,149.00",4.3,24,Not available
"Dell Latitude 5580 Laptop, 15.6"" FHD, Intel Core i7-7820HQ, 32GB DDR4, 512GB Solid State Drive, Windows 10 Pro (Certified Refurbished)",https://www.amazon.ca/Dell-Latitude-i7-7820HQ-Certified-Refurbished/dp/B07CS7FRQC/ref=sr_1_286?crid=1E63C3THFEGDP&dib=eyJ2IjoiMSJ9.ywIPwsWgTWUcMh-hS3BWfzf8PdUFLjNe3En-5uV-dkJ0j5L_ce_nlqf79GzEcuPKPtPzOJyn4jpooJeqI1huHuRmm558RhWn-LC6_yN0x7kYi6qtYpltQMugCh-7s7OggK9shwL95KSXT133rm2LUOyC_kiJzLg5fXMToRV1NFQNiRa8ebWVaf63J70G4dsUEnH4YszgoZe7HjGbEG3qPYx15fSLevyGMILMs-A7_oASYjqNTomCDt8yJcJRyrpHbhgqnRqD6mL95_9GqrB0kFV0stgRbhLlvJ0yEE7rw1E.ar1EBT8BB3WPGJaRvENOWqZ5j5RF26rW91m0tpvMbwQ&dib_tag=se&keywords=laptop&qid=1729747871&sprefix=laptop%2Caps%2C128&sr=8-286,660.67,FREE delivery Nov 4 - 14 ,No reviews available,Not available
"HP Elitebook 840 G3 Laptop Intel i7-6600U 2.6GHz, 16GB RAM, 512GB SSD, Windows 10 Pro (Renewed)",https://www.amazon.ca/HP-Elitebook-i7-6600U-Windows-Renewed/dp/B07QZ46Q1N/ref=sr_1_285?crid=1E63C3THFEGDP&dib=eyJ2IjoiMSJ9.ywIPwsWgTWUcMh-hS3BWfzf8PdUFLjNe3En-5uV-dkJ0j5L_ce_nlqf79GzEcuPKPtPzOJyn4jpooJeqI1huHuRmm558RhWn-LC6_yN0x7kYi6qtYpltQMugCh-7s7OggK9shwL95KSXT133rm2LUOyC_kiJzLg5fXMToRV1NFQNiRa8ebWVaf63J70G4dsUEnH4YszgoZe7HjGbEG3qPYx15fSLevyGMILMs-A7_oASYjqNTomCDt8yJcJRyrpHbhgqnRqD6mL95_9GqrB0kFV0stgRbhLlvJ0yEE7rw1E.ar1EBT8BB3WPGJaRvENOWqZ5j5RF26rW91m0tpvMbwQ&dib_tag=se&keywords=laptop&qid=1729747871&sprefix=laptop%2Caps%2C128&sr=8-285,408.45,4.0,961,Not available
"ASUS TUF A16 16"" 165Hz FHD Gaming Laptop, AMD Ryzen 7-7735HS, 32GB DDR5, 1TB SSD, AMD Radeon RX 7700S, Backlit Keyboard, 720p Camera, WiFi 6, Off Black, Win 11 Pro, 256GB Docking Station Set",https://www.amazon.ca/ASUS-TUF-A16-Gaming-7-7735HS/dp/B0D4TMVMKJ/ref=sr_1_284?crid=1E63C3THFEGDP&dib=eyJ2IjoiMSJ9.ywIPwsWgTWUcMh-hS3BWfzf8PdUFLjNe3En-5uV-dkJ0j5L_ce_nlqf79GzEcuPKPtPzOJyn4jpooJeqI1huHuRmm558RhWn-LC6_yN0x7kYi6qtYpltQMugCh-7s7OggK9shwL95KSXT133rm2LUOyC_kiJzLg5fXMToRV1NFQNiRa8ebWVaf63J70G4dsUEnH4YszgoZe7HjGbEG3qPYx15fSLevyGMILMs-A7_oASYjqNTomCDt8yJcJRyrpHbhgqnRqD6mL95_9GqrB0kFV0stgRbhLlvJ0yEE7rw1E.ar1EBT8BB3WPGJaRvENOWqZ5j5RF26rW91m0tpvMbwQ&dib_tag=se&keywords=laptop&qid=1729747871&sprefix=laptop%2Caps%2C128&sr=8-284,"1,679.00",4.2,87,Not available
"Dell Inspiron 15.6"" FHD 1920x1080 Touch Screen Laptop, Intel Core i5-1135G7, 16GB RAM, 512GB PCIe SSD, Carbon Black, Windows 11 Home in S Mode",https://www.amazon.ca/Dell-Inspiron-1920x1080-i5-1135G7-Windows/dp/B0D6VFDY3K/ref=sr_1_283?crid=1E63C3THFEGDP&dib=eyJ2IjoiMSJ9.ywIPwsWgTWUcMh-hS3BWfzf8PdUFLjNe3En-5uV-dkJ0j5L_ce_nlqf79GzEcuPKPtPzOJyn4jpooJeqI1huHuRmm558RhWn-LC6_yN0x7kYi6qtYpltQMugCh-7s7OggK9shwL95KSXT133rm2LUOyC_kiJzLg5fXMToRV1NFQNiRa8ebWVaf63J70G4dsUEnH4YszgoZe7HjGbEG3qPYx15fSLevyGMILMs-A7_oASYjqNTomCDt8yJcJRyrpHbhgqnRqD6mL95_9GqrB0kFV0stgRbhLlvJ0yEE7rw1E.ar1EBT8BB3WPGJaRvENOWqZ5j5RF26rW91m0tpvMbwQ&dib_tag=se&keywords=laptop&qid=1729747871&sprefix=laptop%2Caps%2C128&sr=8-283,679.99,FREE delivery Oct 29 - Nov 1 ,No reviews available,Not available
"Lenovo Ideapad 3i 15.6"" HD Touchscreen Laptop, (81X800MCUS)",https://www.amazon.ca/Lenovo-Ideapad-Touchscreen-81X800MCUS-Platinum/dp/B0BM53D3VR/ref=sr_1_282?crid=1E63C3THFEGDP&dib=eyJ2IjoiMSJ9.ywIPwsWgTWUcMh-hS3BWfzf8PdUFLjNe3En-5uV-dkJ0j5L_ce_nlqf79GzEcuPKPtPzOJyn4jpooJeqI1huHuRmm558RhWn-LC6_yN0x7kYi6qtYpltQMugCh-7s7OggK9shwL95KSXT133rm2LUOyC_kiJzLg5fXMToRV1NFQNiRa8ebWVaf63J70G4dsUEnH4YszgoZe7HjGbEG3qPYx15fSLevyGMILMs-A7_oASYjqNTomCDt8yJcJRyrpHbhgqnRqD6mL95_9GqrB0kFV0stgRbhLlvJ0yEE7rw1E.ar1EBT8BB3WPGJaRvENOWqZ5j5RF26rW91m0tpvMbwQ&dib_tag=se&keywords=laptop&qid=1729747871&sprefix=laptop%2Caps%2C128&sr=8-282,527.07,4.0,21,Not available
"HP Victus 15.6"" 144Hz FHD Gaming Laptop, AMD Ryzen 5 7535HS, 32GB DDR5 RAM, 1TB PCIe SSD, NVIDIA GeForce RTX 2050, Backlit Keyboard, Fast Charge, Mica Silver, Windows 11 Home, 32GB Hotface USB Card",https://www.amazon.ca/HP-Victus-15-6-GeForce-Keyboard/dp/B0CP3MZSS3/ref=sr_1_281?crid=1E63C3THFEGDP&dib=eyJ2IjoiMSJ9.ywIPwsWgTWUcMh-hS3BWfzf8PdUFLjNe3En-5uV-dkJ0j5L_ce_nlqf79GzEcuPKPtPzOJyn4jpooJeqI1huHuRmm558RhWn-LC6_yN0x7kYi6qtYpltQMugCh-7s7OggK9shwL95KSXT133rm2LUOyC_kiJzLg5fXMToRV1NFQNiRa8ebWVaf63J70G4dsUEnH4YszgoZe7HjGbEG3qPYx15fSLevyGMILMs-A7_oASYjqNTomCDt8yJcJRyrpHbhgqnRqD6mL95_9GqrB0kFV0stgRbhLlvJ0yEE7rw1E.ar1EBT8BB3WPGJaRvENOWqZ5j5RF26rW91m0tpvMbwQ&dib_tag=se&keywords=laptop&qid=1729747871&sprefix=laptop%2Caps%2C128&sr=8-281,"1,199.00",4.6,158,Not available
"Acer USB Hub 3.0, 4-Port Ultra Slim USB Adapter with Type C 5V3A, USB Splitter Extender Compatible with Laptop/Desktop/Mouse/Keyboard,Compatible with Windows,Linux,Acer,Chromebook,Surface-2FT",https://www.amazon.ca/Acer-Multiple-Splitter-Extender-Windows/dp/B0CN3F9Y1Z/ref=sr_1_280?crid=1E63C3THFEGDP&dib=eyJ2IjoiMSJ9.ywIPwsWgTWUcMh-hS3BWfzf8PdUFLjNe3En-5uV-dkJ0j5L_ce_nlqf79GzEcuPKPtPzOJyn4jpooJeqI1huHuRmm558RhWn-LC6_yN0x7kYi6qtYpltQMugCh-7s7OggK9shwL95KSXT133rm2LUOyC_kiJzLg5fXMToRV1NFQNiRa8ebWVaf63J70G4dsUEnH4YszgoZe7HjGbEG3qPYx15fSLevyGMILMs-A7_oASYjqNTomCDt8yJcJRyrpHbhgqnRqD6mL95_9GqrB0kFV0stgRbhLlvJ0yEE7rw1E.ar1EBT8BB3WPGJaRvENOWqZ5j5RF26rW91m0tpvMbwQ&dib_tag=se&keywords=laptop&qid=1729747871&sprefix=laptop%2Caps%2C128&sr=8-280,15.99,4.6,"2,506",Not available
"HP Victus 16.1"" FHD 144Hz Gaming Laptop, AMD Ryzen 7-8845HS, 32GB DDR5, 1TB SSD, NVIDIA GeForce RTX 4070, Backlit Keyboard, FHD Camera, Wi-Fi 6, Win 11 Home, Silver, 256GB Docking Station Set",https://www.amazon.ca/HP-Victus-7-8845HS-GeForce-Keyboard/dp/B0DBGYCBWG/ref=sr_1_279?crid=1E63C3THFEGDP&dib=eyJ2IjoiMSJ9.ywIPwsWgTWUcMh-hS3BWfzf8PdUFLjNe3En-5uV-dkJ0j5L_ce_nlqf79GzEcuPKPtPzOJyn4jpooJeqI1huHuRmm558RhWn-LC6_yN0x7kYi6qtYpltQMugCh-7s7OggK9shwL95KSXT133rm2LUOyC_kiJzLg5fXMToRV1NFQNiRa8ebWVaf63J70G4dsUEnH4YszgoZe7HjGbEG3qPYx15fSLevyGMILMs-A7_oASYjqNTomCDt8yJcJRyrpHbhgqnRqD6mL95_9GqrB0kFV0stgRbhLlvJ0yEE7rw1E.ar1EBT8BB3WPGJaRvENOWqZ5j5RF26rW91m0tpvMbwQ&dib_tag=se&keywords=laptop&qid=1729747871&sprefix=laptop%2Caps%2C128&sr=8-279,"1,989.00",4.8,5,Not available
"Microsoft Surface Laptop 5: 13"" Touchscreen Laptop (Intel Core i5/8GB RAM/256GB SSD/Windows 11 Home) Platinum (Renewed)",https://www.amazon.ca/Microsoft-Surface-Laptop-Touchscreen-Platinum/dp/B0D4GNLYWC/ref=sr_1_278?crid=1E63C3THFEGDP&dib=eyJ2IjoiMSJ9.ywIPwsWgTWUcMh-hS3BWfzf8PdUFLjNe3En-5uV-dkJ0j5L_ce_nlqf79GzEcuPKPtPzOJyn4jpooJeqI1huHuRmm558RhWn-LC6_yN0x7kYi6qtYpltQMugCh-7s7OggK9shwL95KSXT133rm2LUOyC_kiJzLg5fXMToRV1NFQNiRa8ebWVaf63J70G4dsUEnH4YszgoZe7HjGbEG3qPYx15fSLevyGMILMs-A7_oASYjqNTomCDt8yJcJRyrpHbhgqnRqD6mL95_9GqrB0kFV0stgRbhLlvJ0yEE7rw1E.ar1EBT8BB3WPGJaRvENOWqZ5j5RF26rW91m0tpvMbwQ&dib_tag=se&keywords=laptop&qid=1729747871&sprefix=laptop%2Caps%2C128&sr=8-278,749.00,FREE delivery Oct 29 - 31 ,New Price:,Not available
"Dell Inspiron 15 3000 Laptop, 15.6"" FHD LED Display, Intel Core i3 1115G4 Processor, 16GB DDR4 RAM, 1TB PCIe SSD, HDMI, Webcam, Windows 11 Pro, Black",https://www.amazon.ca/Dell-Inspiron-15-Display-Processor/dp/B07T6H4ZH4/ref=sr_1_277?crid=1E63C3THFEGDP&dib=eyJ2IjoiMSJ9.ywIPwsWgTWUcMh-hS3BWfzf8PdUFLjNe3En-5uV-dkJ0j5L_ce_nlqf79GzEcuPKPtPzOJyn4jpooJeqI1huHuRmm558RhWn-LC6_yN0x7kYi6qtYpltQMugCh-7s7OggK9shwL95KSXT133rm2LUOyC_kiJzLg5fXMToRV1NFQNiRa8ebWVaf63J70G4dsUEnH4YszgoZe7HjGbEG3qPYx15fSLevyGMILMs-A7_oASYjqNTomCDt8yJcJRyrpHbhgqnRqD6mL95_9GqrB0kFV0stgRbhLlvJ0yEE7rw1E.ar1EBT8BB3WPGJaRvENOWqZ5j5RF26rW91m0tpvMbwQ&dib_tag=se&keywords=laptop&qid=1729747871&sprefix=laptop%2Caps%2C128&sr=8-277,879.00,"FREE delivery Sun, Oct 27 ",No reviews available,Not available
"HP Envy 15.6"" 2-in-1 Touch Screen FHD Laptop - AMD Ryzen 5 7530U, 8GB RAM, 256GB SSD, Win 11 - Nightfall Black (15-fh0013dx)",https://www.amazon.ca/HP-Envy-Touch-Screen-Laptop/dp/B0CZ4P53CB/ref=sr_1_276?crid=1E63C3THFEGDP&dib=eyJ2IjoiMSJ9.ywIPwsWgTWUcMh-hS3BWfzf8PdUFLjNe3En-5uV-dkJ0j5L_ce_nlqf79GzEcuPKPtPzOJyn4jpooJeqI1huHuRmm558RhWn-LC6_yN0x7kYi6qtYpltQMugCh-7s7OggK9shwL95KSXT133rm2LUOyC_kiJzLg5fXMToRV1NFQNiRa8ebWVaf63J70G4dsUEnH4YszgoZe7HjGbEG3qPYx15fSLevyGMILMs-A7_oASYjqNTomCDt8yJcJRyrpHbhgqnRqD6mL95_9GqrB0kFV0stgRbhLlvJ0yEE7rw1E.ar1EBT8BB3WPGJaRvENOWqZ5j5RF26rW91m0tpvMbwQ&dib_tag=se&keywords=laptop&qid=1729747871&sprefix=laptop%2Caps%2C128&sr=8-276,729.99,"FREE delivery Sun, Oct 27 ",Only 9 left in stock.,Not available
"ASUS VivoBook 15 OLED Laptop, 15.6"" FHD OLED Display, AMD Ryzen 7 7730U, Fingerprint Reader, 32GB RAM, 512GB SSD, AMD Radeon Graphics, Windows 11 Home, Indie Black",https://www.amazon.ca/VivoBook-Display-Fingerprint-Graphics-Windows/dp/B0DGSZQ8ZJ/ref=sr_1_274?crid=1E63C3THFEGDP&dib=eyJ2IjoiMSJ9.ywIPwsWgTWUcMh-hS3BWfzf8PdUFLjNe3En-5uV-dkJ0j5L_ce_nlqf79GzEcuPKPtPzOJyn4jpooJeqI1huHuRmm558RhWn-LC6_yN0x7kYi6qtYpltQMugCh-7s7OggK9shwL95KSXT133rm2LUOyC_kiJzLg5fXMToRV1NFQNiRa8ebWVaf63J70G4dsUEnH4YszgoZe7HjGbEG3qPYx15fSLevyGMILMs-A7_oASYjqNTomCDt8yJcJRyrpHbhgqnRqD6mL95_9GqrB0kFV0stgRbhLlvJ0yEE7rw1E.ar1EBT8BB3WPGJaRvENOWqZ5j5RF26rW91m0tpvMbwQ&dib_tag=se&keywords=laptop&qid=1729747871&sprefix=laptop%2Caps%2C128&sr=8-274,949.99,FREE delivery Oct 29 - Nov 1 ,No reviews available,Not available
"SGIN 15.6 Inch Laptop, Laptops Computer with 8GB DDR3 512GB SSD I3 Processor (up to 2.4 GHz), Mini HDMI, Wi-Fi 5, 7000mAh, Numeric Keypad, Type-C, USB3.0, Bluetooth4.2(Black)",https://www.amazon.ca/SGIN-Laptops-Computer-Processor-Bluetooth4-2/dp/B0DBR1DNRT/ref=sr_1_273?crid=1E63C3THFEGDP&dib=eyJ2IjoiMSJ9.ywIPwsWgTWUcMh-hS3BWfzf8PdUFLjNe3En-5uV-dkJ0j5L_ce_nlqf79GzEcuPKPtPzOJyn4jpooJeqI1huHuRmm558RhWn-LC6_yN0x7kYi6qtYpltQMugCh-7s7OggK9shwL95KSXT133rm2LUOyC_kiJzLg5fXMToRV1NFQNiRa8ebWVaf63J70G4dsUEnH4YszgoZe7HjGbEG3qPYx15fSLevyGMILMs-A7_oASYjqNTomCDt8yJcJRyrpHbhgqnRqD6mL95_9GqrB0kFV0stgRbhLlvJ0yEE7rw1E.ar1EBT8BB3WPGJaRvENOWqZ5j5RF26rW91m0tpvMbwQ&dib_tag=se&keywords=laptop&qid=1729747871&sprefix=laptop%2Caps%2C128&sr=8-273,Price not available,4.7,16,Not available
"Dell Latitude 7410 FHD (1920x1080) 14"" Laptop - Intel Core i7-10610U Dual Core 4.9Ghz, 16GB RAM, 512GB SSD, Backlit Keyboard, Windows 10Pro (Renewed)",https://www.amazon.ca/Dell-Latitude-7410-1920x1080-Laptop/dp/B0CG5X9V65/ref=sr_1_275?crid=1E63C3THFEGDP&dib=eyJ2IjoiMSJ9.ywIPwsWgTWUcMh-hS3BWfzf8PdUFLjNe3En-5uV-dkJ0j5L_ce_nlqf79GzEcuPKPtPzOJyn4jpooJeqI1huHuRmm558RhWn-LC6_yN0x7kYi6qtYpltQMugCh-7s7OggK9shwL95KSXT133rm2LUOyC_kiJzLg5fXMToRV1NFQNiRa8ebWVaf63J70G4dsUEnH4YszgoZe7HjGbEG3qPYx15fSLevyGMILMs-A7_oASYjqNTomCDt8yJcJRyrpHbhgqnRqD6mL95_9GqrB0kFV0stgRbhLlvJ0yEE7rw1E.ar1EBT8BB3WPGJaRvENOWqZ5j5RF26rW91m0tpvMbwQ&dib_tag=se&keywords=laptop&qid=1729747871&sprefix=laptop%2Caps%2C128&sr=8-275,Price not available,3.4,22,Not available
"Acer Chromebook 315, 15.6"" HD Widescreen, Intel Celeron N4020, 4GB LPDDR4, 64GB eMMC, Chrome OS, CB315-3H-C0UU Silver",https://www.amazon.ca/Acer-Chromebook-Widescreen-Celeron-CB315-3H-C0UU/dp/B09Z72BK8K/ref=sr_1_31?crid=1E63C3THFEGDP&dib=eyJ2IjoiMSJ9.8IJhOmDWzPhvmmClWYIoK3gVSUWRr1SbN_1haQFD5Lb4Vh41jR2v0waUd5pbMlY6h95NQVYy24zC1UqrK28-Q8lkTJoNb6yaRjKaKFcIyna_SSS97Bs6PknQbx3AQjBctCz0YDDmHTiWOf88vmXo5lTGMY9qEPR-s3NAtoUAQ09D4HNtdOgUovqbfU72RlXNOB7mQs3AfT7uQ9js_lTJSCIKTx-wBa3ReyRNMlGrTbthyk_KpqPjcmHbTMp3YO6ekRDyGck3UIjX1dXefRaBWGoB9-fR64EV2n1Gx4uI93I.iDGYLEj1h_Y9ndPCAu6XoTHhFWmk6IbTBvjW5zw705c&dib_tag=se&keywords=laptop&qid=1729747871&sprefix=laptop%2Caps%2C128&sr=8-31,279.00,4.2,369,Not available
"ACEMAGIC 2024 Newest 17 inch Laptop 16GB DDR4 512GB SSD with Quad-Core N97 Processor(Up to 3.6GHz), Windows 11 Ordinateur Portable Laptop Computer, WiFi, BT5.0, USB3.2, Type_C",https://www.amazon.ca/ACEMAGIC-Quad-Core-Processor-Ordinateur-Portable/dp/B0D5LCMXB7/ref=sr_1_30?crid=1E63C3THFEGDP&dib=eyJ2IjoiMSJ9.8IJhOmDWzPhvmmClWYIoK3gVSUWRr1SbN_1haQFD5Lb4Vh41jR2v0waUd5pbMlY6h95NQVYy24zC1UqrK28-Q8lkTJoNb6yaRjKaKFcIyna_SSS97Bs6PknQbx3AQjBctCz0YDDmHTiWOf88vmXo5lTGMY9qEPR-s3NAtoUAQ09D4HNtdOgUovqbfU72RlXNOB7mQs3AfT7uQ9js_lTJSCIKTx-wBa3ReyRNMlGrTbthyk_KpqPjcmHbTMp3YO6ekRDyGck3UIjX1dXefRaBWGoB9-fR64EV2n1Gx4uI93I.iDGYLEj1h_Y9ndPCAu6XoTHhFWmk6IbTBvjW5zw705c&dib_tag=se&keywords=laptop&qid=1729747871&sprefix=laptop%2Caps%2C128&sr=8-30,599.99,4.1,163,Not available
"Acer Chromebook Laptop | 15.6"" Full HD Display | Intel Celeron N4500 Processor | 8GB LPDDR4X, 64GB eMMC | ChromeOS | Silver | CB315-4H-C8Y8-CA",https://www.amazon.ca/Acer-Chromebook-Processor-ChromeOS-CB315-4H-C8Y8-CA/dp/B0CQQHG7WS/ref=sr_1_29?crid=1E63C3THFEGDP&dib=eyJ2IjoiMSJ9.8IJhOmDWzPhvmmClWYIoK3gVSUWRr1SbN_1haQFD5Lb4Vh41jR2v0waUd5pbMlY6h95NQVYy24zC1UqrK28-Q8lkTJoNb6yaRjKaKFcIyna_SSS97Bs6PknQbx3AQjBctCz0YDDmHTiWOf88vmXo5lTGMY9qEPR-s3NAtoUAQ09D4HNtdOgUovqbfU72RlXNOB7mQs3AfT7uQ9js_lTJSCIKTx-wBa3ReyRNMlGrTbthyk_KpqPjcmHbTMp3YO6ekRDyGck3UIjX1dXefRaBWGoB9-fR64EV2n1Gx4uI93I.iDGYLEj1h_Y9ndPCAu6XoTHhFWmk6IbTBvjW5zw705c&dib_tag=se&keywords=laptop&qid=1729747871&sprefix=laptop%2Caps%2C128&sr=8-29,399.99,4.6,17,Not available
"ASUS Vivobook 16"" WUXGA Laptop, Intel i7-1355U, 40GB RAM, 2.28TB Storage(2TB SSD+288GB Docking Station Set), Intel Iris Xe Graphics, 720p HD Camera, Number Pad, Windows 11 Pro, Black",https://www.amazon.ca/ASUS-Vivobook-i7-1355U-Storage-Graphics/dp/B0DHVDZQWB/ref=sr_1_272?crid=1E63C3THFEGDP&dib=eyJ2IjoiMSJ9.ywIPwsWgTWUcMh-hS3BWfzf8PdUFLjNe3En-5uV-dkJ0j5L_ce_nlqf79GzEcuPKPtPzOJyn4jpooJeqI1huHuRmm558RhWn-LC6_yN0x7kYi6qtYpltQMugCh-7s7OggK9shwL95KSXT133rm2LUOyC_kiJzLg5fXMToRV1NFQNiRa8ebWVaf63J70G4dsUEnH4YszgoZe7HjGbEG3qPYx15fSLevyGMILMs-A7_oASYjqNTomCDt8yJcJRyrpHbhgqnRqD6mL95_9GqrB0kFV0stgRbhLlvJ0yEE7rw1E.ar1EBT8BB3WPGJaRvENOWqZ5j5RF26rW91m0tpvMbwQ&dib_tag=se&keywords=laptop&qid=1729747871&sprefix=laptop%2Caps%2C128&sr=8-272,"1,269.00",5.0,1,Not available
"ASUS Vivobook Go 15 L510 Thin & Light Laptop, 15.6” HD Display, Intel® Pentium® Silver N6000, 4GB RAM, 128GB eMMC, Windows 11 Home in S Mode, Includes 1 Year Microsoft 365, L510KA-AS02-CA",https://www.amazon.ca/Vivobook-Display-Pentium%C2%AE-Microsoft-L510KA-AS02-CA/dp/B0CX5QZYC3/ref=sr_1_28?crid=1E63C3THFEGDP&dib=eyJ2IjoiMSJ9.8IJhOmDWzPhvmmClWYIoK3gVSUWRr1SbN_1haQFD5Lb4Vh41jR2v0waUd5pbMlY6h95NQVYy24zC1UqrK28-Q8lkTJoNb6yaRjKaKFcIyna_SSS97Bs6PknQbx3AQjBctCz0YDDmHTiWOf88vmXo5lTGMY9qEPR-s3NAtoUAQ09D4HNtdOgUovqbfU72RlXNOB7mQs3AfT7uQ9js_lTJSCIKTx-wBa3ReyRNMlGrTbthyk_KpqPjcmHbTMp3YO6ekRDyGck3UIjX1dXefRaBWGoB9-fR64EV2n1Gx4uI93I.iDGYLEj1h_Y9ndPCAu6XoTHhFWmk6IbTBvjW5zw705c&dib_tag=se&keywords=laptop&qid=1729747871&sprefix=laptop%2Caps%2C128&sr=8-28,329.00,3.9,19,Not available
"HP Stream 14-inch Laptop, Intel Celeron N4000, 4 GB RAM, 64 GB eMMC, Windows 10 Home in S Mode with Office 365 Personal for 1 Year (14-cb187nr, Diamond White)",https://www.amazon.ca/HP-14-inch-Celeron-Storage-14-cb187nr/dp/B084SCLNB1/ref=sr_1_27?crid=1E63C3THFEGDP&dib=eyJ2IjoiMSJ9.8IJhOmDWzPhvmmClWYIoK3gVSUWRr1SbN_1haQFD5Lb4Vh41jR2v0waUd5pbMlY6h95NQVYy24zC1UqrK28-Q8lkTJoNb6yaRjKaKFcIyna_SSS97Bs6PknQbx3AQjBctCz0YDDmHTiWOf88vmXo5lTGMY9qEPR-s3NAtoUAQ09D4HNtdOgUovqbfU72RlXNOB7mQs3AfT7uQ9js_lTJSCIKTx-wBa3ReyRNMlGrTbthyk_KpqPjcmHbTMp3YO6ekRDyGck3UIjX1dXefRaBWGoB9-fR64EV2n1Gx4uI93I.iDGYLEj1h_Y9ndPCAu6XoTHhFWmk6IbTBvjW5zw705c&dib_tag=se&keywords=laptop&qid=1729747871&sprefix=laptop%2Caps%2C128&sr=8-27,289.00,4.0,818,Not available
"OTVOC Laptop Computer 16 inch, Windows 11, 12th-gen N95, Quad Core, Up to 3.4GHz, 16GB DDR5 RAM, 1TB PCIe NVME SSD, 16"" FHD IPS 1920x1200, 2.0MP, 2.4G+5G WiFi, BT 5.0, HDMI, RJ45, Type C, Gray",https://www.amazon.ca/OTVOC-Computer-16-12th-gen-1920x1200/dp/B0D9CN4PVM/ref=sr_1_26?crid=1E63C3THFEGDP&dib=eyJ2IjoiMSJ9.8IJhOmDWzPhvmmClWYIoK3gVSUWRr1SbN_1haQFD5Lb4Vh41jR2v0waUd5pbMlY6h95NQVYy24zC1UqrK28-Q8lkTJoNb6yaRjKaKFcIyna_SSS97Bs6PknQbx3AQjBctCz0YDDmHTiWOf88vmXo5lTGMY9qEPR-s3NAtoUAQ09D4HNtdOgUovqbfU72RlXNOB7mQs3AfT7uQ9js_lTJSCIKTx-wBa3ReyRNMlGrTbthyk_KpqPjcmHbTMp3YO6ekRDyGck3UIjX1dXefRaBWGoB9-fR64EV2n1Gx4uI93I.iDGYLEj1h_Y9ndPCAu6XoTHhFWmk6IbTBvjW5zw705c&dib_tag=se&keywords=laptop&qid=1729747871&sprefix=laptop%2Caps%2C128&sr=8-26,499.98,4.3,29,Not available
"Acer Swift 3 SF314-511-52EE, 14"" FHD 1920x1080 IPS EVO Laptop, Intel Core i5-1135G7, 8GB LPDDR4X RAM, 512GB SSD, Windows 11 Home",https://www.amazon.ca/Acer-SF314-511-52EE-1920x1080-i5-1135G7-LPDDR4X/dp/B0CP895B6V/ref=sr_1_25?crid=1E63C3THFEGDP&dib=eyJ2IjoiMSJ9.8IJhOmDWzPhvmmClWYIoK3gVSUWRr1SbN_1haQFD5Lb4Vh41jR2v0waUd5pbMlY6h95NQVYy24zC1UqrK28-Q8lkTJoNb6yaRjKaKFcIyna_SSS97Bs6PknQbx3AQjBctCz0YDDmHTiWOf88vmXo5lTGMY9qEPR-s3NAtoUAQ09D4HNtdOgUovqbfU72RlXNOB7mQs3AfT7uQ9js_lTJSCIKTx-wBa3ReyRNMlGrTbthyk_KpqPjcmHbTMp3YO6ekRDyGck3UIjX1dXefRaBWGoB9-fR64EV2n1Gx4uI93I.iDGYLEj1h_Y9ndPCAu6XoTHhFWmk6IbTBvjW5zw705c&dib_tag=se&keywords=laptop&qid=1729747871&sprefix=laptop%2Caps%2C128&sr=8-25,599.99,4.8,8,Not available
"Lenovo ThinkPad L13 Yoga Gen 2 Laptop, 13.3"" FHD Touch Display & Stylus, Core i5-1145G7 16GB RAM, 512GB SSD, HDMI, Thunderbolt, Camera, Windows 10 Pro (Renewed)",https://www.amazon.ca/Lenovo-ThinkPad-L13-Yoga-Laptop/dp/B0DHVC5F8L/ref=sr_1_22?crid=1E63C3THFEGDP&dib=eyJ2IjoiMSJ9.8IJhOmDWzPhvmmClWYIoK3gVSUWRr1SbN_1haQFD5Lb4Vh41jR2v0waUd5pbMlY6h95NQVYy24zC1UqrK28-Q8lkTJoNb6yaRjKaKFcIyna_SSS97Bs6PknQbx3AQjBctCz0YDDmHTiWOf88vmXo5lTGMY9qEPR-s3NAtoUAQ09D4HNtdOgUovqbfU72RlXNOB7mQs3AfT7uQ9js_lTJSCIKTx-wBa3ReyRNMlGrTbthyk_KpqPjcmHbTMp3YO6ekRDyGck3UIjX1dXefRaBWGoB9-fR64EV2n1Gx4uI93I.iDGYLEj1h_Y9ndPCAu6XoTHhFWmk6IbTBvjW5zw705c&dib_tag=se&keywords=laptop&qid=1729747871&sprefix=laptop%2Caps%2C128&sr=8-22,519.00,"FREE delivery Tue, Oct 29 ",Save 5%,Not available
"15.6"" FHD Quad-Core N95 (Up to 3.4Ghz) Laptop by ALLDOCUBE, 16GB RAM+512GB SSD, Windows 11 Home Portable Notebook, 3.8v/12000mAh, Type-C, HDMI, SD Card, BT5.0, USB3.0, 1920×1080 Display",https://www.amazon.ca/Quad-Core-ALLDOCUBE-Portable-Notebook-1920%C3%971080/dp/B0D9GKGL1X/ref=sr_1_21?crid=1E63C3THFEGDP&dib=eyJ2IjoiMSJ9.8IJhOmDWzPhvmmClWYIoK3gVSUWRr1SbN_1haQFD5Lb4Vh41jR2v0waUd5pbMlY6h95NQVYy24zC1UqrK28-Q8lkTJoNb6yaRjKaKFcIyna_SSS97Bs6PknQbx3AQjBctCz0YDDmHTiWOf88vmXo5lTGMY9qEPR-s3NAtoUAQ09D4HNtdOgUovqbfU72RlXNOB7mQs3AfT7uQ9js_lTJSCIKTx-wBa3ReyRNMlGrTbthyk_KpqPjcmHbTMp3YO6ekRDyGck3UIjX1dXefRaBWGoB9-fR64EV2n1Gx4uI93I.iDGYLEj1h_Y9ndPCAu6XoTHhFWmk6IbTBvjW5zw705c&dib_tag=se&keywords=laptop&qid=1729747871&sprefix=laptop%2Caps%2C128&sr=8-21,356.99,4.0,515,Not available
HP EliteBook 840 G6 Laptop Computer - 8th Gen Intel Core i5-8365U 1.6GHz - 16GB DDR4 RAM 256GB PCIe SSD - 14-inch UHD Graphics 620 - Webcam Windows 10 Pro (Renewed),https://www.amazon.ca/HP-EliteBook-840-G6-Computer/dp/B08FCPQTDQ/ref=sr_1_24?crid=1E63C3THFEGDP&dib=eyJ2IjoiMSJ9.8IJhOmDWzPhvmmClWYIoK3gVSUWRr1SbN_1haQFD5Lb4Vh41jR2v0waUd5pbMlY6h95NQVYy24zC1UqrK28-Q8lkTJoNb6yaRjKaKFcIyna_SSS97Bs6PknQbx3AQjBctCz0YDDmHTiWOf88vmXo5lTGMY9qEPR-s3NAtoUAQ09D4HNtdOgUovqbfU72RlXNOB7mQs3AfT7uQ9js_lTJSCIKTx-wBa3ReyRNMlGrTbthyk_KpqPjcmHbTMp3YO6ekRDyGck3UIjX1dXefRaBWGoB9-fR64EV2n1Gx4uI93I.iDGYLEj1h_Y9ndPCAu6XoTHhFWmk6IbTBvjW5zw705c&dib_tag=se&keywords=laptop&qid=1729747871&sprefix=laptop%2Caps%2C128&sr=8-24,329.00,4.2,141,Not available
"ACEMAGIC Laptop, 15.6"" Laptop Computer, 16GB DDR4 512GB SSD Quad-Core(Up to 3.4GHz), 1080P FHD Traditional Laptops, Metal Shell, WiFi, Bluetooth 5.0, 5G WiFi, BT5.0, Webcam, Type_C, USB3.2",https://www.amazon.ca/ACEMAGIC-Computer-Quad-Core-Traditional-Bluetooth/dp/B0DF7T4PBN/ref=sr_1_23?crid=1E63C3THFEGDP&dib=eyJ2IjoiMSJ9.8IJhOmDWzPhvmmClWYIoK3gVSUWRr1SbN_1haQFD5Lb4Vh41jR2v0waUd5pbMlY6h95NQVYy24zC1UqrK28-Q8lkTJoNb6yaRjKaKFcIyna_SSS97Bs6PknQbx3AQjBctCz0YDDmHTiWOf88vmXo5lTGMY9qEPR-s3NAtoUAQ09D4HNtdOgUovqbfU72RlXNOB7mQs3AfT7uQ9js_lTJSCIKTx-wBa3ReyRNMlGrTbthyk_KpqPjcmHbTMp3YO6ekRDyGck3UIjX1dXefRaBWGoB9-fR64EV2n1Gx4uI93I.iDGYLEj1h_Y9ndPCAu6XoTHhFWmk6IbTBvjW5zw705c&dib_tag=se&keywords=laptop&qid=1729747871&sprefix=laptop%2Caps%2C128&sr=8-23,599.99,4.7,4,Not available
"jumper Laptop, 4GB DDR4 RAM 128GB SSD, Office 365 1-Year Subscription, 5205U Processor, 15.6 Inch HD Screen, 38Wh Battery, 2 Stereo Speakers, Type-C, USB3.0, Numeric Keypad.",https://www.amazon.ca/jumper-Subscription-Processor-Battery-Speakers/dp/B0DDXHQMGW/ref=sr_1_20?crid=1E63C3THFEGDP&dib=eyJ2IjoiMSJ9.8IJhOmDWzPhvmmClWYIoK3gVSUWRr1SbN_1haQFD5Lb4Vh41jR2v0waUd5pbMlY6h95NQVYy24zC1UqrK28-Q8lkTJoNb6yaRjKaKFcIyna_SSS97Bs6PknQbx3AQjBctCz0YDDmHTiWOf88vmXo5lTGMY9qEPR-s3NAtoUAQ09D4HNtdOgUovqbfU72RlXNOB7mQs3AfT7uQ9js_lTJSCIKTx-wBa3ReyRNMlGrTbthyk_KpqPjcmHbTMp3YO6ekRDyGck3UIjX1dXefRaBWGoB9-fR64EV2n1Gx4uI93I.iDGYLEj1h_Y9ndPCAu6XoTHhFWmk6IbTBvjW5zw705c&dib_tag=se&keywords=laptop&qid=1729747871&sprefix=laptop%2Caps%2C128&sr=8-20,569.99,4.4,31,Not available
"ASUS Vivobook Go 12 L210 11.6” Ultra-Thin Laptop, Intel Celeron N4500, 4GB RAM, 64GB eMMC, Windows 11 Home in S Mode Includes 1 Year of Office 365 Personal, L210KA-AS01-CA",https://www.amazon.ca/ASUS-Vivobook-Ultra-Thin-Personal-L210KA-AS01-CA/dp/B0CPHCB97Y/ref=sr_1_19?crid=1E63C3THFEGDP&dib=eyJ2IjoiMSJ9.8IJhOmDWzPhvmmClWYIoK3gVSUWRr1SbN_1haQFD5Lb4Vh41jR2v0waUd5pbMlY6h95NQVYy24zC1UqrK28-Q8lkTJoNb6yaRjKaKFcIyna_SSS97Bs6PknQbx3AQjBctCz0YDDmHTiWOf88vmXo5lTGMY9qEPR-s3NAtoUAQ09D4HNtdOgUovqbfU72RlXNOB7mQs3AfT7uQ9js_lTJSCIKTx-wBa3ReyRNMlGrTbthyk_KpqPjcmHbTMp3YO6ekRDyGck3UIjX1dXefRaBWGoB9-fR64EV2n1Gx4uI93I.iDGYLEj1h_Y9ndPCAu6XoTHhFWmk6IbTBvjW5zw705c&dib_tag=se&keywords=laptop&qid=1729747871&sprefix=laptop%2Caps%2C128&sr=8-19,219.00,3.7,402,Not available
"Gateway (by Acer) Chromebook Laptop | 14"" FHD 1920x1080 | TN Chromebook | Intel Celeron N4500 | 4GB LPDDR4X RAM | 64GB eMMC | Chrome OS | CBO314-1H-C3AX",https://www.amazon.ca/Gateway-Acer-Chromebook-1920x1080-CBO314-1H-C3AX/dp/B0CY3H3LP4/ref=sr_1_18?crid=1E63C3THFEGDP&dib=eyJ2IjoiMSJ9.8IJhOmDWzPhvmmClWYIoK3gVSUWRr1SbN_1haQFD5Lb4Vh41jR2v0waUd5pbMlY6h95NQVYy24zC1UqrK28-Q8lkTJoNb6yaRjKaKFcIyna_SSS97Bs6PknQbx3AQjBctCz0YDDmHTiWOf88vmXo5lTGMY9qEPR-s3NAtoUAQ09D4HNtdOgUovqbfU72RlXNOB7mQs3AfT7uQ9js_lTJSCIKTx-wBa3ReyRNMlGrTbthyk_KpqPjcmHbTMp3YO6ekRDyGck3UIjX1dXefRaBWGoB9-fR64EV2n1Gx4uI93I.iDGYLEj1h_Y9ndPCAu6XoTHhFWmk6IbTBvjW5zw705c&dib_tag=se&keywords=laptop&qid=1729747871&sprefix=laptop%2Caps%2C128&sr=8-18,329.99,4.4,31,Not available
"Lenovo Thinkpad T490 Laptop Touchscreen 14"" FHD (1920x1080) Notebook, Core i5-8365u, 16GB DDR4 RAM, 512GB SSD, HDMI, Thunderbolt Windows 10 Pro (Renewed)",https://www.amazon.ca/Lenovo-Thinkpad-T490-Touchscreen-Thunderbolt/dp/B083ZMWTNL/ref=sr_1_17?crid=1E63C3THFEGDP&dib=eyJ2IjoiMSJ9.8IJhOmDWzPhvmmClWYIoK3gVSUWRr1SbN_1haQFD5Lb4Vh41jR2v0waUd5pbMlY6h95NQVYy24zC1UqrK28-Q8lkTJoNb6yaRjKaKFcIyna_SSS97Bs6PknQbx3AQjBctCz0YDDmHTiWOf88vmXo5lTGMY9qEPR-s3NAtoUAQ09D4HNtdOgUovqbfU72RlXNOB7mQs3AfT7uQ9js_lTJSCIKTx-wBa3ReyRNMlGrTbthyk_KpqPjcmHbTMp3YO6ekRDyGck3UIjX1dXefRaBWGoB9-fR64EV2n1Gx4uI93I.iDGYLEj1h_Y9ndPCAu6XoTHhFWmk6IbTBvjW5zw705c&dib_tag=se&keywords=laptop&qid=1729747871&sprefix=laptop%2Caps%2C128&sr=8-17,361.00,3.9,449,Not available
No title available,https://www.amazon.ca/s/?k=hp+laptop&ref=sugsr_0&pd_rd_w=s0KN4&content-id=amzn1.sym.ea3d2509-1669-4b70-ad4b-c83615b40ccf:amzn1.sym.ea3d2509-1669-4b70-ad4b-c83615b40ccf&pf_rd_p=ea3d2509-1669-4b70-ad4b-c83615b40ccf&pf_rd_r=HB4T5KTD296E4G2J0SXW&pd_rd_wg=LEsIg&pd_rd_r=f6eee8c6-2cac-4e28-9df6-ddf65f8da96a&qid=1729747871,Price not available,Rating not available,hp laptop,Not available
"Ruzava 14"" Traditional Laptop 6GB DDR4 128GB SSD Celeron N4020(Up to 2.8Ghz) Dual-Core Win PC1920x1080 FHD Dual WiFi BT 4.2 Support 512GB TF&1TB SSD Expand with Webcam for Business Entertainment-Blue",https://www.amazon.ca/Ruzava-Notebook-1920x1080-Wireless-Business-Blue/dp/B0CMZXD9C6/ref=sr_1_16?crid=1E63C3THFEGDP&dib=eyJ2IjoiMSJ9.8IJhOmDWzPhvmmClWYIoK3gVSUWRr1SbN_1haQFD5Lb4Vh41jR2v0waUd5pbMlY6h95NQVYy24zC1UqrK28-Q8lkTJoNb6yaRjKaKFcIyna_SSS97Bs6PknQbx3AQjBctCz0YDDmHTiWOf88vmXo5lTGMY9qEPR-s3NAtoUAQ09D4HNtdOgUovqbfU72RlXNOB7mQs3AfT7uQ9js_lTJSCIKTx-wBa3ReyRNMlGrTbthyk_KpqPjcmHbTMp3YO6ekRDyGck3UIjX1dXefRaBWGoB9-fR64EV2n1Gx4uI93I.iDGYLEj1h_Y9ndPCAu6XoTHhFWmk6IbTBvjW5zw705c&dib_tag=se&keywords=laptop&qid=1729747871&sprefix=laptop%2Caps%2C128&sr=8-16,230.99,4.0,84,Not available
"HP Stream 14"" HD Laptop, Intel Celeron N4120, 8GB RAM, 128GB eMMC, Intel UHD Graphics, Webcam, 1 Year Office 365, Silver, Win 11 S, 128GB Hotface USB Card",https://www.amazon.ca/HP-Stream-Celeron-Graphics-Hotface/dp/B0CZLRHY7Y/ref=sr_1_15?crid=1E63C3THFEGDP&dib=eyJ2IjoiMSJ9.8IJhOmDWzPhvmmClWYIoK3gVSUWRr1SbN_1haQFD5Lb4Vh41jR2v0waUd5pbMlY6h95NQVYy24zC1UqrK28-Q8lkTJoNb6yaRjKaKFcIyna_SSS97Bs6PknQbx3AQjBctCz0YDDmHTiWOf88vmXo5lTGMY9qEPR-s3NAtoUAQ09D4HNtdOgUovqbfU72RlXNOB7mQs3AfT7uQ9js_lTJSCIKTx-wBa3ReyRNMlGrTbthyk_KpqPjcmHbTMp3YO6ekRDyGck3UIjX1dXefRaBWGoB9-fR64EV2n1Gx4uI93I.iDGYLEj1h_Y9ndPCAu6XoTHhFWmk6IbTBvjW5zw705c&dib_tag=se&keywords=laptop&qid=1729747871&sprefix=laptop%2Caps%2C128&sr=8-15,399.00,4.3,"1,212",Not available
"Lenovo ThinkPad T480 14-inch HD Business Laptop (Intel 8th Gen Quad-Core i5-8250U, 16GB DDR4 RAM, Toshiba 256GB PCIe NVMe 2242 M.2 SSD) Fingerprint, Thunderbolt 3 Type-C, WiFi, Windows 10 Pro (Renewed)",https://www.amazon.ca/Lenovo-ThinkPad-Quad-Core-Fingerprint-Thunderbolt/dp/B0832JFM9G/ref=sr_1_14?crid=1E63C3THFEGDP&dib=eyJ2IjoiMSJ9.8IJhOmDWzPhvmmClWYIoK3gVSUWRr1SbN_1haQFD5Lb4Vh41jR2v0waUd5pbMlY6h95NQVYy24zC1UqrK28-Q8lkTJoNb6yaRjKaKFcIyna_SSS97Bs6PknQbx3AQjBctCz0YDDmHTiWOf88vmXo5lTGMY9qEPR-s3NAtoUAQ09D4HNtdOgUovqbfU72RlXNOB7mQs3AfT7uQ9js_lTJSCIKTx-wBa3ReyRNMlGrTbthyk_KpqPjcmHbTMp3YO6ekRDyGck3UIjX1dXefRaBWGoB9-fR64EV2n1Gx4uI93I.iDGYLEj1h_Y9ndPCAu6XoTHhFWmk6IbTBvjW5zw705c&dib_tag=se&keywords=laptop&qid=1729747871&sprefix=laptop%2Caps%2C128&sr=8-14,289.00,4.0,398,Not available
"SGIN 15.6 Inch Laptop Computer, 4GB DDR4 RAM 128GB SSD Notebook, Laptop with Celeron Qaud-Core Processor, UHD Graphics 600, Webcam, Wi-Fi, Mini HDMI, Bluetooth 4.2, USB3.0",https://www.amazon.ca/SGIN-Computer-Qaud-Core-Processor-Bluetooth/dp/B0CDGXBGXX/ref=sr_1_13?crid=1E63C3THFEGDP&dib=eyJ2IjoiMSJ9.8IJhOmDWzPhvmmClWYIoK3gVSUWRr1SbN_1haQFD5Lb4Vh41jR2v0waUd5pbMlY6h95NQVYy24zC1UqrK28-Q8lkTJoNb6yaRjKaKFcIyna_SSS97Bs6PknQbx3AQjBctCz0YDDmHTiWOf88vmXo5lTGMY9qEPR-s3NAtoUAQ09D4HNtdOgUovqbfU72RlXNOB7mQs3AfT7uQ9js_lTJSCIKTx-wBa3ReyRNMlGrTbthyk_KpqPjcmHbTMp3YO6ekRDyGck3UIjX1dXefRaBWGoB9-fR64EV2n1Gx4uI93I.iDGYLEj1h_Y9ndPCAu6XoTHhFWmk6IbTBvjW5zw705c&dib_tag=se&keywords=laptop&qid=1729747871&sprefix=laptop%2Caps%2C128&sr=8-13,Price not available,5.0,6,Not available
"Laptop 15.6 inch Windows 11, 11th-Gen Celeron N5100, Quad Core, 16GB RAM, 512GB NVME SSD, 4TB Expansion, 15.6"" FHD IPS, 2.0MP, 2.4G+5G WiFi, Bluetooth 5.0, Type-C, HDMI, RJ45, HDD, Silver",https://www.amazon.ca/Windows-11th-Gen-Celeron-Expansion-Bluetooth/dp/B0DBTF9728/ref=sr_1_12?crid=1E63C3THFEGDP&dib=eyJ2IjoiMSJ9.8IJhOmDWzPhvmmClWYIoK3gVSUWRr1SbN_1haQFD5Lb4Vh41jR2v0waUd5pbMlY6h95NQVYy24zC1UqrK28-Q8lkTJoNb6yaRjKaKFcIyna_SSS97Bs6PknQbx3AQjBctCz0YDDmHTiWOf88vmXo5lTGMY9qEPR-s3NAtoUAQ09D4HNtdOgUovqbfU72RlXNOB7mQs3AfT7uQ9js_lTJSCIKTx-wBa3ReyRNMlGrTbthyk_KpqPjcmHbTMp3YO6ekRDyGck3UIjX1dXefRaBWGoB9-fR64EV2n1Gx4uI93I.iDGYLEj1h_Y9ndPCAu6XoTHhFWmk6IbTBvjW5zw705c&dib_tag=se&keywords=laptop&qid=1729747871&sprefix=laptop%2Caps%2C128&sr=8-12,413.98,4.5,42,Not available
"Acer Aspire Go 15 AG15-31P-31C1-CA, 15.6"" FHD, Intel Core i3-N305 Processor, 8GB DDR5, 512GB SSD, Windows 11",https://www.amazon.ca/Acer-AG15-31P-31C1-CA-i3-N305-Processor-Windows/dp/B0CSQJ56YV/ref=sr_1_10?crid=1E63C3THFEGDP&dib=eyJ2IjoiMSJ9.8IJhOmDWzPhvmmClWYIoK3gVSUWRr1SbN_1haQFD5Lb4Vh41jR2v0waUd5pbMlY6h95NQVYy24zC1UqrK28-Q8lkTJoNb6yaRjKaKFcIyna_SSS97Bs6PknQbx3AQjBctCz0YDDmHTiWOf88vmXo5lTGMY9qEPR-s3NAtoUAQ09D4HNtdOgUovqbfU72RlXNOB7mQs3AfT7uQ9js_lTJSCIKTx-wBa3ReyRNMlGrTbthyk_KpqPjcmHbTMp3YO6ekRDyGck3UIjX1dXefRaBWGoB9-fR64EV2n1Gx4uI93I.iDGYLEj1h_Y9ndPCAu6XoTHhFWmk6IbTBvjW5zw705c&dib_tag=se&keywords=laptop&qid=1729747871&sprefix=laptop%2Caps%2C128&sr=8-10,449.99,3.4,9,Not available
"SGIN 15.6"" FHD 1920X1080 Screen Laptop, High Performance Quad-Core Celeron N5095 Processors, 12GB DDR4 512GB SSD Computers Laptop, 2.4G/5G WiFi, Bluetooth 4.2, Webcam(Gray)",https://www.amazon.ca/SGIN-1920X1080-Performance-Quad-Core-Processors/dp/B0DB5G1T3W/ref=sr_1_9?crid=1E63C3THFEGDP&dib=eyJ2IjoiMSJ9.8IJhOmDWzPhvmmClWYIoK3gVSUWRr1SbN_1haQFD5Lb4Vh41jR2v0waUd5pbMlY6h95NQVYy24zC1UqrK28-Q8lkTJoNb6yaRjKaKFcIyna_SSS97Bs6PknQbx3AQjBctCz0YDDmHTiWOf88vmXo5lTGMY9qEPR-s3NAtoUAQ09D4HNtdOgUovqbfU72RlXNOB7mQs3AfT7uQ9js_lTJSCIKTx-wBa3ReyRNMlGrTbthyk_KpqPjcmHbTMp3YO6ekRDyGck3UIjX1dXefRaBWGoB9-fR64EV2n1Gx4uI93I.iDGYLEj1h_Y9ndPCAu6XoTHhFWmk6IbTBvjW5zw705c&dib_tag=se&keywords=laptop&qid=1729747871&sprefix=laptop%2Caps%2C128&sr=8-9,409.99,4.3,86,Not available
"Acer Aspire 1 A115-32-C6PW, 15.6"" FHD 1920x1080 TN Laptop, Intel Celeron N4500, 4GB RAM, 128GB eMMC, Windows 11 in S-Mode, Microsoft 365 1-Year Subscription",https://www.amazon.ca/Acer-A115-32-C6PW-Celeron-Notebook-NX-A6WAA-00D/dp/B0BP8WZ366/ref=sr_1_8?crid=1E63C3THFEGDP&dib=eyJ2IjoiMSJ9.8IJhOmDWzPhvmmClWYIoK3gVSUWRr1SbN_1haQFD5Lb4Vh41jR2v0waUd5pbMlY6h95NQVYy24zC1UqrK28-Q8lkTJoNb6yaRjKaKFcIyna_SSS97Bs6PknQbx3AQjBctCz0YDDmHTiWOf88vmXo5lTGMY9qEPR-s3NAtoUAQ09D4HNtdOgUovqbfU72RlXNOB7mQs3AfT7uQ9js_lTJSCIKTx-wBa3ReyRNMlGrTbthyk_KpqPjcmHbTMp3YO6ekRDyGck3UIjX1dXefRaBWGoB9-fR64EV2n1Gx4uI93I.iDGYLEj1h_Y9ndPCAu6XoTHhFWmk6IbTBvjW5zw705c&dib_tag=se&keywords=laptop&qid=1729747871&sprefix=laptop%2Caps%2C128&sr=8-8,299.99,4.1,32,Not available
"ASUS Chromebook CX1500 15.6"" Full HD Laptop, Intel Celeron N3350, 4GB RAM, 64GB eMMC Flash Memory, Intel HD Graphics, WiFi 5, Chrome OS, Mineral Gray (Renewed)",https://www.amazon.ca/ASUS-Chromebook-Celeron-Graphics-Mineral/dp/B0CTRWFK3C/ref=sr_1_7?crid=1E63C3THFEGDP&dib=eyJ2IjoiMSJ9.8IJhOmDWzPhvmmClWYIoK3gVSUWRr1SbN_1haQFD5Lb4Vh41jR2v0waUd5pbMlY6h95NQVYy24zC1UqrK28-Q8lkTJoNb6yaRjKaKFcIyna_SSS97Bs6PknQbx3AQjBctCz0YDDmHTiWOf88vmXo5lTGMY9qEPR-s3NAtoUAQ09D4HNtdOgUovqbfU72RlXNOB7mQs3AfT7uQ9js_lTJSCIKTx-wBa3ReyRNMlGrTbthyk_KpqPjcmHbTMp3YO6ekRDyGck3UIjX1dXefRaBWGoB9-fR64EV2n1Gx4uI93I.iDGYLEj1h_Y9ndPCAu6XoTHhFWmk6IbTBvjW5zw705c&dib_tag=se&keywords=laptop&qid=1729747871&sprefix=laptop%2Caps%2C128&sr=8-7,219.00,4.0,"1,458",Not available
"Lenovo 14w Gen 2 14"" FHD Laptop - AMD 3015e, 4GB RAM, 128GB SSD, Windows 11 Pro, Educational, Rugged and MIL-STD-810H Durability - 82N80024US",https://www.amazon.ca/Lenovo-14w-Gen-FHD-Laptop/dp/B0BYNYJPKV/ref=sr_1_11?crid=1E63C3THFEGDP&dib=eyJ2IjoiMSJ9.8IJhOmDWzPhvmmClWYIoK3gVSUWRr1SbN_1haQFD5Lb4Vh41jR2v0waUd5pbMlY6h95NQVYy24zC1UqrK28-Q8lkTJoNb6yaRjKaKFcIyna_SSS97Bs6PknQbx3AQjBctCz0YDDmHTiWOf88vmXo5lTGMY9qEPR-s3NAtoUAQ09D4HNtdOgUovqbfU72RlXNOB7mQs3AfT7uQ9js_lTJSCIKTx-wBa3ReyRNMlGrTbthyk_KpqPjcmHbTMp3YO6ekRDyGck3UIjX1dXefRaBWGoB9-fR64EV2n1Gx4uI93I.iDGYLEj1h_Y9ndPCAu6XoTHhFWmk6IbTBvjW5zw705c&dib_tag=se&keywords=laptop&qid=1729747871&sprefix=laptop%2Caps%2C128&sr=8-11,269.98,4.0,43,Not available
"Lenovo ThinkPad T490 14"" HD Laptop Computer, Intel Core i5-8365U Quad-core, 16GB DDR4 RAM 512GB SSD, Type-C, HDMI, Windows 10 Pro (Renewed)",https://www.amazon.ca/Lenovo-ThinkPad-T490-Computer-Quad-core/dp/B0CW3C9L89/ref=sr_1_6?crid=1E63C3THFEGDP&dib=eyJ2IjoiMSJ9.8IJhOmDWzPhvmmClWYIoK3gVSUWRr1SbN_1haQFD5Lb4Vh41jR2v0waUd5pbMlY6h95NQVYy24zC1UqrK28-Q8lkTJoNb6yaRjKaKFcIyna_SSS97Bs6PknQbx3AQjBctCz0YDDmHTiWOf88vmXo5lTGMY9qEPR-s3NAtoUAQ09D4HNtdOgUovqbfU72RlXNOB7mQs3AfT7uQ9js_lTJSCIKTx-wBa3ReyRNMlGrTbthyk_KpqPjcmHbTMp3YO6ekRDyGck3UIjX1dXefRaBWGoB9-fR64EV2n1Gx4uI93I.iDGYLEj1h_Y9ndPCAu6XoTHhFWmk6IbTBvjW5zw705c&dib_tag=se&keywords=laptop&qid=1729747871&sprefix=laptop%2Caps%2C128&sr=8-6,309.99,3.7,87,Not available
"Laptop Computer 14.1 inch Laptop 6GB RAM 128GB SSD, Dual-Core Cerelon N4000 (up to 2.6GHz) Ordinateur-Portable Laptop PC, 2.4G/5G WiFi, BT 5.0, USB3.0, Mini HDMI, 3 Ports USB-C Hub",https://www.amazon.ca/Laptop-Computer-Dual-Core-Cerelon-Ordinateur-Portable/dp/B0D3DSXQWB/ref=sr_1_5?crid=1E63C3THFEGDP&dib=eyJ2IjoiMSJ9.8IJhOmDWzPhvmmClWYIoK3gVSUWRr1SbN_1haQFD5Lb4Vh41jR2v0waUd5pbMlY6h95NQVYy24zC1UqrK28-Q8lkTJoNb6yaRjKaKFcIyna_SSS97Bs6PknQbx3AQjBctCz0YDDmHTiWOf88vmXo5lTGMY9qEPR-s3NAtoUAQ09D4HNtdOgUovqbfU72RlXNOB7mQs3AfT7uQ9js_lTJSCIKTx-wBa3ReyRNMlGrTbthyk_KpqPjcmHbTMp3YO6ekRDyGck3UIjX1dXefRaBWGoB9-fR64EV2n1Gx4uI93I.iDGYLEj1h_Y9ndPCAu6XoTHhFWmk6IbTBvjW5zw705c&dib_tag=se&keywords=laptop&qid=1729747871&sprefix=laptop%2Caps%2C128&sr=8-5,279.00,4.4,47,Not available
Dell Chromebook 3100 Intel N4020 4GB 16GB Chrome OS 11.6 inch Gray (Renewed),https://www.amazon.ca/Dell-Chromebook-Intel-Chrome-Renewed/dp/B08SHN3TZP/ref=sr_1_4?crid=1E63C3THFEGDP&dib=eyJ2IjoiMSJ9.8IJhOmDWzPhvmmClWYIoK3gVSUWRr1SbN_1haQFD5Lb4Vh41jR2v0waUd5pbMlY6h95NQVYy24zC1UqrK28-Q8lkTJoNb6yaRjKaKFcIyna_SSS97Bs6PknQbx3AQjBctCz0YDDmHTiWOf88vmXo5lTGMY9qEPR-s3NAtoUAQ09D4HNtdOgUovqbfU72RlXNOB7mQs3AfT7uQ9js_lTJSCIKTx-wBa3ReyRNMlGrTbthyk_KpqPjcmHbTMp3YO6ekRDyGck3UIjX1dXefRaBWGoB9-fR64EV2n1Gx4uI93I.iDGYLEj1h_Y9ndPCAu6XoTHhFWmk6IbTBvjW5zw705c&dib_tag=se&keywords=laptop&qid=1729747871&sprefix=laptop%2Caps%2C128&sr=8-4,88.00,4.1,380,Not available
"Acer Aspire 5 Laptop | 15.6"" Full HD Display | 13th Gen Intel i3-1315U | 8GB LPDDR5 | 512GB NVMe SSD | Windows 11 Home (1 YR Manufacturer Warranty)",https://www.amazon.ca/Acer-Aspire-i3-1315U-Manufacturer-Warranty/dp/B0CHRSJLZC/ref=sr_1_222?crid=1E63C3THFEGDP&dib=eyJ2IjoiMSJ9.2co32wjNA1e_EVDuJTF8vOehLsUA9rBafx26cwEIppMqvGN0GTHEYMFGgZ4BJzjjdiCnxTWb5kPOcvYsibYTWTZDK_qXvriOs12FKsjNVN0ss9Nd5NsHgSUe8tmiL7mryQQG3kq-j7I3Z3SZUVXiq46swjaiMqOSnKZ0Au3lL4BdiowtDbqVTJMgFBfG68VejTOhs1hjWwvYw1dV2BQ6q1CUiWwqNWj7wsXL_PskQ9Lkx0fvrjFKTGfSZDEFvlOFk6vH59TMwXBINBqhAyLHhWk5YQpQG51wSLFGLgjpb-c.9IjvZlgxoEwBuiULSpqIohLloY6UpARC1UBT4O6hQS8&dib_tag=se&keywords=laptop&qid=1729747871&sprefix=laptop%2Caps%2C128&sr=8-222,559.00,"FREE delivery Sun, Oct 27 ",Only 1 left in stock.,Not available
"HP 15.6"" FHD Laptop, Intel i3-1215U, 16GB RAM, 512GB SSD, Intel UHD Graphics, HD Webcam, Numpad, Wi-Fi 6, Bluetooth, Gray, Windows 11 Pro, 32GB Hotface USB Card",https://www.amazon.ca/HP-i3-1215U-Graphics-Bluetooth-Windows/dp/B0CPHV8CCQ/ref=sr_1_221?crid=1E63C3THFEGDP&dib=eyJ2IjoiMSJ9.2co32wjNA1e_EVDuJTF8vOehLsUA9rBafx26cwEIppMqvGN0GTHEYMFGgZ4BJzjjdiCnxTWb5kPOcvYsibYTWTZDK_qXvriOs12FKsjNVN0ss9Nd5NsHgSUe8tmiL7mryQQG3kq-j7I3Z3SZUVXiq46swjaiMqOSnKZ0Au3lL4BdiowtDbqVTJMgFBfG68VejTOhs1hjWwvYw1dV2BQ6q1CUiWwqNWj7wsXL_PskQ9Lkx0fvrjFKTGfSZDEFvlOFk6vH59TMwXBINBqhAyLHhWk5YQpQG51wSLFGLgjpb-c.9IjvZlgxoEwBuiULSpqIohLloY6UpARC1UBT4O6hQS8&dib_tag=se&keywords=laptop&qid=1729747871&sprefix=laptop%2Caps%2C128&sr=8-221,599.00,4.1,151,Not available
"Lenovo IdeaPad 1 14.0"" HD Laptop - Intel Celeron N4020, 4GB RAM, 128GB eMMC, Windows 11 S Mode (with Microfiber Cloth) - Cloud Grey (82V60094CF)",https://www.amazon.ca/Lenovo-IdeaPad-14-0-Laptop-Microfiber/dp/B0D7MYM4B3/ref=sr_1_3?crid=1E63C3THFEGDP&dib=eyJ2IjoiMSJ9.8IJhOmDWzPhvmmClWYIoK3gVSUWRr1SbN_1haQFD5Lb4Vh41jR2v0waUd5pbMlY6h95NQVYy24zC1UqrK28-Q8lkTJoNb6yaRjKaKFcIyna_SSS97Bs6PknQbx3AQjBctCz0YDDmHTiWOf88vmXo5lTGMY9qEPR-s3NAtoUAQ09D4HNtdOgUovqbfU72RlXNOB7mQs3AfT7uQ9js_lTJSCIKTx-wBa3ReyRNMlGrTbthyk_KpqPjcmHbTMp3YO6ekRDyGck3UIjX1dXefRaBWGoB9-fR64EV2n1Gx4uI93I.iDGYLEj1h_Y9ndPCAu6XoTHhFWmk6IbTBvjW5zw705c&dib_tag=se&keywords=laptop&qid=1729747871&sprefix=laptop%2Caps%2C128&sr=8-3,249.98,5.0,3,Not available
"Acer Aspire 3 A315-24P-R7VH, 15.6"" FHD 1920x1080 Laptop, AMD Ryzen 3 7320U, Radeon Graphics, 8GB RAM, 128G SSD, Windows 11 in S Mode",https://www.amazon.ca/Acer-Aspire-RadeonTM-Graphics-Windows/dp/B0BS4BP8FB/ref=sr_1_2?crid=1E63C3THFEGDP&dib=eyJ2IjoiMSJ9.8IJhOmDWzPhvmmClWYIoK3gVSUWRr1SbN_1haQFD5Lb4Vh41jR2v0waUd5pbMlY6h95NQVYy24zC1UqrK28-Q8lkTJoNb6yaRjKaKFcIyna_SSS97Bs6PknQbx3AQjBctCz0YDDmHTiWOf88vmXo5lTGMY9qEPR-s3NAtoUAQ09D4HNtdOgUovqbfU72RlXNOB7mQs3AfT7uQ9js_lTJSCIKTx-wBa3ReyRNMlGrTbthyk_KpqPjcmHbTMp3YO6ekRDyGck3UIjX1dXefRaBWGoB9-fR64EV2n1Gx4uI93I.iDGYLEj1h_Y9ndPCAu6XoTHhFWmk6IbTBvjW5zw705c&dib_tag=se&keywords=laptop&qid=1729747871&sprefix=laptop%2Caps%2C128&sr=8-2,449.99,4.3,"2,585",Not available
"HP 15-dy2001ca 15.6"" Touchscreen Laptop with Intel® i3-1125G4, 256GB SSD, 8GB RAM & Windows 10 Home",https://www.amazon.ca/HP-15-dy2001ca-Touchscreen-i3-1125G4-Windows/dp/B0CKJ1LXXM/ref=sr_1_223?crid=1E63C3THFEGDP&dib=eyJ2IjoiMSJ9.2co32wjNA1e_EVDuJTF8vOehLsUA9rBafx26cwEIppMqvGN0GTHEYMFGgZ4BJzjjdiCnxTWb5kPOcvYsibYTWTZDK_qXvriOs12FKsjNVN0ss9Nd5NsHgSUe8tmiL7mryQQG3kq-j7I3Z3SZUVXiq46swjaiMqOSnKZ0Au3lL4BdiowtDbqVTJMgFBfG68VejTOhs1hjWwvYw1dV2BQ6q1CUiWwqNWj7wsXL_PskQ9Lkx0fvrjFKTGfSZDEFvlOFk6vH59TMwXBINBqhAyLHhWk5YQpQG51wSLFGLgjpb-c.9IjvZlgxoEwBuiULSpqIohLloY6UpARC1UBT4O6hQS8&dib_tag=se&keywords=laptop&qid=1729747871&sprefix=laptop%2Caps%2C128&sr=8-223,Price not available,4.0,"2,110",Not available
"Lenovo IdeaPad 3 Laptop, 15.6"" FHD Touchscreen, Intel Core i3-1115G4, 16GB RAM, 512GB SSD, SD Card Reader, HDMI, Webcam, Wi-Fi 6, Windows 11 Home, Grey",https://www.amazon.ca/Lenovo-IdeaPad-Touchscreen-i3-1115G4-Windows/dp/B0C157S95V/ref=sr_1_218?crid=1E63C3THFEGDP&dib=eyJ2IjoiMSJ9.2co32wjNA1e_EVDuJTF8vOehLsUA9rBafx26cwEIppMqvGN0GTHEYMFGgZ4BJzjjdiCnxTWb5kPOcvYsibYTWTZDK_qXvriOs12FKsjNVN0ss9Nd5NsHgSUe8tmiL7mryQQG3kq-j7I3Z3SZUVXiq46swjaiMqOSnKZ0Au3lL4BdiowtDbqVTJMgFBfG68VejTOhs1hjWwvYw1dV2BQ6q1CUiWwqNWj7wsXL_PskQ9Lkx0fvrjFKTGfSZDEFvlOFk6vH59TMwXBINBqhAyLHhWk5YQpQG51wSLFGLgjpb-c.9IjvZlgxoEwBuiULSpqIohLloY6UpARC1UBT4O6hQS8&dib_tag=se&keywords=laptop&qid=1729747871&sprefix=laptop%2Caps%2C128&sr=8-218,579.00,4.1,30,Not available
"DELL Latitude 7420 Business Laptop, Touchscreen Notebook, 14"" FHD(1920x1080), Intel Core i7-1185G7, 32GB RAM, 512GB SSD, Backlit Keyboard, WiFi, Bluetooth, Windows 11 Pro-Carbon Fiber(Renewed)",https://www.amazon.ca/Latitude-7420-Touchscreen-1920x1080-Pro-Carbon/dp/B0CDBXNQZV/ref=sr_1_217?crid=1E63C3THFEGDP&dib=eyJ2IjoiMSJ9.2co32wjNA1e_EVDuJTF8vOehLsUA9rBafx26cwEIppMqvGN0GTHEYMFGgZ4BJzjjdiCnxTWb5kPOcvYsibYTWTZDK_qXvriOs12FKsjNVN0ss9Nd5NsHgSUe8tmiL7mryQQG3kq-j7I3Z3SZUVXiq46swjaiMqOSnKZ0Au3lL4BdiowtDbqVTJMgFBfG68VejTOhs1hjWwvYw1dV2BQ6q1CUiWwqNWj7wsXL_PskQ9Lkx0fvrjFKTGfSZDEFvlOFk6vH59TMwXBINBqhAyLHhWk5YQpQG51wSLFGLgjpb-c.9IjvZlgxoEwBuiULSpqIohLloY6UpARC1UBT4O6hQS8&dib_tag=se&keywords=laptop&qid=1729747871&sprefix=laptop%2Caps%2C128&sr=8-217,649.00,4.1,35,Not available
Dell Inspiron 15 3000 3511 11th Gen Intel i5-1135G7 1TB SSD 16GB RAM 15.6-inch FHD Laptop Windows 11 Pro,https://www.amazon.ca/Dell-Inspiron-3511-i5-1135G7-15-6-inch/dp/B09QFRL6BP/ref=sr_1_220?crid=1E63C3THFEGDP&dib=eyJ2IjoiMSJ9.2co32wjNA1e_EVDuJTF8vOehLsUA9rBafx26cwEIppMqvGN0GTHEYMFGgZ4BJzjjdiCnxTWb5kPOcvYsibYTWTZDK_qXvriOs12FKsjNVN0ss9Nd5NsHgSUe8tmiL7mryQQG3kq-j7I3Z3SZUVXiq46swjaiMqOSnKZ0Au3lL4BdiowtDbqVTJMgFBfG68VejTOhs1hjWwvYw1dV2BQ6q1CUiWwqNWj7wsXL_PskQ9Lkx0fvrjFKTGfSZDEFvlOFk6vH59TMwXBINBqhAyLHhWk5YQpQG51wSLFGLgjpb-c.9IjvZlgxoEwBuiULSpqIohLloY6UpARC1UBT4O6hQS8&dib_tag=se&keywords=laptop&qid=1729747871&sprefix=laptop%2Caps%2C128&sr=8-220,779.00,4.1,10,Not available
"HP EliteBook 830 G7 13"" Laptop, Intel Core i7-10th Gen, 32GB, 512GB SSD, Win11 Pro (Renewed)",https://www.amazon.ca/HP-EliteBook-830-G7-i7-10th/dp/B0CWWF8149/ref=sr_1_216?crid=1E63C3THFEGDP&dib=eyJ2IjoiMSJ9.2co32wjNA1e_EVDuJTF8vOehLsUA9rBafx26cwEIppMqvGN0GTHEYMFGgZ4BJzjjdiCnxTWb5kPOcvYsibYTWTZDK_qXvriOs12FKsjNVN0ss9Nd5NsHgSUe8tmiL7mryQQG3kq-j7I3Z3SZUVXiq46swjaiMqOSnKZ0Au3lL4BdiowtDbqVTJMgFBfG68VejTOhs1hjWwvYw1dV2BQ6q1CUiWwqNWj7wsXL_PskQ9Lkx0fvrjFKTGfSZDEFvlOFk6vH59TMwXBINBqhAyLHhWk5YQpQG51wSLFGLgjpb-c.9IjvZlgxoEwBuiULSpqIohLloY6UpARC1UBT4O6hQS8&dib_tag=se&keywords=laptop&qid=1729747871&sprefix=laptop%2Caps%2C128&sr=8-216,519.00,2.5,2,Not available
"Lenovo IdeaPad 1 | 15.6"" FHD Laptop | AMD Ryzen 5 5500U | 16GB Memory | 512GB PCIe SSD | Windows 11 Home| Radeon Graphics",https://www.amazon.ca/Lenovo-IdeaPad-Laptop-Windows-Graphics/dp/B0D944Q65J/ref=sr_1_219?crid=1E63C3THFEGDP&dib=eyJ2IjoiMSJ9.2co32wjNA1e_EVDuJTF8vOehLsUA9rBafx26cwEIppMqvGN0GTHEYMFGgZ4BJzjjdiCnxTWb5kPOcvYsibYTWTZDK_qXvriOs12FKsjNVN0ss9Nd5NsHgSUe8tmiL7mryQQG3kq-j7I3Z3SZUVXiq46swjaiMqOSnKZ0Au3lL4BdiowtDbqVTJMgFBfG68VejTOhs1hjWwvYw1dV2BQ6q1CUiWwqNWj7wsXL_PskQ9Lkx0fvrjFKTGfSZDEFvlOFk6vH59TMwXBINBqhAyLHhWk5YQpQG51wSLFGLgjpb-c.9IjvZlgxoEwBuiULSpqIohLloY6UpARC1UBT4O6hQS8&dib_tag=se&keywords=laptop&qid=1729747871&sprefix=laptop%2Caps%2C128&sr=8-219,579.99,FREE delivery Oct 29 - 31 ,No reviews available,Not available
LG gram Pro 16 Inch with WQXGA (2560 * 1600) IPS Display | Intel® Core™ Ultra7 155H | 32GB | 1TB | NVIDIA RTX3050,https://www.amazon.ca/LG-Display-Intel%C2%AE-CoreTM-RTX3050/dp/B0D1312P29/ref=sr_1_215?crid=1E63C3THFEGDP&dib=eyJ2IjoiMSJ9.2co32wjNA1e_EVDuJTF8vOehLsUA9rBafx26cwEIppMqvGN0GTHEYMFGgZ4BJzjjdiCnxTWb5kPOcvYsibYTWTZDK_qXvriOs12FKsjNVN0ss9Nd5NsHgSUe8tmiL7mryQQG3kq-j7I3Z3SZUVXiq46swjaiMqOSnKZ0Au3lL4BdiowtDbqVTJMgFBfG68VejTOhs1hjWwvYw1dV2BQ6q1CUiWwqNWj7wsXL_PskQ9Lkx0fvrjFKTGfSZDEFvlOFk6vH59TMwXBINBqhAyLHhWk5YQpQG51wSLFGLgjpb-c.9IjvZlgxoEwBuiULSpqIohLloY6UpARC1UBT4O6hQS8&dib_tag=se&keywords=laptop&qid=1729747871&sprefix=laptop%2Caps%2C128&sr=8-215,"2,699.99","FREE delivery Mon, Oct 28 ",Only 2 left in stock (more on the way).,Not available
"Dell Latitude 5320 2in1 Laptop Gen 2, 13.3in Touchscreen Laptop Comnputer 5320 11th, Quad Core i5-11th, 16GB RAM, 512GB SSD, Win10 pro(Renewed)",https://www.amazon.ca/Dell-Latitude-5320-2in1-Touchscreen/dp/B0DGG5NCKQ/ref=sr_1_214?crid=1E63C3THFEGDP&dib=eyJ2IjoiMSJ9.2co32wjNA1e_EVDuJTF8vOehLsUA9rBafx26cwEIppMqvGN0GTHEYMFGgZ4BJzjjdiCnxTWb5kPOcvYsibYTWTZDK_qXvriOs12FKsjNVN0ss9Nd5NsHgSUe8tmiL7mryQQG3kq-j7I3Z3SZUVXiq46swjaiMqOSnKZ0Au3lL4BdiowtDbqVTJMgFBfG68VejTOhs1hjWwvYw1dV2BQ6q1CUiWwqNWj7wsXL_PskQ9Lkx0fvrjFKTGfSZDEFvlOFk6vH59TMwXBINBqhAyLHhWk5YQpQG51wSLFGLgjpb-c.9IjvZlgxoEwBuiULSpqIohLloY6UpARC1UBT4O6hQS8&dib_tag=se&keywords=laptop&qid=1729747871&sprefix=laptop%2Caps%2C128&sr=8-214,499.70,"FREE delivery Tue, Oct 29 ",Save 8%,Not available
"Dell Latitude 5400 Laptop | 14"" 1920x1080 FHD | Core i7-8665U - 512GB SSD Hard Drive - 16GB RAM | 4 cores @ 4.8 GHz Win 11 Home Black (Renewed)",https://www.amazon.ca/Dell-Latitude-5400-Laptop-1920x1080/dp/B0D28HRSLG/ref=sr_1_213?crid=1E63C3THFEGDP&dib=eyJ2IjoiMSJ9.2co32wjNA1e_EVDuJTF8vOehLsUA9rBafx26cwEIppMqvGN0GTHEYMFGgZ4BJzjjdiCnxTWb5kPOcvYsibYTWTZDK_qXvriOs12FKsjNVN0ss9Nd5NsHgSUe8tmiL7mryQQG3kq-j7I3Z3SZUVXiq46swjaiMqOSnKZ0Au3lL4BdiowtDbqVTJMgFBfG68VejTOhs1hjWwvYw1dV2BQ6q1CUiWwqNWj7wsXL_PskQ9Lkx0fvrjFKTGfSZDEFvlOFk6vH59TMwXBINBqhAyLHhWk5YQpQG51wSLFGLgjpb-c.9IjvZlgxoEwBuiULSpqIohLloY6UpARC1UBT4O6hQS8&dib_tag=se&keywords=laptop&qid=1729747871&sprefix=laptop%2Caps%2C128&sr=8-213,475.00,FREE delivery Oct 28 - 30 ,Only 1 left in stock.,Not available
"HP Envy 17.3"" FHD Laptop, Intel Core i7-1260P, 64GB RAM, 2TB SSD, Backlit Keyboard, Intel Iris Xe Graphics, Fingerprint Reader, Webcam, Windows 11 Pro, Silver, 32GB Hotface USB Card (Renewed)",https://www.amazon.ca/HP-i7-1260P-Keyboard-Graphics-Fingerprint/dp/B0CSD4R94X/ref=sr_1_212?crid=1E63C3THFEGDP&dib=eyJ2IjoiMSJ9.2co32wjNA1e_EVDuJTF8vOehLsUA9rBafx26cwEIppMqvGN0GTHEYMFGgZ4BJzjjdiCnxTWb5kPOcvYsibYTWTZDK_qXvriOs12FKsjNVN0ss9Nd5NsHgSUe8tmiL7mryQQG3kq-j7I3Z3SZUVXiq46swjaiMqOSnKZ0Au3lL4BdiowtDbqVTJMgFBfG68VejTOhs1hjWwvYw1dV2BQ6q1CUiWwqNWj7wsXL_PskQ9Lkx0fvrjFKTGfSZDEFvlOFk6vH59TMwXBINBqhAyLHhWk5YQpQG51wSLFGLgjpb-c.9IjvZlgxoEwBuiULSpqIohLloY6UpARC1UBT4O6hQS8&dib_tag=se&keywords=laptop&qid=1729747871&sprefix=laptop%2Caps%2C128&sr=8-212,"1,479.00",4.5,2,Not available
"Dell Latitude 7390 Business Laptop, 13.3-inch FHD (1920 x 1080) Display, Intel Core i5-8th 2.6GHz, 16GB DDR4 RAM, 512GB SSD, Wi-Fi, Camera, Windows 10 Pro (Renewed)",https://www.amazon.ca/Dell-Latitude-Business-13-3-inch-Display/dp/B0CLD9GGGH/ref=sr_1_211?crid=1E63C3THFEGDP&dib=eyJ2IjoiMSJ9.2co32wjNA1e_EVDuJTF8vOehLsUA9rBafx26cwEIppMqvGN0GTHEYMFGgZ4BJzjjdiCnxTWb5kPOcvYsibYTWTZDK_qXvriOs12FKsjNVN0ss9Nd5NsHgSUe8tmiL7mryQQG3kq-j7I3Z3SZUVXiq46swjaiMqOSnKZ0Au3lL4BdiowtDbqVTJMgFBfG68VejTOhs1hjWwvYw1dV2BQ6q1CUiWwqNWj7wsXL_PskQ9Lkx0fvrjFKTGfSZDEFvlOFk6vH59TMwXBINBqhAyLHhWk5YQpQG51wSLFGLgjpb-c.9IjvZlgxoEwBuiULSpqIohLloY6UpARC1UBT4O6hQS8&dib_tag=se&keywords=laptop&qid=1729747871&sprefix=laptop%2Caps%2C128&sr=8-211,294.00,3.4,4,Not available
"HP Stream 14-Inch Laptop, Intel Celeron N4000, 4 GB RAM, 64 GB eMMC, Windows 10 Home in S Mode (14-cb159nr, Jet Black)",https://www.amazon.ca/HP-14-inch-Celeron-Storage-14-cb159nr/dp/B07WMDV7CW/ref=sr_1_209?crid=1E63C3THFEGDP&dib=eyJ2IjoiMSJ9.2co32wjNA1e_EVDuJTF8vOehLsUA9rBafx26cwEIppMqvGN0GTHEYMFGgZ4BJzjjdiCnxTWb5kPOcvYsibYTWTZDK_qXvriOs12FKsjNVN0ss9Nd5NsHgSUe8tmiL7mryQQG3kq-j7I3Z3SZUVXiq46swjaiMqOSnKZ0Au3lL4BdiowtDbqVTJMgFBfG68VejTOhs1hjWwvYw1dV2BQ6q1CUiWwqNWj7wsXL_PskQ9Lkx0fvrjFKTGfSZDEFvlOFk6vH59TMwXBINBqhAyLHhWk5YQpQG51wSLFGLgjpb-c.9IjvZlgxoEwBuiULSpqIohLloY6UpARC1UBT4O6hQS8&dib_tag=se&keywords=laptop&qid=1729747871&sprefix=laptop%2Caps%2C128&sr=8-209,369.00,4.3,"2,696",Not available
"Microsoft Surface Laptop 4 15"" Touch AMD Ryzen 7 8GB 256GB Windows 11 Home",https://www.amazon.ca/Microsoft-Surface-Laptop-Touchscreen-Platinum/dp/B0BYFS6QC3/ref=sr_1_208?crid=1E63C3THFEGDP&dib=eyJ2IjoiMSJ9.2co32wjNA1e_EVDuJTF8vOehLsUA9rBafx26cwEIppMqvGN0GTHEYMFGgZ4BJzjjdiCnxTWb5kPOcvYsibYTWTZDK_qXvriOs12FKsjNVN0ss9Nd5NsHgSUe8tmiL7mryQQG3kq-j7I3Z3SZUVXiq46swjaiMqOSnKZ0Au3lL4BdiowtDbqVTJMgFBfG68VejTOhs1hjWwvYw1dV2BQ6q1CUiWwqNWj7wsXL_PskQ9Lkx0fvrjFKTGfSZDEFvlOFk6vH59TMwXBINBqhAyLHhWk5YQpQG51wSLFGLgjpb-c.9IjvZlgxoEwBuiULSpqIohLloY6UpARC1UBT4O6hQS8&dib_tag=se&keywords=laptop&qid=1729747871&sprefix=laptop%2Caps%2C128&sr=8-208,679.00,4.8,17,Not available
"Dell Business Inspiron 3000 3520 15.6"" Laptop, Intel Core i7-1255U 12th Gen Processor, 16GB RAM, 1TB SSD, Webcam, HDMI, Windows 11 Home (Home, 16GB RAM, 1TB SSD)",https://www.amazon.ca/Dell-Business-Inspiron-3520-Processor/dp/B0BLK9BFN6/ref=sr_1_210?crid=1E63C3THFEGDP&dib=eyJ2IjoiMSJ9.2co32wjNA1e_EVDuJTF8vOehLsUA9rBafx26cwEIppMqvGN0GTHEYMFGgZ4BJzjjdiCnxTWb5kPOcvYsibYTWTZDK_qXvriOs12FKsjNVN0ss9Nd5NsHgSUe8tmiL7mryQQG3kq-j7I3Z3SZUVXiq46swjaiMqOSnKZ0Au3lL4BdiowtDbqVTJMgFBfG68VejTOhs1hjWwvYw1dV2BQ6q1CUiWwqNWj7wsXL_PskQ9Lkx0fvrjFKTGfSZDEFvlOFk6vH59TMwXBINBqhAyLHhWk5YQpQG51wSLFGLgjpb-c.9IjvZlgxoEwBuiULSpqIohLloY6UpARC1UBT4O6hQS8&dib_tag=se&keywords=laptop&qid=1729747871&sprefix=laptop%2Caps%2C128&sr=8-210,800.90,3.8,35,Not available
"Yoga 11inch Mini Laptop Touch Screen 2-in-1 Pocket PC with FHD Display, 12th Gen N95 CPU (Up to 3.4GHz), 16GB DDR5 RAM, 512GB NVMe SSD, 360° Rotatable, Backlit Keyboard, Dual Wi-Fi, Type-C (GB, 512)",https://www.amazon.ca/11inch-Display-Rotatable-Backlit-Keyboard/dp/B0D5B9J5K2/ref=sr_1_207?crid=1E63C3THFEGDP&dib=eyJ2IjoiMSJ9.2co32wjNA1e_EVDuJTF8vOehLsUA9rBafx26cwEIppMqvGN0GTHEYMFGgZ4BJzjjdiCnxTWb5kPOcvYsibYTWTZDK_qXvriOs12FKsjNVN0ss9Nd5NsHgSUe8tmiL7mryQQG3kq-j7I3Z3SZUVXiq46swjaiMqOSnKZ0Au3lL4BdiowtDbqVTJMgFBfG68VejTOhs1hjWwvYw1dV2BQ6q1CUiWwqNWj7wsXL_PskQ9Lkx0fvrjFKTGfSZDEFvlOFk6vH59TMwXBINBqhAyLHhWk5YQpQG51wSLFGLgjpb-c.9IjvZlgxoEwBuiULSpqIohLloY6UpARC1UBT4O6hQS8&dib_tag=se&keywords=laptop&qid=1729747871&sprefix=laptop%2Caps%2C128&sr=8-207,499.90,5.0,1,Not available
"Svikou AozPad 11 inch Convertible Laptop, 2-in-1 FHD Touchscreen Notebook, 12th Gen N95 CPU(Up to 3.4Ghz) 16GB DDR5 RAM, 512GB SSD, Win 11 Pro/360° Flip Screen/BacklitKeyboard/TypeC/ (GB, 512)",https://www.amazon.ca/Svikou-Convertible-Touchscreen-Notebook-BacklitKeyboard/dp/B0D5BB3G7D/ref=sr_1_206?crid=1E63C3THFEGDP&dib=eyJ2IjoiMSJ9.2co32wjNA1e_EVDuJTF8vOehLsUA9rBafx26cwEIppMqvGN0GTHEYMFGgZ4BJzjjdiCnxTWb5kPOcvYsibYTWTZDK_qXvriOs12FKsjNVN0ss9Nd5NsHgSUe8tmiL7mryQQG3kq-j7I3Z3SZUVXiq46swjaiMqOSnKZ0Au3lL4BdiowtDbqVTJMgFBfG68VejTOhs1hjWwvYw1dV2BQ6q1CUiWwqNWj7wsXL_PskQ9Lkx0fvrjFKTGfSZDEFvlOFk6vH59TMwXBINBqhAyLHhWk5YQpQG51wSLFGLgjpb-c.9IjvZlgxoEwBuiULSpqIohLloY6UpARC1UBT4O6hQS8&dib_tag=se&keywords=laptop&qid=1729747871&sprefix=laptop%2Caps%2C128&sr=8-206,449.99,4.2,6,Not available
"HP Stream 14"" HD Anti-Glare Laptop, Intel Pentium Silver N5030, 16GB RAM, 1.16TB Storage(1TB SSD + 160GB Docking Station Set), Intel UHD Graphics, 720p Camera, 1 Year Office 365, Win 11 S, Silver",https://www.amazon.ca/HP-Stream-Anti-Glare-Pentium-Graphics/dp/B0DBL3TSKY/ref=sr_1_204?crid=1E63C3THFEGDP&dib=eyJ2IjoiMSJ9.2co32wjNA1e_EVDuJTF8vOehLsUA9rBafx26cwEIppMqvGN0GTHEYMFGgZ4BJzjjdiCnxTWb5kPOcvYsibYTWTZDK_qXvriOs12FKsjNVN0ss9Nd5NsHgSUe8tmiL7mryQQG3kq-j7I3Z3SZUVXiq46swjaiMqOSnKZ0Au3lL4BdiowtDbqVTJMgFBfG68VejTOhs1hjWwvYw1dV2BQ6q1CUiWwqNWj7wsXL_PskQ9Lkx0fvrjFKTGfSZDEFvlOFk6vH59TMwXBINBqhAyLHhWk5YQpQG51wSLFGLgjpb-c.9IjvZlgxoEwBuiULSpqIohLloY6UpARC1UBT4O6hQS8&dib_tag=se&keywords=laptop&qid=1729747871&sprefix=laptop%2Caps%2C128&sr=8-204,549.00,4.3,126,Not available
"HP 14-EP000 2023 Laptop / 14"" Intel UHD Graphics 60hertz / Intel i3-N305 8 Cores / 8GB DDR4 256GB NVMe SSD M.2 / Wi-Fi 6 / Win11 / Moonlight Blue",https://www.amazon.ca/HP-14-EP000-Graphics-60hertz-Moonlight/dp/B0D7MFBQPQ/ref=sr_1_201?crid=1E63C3THFEGDP&dib=eyJ2IjoiMSJ9.2co32wjNA1e_EVDuJTF8vOehLsUA9rBafx26cwEIppMqvGN0GTHEYMFGgZ4BJzjjdiCnxTWb5kPOcvYsibYTWTZDK_qXvriOs12FKsjNVN0ss9Nd5NsHgSUe8tmiL7mryQQG3kq-j7I3Z3SZUVXiq46swjaiMqOSnKZ0Au3lL4BdiowtDbqVTJMgFBfG68VejTOhs1hjWwvYw1dV2BQ6q1CUiWwqNWj7wsXL_PskQ9Lkx0fvrjFKTGfSZDEFvlOFk6vH59TMwXBINBqhAyLHhWk5YQpQG51wSLFGLgjpb-c.9IjvZlgxoEwBuiULSpqIohLloY6UpARC1UBT4O6hQS8&dib_tag=se&keywords=laptop&qid=1729747871&sprefix=laptop%2Caps%2C128&sr=8-201,369.99,"FREE delivery Sun, Oct 27 ",Only 6 left in stock.,Not available
"Lenovo V15 Gen 2 15.6"" FHD Portable Business and Student Laptop, Intel Dual Core Processor, 16GB RAM, 1TB SSD, HDMI, Wi-Fi, Webcam, Windows 11 Pro, Black…",https://www.amazon.ca/Lenovo-V15-Portable-Business-Processor/dp/B0CXYXXLG8/ref=sr_1_205?crid=1E63C3THFEGDP&dib=eyJ2IjoiMSJ9.2co32wjNA1e_EVDuJTF8vOehLsUA9rBafx26cwEIppMqvGN0GTHEYMFGgZ4BJzjjdiCnxTWb5kPOcvYsibYTWTZDK_qXvriOs12FKsjNVN0ss9Nd5NsHgSUe8tmiL7mryQQG3kq-j7I3Z3SZUVXiq46swjaiMqOSnKZ0Au3lL4BdiowtDbqVTJMgFBfG68VejTOhs1hjWwvYw1dV2BQ6q1CUiWwqNWj7wsXL_PskQ9Lkx0fvrjFKTGfSZDEFvlOFk6vH59TMwXBINBqhAyLHhWk5YQpQG51wSLFGLgjpb-c.9IjvZlgxoEwBuiULSpqIohLloY6UpARC1UBT4O6hQS8&dib_tag=se&keywords=laptop&qid=1729747871&sprefix=laptop%2Caps%2C128&sr=8-205,639.00,4.3,116,Not available
"HP 15.6"" Full HD Touchscreen Laptop, Intel i7-1255U Processor, 32GB RAM, 1TB SSD, Intel Iris Xe Graphics, Numeric Keyboard, HD Webcam, HDMI, Windows 11, Natural Silver, 32GB Hotface USB Card",https://www.amazon.ca/HP-Touchscreen-i7-1255U-Processor-Graphics/dp/B0CYZC3WZS/ref=sr_1_202?crid=1E63C3THFEGDP&dib=eyJ2IjoiMSJ9.2co32wjNA1e_EVDuJTF8vOehLsUA9rBafx26cwEIppMqvGN0GTHEYMFGgZ4BJzjjdiCnxTWb5kPOcvYsibYTWTZDK_qXvriOs12FKsjNVN0ss9Nd5NsHgSUe8tmiL7mryQQG3kq-j7I3Z3SZUVXiq46swjaiMqOSnKZ0Au3lL4BdiowtDbqVTJMgFBfG68VejTOhs1hjWwvYw1dV2BQ6q1CUiWwqNWj7wsXL_PskQ9Lkx0fvrjFKTGfSZDEFvlOFk6vH59TMwXBINBqhAyLHhWk5YQpQG51wSLFGLgjpb-c.9IjvZlgxoEwBuiULSpqIohLloY6UpARC1UBT4O6hQS8&dib_tag=se&keywords=laptop&qid=1729747871&sprefix=laptop%2Caps%2C128&sr=8-202,"1,199.00",4.6,8,Not available
"HP 15.6"" HD Touchscreen Laptop, Intel i3-1215U, 16GB RAM, 512GB PCIe SSD, Intel UHD Graphics, Numeric Keypad, HD Webcam, Wi-Fi 5, Natural Silver, Win 11 Pro, 32GB Hotface USB Card",https://www.amazon.ca/HP-15-6-Touchscreen-i3-1215U-Graphics/dp/B0CNWWJRR6/ref=sr_1_203?crid=1E63C3THFEGDP&dib=eyJ2IjoiMSJ9.2co32wjNA1e_EVDuJTF8vOehLsUA9rBafx26cwEIppMqvGN0GTHEYMFGgZ4BJzjjdiCnxTWb5kPOcvYsibYTWTZDK_qXvriOs12FKsjNVN0ss9Nd5NsHgSUe8tmiL7mryQQG3kq-j7I3Z3SZUVXiq46swjaiMqOSnKZ0Au3lL4BdiowtDbqVTJMgFBfG68VejTOhs1hjWwvYw1dV2BQ6q1CUiWwqNWj7wsXL_PskQ9Lkx0fvrjFKTGfSZDEFvlOFk6vH59TMwXBINBqhAyLHhWk5YQpQG51wSLFGLgjpb-c.9IjvZlgxoEwBuiULSpqIohLloY6UpARC1UBT4O6hQS8&dib_tag=se&keywords=laptop&qid=1729747871&sprefix=laptop%2Caps%2C128&sr=8-203,669.00,4.2,99,Not available
"Acer Chromebook Spin 314 | 14"" Touch Screen | Intel N6000 CPU | 8GB LPDDR4X | 128GB eMMC | WiFi AX (1 yr Manufacturer Warranty) (Renewed)",https://www.amazon.ca/Acer-Chromebook-LPDDR4X-Manufacturer-Warranty/dp/B0CL1L29P4/ref=sr_1_200?crid=1E63C3THFEGDP&dib=eyJ2IjoiMSJ9.2co32wjNA1e_EVDuJTF8vOehLsUA9rBafx26cwEIppMqvGN0GTHEYMFGgZ4BJzjjdiCnxTWb5kPOcvYsibYTWTZDK_qXvriOs12FKsjNVN0ss9Nd5NsHgSUe8tmiL7mryQQG3kq-j7I3Z3SZUVXiq46swjaiMqOSnKZ0Au3lL4BdiowtDbqVTJMgFBfG68VejTOhs1hjWwvYw1dV2BQ6q1CUiWwqNWj7wsXL_PskQ9Lkx0fvrjFKTGfSZDEFvlOFk6vH59TMwXBINBqhAyLHhWk5YQpQG51wSLFGLgjpb-c.9IjvZlgxoEwBuiULSpqIohLloY6UpARC1UBT4O6hQS8&dib_tag=se&keywords=laptop&qid=1729747871&sprefix=laptop%2Caps%2C128&sr=8-200,339.00,4.0,47,Not available
"Microsoft Surface Laptop 3 – 13.5"" Touch-Screen – Intel Core i7 - 16GB Memory - 256GB Solid State Drive (Latest Model) – Matte Black (Renewed)",https://www.amazon.ca/Microsoft-Surface-Laptop-Touch-Screen-Renewed/dp/B081ZJ1WW9/ref=sr_1_198?crid=1E63C3THFEGDP&dib=eyJ2IjoiMSJ9.2co32wjNA1e_EVDuJTF8vOehLsUA9rBafx26cwEIppMqvGN0GTHEYMFGgZ4BJzjjdiCnxTWb5kPOcvYsibYTWTZDK_qXvriOs12FKsjNVN0ss9Nd5NsHgSUe8tmiL7mryQQG3kq-j7I3Z3SZUVXiq46swjaiMqOSnKZ0Au3lL4BdiowtDbqVTJMgFBfG68VejTOhs1hjWwvYw1dV2BQ6q1CUiWwqNWj7wsXL_PskQ9Lkx0fvrjFKTGfSZDEFvlOFk6vH59TMwXBINBqhAyLHhWk5YQpQG51wSLFGLgjpb-c.9IjvZlgxoEwBuiULSpqIohLloY6UpARC1UBT4O6hQS8&dib_tag=se&keywords=laptop&qid=1729747871&sprefix=laptop%2Caps%2C128&sr=8-198,661.11,4.0,64,Not available
"HP 15.6"" FHD IPS Touchscreen Laptop, Intel i7-1165G7 Processor, 16GB DDR4 RAM, 1TB SSD, Intel Iris Xe Graphics, HD Webcam, Windows 11 Pro, Silver, 32GB Hotface USB Card",https://www.amazon.ca/HP-Touchscreen-i7-1165G7-Processor-Graphics/dp/B0CP3T9N92/ref=sr_1_197?crid=1E63C3THFEGDP&dib=eyJ2IjoiMSJ9.2co32wjNA1e_EVDuJTF8vOehLsUA9rBafx26cwEIppMqvGN0GTHEYMFGgZ4BJzjjdiCnxTWb5kPOcvYsibYTWTZDK_qXvriOs12FKsjNVN0ss9Nd5NsHgSUe8tmiL7mryQQG3kq-j7I3Z3SZUVXiq46swjaiMqOSnKZ0Au3lL4BdiowtDbqVTJMgFBfG68VejTOhs1hjWwvYw1dV2BQ6q1CUiWwqNWj7wsXL_PskQ9Lkx0fvrjFKTGfSZDEFvlOFk6vH59TMwXBINBqhAyLHhWk5YQpQG51wSLFGLgjpb-c.9IjvZlgxoEwBuiULSpqIohLloY6UpARC1UBT4O6hQS8&dib_tag=se&keywords=laptop&qid=1729747871&sprefix=laptop%2Caps%2C128&sr=8-197,"1,049.00",4.4,325,Not available
"Lenovo Ideapad 1 14"" HD Laptop, Intel Celeron N4020, 4GB RAM, 224GB Storage (64GB eMMC + 160GB Docking Station), Intel UHD Graphics, Wi-Fi 6, Bluetooth, Webcam, Dolby Audio, Win 11, Grey",https://www.amazon.ca/Lenovo-Ideapad-14-Graphics-Bluetooth/dp/B0D66G2DJR/ref=sr_1_199?crid=1E63C3THFEGDP&dib=eyJ2IjoiMSJ9.2co32wjNA1e_EVDuJTF8vOehLsUA9rBafx26cwEIppMqvGN0GTHEYMFGgZ4BJzjjdiCnxTWb5kPOcvYsibYTWTZDK_qXvriOs12FKsjNVN0ss9Nd5NsHgSUe8tmiL7mryQQG3kq-j7I3Z3SZUVXiq46swjaiMqOSnKZ0Au3lL4BdiowtDbqVTJMgFBfG68VejTOhs1hjWwvYw1dV2BQ6q1CUiWwqNWj7wsXL_PskQ9Lkx0fvrjFKTGfSZDEFvlOFk6vH59TMwXBINBqhAyLHhWk5YQpQG51wSLFGLgjpb-c.9IjvZlgxoEwBuiULSpqIohLloY6UpARC1UBT4O6hQS8&dib_tag=se&keywords=laptop&qid=1729747871&sprefix=laptop%2Caps%2C128&sr=8-199,319.00,4.7,44,Not available
LG gram Pro 16 Inch with WQXGA+ (2880 * 1800) OLED Display | Intel® Core™ Ultra7 155H | 32GB | 1TB | NVIDIA RTX3050,https://www.amazon.ca/LG-Display-Intel%C2%AE-CoreTM-RTX3050/dp/B0D11Z68VM/ref=sr_1_196?crid=1E63C3THFEGDP&dib=eyJ2IjoiMSJ9.2co32wjNA1e_EVDuJTF8vOehLsUA9rBafx26cwEIppMqvGN0GTHEYMFGgZ4BJzjjdiCnxTWb5kPOcvYsibYTWTZDK_qXvriOs12FKsjNVN0ss9Nd5NsHgSUe8tmiL7mryQQG3kq-j7I3Z3SZUVXiq46swjaiMqOSnKZ0Au3lL4BdiowtDbqVTJMgFBfG68VejTOhs1hjWwvYw1dV2BQ6q1CUiWwqNWj7wsXL_PskQ9Lkx0fvrjFKTGfSZDEFvlOFk6vH59TMwXBINBqhAyLHhWk5YQpQG51wSLFGLgjpb-c.9IjvZlgxoEwBuiULSpqIohLloY6UpARC1UBT4O6hQS8&dib_tag=se&keywords=laptop&qid=1729747871&sprefix=laptop%2Caps%2C128&sr=8-196,"2,599.99",5.0,1,Not available
"Apple 2024 MacBook Air 15-inch Laptop with M3 chip: Built for Apple Intelligence, 15.3-inch Liquid Retina Display, 8GB Unified Memory, 256GB SSD Storage; Midnight, French Backlit Keyboard",https://www.amazon.ca/Apple-2024-MacBook-15-inch-Laptop/dp/B0CX24FZPT/ref=sr_1_194?crid=1E63C3THFEGDP&dib=eyJ2IjoiMSJ9.2co32wjNA1e_EVDuJTF8vOehLsUA9rBafx26cwEIppMqvGN0GTHEYMFGgZ4BJzjjdiCnxTWb5kPOcvYsibYTWTZDK_qXvriOs12FKsjNVN0ss9Nd5NsHgSUe8tmiL7mryQQG3kq-j7I3Z3SZUVXiq46swjaiMqOSnKZ0Au3lL4BdiowtDbqVTJMgFBfG68VejTOhs1hjWwvYw1dV2BQ6q1CUiWwqNWj7wsXL_PskQ9Lkx0fvrjFKTGfSZDEFvlOFk6vH59TMwXBINBqhAyLHhWk5YQpQG51wSLFGLgjpb-c.9IjvZlgxoEwBuiULSpqIohLloY6UpARC1UBT4O6hQS8&dib_tag=se&keywords=laptop&qid=1729747871&sprefix=laptop%2Caps%2C128&sr=8-194,"1,999.00",4.7,714,Not available
"HP 15.6"" Screen FHD Laptop, Intel Core i5-1135G7, 8GB RAM, 256GB SSD, Natural Silver, Windows 11 Home, 15-dy2795wm Notebook",https://www.amazon.ca/HP-i5-1135G7-Natural-15-dy2795wm-Notebook/dp/B0BNQJF8HX/ref=sr_1_195?crid=1E63C3THFEGDP&dib=eyJ2IjoiMSJ9.2co32wjNA1e_EVDuJTF8vOehLsUA9rBafx26cwEIppMqvGN0GTHEYMFGgZ4BJzjjdiCnxTWb5kPOcvYsibYTWTZDK_qXvriOs12FKsjNVN0ss9Nd5NsHgSUe8tmiL7mryQQG3kq-j7I3Z3SZUVXiq46swjaiMqOSnKZ0Au3lL4BdiowtDbqVTJMgFBfG68VejTOhs1hjWwvYw1dV2BQ6q1CUiWwqNWj7wsXL_PskQ9Lkx0fvrjFKTGfSZDEFvlOFk6vH59TMwXBINBqhAyLHhWk5YQpQG51wSLFGLgjpb-c.9IjvZlgxoEwBuiULSpqIohLloY6UpARC1UBT4O6hQS8&dib_tag=se&keywords=laptop&qid=1729747871&sprefix=laptop%2Caps%2C128&sr=8-195,585.00,4.2,6,Not available
"jumper 16 Inch Laptop, 16GB RAM 512GB SSD, 11th Gen Intel Celeron N5095, FHD IPS Screen(1920 * 1200), Windows 11 Laptops Computer with 2.4G/5G WiFi, Four Stereo Speakers, Cooling System.",https://www.amazon.ca/jumper-Celeron-Windows-Computer-Speakers/dp/B0D2R4561Y/ref=sr_1_79?crid=1E63C3THFEGDP&dib=eyJ2IjoiMSJ9.akMDTOG5KBho4VWXJdqFI-2Vo012hyghVX19Ise9rhuYnjxLoG2IsHdZNj68CyWm06Wz4KoboBIPslkPi0t2Pq8VkUqaCNIPfZs5bk_8dwDJ3zaJLirn7oJovR1l5rZHYdCtGqsQ5kSV2BiJ81EcZww8KZxzA1BRaP7NcTSWyDBbEu8RtbEedS-smxQmcTYd1OHFf05fQkWQcbZZSTB9qhTy4aZJlGAhplot32JlaqAfgOTYFC8cZ_1Vg-GClmy7ct76t8Or8SSxPTK0h_LrzlsS-6_w8kUTA_zltFRk4KA.UONvbtGOlpIa-P5CdAfx5O8hDsMAVxb8TTgZOZ8MNuI&dib_tag=se&keywords=laptop&qid=1729747871&sprefix=laptop%2Caps%2C128&sr=8-79,499.99,4.1,147,Not available
"HP 15.6 inch Laptop, Full HD Display, AMD Ryzen 5 7520U Processor, 16 GB RAM, 512 GB SSD, AMD Radeon Graphics, Windows 11 Home, 15-fc0006ca",https://www.amazon.ca/HP-Display-Processor-Graphics-15-fc0006ca/dp/B0CWK151D1/ref=sr_1_80?crid=1E63C3THFEGDP&dib=eyJ2IjoiMSJ9.akMDTOG5KBho4VWXJdqFI-2Vo012hyghVX19Ise9rhuYnjxLoG2IsHdZNj68CyWm06Wz4KoboBIPslkPi0t2Pq8VkUqaCNIPfZs5bk_8dwDJ3zaJLirn7oJovR1l5rZHYdCtGqsQ5kSV2BiJ81EcZww8KZxzA1BRaP7NcTSWyDBbEu8RtbEedS-smxQmcTYd1OHFf05fQkWQcbZZSTB9qhTy4aZJlGAhplot32JlaqAfgOTYFC8cZ_1Vg-GClmy7ct76t8Or8SSxPTK0h_LrzlsS-6_w8kUTA_zltFRk4KA.UONvbtGOlpIa-P5CdAfx5O8hDsMAVxb8TTgZOZ8MNuI&dib_tag=se&keywords=laptop&qid=1729747871&sprefix=laptop%2Caps%2C128&sr=8-80,699.99,4.5,5,Not available
"15.6 Inch Laptop 16GB DDR 512GB SSD, Laptop PC Cerelon N5095 (Up to 2.9GHz) Quad-core Chip,Laptop Computer Dual WiFi Bluetooth 4.2 Webcam Fingerprint Unlock FHD IPS 1920x1080 Display",https://www.amazon.ca/Quad-core-Computer-Bluetooth-Fingerprint-1920x1080/dp/B0DGGRQHMY/ref=sr_1_77?crid=1E63C3THFEGDP&dib=eyJ2IjoiMSJ9.akMDTOG5KBho4VWXJdqFI-2Vo012hyghVX19Ise9rhuYnjxLoG2IsHdZNj68CyWm06Wz4KoboBIPslkPi0t2Pq8VkUqaCNIPfZs5bk_8dwDJ3zaJLirn7oJovR1l5rZHYdCtGqsQ5kSV2BiJ81EcZww8KZxzA1BRaP7NcTSWyDBbEu8RtbEedS-smxQmcTYd1OHFf05fQkWQcbZZSTB9qhTy4aZJlGAhplot32JlaqAfgOTYFC8cZ_1Vg-GClmy7ct76t8Or8SSxPTK0h_LrzlsS-6_w8kUTA_zltFRk4KA.UONvbtGOlpIa-P5CdAfx5O8hDsMAVxb8TTgZOZ8MNuI&dib_tag=se&keywords=laptop&qid=1729747871&sprefix=laptop%2Caps%2C128&sr=8-77,Price not available,4.0,3,Not available
"HP Laptop 17-in, FHD (1920 x 1080), IPS, Anti-Glare, AMD Ryzen™ 5 7430U, AMD Radeon™ Graphics, 16 GB DDR4-3200, 512 GB SSD, Webcam Privacy Shutter, Windows 11 Home (17-cp3006ca)",https://www.amazon.ca/HP-Anti-Glare-RadeonTM-DDR4-3200-17-cp3006ca/dp/B0D8546LMG/ref=sr_1_74?crid=1E63C3THFEGDP&dib=eyJ2IjoiMSJ9.akMDTOG5KBho4VWXJdqFI-2Vo012hyghVX19Ise9rhuYnjxLoG2IsHdZNj68CyWm06Wz4KoboBIPslkPi0t2Pq8VkUqaCNIPfZs5bk_8dwDJ3zaJLirn7oJovR1l5rZHYdCtGqsQ5kSV2BiJ81EcZww8KZxzA1BRaP7NcTSWyDBbEu8RtbEedS-smxQmcTYd1OHFf05fQkWQcbZZSTB9qhTy4aZJlGAhplot32JlaqAfgOTYFC8cZ_1Vg-GClmy7ct76t8Or8SSxPTK0h_LrzlsS-6_w8kUTA_zltFRk4KA.UONvbtGOlpIa-P5CdAfx5O8hDsMAVxb8TTgZOZ8MNuI&dib_tag=se&keywords=laptop&qid=1729747871&sprefix=laptop%2Caps%2C128&sr=8-74,919.99,4.2,20,Not available
"Acer Aspire 5 A517-58M-54MJ, 17.3"" FHD 1920x1080 IPS Laptop, Intel Core i5-1335U, Intel Iris Xe Graphics, 16GB LPDDR5 RAM, 512GB SSD, Windows 11 Home",https://www.amazon.ca/Acer-Aspire-i5-1335U-Graphics-Windows/dp/B0BTJF44QY/ref=sr_1_76?crid=1E63C3THFEGDP&dib=eyJ2IjoiMSJ9.akMDTOG5KBho4VWXJdqFI-2Vo012hyghVX19Ise9rhuYnjxLoG2IsHdZNj68CyWm06Wz4KoboBIPslkPi0t2Pq8VkUqaCNIPfZs5bk_8dwDJ3zaJLirn7oJovR1l5rZHYdCtGqsQ5kSV2BiJ81EcZww8KZxzA1BRaP7NcTSWyDBbEu8RtbEedS-smxQmcTYd1OHFf05fQkWQcbZZSTB9qhTy4aZJlGAhplot32JlaqAfgOTYFC8cZ_1Vg-GClmy7ct76t8Or8SSxPTK0h_LrzlsS-6_w8kUTA_zltFRk4KA.UONvbtGOlpIa-P5CdAfx5O8hDsMAVxb8TTgZOZ8MNuI&dib_tag=se&keywords=laptop&qid=1729747871&sprefix=laptop%2Caps%2C128&sr=8-76,949.74,4.2,36,Not available
"Dell Inspiron 3535 Laptop - 15.6-inch FHD (1920 x 1080) Display, AMD Ryzen 5 7520U Processor, 8GB DDR4 RAM, 512GB SSD, AMD Radeon Graphics, Windows 11 Home, 6-Months Migrate - Carbon Black",https://www.amazon.ca/Dell-Inspiron-3910-Desktop-Computer/dp/B0B3BPKK5R/ref=sr_1_75?crid=1E63C3THFEGDP&dib=eyJ2IjoiMSJ9.akMDTOG5KBho4VWXJdqFI-2Vo012hyghVX19Ise9rhuYnjxLoG2IsHdZNj68CyWm06Wz4KoboBIPslkPi0t2Pq8VkUqaCNIPfZs5bk_8dwDJ3zaJLirn7oJovR1l5rZHYdCtGqsQ5kSV2BiJ81EcZww8KZxzA1BRaP7NcTSWyDBbEu8RtbEedS-smxQmcTYd1OHFf05fQkWQcbZZSTB9qhTy4aZJlGAhplot32JlaqAfgOTYFC8cZ_1Vg-GClmy7ct76t8Or8SSxPTK0h_LrzlsS-6_w8kUTA_zltFRk4KA.UONvbtGOlpIa-P5CdAfx5O8hDsMAVxb8TTgZOZ8MNuI&dib_tag=se&keywords=laptop&qid=1729747871&sprefix=laptop%2Caps%2C128&sr=8-75,649.99,4.0,194,Not available
"HP 17.3"" IPS FHD Laptop, Intel i5-1235U Processor, 16GB RAM, 512GB PCIe SSD, Backlit Keyboard, Intel Iris Xe Graphics, Wi-Fi, Bluetooth, HDMI, Win 11 Pro, Silver, 32GB Hotface USB Card (Renewed)",https://www.amazon.ca/HP-i5-1235U-Processor-Keyboard-Bluetooth/dp/B0CSCX19NS/ref=sr_1_78?crid=1E63C3THFEGDP&dib=eyJ2IjoiMSJ9.akMDTOG5KBho4VWXJdqFI-2Vo012hyghVX19Ise9rhuYnjxLoG2IsHdZNj68CyWm06Wz4KoboBIPslkPi0t2Pq8VkUqaCNIPfZs5bk_8dwDJ3zaJLirn7oJovR1l5rZHYdCtGqsQ5kSV2BiJ81EcZww8KZxzA1BRaP7NcTSWyDBbEu8RtbEedS-smxQmcTYd1OHFf05fQkWQcbZZSTB9qhTy4aZJlGAhplot32JlaqAfgOTYFC8cZ_1Vg-GClmy7ct76t8Or8SSxPTK0h_LrzlsS-6_w8kUTA_zltFRk4KA.UONvbtGOlpIa-P5CdAfx5O8hDsMAVxb8TTgZOZ8MNuI&dib_tag=se&keywords=laptop&qid=1729747871&sprefix=laptop%2Caps%2C128&sr=8-78,749.00,4.4,604,Not available
"HP Chromebook 15.6 inch Laptop, Full HD Display, Intel Core i3-N305, 8 GB RAM, 256 GB UFS, Intel UHD Graphics, Chrome OS, 15a-nb0006ca",https://www.amazon.ca/HP-Chromebook-Display-Graphics-15a-nb0006ca/dp/B0CCQJ4FQB/ref=sr_1_73?crid=1E63C3THFEGDP&dib=eyJ2IjoiMSJ9.akMDTOG5KBho4VWXJdqFI-2Vo012hyghVX19Ise9rhuYnjxLoG2IsHdZNj68CyWm06Wz4KoboBIPslkPi0t2Pq8VkUqaCNIPfZs5bk_8dwDJ3zaJLirn7oJovR1l5rZHYdCtGqsQ5kSV2BiJ81EcZww8KZxzA1BRaP7NcTSWyDBbEu8RtbEedS-smxQmcTYd1OHFf05fQkWQcbZZSTB9qhTy4aZJlGAhplot32JlaqAfgOTYFC8cZ_1Vg-GClmy7ct76t8Or8SSxPTK0h_LrzlsS-6_w8kUTA_zltFRk4KA.UONvbtGOlpIa-P5CdAfx5O8hDsMAVxb8TTgZOZ8MNuI&dib_tag=se&keywords=laptop&qid=1729747871&sprefix=laptop%2Caps%2C128&sr=8-73,799.99,4.4,56,Not available
"HP 15.6"" FHD Touchscreen Laptop, Intel i7-1255U, 32GB DDR4 RAM, 1TB PCIe SSD, Intel Iris Xe Graphics, HD Camera, HP Fast Charge, Win 11 Pro, Silver, 32GB Hotface USB Card",https://www.amazon.ca/HP-Touchscreen-i7-1255U-Graphics-Hotface/dp/B0CYYYH8TL/ref=sr_1_72?crid=1E63C3THFEGDP&dib=eyJ2IjoiMSJ9.akMDTOG5KBho4VWXJdqFI-2Vo012hyghVX19Ise9rhuYnjxLoG2IsHdZNj68CyWm06Wz4KoboBIPslkPi0t2Pq8VkUqaCNIPfZs5bk_8dwDJ3zaJLirn7oJovR1l5rZHYdCtGqsQ5kSV2BiJ81EcZww8KZxzA1BRaP7NcTSWyDBbEu8RtbEedS-smxQmcTYd1OHFf05fQkWQcbZZSTB9qhTy4aZJlGAhplot32JlaqAfgOTYFC8cZ_1Vg-GClmy7ct76t8Or8SSxPTK0h_LrzlsS-6_w8kUTA_zltFRk4KA.UONvbtGOlpIa-P5CdAfx5O8hDsMAVxb8TTgZOZ8MNuI&dib_tag=se&keywords=laptop&qid=1729747871&sprefix=laptop%2Caps%2C128&sr=8-72,"1,249.00",4.9,11,Not available
"Lenovo Thinkpad T480s Laptop 14-in FHD IPS Ultrabook, Intel Core i7-8550U, 16GB RAM, 512GB SSD, Wi-Fi, Bluetooth Camera Windows 10 Pro (Renewed)",https://www.amazon.ca/Lenovo-Thinkpad-Ultrabook-i7-8550U-Renewed/dp/B08GQGR434/ref=sr_1_71?crid=1E63C3THFEGDP&dib=eyJ2IjoiMSJ9.akMDTOG5KBho4VWXJdqFI-2Vo012hyghVX19Ise9rhuYnjxLoG2IsHdZNj68CyWm06Wz4KoboBIPslkPi0t2Pq8VkUqaCNIPfZs5bk_8dwDJ3zaJLirn7oJovR1l5rZHYdCtGqsQ5kSV2BiJ81EcZww8KZxzA1BRaP7NcTSWyDBbEu8RtbEedS-smxQmcTYd1OHFf05fQkWQcbZZSTB9qhTy4aZJlGAhplot32JlaqAfgOTYFC8cZ_1Vg-GClmy7ct76t8Or8SSxPTK0h_LrzlsS-6_w8kUTA_zltFRk4KA.UONvbtGOlpIa-P5CdAfx5O8hDsMAVxb8TTgZOZ8MNuI&dib_tag=se&keywords=laptop&qid=1729747871&sprefix=laptop%2Caps%2C128&sr=8-71,439.00,4.3,268,Not available
"HP 15.6"" Diagonal Full HD (1920 x 1080) Laptop, 11th Gen Intel Core i5-1135G7 Processor, 8GB DDR4 RAM, 256GB SSD, 802.11ac, Bluetooth, HDMI, Windows 11",https://www.amazon.ca/HP-Diagonal-i5-1135G7-Processor-Bluetooth/dp/B09LM6SZKG/ref=sr_1_70?crid=1E63C3THFEGDP&dib=eyJ2IjoiMSJ9.akMDTOG5KBho4VWXJdqFI-2Vo012hyghVX19Ise9rhuYnjxLoG2IsHdZNj68CyWm06Wz4KoboBIPslkPi0t2Pq8VkUqaCNIPfZs5bk_8dwDJ3zaJLirn7oJovR1l5rZHYdCtGqsQ5kSV2BiJ81EcZww8KZxzA1BRaP7NcTSWyDBbEu8RtbEedS-smxQmcTYd1OHFf05fQkWQcbZZSTB9qhTy4aZJlGAhplot32JlaqAfgOTYFC8cZ_1Vg-GClmy7ct76t8Or8SSxPTK0h_LrzlsS-6_w8kUTA_zltFRk4KA.UONvbtGOlpIa-P5CdAfx5O8hDsMAVxb8TTgZOZ8MNuI&dib_tag=se&keywords=laptop&qid=1729747871&sprefix=laptop%2Caps%2C128&sr=8-70,578.00,4.3,481,Not available
"SGIN 15.6 Inch Laptops, 4GB RAM, 128GB SSD Laptop Computer, Celeron Processor Notebook, 2.4G/5G WiFi, Type-C, Mini HDMI, Webcam, UHD Graphics 600, 1TB TF Card Expansion(WiFi)",https://www.amazon.ca/SGIN-Computer-Processor-Notebook-Expansion/dp/B0D7CBFN3B/ref=sr_1_69?crid=1E63C3THFEGDP&dib=eyJ2IjoiMSJ9.akMDTOG5KBho4VWXJdqFI-2Vo012hyghVX19Ise9rhuYnjxLoG2IsHdZNj68CyWm06Wz4KoboBIPslkPi0t2Pq8VkUqaCNIPfZs5bk_8dwDJ3zaJLirn7oJovR1l5rZHYdCtGqsQ5kSV2BiJ81EcZww8KZxzA1BRaP7NcTSWyDBbEu8RtbEedS-smxQmcTYd1OHFf05fQkWQcbZZSTB9qhTy4aZJlGAhplot32JlaqAfgOTYFC8cZ_1Vg-GClmy7ct76t8Or8SSxPTK0h_LrzlsS-6_w8kUTA_zltFRk4KA.UONvbtGOlpIa-P5CdAfx5O8hDsMAVxb8TTgZOZ8MNuI&dib_tag=se&keywords=laptop&qid=1729747871&sprefix=laptop%2Caps%2C128&sr=8-69,556.13,4.0,250,Not available
"Dell Inspiron 5645 Laptop - 16.0 16:10 FHD+ (1920 x 1200) Display, AMD Ryzen 7-8840U, 16GB DDR5 RAM, 1TB SSD, AMD Radeon Graphics, Windows 11 Home, Onsite & Migrate Services - Midnight Blue",https://www.amazon.ca/Dell-Inspiron-5645-Laptop-Graphics/dp/B0CZ59B6MH/ref=sr_1_68?crid=1E63C3THFEGDP&dib=eyJ2IjoiMSJ9.akMDTOG5KBho4VWXJdqFI-2Vo012hyghVX19Ise9rhuYnjxLoG2IsHdZNj68CyWm06Wz4KoboBIPslkPi0t2Pq8VkUqaCNIPfZs5bk_8dwDJ3zaJLirn7oJovR1l5rZHYdCtGqsQ5kSV2BiJ81EcZww8KZxzA1BRaP7NcTSWyDBbEu8RtbEedS-smxQmcTYd1OHFf05fQkWQcbZZSTB9qhTy4aZJlGAhplot32JlaqAfgOTYFC8cZ_1Vg-GClmy7ct76t8Or8SSxPTK0h_LrzlsS-6_w8kUTA_zltFRk4KA.UONvbtGOlpIa-P5CdAfx5O8hDsMAVxb8TTgZOZ8MNuI&dib_tag=se&keywords=laptop&qid=1729747871&sprefix=laptop%2Caps%2C128&sr=8-68,"1,099.99",4.3,205,Not available
Dell Chromebook 3120 11 inch Intel Celeron N2840 2.16 GHz 4Gb Ram 16GB Chrome OS (Renewed),https://www.amazon.ca/Dell-Chromebook-3120-Celeron-Renewed/dp/B08MWH8B3K/ref=sr_1_66?crid=1E63C3THFEGDP&dib=eyJ2IjoiMSJ9.akMDTOG5KBho4VWXJdqFI-2Vo012hyghVX19Ise9rhuYnjxLoG2IsHdZNj68CyWm06Wz4KoboBIPslkPi0t2Pq8VkUqaCNIPfZs5bk_8dwDJ3zaJLirn7oJovR1l5rZHYdCtGqsQ5kSV2BiJ81EcZww8KZxzA1BRaP7NcTSWyDBbEu8RtbEedS-smxQmcTYd1OHFf05fQkWQcbZZSTB9qhTy4aZJlGAhplot32JlaqAfgOTYFC8cZ_1Vg-GClmy7ct76t8Or8SSxPTK0h_LrzlsS-6_w8kUTA_zltFRk4KA.UONvbtGOlpIa-P5CdAfx5O8hDsMAVxb8TTgZOZ8MNuI&dib_tag=se&keywords=laptop&qid=1729747871&sprefix=laptop%2Caps%2C128&sr=8-66,119.99,3.4,157,Not available
"ASUS Chromebook CX1, 15.6"" FHD NanoEdge Display, Intel Celeron N4500 Processor, 128GB eMMC Storage, 8GB RAM, ChromeOS, Transparent Silver, CX1500CKA-AS01-CB",https://www.amazon.ca/Chromebook-NanoEdge-Processor-Transparent-CX1500CKA-AS01-CB/dp/B0D6RYXV7N/ref=sr_1_65?crid=1E63C3THFEGDP&dib=eyJ2IjoiMSJ9.akMDTOG5KBho4VWXJdqFI-2Vo012hyghVX19Ise9rhuYnjxLoG2IsHdZNj68CyWm06Wz4KoboBIPslkPi0t2Pq8VkUqaCNIPfZs5bk_8dwDJ3zaJLirn7oJovR1l5rZHYdCtGqsQ5kSV2BiJ81EcZww8KZxzA1BRaP7NcTSWyDBbEu8RtbEedS-smxQmcTYd1OHFf05fQkWQcbZZSTB9qhTy4aZJlGAhplot32JlaqAfgOTYFC8cZ_1Vg-GClmy7ct76t8Or8SSxPTK0h_LrzlsS-6_w8kUTA_zltFRk4KA.UONvbtGOlpIa-P5CdAfx5O8hDsMAVxb8TTgZOZ8MNuI&dib_tag=se&keywords=laptop&qid=1729747871&sprefix=laptop%2Caps%2C128&sr=8-65,299.00,4.2,139,Not available
"Lenovo IdeaPad 1 14"" HD Lightweight Laptop, Intel Celeron N4020 Processor, 4GB RAM, 128GB SSD, Intel UHD Graphics, Wi-Fi 6, Bluetooth, Windows 11, Gray, 128GB Hotface USB Card",https://www.amazon.ca/Lenovo-IdeaPad-Lightweight-Processor-Bluetooth/dp/B0CQV6TVVW/ref=sr_1_64?crid=1E63C3THFEGDP&dib=eyJ2IjoiMSJ9.akMDTOG5KBho4VWXJdqFI-2Vo012hyghVX19Ise9rhuYnjxLoG2IsHdZNj68CyWm06Wz4KoboBIPslkPi0t2Pq8VkUqaCNIPfZs5bk_8dwDJ3zaJLirn7oJovR1l5rZHYdCtGqsQ5kSV2BiJ81EcZww8KZxzA1BRaP7NcTSWyDBbEu8RtbEedS-smxQmcTYd1OHFf05fQkWQcbZZSTB9qhTy4aZJlGAhplot32JlaqAfgOTYFC8cZ_1Vg-GClmy7ct76t8Or8SSxPTK0h_LrzlsS-6_w8kUTA_zltFRk4KA.UONvbtGOlpIa-P5CdAfx5O8hDsMAVxb8TTgZOZ8MNuI&dib_tag=se&keywords=laptop&qid=1729747871&sprefix=laptop%2Caps%2C128&sr=8-64,289.00,4.2,"1,067",Not available
"Lenovo T470 14in Laptop, Core i5-6300U 2.4GHz, 8GB RAM, 256GB Solid State Drive, Windows 10 Pro 64Bit (Renewed)",https://www.amazon.ca/Lenovo-Laptop-i5-6300U-Windows-Renewed/dp/B07PY922PM/ref=sr_1_63?crid=1E63C3THFEGDP&dib=eyJ2IjoiMSJ9.akMDTOG5KBho4VWXJdqFI-2Vo012hyghVX19Ise9rhuYnjxLoG2IsHdZNj68CyWm06Wz4KoboBIPslkPi0t2Pq8VkUqaCNIPfZs5bk_8dwDJ3zaJLirn7oJovR1l5rZHYdCtGqsQ5kSV2BiJ81EcZww8KZxzA1BRaP7NcTSWyDBbEu8RtbEedS-smxQmcTYd1OHFf05fQkWQcbZZSTB9qhTy4aZJlGAhplot32JlaqAfgOTYFC8cZ_1Vg-GClmy7ct76t8Or8SSxPTK0h_LrzlsS-6_w8kUTA_zltFRk4KA.UONvbtGOlpIa-P5CdAfx5O8hDsMAVxb8TTgZOZ8MNuI&dib_tag=se&keywords=laptop&qid=1729747871&sprefix=laptop%2Caps%2C128&sr=8-63,Price not available,4.4,90,Not available
"ASUS Chromebook laptop, 11.6"" HD Display, MediaTek Kompanio 520, 4GB LPDDR4X RAM, 64G eMMC Storage, MIL-STD 810H Durability, ChromeOS, Mineral Gray, CZ1104CM2A-AS01-CB",https://www.amazon.ca/Chromebook-MediaTek-Kompanio-Durability-CZ1104CM2A-AS01-CB/dp/B0CX62GXWS/ref=sr_1_62?crid=1E63C3THFEGDP&dib=eyJ2IjoiMSJ9.akMDTOG5KBho4VWXJdqFI-2Vo012hyghVX19Ise9rhuYnjxLoG2IsHdZNj68CyWm06Wz4KoboBIPslkPi0t2Pq8VkUqaCNIPfZs5bk_8dwDJ3zaJLirn7oJovR1l5rZHYdCtGqsQ5kSV2BiJ81EcZww8KZxzA1BRaP7NcTSWyDBbEu8RtbEedS-smxQmcTYd1OHFf05fQkWQcbZZSTB9qhTy4aZJlGAhplot32JlaqAfgOTYFC8cZ_1Vg-GClmy7ct76t8Or8SSxPTK0h_LrzlsS-6_w8kUTA_zltFRk4KA.UONvbtGOlpIa-P5CdAfx5O8hDsMAVxb8TTgZOZ8MNuI&dib_tag=se&keywords=laptop&qid=1729747871&sprefix=laptop%2Caps%2C128&sr=8-62,249.00,4.0,30,Not available
"ASUS TUF Gaming A15 Gaming Laptop, 15.6” 144Hz FHD Display, AMD Ryzen™ 5 7535HS Processor, GeForce RTX 2050, 8GB DDR5 RAM, 1TB PCIe SSD Gen 4, Wi-Fi 6, Windows 11, FA506NF-DS51-CA",https://www.amazon.ca/ASUS-Display-RyzenTM-Processor-FA506NF-DS51-CA/dp/B0CS4D11V9/ref=sr_1_61?crid=1E63C3THFEGDP&dib=eyJ2IjoiMSJ9.akMDTOG5KBho4VWXJdqFI-2Vo012hyghVX19Ise9rhuYnjxLoG2IsHdZNj68CyWm06Wz4KoboBIPslkPi0t2Pq8VkUqaCNIPfZs5bk_8dwDJ3zaJLirn7oJovR1l5rZHYdCtGqsQ5kSV2BiJ81EcZww8KZxzA1BRaP7NcTSWyDBbEu8RtbEedS-smxQmcTYd1OHFf05fQkWQcbZZSTB9qhTy4aZJlGAhplot32JlaqAfgOTYFC8cZ_1Vg-GClmy7ct76t8Or8SSxPTK0h_LrzlsS-6_w8kUTA_zltFRk4KA.UONvbtGOlpIa-P5CdAfx5O8hDsMAVxb8TTgZOZ8MNuI&dib_tag=se&keywords=laptop&qid=1729747871&sprefix=laptop%2Caps%2C128&sr=8-61,848.98,4.6,16,Not available
15.6 inch Laptop - 16GB RAM LPDDR4 512GB SSD Laptop Computer FHD Ordinateur Portable Laptop PC Celeron N5095 Processor Netbook with Touch ID WiFi5 Bluetooth 4.2 USB 3.0,https://www.amazon.ca/15-6-inch-Laptop-Ordinateur-Processor/dp/B0DFPTPRFJ/ref=sr_1_60?crid=1E63C3THFEGDP&dib=eyJ2IjoiMSJ9.akMDTOG5KBho4VWXJdqFI-2Vo012hyghVX19Ise9rhuYnjxLoG2IsHdZNj68CyWm06Wz4KoboBIPslkPi0t2Pq8VkUqaCNIPfZs5bk_8dwDJ3zaJLirn7oJovR1l5rZHYdCtGqsQ5kSV2BiJ81EcZww8KZxzA1BRaP7NcTSWyDBbEu8RtbEedS-smxQmcTYd1OHFf05fQkWQcbZZSTB9qhTy4aZJlGAhplot32JlaqAfgOTYFC8cZ_1Vg-GClmy7ct76t8Or8SSxPTK0h_LrzlsS-6_w8kUTA_zltFRk4KA.UONvbtGOlpIa-P5CdAfx5O8hDsMAVxb8TTgZOZ8MNuI&dib_tag=se&keywords=laptop&qid=1729747871&sprefix=laptop%2Caps%2C128&sr=8-60,449.99,4.5,6,Not available
"ASUS Vivobook Go 15 Laptop, 15.6” FHD Display, Intel® Core™ i3-N305 Processor, 8GB RAM, 512GB SSD, Windows 11 Home in S Mode, E1504GA-AS31-CA",https://www.amazon.ca/Vivobook-Display-i3-N305-Processor-E1504GA-AS31-CA/dp/B0CX7F9K8X/ref=sr_1_59?crid=1E63C3THFEGDP&dib=eyJ2IjoiMSJ9.akMDTOG5KBho4VWXJdqFI-2Vo012hyghVX19Ise9rhuYnjxLoG2IsHdZNj68CyWm06Wz4KoboBIPslkPi0t2Pq8VkUqaCNIPfZs5bk_8dwDJ3zaJLirn7oJovR1l5rZHYdCtGqsQ5kSV2BiJ81EcZww8KZxzA1BRaP7NcTSWyDBbEu8RtbEedS-smxQmcTYd1OHFf05fQkWQcbZZSTB9qhTy4aZJlGAhplot32JlaqAfgOTYFC8cZ_1Vg-GClmy7ct76t8Or8SSxPTK0h_LrzlsS-6_w8kUTA_zltFRk4KA.UONvbtGOlpIa-P5CdAfx5O8hDsMAVxb8TTgZOZ8MNuI&dib_tag=se&keywords=laptop&qid=1729747871&sprefix=laptop%2Caps%2C128&sr=8-59,499.00,4.6,5,Not available
"Acer Aspire 3 A315-58-79F3, 15.6"" FHD 1920x1080 Laptop, Intel Core i7-1165G7, Intel Iris Xe Graphics, 16 GB RAM, 1TB SSD, Windows 11",https://www.amazon.ca/Acer-A315-58-79F3-1920x1080-i7-1165G7-Graphics/dp/B0D2DW29NX/ref=sr_1_57?crid=1E63C3THFEGDP&dib=eyJ2IjoiMSJ9.akMDTOG5KBho4VWXJdqFI-2Vo012hyghVX19Ise9rhuYnjxLoG2IsHdZNj68CyWm06Wz4KoboBIPslkPi0t2Pq8VkUqaCNIPfZs5bk_8dwDJ3zaJLirn7oJovR1l5rZHYdCtGqsQ5kSV2BiJ81EcZww8KZxzA1BRaP7NcTSWyDBbEu8RtbEedS-smxQmcTYd1OHFf05fQkWQcbZZSTB9qhTy4aZJlGAhplot32JlaqAfgOTYFC8cZ_1Vg-GClmy7ct76t8Or8SSxPTK0h_LrzlsS-6_w8kUTA_zltFRk4KA.UONvbtGOlpIa-P5CdAfx5O8hDsMAVxb8TTgZOZ8MNuI&dib_tag=se&keywords=laptop&qid=1729747871&sprefix=laptop%2Caps%2C128&sr=8-57,899.99,FREE delivery Oct 31 - Nov 7 ,50+ bought in past month,Not available
"HP Elitebook 840 G5 14-inch FHD (1920x1080) Business Laptop (Intel Quad-Core i5-8250U, 32GB DDR4 RAM, 512GB SS USB Type-C, HDMI, Windows 11 Pro (Renewed) …",https://www.amazon.ca/HP-Elitebook-840-G5-1920x1080/dp/B0B2GG45ZM/ref=sr_1_58?crid=1E63C3THFEGDP&dib=eyJ2IjoiMSJ9.akMDTOG5KBho4VWXJdqFI-2Vo012hyghVX19Ise9rhuYnjxLoG2IsHdZNj68CyWm06Wz4KoboBIPslkPi0t2Pq8VkUqaCNIPfZs5bk_8dwDJ3zaJLirn7oJovR1l5rZHYdCtGqsQ5kSV2BiJ81EcZww8KZxzA1BRaP7NcTSWyDBbEu8RtbEedS-smxQmcTYd1OHFf05fQkWQcbZZSTB9qhTy4aZJlGAhplot32JlaqAfgOTYFC8cZ_1Vg-GClmy7ct76t8Or8SSxPTK0h_LrzlsS-6_w8kUTA_zltFRk4KA.UONvbtGOlpIa-P5CdAfx5O8hDsMAVxb8TTgZOZ8MNuI&dib_tag=se&keywords=laptop&qid=1729747871&sprefix=laptop%2Caps%2C128&sr=8-58,390.00,3.9,128,Not available
"Acer Gateway Chromebook 311 | Intel N4500 | 11.6"" HD (1366 x 768) Display | 4GB LPDDR4X Ram | 64GB eMMC | Wi-Fi 5 802.11ac | Google Update to June 2031 (1 yr Manufacturer Warranty)",https://www.amazon.ca/Acer-Chromebook-802-11ac-Manufacturer-Warranty/dp/B0DFMVGLKK/ref=sr_1_56?crid=1E63C3THFEGDP&dib=eyJ2IjoiMSJ9.akMDTOG5KBho4VWXJdqFI-2Vo012hyghVX19Ise9rhuYnjxLoG2IsHdZNj68CyWm06Wz4KoboBIPslkPi0t2Pq8VkUqaCNIPfZs5bk_8dwDJ3zaJLirn7oJovR1l5rZHYdCtGqsQ5kSV2BiJ81EcZww8KZxzA1BRaP7NcTSWyDBbEu8RtbEedS-smxQmcTYd1OHFf05fQkWQcbZZSTB9qhTy4aZJlGAhplot32JlaqAfgOTYFC8cZ_1Vg-GClmy7ct76t8Or8SSxPTK0h_LrzlsS-6_w8kUTA_zltFRk4KA.UONvbtGOlpIa-P5CdAfx5O8hDsMAVxb8TTgZOZ8MNuI&dib_tag=se&keywords=laptop&qid=1729747871&sprefix=laptop%2Caps%2C128&sr=8-56,199.00,FREE delivery,No reviews available,Not available
Dell Latitude 5400 Laptop 14 - Intel Core i5 8th Gen - i5-8365U - Dual Core 4.1Ghz - 512GB SSD - 16GB RAM - 1920x1080 FHD - Windows 10 Pro (Renewed),https://www.amazon.ca/Dell-Latitude-5400-Laptop-1920x1080/dp/B08F5JSHJ9/ref=sr_1_55?crid=1E63C3THFEGDP&dib=eyJ2IjoiMSJ9.akMDTOG5KBho4VWXJdqFI-2Vo012hyghVX19Ise9rhuYnjxLoG2IsHdZNj68CyWm06Wz4KoboBIPslkPi0t2Pq8VkUqaCNIPfZs5bk_8dwDJ3zaJLirn7oJovR1l5rZHYdCtGqsQ5kSV2BiJ81EcZww8KZxzA1BRaP7NcTSWyDBbEu8RtbEedS-smxQmcTYd1OHFf05fQkWQcbZZSTB9qhTy4aZJlGAhplot32JlaqAfgOTYFC8cZ_1Vg-GClmy7ct76t8Or8SSxPTK0h_LrzlsS-6_w8kUTA_zltFRk4KA.UONvbtGOlpIa-P5CdAfx5O8hDsMAVxb8TTgZOZ8MNuI&dib_tag=se&keywords=laptop&qid=1729747871&sprefix=laptop%2Caps%2C128&sr=8-55,282.00,3.7,117,Not available
"ASUS Vivobook 14"" FHD Anti-Glare Laptop, Intel i3-1215U, 16GB RAM, 416GB Storage(256GB SSD+160GB Docking Station Set), Intel Iris Xe Graphics, HD Camera, WiFi 6E, Bluetooth, Win 11, Quiet Blue",https://www.amazon.ca/ASUS-Vivobook-Anti-Glare-i3-1215U-Bluetooth/dp/B0D9LJW6XK/ref=sr_1_54?crid=1E63C3THFEGDP&dib=eyJ2IjoiMSJ9.akMDTOG5KBho4VWXJdqFI-2Vo012hyghVX19Ise9rhuYnjxLoG2IsHdZNj68CyWm06Wz4KoboBIPslkPi0t2Pq8VkUqaCNIPfZs5bk_8dwDJ3zaJLirn7oJovR1l5rZHYdCtGqsQ5kSV2BiJ81EcZww8KZxzA1BRaP7NcTSWyDBbEu8RtbEedS-smxQmcTYd1OHFf05fQkWQcbZZSTB9qhTy4aZJlGAhplot32JlaqAfgOTYFC8cZ_1Vg-GClmy7ct76t8Or8SSxPTK0h_LrzlsS-6_w8kUTA_zltFRk4KA.UONvbtGOlpIa-P5CdAfx5O8hDsMAVxb8TTgZOZ8MNuI&dib_tag=se&keywords=laptop&qid=1729747871&sprefix=laptop%2Caps%2C128&sr=8-54,549.00,4.3,40,Not available
"HP Premium Stream 14"" HD BrightView Laptop, Intel Celeron N4120, 16GB RAM, 352GB Storage(64GB eMMC+288GB Docking Station Set), Intel UHD Graphics, Webcam, 1 Year Office 365, WiFi, HDMI, Win 11s, White",https://www.amazon.ca/HP-Premium-Stream-BrightView-Graphics/dp/B0D836YBZ5/ref=sr_1_53?crid=1E63C3THFEGDP&dib=eyJ2IjoiMSJ9.akMDTOG5KBho4VWXJdqFI-2Vo012hyghVX19Ise9rhuYnjxLoG2IsHdZNj68CyWm06Wz4KoboBIPslkPi0t2Pq8VkUqaCNIPfZs5bk_8dwDJ3zaJLirn7oJovR1l5rZHYdCtGqsQ5kSV2BiJ81EcZww8KZxzA1BRaP7NcTSWyDBbEu8RtbEedS-smxQmcTYd1OHFf05fQkWQcbZZSTB9qhTy4aZJlGAhplot32JlaqAfgOTYFC8cZ_1Vg-GClmy7ct76t8Or8SSxPTK0h_LrzlsS-6_w8kUTA_zltFRk4KA.UONvbtGOlpIa-P5CdAfx5O8hDsMAVxb8TTgZOZ8MNuI&dib_tag=se&keywords=laptop&qid=1729747871&sprefix=laptop%2Caps%2C128&sr=8-53,439.00,4.3,25,Not available
"MSI Thin 15 B13VE-1697CA 15.6"" 144Hz Gaming Laptop Intel® Core™ i5-13420H RTX 4050 16GB 512GB NVMe SSD Win11",https://www.amazon.ca/MSI-B13VE-1697CA-Gaming-Laptop-i5-13420H/dp/B0CSY75ZCN/ref=sr_1_52?crid=1E63C3THFEGDP&dib=eyJ2IjoiMSJ9.akMDTOG5KBho4VWXJdqFI-2Vo012hyghVX19Ise9rhuYnjxLoG2IsHdZNj68CyWm06Wz4KoboBIPslkPi0t2Pq8VkUqaCNIPfZs5bk_8dwDJ3zaJLirn7oJovR1l5rZHYdCtGqsQ5kSV2BiJ81EcZww8KZxzA1BRaP7NcTSWyDBbEu8RtbEedS-smxQmcTYd1OHFf05fQkWQcbZZSTB9qhTy4aZJlGAhplot32JlaqAfgOTYFC8cZ_1Vg-GClmy7ct76t8Or8SSxPTK0h_LrzlsS-6_w8kUTA_zltFRk4KA.UONvbtGOlpIa-P5CdAfx5O8hDsMAVxb8TTgZOZ8MNuI&dib_tag=se&keywords=laptop&qid=1729747871&sprefix=laptop%2Caps%2C128&sr=8-52,909.95,3.9,16,Not available
"Lenovo 11.6"" 300e Chromebook Touchscreen LCD 2 in 1- MediaTek M8173C Quad-core 2.1GHz 4GB LPDDR3 32GB Flash Memory Chrome OS Model 81H00000US (Renewed)",https://www.amazon.ca/Lenovo-11-6-300e-Chromebook-Touchscreen/dp/B07RJZMC49/ref=sr_1_128?crid=1E63C3THFEGDP&dib=eyJ2IjoiMSJ9.3ZboQUZ9TuG7BPZ79Skc620Eedpe517gmsQjxguqREWVWOTNr0Whwq0LBYVCPn5GxlPL0-K4eDnpE36YZDZkHwoP615HX6RIHZ9Q7a7kz-PYUEZ7Xxm4cofzys07XPiuzbqgU6r3vplm-hljaH2vyR9VtEtlDo_dg0zO7sX1toTma-2bzMzpp400OfP0CmpL5cKM3Xf8Mfakzn3FTU0IXBgbH7rHSCMz3Iv9h6ejRUAr6Wm-tFTi9HNCKD7RlRYLJanu3RIdcZNDIdmKDIaLSXGxQz-sk-1tf8ONF45Zxqs.K6tR3CjdoZBEaYsDnjlqZq4p6ObGf6QWDs8EHJynWMM&dib_tag=se&keywords=laptop&qid=1729747871&sprefix=laptop%2Caps%2C128&sr=8-128,150.00,3.8,"2,209",Not available
"Lenovo IdeaPad 15.6"" FHD Laptop, Intel Pentium Silver N6000 Processor, 20GB RAM, 1TB PCIe SSD, 720P HD Webcam, Dolby Audio, 1 Year Office 365, Win 11, Blue, 32GB Hotface USB Card",https://www.amazon.ca/Lenovo-IdeaPad-Pentium-Processor-Hotface/dp/B0CPHSNGPF/ref=sr_1_50?crid=1E63C3THFEGDP&dib=eyJ2IjoiMSJ9.akMDTOG5KBho4VWXJdqFI-2Vo012hyghVX19Ise9rhuYnjxLoG2IsHdZNj68CyWm06Wz4KoboBIPslkPi0t2Pq8VkUqaCNIPfZs5bk_8dwDJ3zaJLirn7oJovR1l5rZHYdCtGqsQ5kSV2BiJ81EcZww8KZxzA1BRaP7NcTSWyDBbEu8RtbEedS-smxQmcTYd1OHFf05fQkWQcbZZSTB9qhTy4aZJlGAhplot32JlaqAfgOTYFC8cZ_1Vg-GClmy7ct76t8Or8SSxPTK0h_LrzlsS-6_w8kUTA_zltFRk4KA.UONvbtGOlpIa-P5CdAfx5O8hDsMAVxb8TTgZOZ8MNuI&dib_tag=se&keywords=laptop&qid=1729747871&sprefix=laptop%2Caps%2C128&sr=8-50,589.00,4.0,"1,595",Not available
"Dell Inspiron 15.6"" FHD Touchscreen Laptop - Intel Core i5-1235U, 8GB RAM, 512GB SSD, Windows 11 (with Microfiber Cloth) - Carbon Black (i3520-5124BLK-PUS)",https://www.amazon.ca/Dell-Inspiron-Touchscreen-Laptop-i3520-5124BLK-PUS/dp/B096L6R4YH/ref=sr_1_127?crid=1E63C3THFEGDP&dib=eyJ2IjoiMSJ9.3ZboQUZ9TuG7BPZ79Skc620Eedpe517gmsQjxguqREWVWOTNr0Whwq0LBYVCPn5GxlPL0-K4eDnpE36YZDZkHwoP615HX6RIHZ9Q7a7kz-PYUEZ7Xxm4cofzys07XPiuzbqgU6r3vplm-hljaH2vyR9VtEtlDo_dg0zO7sX1toTma-2bzMzpp400OfP0CmpL5cKM3Xf8Mfakzn3FTU0IXBgbH7rHSCMz3Iv9h6ejRUAr6Wm-tFTi9HNCKD7RlRYLJanu3RIdcZNDIdmKDIaLSXGxQz-sk-1tf8ONF45Zxqs.K6tR3CjdoZBEaYsDnjlqZq4p6ObGf6QWDs8EHJynWMM&dib_tag=se&keywords=laptop&qid=1729747871&sprefix=laptop%2Caps%2C128&sr=8-127,649.99,4.1,6,Not available
"Acer Aspire 3 A315-59-590J-CA, 15.6"" FHD 1920x1080 Laptop, Intel CoreTM i5-1235U, Intel UHD Graphics, 16GB RAM, 512GB SSD, Windows 11 Home",https://www.amazon.ca/Acer-A315-59-590J-CA-1920x1080-i5-1235U-Graphics/dp/B0D1ZFBPFV/ref=sr_1_126?crid=1E63C3THFEGDP&dib=eyJ2IjoiMSJ9.3ZboQUZ9TuG7BPZ79Skc620Eedpe517gmsQjxguqREWVWOTNr0Whwq0LBYVCPn5GxlPL0-K4eDnpE36YZDZkHwoP615HX6RIHZ9Q7a7kz-PYUEZ7Xxm4cofzys07XPiuzbqgU6r3vplm-hljaH2vyR9VtEtlDo_dg0zO7sX1toTma-2bzMzpp400OfP0CmpL5cKM3Xf8Mfakzn3FTU0IXBgbH7rHSCMz3Iv9h6ejRUAr6Wm-tFTi9HNCKD7RlRYLJanu3RIdcZNDIdmKDIaLSXGxQz-sk-1tf8ONF45Zxqs.K6tR3CjdoZBEaYsDnjlqZq4p6ObGf6QWDs8EHJynWMM&dib_tag=se&keywords=laptop&qid=1729747871&sprefix=laptop%2Caps%2C128&sr=8-126,699.99,5.0,2,Not available
"Apple 2022 MacBook Air Laptop with M2 chip: 13.6-inch Liquid Retina Display, 8GB RAM, 256GB SSD Storage, Backlit Keyboard, 1080p FaceTime HD Camera. Works with iPhone and iPad; Starlight; English",https://www.amazon.ca/2022-Apple-MacBook-Laptop-chip/dp/B0B3C7MJX3/ref=sr_1_125?crid=1E63C3THFEGDP&dib=eyJ2IjoiMSJ9.3ZboQUZ9TuG7BPZ79Skc620Eedpe517gmsQjxguqREWVWOTNr0Whwq0LBYVCPn5GxlPL0-K4eDnpE36YZDZkHwoP615HX6RIHZ9Q7a7kz-PYUEZ7Xxm4cofzys07XPiuzbqgU6r3vplm-hljaH2vyR9VtEtlDo_dg0zO7sX1toTma-2bzMzpp400OfP0CmpL5cKM3Xf8Mfakzn3FTU0IXBgbH7rHSCMz3Iv9h6ejRUAr6Wm-tFTi9HNCKD7RlRYLJanu3RIdcZNDIdmKDIaLSXGxQz-sk-1tf8ONF45Zxqs.K6tR3CjdoZBEaYsDnjlqZq4p6ObGf6QWDs8EHJynWMM&dib_tag=se&keywords=laptop&qid=1729747871&sprefix=laptop%2Caps%2C128&sr=8-125,"1,298.99",4.6,"3,082",Not available
"ASUS Vivobook 15 2024 Laptop, 2-Core Intel Core i3-1115G4, 15.6"" FHD IPS Display, Intel UHD Graphics, 8GB DDR4 256GB SSD, Wi-Fi 5, Win11 Home",https://www.amazon.ca/Vivobook-Laptop-i3-1115G4-Display-Graphics/dp/B0DJ6QZTL3/ref=sr_1_124?crid=1E63C3THFEGDP&dib=eyJ2IjoiMSJ9.3ZboQUZ9TuG7BPZ79Skc620Eedpe517gmsQjxguqREWVWOTNr0Whwq0LBYVCPn5GxlPL0-K4eDnpE36YZDZkHwoP615HX6RIHZ9Q7a7kz-PYUEZ7Xxm4cofzys07XPiuzbqgU6r3vplm-hljaH2vyR9VtEtlDo_dg0zO7sX1toTma-2bzMzpp400OfP0CmpL5cKM3Xf8Mfakzn3FTU0IXBgbH7rHSCMz3Iv9h6ejRUAr6Wm-tFTi9HNCKD7RlRYLJanu3RIdcZNDIdmKDIaLSXGxQz-sk-1tf8ONF45Zxqs.K6tR3CjdoZBEaYsDnjlqZq4p6ObGf6QWDs8EHJynWMM&dib_tag=se&keywords=laptop&qid=1729747871&sprefix=laptop%2Caps%2C128&sr=8-124,458.38,FREE delivery Oct 31 - Nov 7 ,Only 3 left in stock.,Not available
Samsung Chromebook 4 Intel Celeron N4000 4 GB RAM 32GB eMMC 11.6in Chrome OS (Renewed),https://www.amazon.ca/Samsung-Chromebook-Celeron-11-6in-Renewed/dp/B0888FPFGK/ref=sr_1_123?crid=1E63C3THFEGDP&dib=eyJ2IjoiMSJ9.3ZboQUZ9TuG7BPZ79Skc620Eedpe517gmsQjxguqREWVWOTNr0Whwq0LBYVCPn5GxlPL0-K4eDnpE36YZDZkHwoP615HX6RIHZ9Q7a7kz-PYUEZ7Xxm4cofzys07XPiuzbqgU6r3vplm-hljaH2vyR9VtEtlDo_dg0zO7sX1toTma-2bzMzpp400OfP0CmpL5cKM3Xf8Mfakzn3FTU0IXBgbH7rHSCMz3Iv9h6ejRUAr6Wm-tFTi9HNCKD7RlRYLJanu3RIdcZNDIdmKDIaLSXGxQz-sk-1tf8ONF45Zxqs.K6tR3CjdoZBEaYsDnjlqZq4p6ObGf6QWDs8EHJynWMM&dib_tag=se&keywords=laptop&qid=1729747871&sprefix=laptop%2Caps%2C128&sr=8-123,167.00,4.3,"1,986",Not available
"SGIN Laptop, 17.3 IPS Full HD Laptops Computer, 8GB RAM 512GB SSD Notebook with Celeron Quad-core Processor, Mini HDMI, Webcam, 2xUSB 3.0, Type-C, Expandable Storage 512GB TF, WiFi(Gray)",https://www.amazon.ca/SGIN-Computer-Quad-core-Processor-Expandable/dp/B0D8771DRS/ref=sr_1_121?crid=1E63C3THFEGDP&dib=eyJ2IjoiMSJ9.3ZboQUZ9TuG7BPZ79Skc620Eedpe517gmsQjxguqREWVWOTNr0Whwq0LBYVCPn5GxlPL0-K4eDnpE36YZDZkHwoP615HX6RIHZ9Q7a7kz-PYUEZ7Xxm4cofzys07XPiuzbqgU6r3vplm-hljaH2vyR9VtEtlDo_dg0zO7sX1toTma-2bzMzpp400OfP0CmpL5cKM3Xf8Mfakzn3FTU0IXBgbH7rHSCMz3Iv9h6ejRUAr6Wm-tFTi9HNCKD7RlRYLJanu3RIdcZNDIdmKDIaLSXGxQz-sk-1tf8ONF45Zxqs.K6tR3CjdoZBEaYsDnjlqZq4p6ObGf6QWDs8EHJynWMM&dib_tag=se&keywords=laptop&qid=1729747871&sprefix=laptop%2Caps%2C128&sr=8-121,555.99,3.6,12,Not available
"HP 14"" FHD IPS Display Laptop, AMD Ryzen 3-3250U, 32GB RAM, 1TB PCIe SSD, AMD Radeon Graphics, HP True Vision HD Camera, Wi-Fi 5, Bluetooth, Win 11, Silver, 32GB Hotface USB Card",https://www.amazon.ca/HP-Display-3-3250U-Graphics-Bluetooth/dp/B0CNGM5G9S/ref=sr_1_120?crid=1E63C3THFEGDP&dib=eyJ2IjoiMSJ9.3ZboQUZ9TuG7BPZ79Skc620Eedpe517gmsQjxguqREWVWOTNr0Whwq0LBYVCPn5GxlPL0-K4eDnpE36YZDZkHwoP615HX6RIHZ9Q7a7kz-PYUEZ7Xxm4cofzys07XPiuzbqgU6r3vplm-hljaH2vyR9VtEtlDo_dg0zO7sX1toTma-2bzMzpp400OfP0CmpL5cKM3Xf8Mfakzn3FTU0IXBgbH7rHSCMz3Iv9h6ejRUAr6Wm-tFTi9HNCKD7RlRYLJanu3RIdcZNDIdmKDIaLSXGxQz-sk-1tf8ONF45Zxqs.K6tR3CjdoZBEaYsDnjlqZq4p6ObGf6QWDs8EHJynWMM&dib_tag=se&keywords=laptop&qid=1729747871&sprefix=laptop%2Caps%2C128&sr=8-120,639.00,4.3,928,Not available
"ASUS TUF 15.6"" FHD 144Hz Gaming Laptop, Intel i7-13620H, GeForce RTX 4070 8GB GDDR6, 64GB DDR5, 2TB SSD, RGB Backlit Keyboard, Wi-Fi 6, Win 11 Home, Grey, 128GB Docking Station Set",https://www.amazon.ca/ASUS-TUF-i7-13620H-GeForce-Keyboard/dp/B0D629X7MF/ref=sr_1_119?crid=1E63C3THFEGDP&dib=eyJ2IjoiMSJ9.3ZboQUZ9TuG7BPZ79Skc620Eedpe517gmsQjxguqREWVWOTNr0Whwq0LBYVCPn5GxlPL0-K4eDnpE36YZDZkHwoP615HX6RIHZ9Q7a7kz-PYUEZ7Xxm4cofzys07XPiuzbqgU6r3vplm-hljaH2vyR9VtEtlDo_dg0zO7sX1toTma-2bzMzpp400OfP0CmpL5cKM3Xf8Mfakzn3FTU0IXBgbH7rHSCMz3Iv9h6ejRUAr6Wm-tFTi9HNCKD7RlRYLJanu3RIdcZNDIdmKDIaLSXGxQz-sk-1tf8ONF45Zxqs.K6tR3CjdoZBEaYsDnjlqZq4p6ObGf6QWDs8EHJynWMM&dib_tag=se&keywords=laptop&qid=1729747871&sprefix=laptop%2Caps%2C128&sr=8-119,"2,299.00",4.3,129,Not available
"ASUS ROG G752VY Laptop for Gamers (Intel Core i7, 32GB RAM, 128GB SSD + 1TB HDD, NVIDIA GTX 980M 4GB, 17.3""Full HD IPS, Windows 10) Newest Gaming Notebook PC",https://www.amazon.ca/G752VY-Laptop-Gamers-Windows-Notebook/dp/B00QH9HIBW/ref=sr_1_118?crid=1E63C3THFEGDP&dib=eyJ2IjoiMSJ9.3ZboQUZ9TuG7BPZ79Skc620Eedpe517gmsQjxguqREWVWOTNr0Whwq0LBYVCPn5GxlPL0-K4eDnpE36YZDZkHwoP615HX6RIHZ9Q7a7kz-PYUEZ7Xxm4cofzys07XPiuzbqgU6r3vplm-hljaH2vyR9VtEtlDo_dg0zO7sX1toTma-2bzMzpp400OfP0CmpL5cKM3Xf8Mfakzn3FTU0IXBgbH7rHSCMz3Iv9h6ejRUAr6Wm-tFTi9HNCKD7RlRYLJanu3RIdcZNDIdmKDIaLSXGxQz-sk-1tf8ONF45Zxqs.K6tR3CjdoZBEaYsDnjlqZq4p6ObGf6QWDs8EHJynWMM&dib_tag=se&keywords=laptop&qid=1729747871&sprefix=laptop%2Caps%2C128&sr=8-118,350.00,$5.54 delivery Oct 29 - Nov 1 ,Only 1 left in stock.,Not available
"ASUS Vivobook 14"" FHD 1920 x 1080 Laptop, Intel Core i3-1215U, 16GB RAM, 512GB SSD, Wi-Fi 6E, HDMI, Windows 11 Home in S Mode, Quiet Blue",https://www.amazon.ca/Vivobook-Laptop-Intel-i3-1215U-Windows/dp/B0D66KRBPM/ref=sr_1_122?crid=1E63C3THFEGDP&dib=eyJ2IjoiMSJ9.3ZboQUZ9TuG7BPZ79Skc620Eedpe517gmsQjxguqREWVWOTNr0Whwq0LBYVCPn5GxlPL0-K4eDnpE36YZDZkHwoP615HX6RIHZ9Q7a7kz-PYUEZ7Xxm4cofzys07XPiuzbqgU6r3vplm-hljaH2vyR9VtEtlDo_dg0zO7sX1toTma-2bzMzpp400OfP0CmpL5cKM3Xf8Mfakzn3FTU0IXBgbH7rHSCMz3Iv9h6ejRUAr6Wm-tFTi9HNCKD7RlRYLJanu3RIdcZNDIdmKDIaLSXGxQz-sk-1tf8ONF45Zxqs.K6tR3CjdoZBEaYsDnjlqZq4p6ObGf6QWDs8EHJynWMM&dib_tag=se&keywords=laptop&qid=1729747871&sprefix=laptop%2Caps%2C128&sr=8-122,499.99,3.0,3,Not available
"MSI Cyborg 14 A13VE-052CA 14"" 144Hz Gaming Laptop, Intel Core i7-13620H, RTX 4050, 16GB DDR5, 512GB NVMe SSD, Windows 11 Home",https://www.amazon.ca/MSI-Cyborg-14-A13VE-052CA-i7-13620H/dp/B0CRKR17Q4/ref=sr_1_117?crid=1E63C3THFEGDP&dib=eyJ2IjoiMSJ9.3ZboQUZ9TuG7BPZ79Skc620Eedpe517gmsQjxguqREWVWOTNr0Whwq0LBYVCPn5GxlPL0-K4eDnpE36YZDZkHwoP615HX6RIHZ9Q7a7kz-PYUEZ7Xxm4cofzys07XPiuzbqgU6r3vplm-hljaH2vyR9VtEtlDo_dg0zO7sX1toTma-2bzMzpp400OfP0CmpL5cKM3Xf8Mfakzn3FTU0IXBgbH7rHSCMz3Iv9h6ejRUAr6Wm-tFTi9HNCKD7RlRYLJanu3RIdcZNDIdmKDIaLSXGxQz-sk-1tf8ONF45Zxqs.K6tR3CjdoZBEaYsDnjlqZq4p6ObGf6QWDs8EHJynWMM&dib_tag=se&keywords=laptop&qid=1729747871&sprefix=laptop%2Caps%2C128&sr=8-117,"1,537.49",5.0,1,Not available
"[Win 11 Pro/MS Office 2019] 16"" Purple Laptop, 12th Gen Alder Lake Quad Core N95 CPU, 12GB LPDDR5, 512GB NVMe SSD, 2K FHD IPS, Color Backlit KB, Fingerprint Unlock/HDMI/Enhanced Performance(512GB)",https://www.amazon.ca/Office-Backlit-Fingerprint-Enhanced-Performance/dp/B0CSW6P916/ref=sr_1_116?crid=1E63C3THFEGDP&dib=eyJ2IjoiMSJ9.3ZboQUZ9TuG7BPZ79Skc620Eedpe517gmsQjxguqREWVWOTNr0Whwq0LBYVCPn5GxlPL0-K4eDnpE36YZDZkHwoP615HX6RIHZ9Q7a7kz-PYUEZ7Xxm4cofzys07XPiuzbqgU6r3vplm-hljaH2vyR9VtEtlDo_dg0zO7sX1toTma-2bzMzpp400OfP0CmpL5cKM3Xf8Mfakzn3FTU0IXBgbH7rHSCMz3Iv9h6ejRUAr6Wm-tFTi9HNCKD7RlRYLJanu3RIdcZNDIdmKDIaLSXGxQz-sk-1tf8ONF45Zxqs.K6tR3CjdoZBEaYsDnjlqZq4p6ObGf6QWDs8EHJynWMM&dib_tag=se&keywords=laptop&qid=1729747871&sprefix=laptop%2Caps%2C128&sr=8-116,439.20,4.4,18,Not available
"ASUS Chromebook Plus CX34 laptop, 14"" Touch Display (1920x1080), Intel® Core™ i3-1215U Processor, 8GB RAM, 256GB UFS storage, ChromeOS, CX3402CBA-ASI31T-CB",https://www.amazon.ca/Chromebook-1920x1080-i3-1215U-Processor-CX3402CBA-ASI31T-CB/dp/B0CXWDFMLL/ref=sr_1_115?crid=1E63C3THFEGDP&dib=eyJ2IjoiMSJ9.3ZboQUZ9TuG7BPZ79Skc620Eedpe517gmsQjxguqREWVWOTNr0Whwq0LBYVCPn5GxlPL0-K4eDnpE36YZDZkHwoP615HX6RIHZ9Q7a7kz-PYUEZ7Xxm4cofzys07XPiuzbqgU6r3vplm-hljaH2vyR9VtEtlDo_dg0zO7sX1toTma-2bzMzpp400OfP0CmpL5cKM3Xf8Mfakzn3FTU0IXBgbH7rHSCMz3Iv9h6ejRUAr6Wm-tFTi9HNCKD7RlRYLJanu3RIdcZNDIdmKDIaLSXGxQz-sk-1tf8ONF45Zxqs.K6tR3CjdoZBEaYsDnjlqZq4p6ObGf6QWDs8EHJynWMM&dib_tag=se&keywords=laptop&qid=1729747871&sprefix=laptop%2Caps%2C128&sr=8-115,449.00,4.0,16,Not available
"SGIN Laptop Computer, 8GB RAM, 512GB SSD, 15.6 Inch Laptops, Celeron Quad Core Processor (up to 2.5 GHz), 2.4G/5G WiFi, Type-C, Mini HDMI, UHD Graphics 600, 512GB TF Card Expansion(Silver)",https://www.amazon.ca/SGIN-Computer-Processor-Graphics-Expansion/dp/B0D7MT3LVW/ref=sr_1_114?crid=1E63C3THFEGDP&dib=eyJ2IjoiMSJ9.3ZboQUZ9TuG7BPZ79Skc620Eedpe517gmsQjxguqREWVWOTNr0Whwq0LBYVCPn5GxlPL0-K4eDnpE36YZDZkHwoP615HX6RIHZ9Q7a7kz-PYUEZ7Xxm4cofzys07XPiuzbqgU6r3vplm-hljaH2vyR9VtEtlDo_dg0zO7sX1toTma-2bzMzpp400OfP0CmpL5cKM3Xf8Mfakzn3FTU0IXBgbH7rHSCMz3Iv9h6ejRUAr6Wm-tFTi9HNCKD7RlRYLJanu3RIdcZNDIdmKDIaLSXGxQz-sk-1tf8ONF45Zxqs.K6tR3CjdoZBEaYsDnjlqZq4p6ObGf6QWDs8EHJynWMM&dib_tag=se&keywords=laptop&qid=1729747871&sprefix=laptop%2Caps%2C128&sr=8-114,602.00,3.8,13,Not available
ACEMAGIC Laptop Computer AMD Ryzen 7 5700U Gaming Laptop 16GB DDR4 512GB M.2 2280 NVMe SSD Windows Laptop Office Laptops Home Laptops Windows11 16.1-inch IPS FHD WIFI6 BT5.2 HDMI Type-C USB3.2,https://www.amazon.ca/ACEMAGIC-i7-1265U-Windows-Graphics-Backlit/dp/B0CPYCV9BM/ref=sr_1_113?crid=1E63C3THFEGDP&dib=eyJ2IjoiMSJ9.3ZboQUZ9TuG7BPZ79Skc620Eedpe517gmsQjxguqREWVWOTNr0Whwq0LBYVCPn5GxlPL0-K4eDnpE36YZDZkHwoP615HX6RIHZ9Q7a7kz-PYUEZ7Xxm4cofzys07XPiuzbqgU6r3vplm-hljaH2vyR9VtEtlDo_dg0zO7sX1toTma-2bzMzpp400OfP0CmpL5cKM3Xf8Mfakzn3FTU0IXBgbH7rHSCMz3Iv9h6ejRUAr6Wm-tFTi9HNCKD7RlRYLJanu3RIdcZNDIdmKDIaLSXGxQz-sk-1tf8ONF45Zxqs.K6tR3CjdoZBEaYsDnjlqZq4p6ObGf6QWDs8EHJynWMM&dib_tag=se&keywords=laptop&qid=1729747871&sprefix=laptop%2Caps%2C128&sr=8-113,899.99,4.1,120,Not available
"Lenovo ThinkPad T490s 14.0'' FHD Laptop, Intel Quad-Core i5-8365U up to 3.90GHz, 16GB DDR4 RAM, 512GB SSD, Fingerprint, Backlit Keyboard, Windows 10 Pro 64-bit (Renewed)",https://www.amazon.ca/Lenovo-ThinkPad-T490s-Quad-Core-Fingerprint/dp/B0CBM97CZL/ref=sr_1_112?crid=1E63C3THFEGDP&dib=eyJ2IjoiMSJ9.3ZboQUZ9TuG7BPZ79Skc620Eedpe517gmsQjxguqREWVWOTNr0Whwq0LBYVCPn5GxlPL0-K4eDnpE36YZDZkHwoP615HX6RIHZ9Q7a7kz-PYUEZ7Xxm4cofzys07XPiuzbqgU6r3vplm-hljaH2vyR9VtEtlDo_dg0zO7sX1toTma-2bzMzpp400OfP0CmpL5cKM3Xf8Mfakzn3FTU0IXBgbH7rHSCMz3Iv9h6ejRUAr6Wm-tFTi9HNCKD7RlRYLJanu3RIdcZNDIdmKDIaLSXGxQz-sk-1tf8ONF45Zxqs.K6tR3CjdoZBEaYsDnjlqZq4p6ObGf6QWDs8EHJynWMM&dib_tag=se&keywords=laptop&qid=1729747871&sprefix=laptop%2Caps%2C128&sr=8-112,295.00,3.9,22,Not available
"jumper Laptop, 16 Inch FHD IPS 1200p Screen, 5305U Processor, 4GB RAM 128GB SSD, Office 365 1-Year Subscription, Windows 11 Computer with Numeric Keypad, Stereo Speakers, HDMI, WiFi.",https://www.amazon.ca/jumper-Processor-Subscription-Computer-Speakers/dp/B0D9VH8FWR/ref=sr_1_111?crid=1E63C3THFEGDP&dib=eyJ2IjoiMSJ9.3ZboQUZ9TuG7BPZ79Skc620Eedpe517gmsQjxguqREWVWOTNr0Whwq0LBYVCPn5GxlPL0-K4eDnpE36YZDZkHwoP615HX6RIHZ9Q7a7kz-PYUEZ7Xxm4cofzys07XPiuzbqgU6r3vplm-hljaH2vyR9VtEtlDo_dg0zO7sX1toTma-2bzMzpp400OfP0CmpL5cKM3Xf8Mfakzn3FTU0IXBgbH7rHSCMz3Iv9h6ejRUAr6Wm-tFTi9HNCKD7RlRYLJanu3RIdcZNDIdmKDIaLSXGxQz-sk-1tf8ONF45Zxqs.K6tR3CjdoZBEaYsDnjlqZq4p6ObGf6QWDs8EHJynWMM&dib_tag=se&keywords=laptop&qid=1729747871&sprefix=laptop%2Caps%2C128&sr=8-111,349.99,4.0,55,Not available
"HP 14"" FHD Laptop, IPS Display, AMD Ryzen 3-3250U, 16GB RAM, 256GB PCIe SSD, AMD Radeon Graphics, HP True Vision HD Camera, Wi-Fi 5, Bluetooth, Win 11, Silver, 32GB Hotface USB Card",https://www.amazon.ca/HP-14-Display-Graphics-Bluetooth/dp/B0CNGGNSZ1/ref=sr_1_110?crid=1E63C3THFEGDP&dib=eyJ2IjoiMSJ9.3ZboQUZ9TuG7BPZ79Skc620Eedpe517gmsQjxguqREWVWOTNr0Whwq0LBYVCPn5GxlPL0-K4eDnpE36YZDZkHwoP615HX6RIHZ9Q7a7kz-PYUEZ7Xxm4cofzys07XPiuzbqgU6r3vplm-hljaH2vyR9VtEtlDo_dg0zO7sX1toTma-2bzMzpp400OfP0CmpL5cKM3Xf8Mfakzn3FTU0IXBgbH7rHSCMz3Iv9h6ejRUAr6Wm-tFTi9HNCKD7RlRYLJanu3RIdcZNDIdmKDIaLSXGxQz-sk-1tf8ONF45Zxqs.K6tR3CjdoZBEaYsDnjlqZq4p6ObGf6QWDs8EHJynWMM&dib_tag=se&keywords=laptop&qid=1729747871&sprefix=laptop%2Caps%2C128&sr=8-110,569.00,4.3,16,Not available
"ASUS Vivobook Go 15 Laptop, 15.6” FHD Display, Intel® Core™ i3-N305 Processor, 4GB RAM, 128GB UFS, Windows 11 Home in S Mode, E1504GA-AS32-CA",https://www.amazon.ca/Vivobook-Display-i3-N305-Processor-E1504GA-AS32-CA/dp/B0CX78H27P/ref=sr_1_109?crid=1E63C3THFEGDP&dib=eyJ2IjoiMSJ9.3ZboQUZ9TuG7BPZ79Skc620Eedpe517gmsQjxguqREWVWOTNr0Whwq0LBYVCPn5GxlPL0-K4eDnpE36YZDZkHwoP615HX6RIHZ9Q7a7kz-PYUEZ7Xxm4cofzys07XPiuzbqgU6r3vplm-hljaH2vyR9VtEtlDo_dg0zO7sX1toTma-2bzMzpp400OfP0CmpL5cKM3Xf8Mfakzn3FTU0IXBgbH7rHSCMz3Iv9h6ejRUAr6Wm-tFTi9HNCKD7RlRYLJanu3RIdcZNDIdmKDIaLSXGxQz-sk-1tf8ONF45Zxqs.K6tR3CjdoZBEaYsDnjlqZq4p6ObGf6QWDs8EHJynWMM&dib_tag=se&keywords=laptop&qid=1729747871&sprefix=laptop%2Caps%2C128&sr=8-109,349.00,4.0,4,Not available
"Acer Aspire Spin A3SP14-31PT-322D, 14.0"" FHD 1920x1080 IPS Touch Laptop, Intel Core i3-N305, ‎Intel UHD Graphics, 8GB RAM, 256GB SSD, Windows 11",https://www.amazon.ca/Acer-Aspire-i3-N305-Graphics-Windows/dp/B0BW4PS16N/ref=sr_1_108?crid=1E63C3THFEGDP&dib=eyJ2IjoiMSJ9.3ZboQUZ9TuG7BPZ79Skc620Eedpe517gmsQjxguqREWVWOTNr0Whwq0LBYVCPn5GxlPL0-K4eDnpE36YZDZkHwoP615HX6RIHZ9Q7a7kz-PYUEZ7Xxm4cofzys07XPiuzbqgU6r3vplm-hljaH2vyR9VtEtlDo_dg0zO7sX1toTma-2bzMzpp400OfP0CmpL5cKM3Xf8Mfakzn3FTU0IXBgbH7rHSCMz3Iv9h6ejRUAr6Wm-tFTi9HNCKD7RlRYLJanu3RIdcZNDIdmKDIaLSXGxQz-sk-1tf8ONF45Zxqs.K6tR3CjdoZBEaYsDnjlqZq4p6ObGf6QWDs8EHJynWMM&dib_tag=se&keywords=laptop&qid=1729747871&sprefix=laptop%2Caps%2C128&sr=8-108,579.99,4.3,21,Not available
"HP 15.6"" HD Everyday Laptop, Intel Pentium Silver N5030, 32GB RAM, 1TB PCIe SSD, Intel UHD Graphics 605, Island-Style Keyboard, HP Fast Charge, HD Camera, Win 11, Blue, 32GB Hotface USB Card (Renewed)",https://www.amazon.ca/HP-15-6-Everyday-Graphics-Island-Style/dp/B0CWK21HTM/ref=sr_1_107?crid=1E63C3THFEGDP&dib=eyJ2IjoiMSJ9.3ZboQUZ9TuG7BPZ79Skc620Eedpe517gmsQjxguqREWVWOTNr0Whwq0LBYVCPn5GxlPL0-K4eDnpE36YZDZkHwoP615HX6RIHZ9Q7a7kz-PYUEZ7Xxm4cofzys07XPiuzbqgU6r3vplm-hljaH2vyR9VtEtlDo_dg0zO7sX1toTma-2bzMzpp400OfP0CmpL5cKM3Xf8Mfakzn3FTU0IXBgbH7rHSCMz3Iv9h6ejRUAr6Wm-tFTi9HNCKD7RlRYLJanu3RIdcZNDIdmKDIaLSXGxQz-sk-1tf8ONF45Zxqs.K6tR3CjdoZBEaYsDnjlqZq4p6ObGf6QWDs8EHJynWMM&dib_tag=se&keywords=laptop&qid=1729747871&sprefix=laptop%2Caps%2C128&sr=8-107,549.00,4.3,849,Not available
"Acer Aspire 5 Laptop | 15.6"" Full HD IPS Display | 12th Gen Intel i7-12650H | 32GB DDR4 | 1 TB NVMe SSD | 802.11ax Wi-Fi 6 | Thunderbolt 4 | Backlit Keyboard | Windows 11 Home (Renewed)",https://www.amazon.ca/Acer-i7-12650H-802-11ax-Thunderbolt-Keyboard/dp/B0CL7TC363/ref=sr_1_106?crid=1E63C3THFEGDP&dib=eyJ2IjoiMSJ9.3ZboQUZ9TuG7BPZ79Skc620Eedpe517gmsQjxguqREWVWOTNr0Whwq0LBYVCPn5GxlPL0-K4eDnpE36YZDZkHwoP615HX6RIHZ9Q7a7kz-PYUEZ7Xxm4cofzys07XPiuzbqgU6r3vplm-hljaH2vyR9VtEtlDo_dg0zO7sX1toTma-2bzMzpp400OfP0CmpL5cKM3Xf8Mfakzn3FTU0IXBgbH7rHSCMz3Iv9h6ejRUAr6Wm-tFTi9HNCKD7RlRYLJanu3RIdcZNDIdmKDIaLSXGxQz-sk-1tf8ONF45Zxqs.K6tR3CjdoZBEaYsDnjlqZq4p6ObGf6QWDs8EHJynWMM&dib_tag=se&keywords=laptop&qid=1729747871&sprefix=laptop%2Caps%2C128&sr=8-106,869.00,4.0,6,Not available
"THOMSON NEO 3K Notebook 14"" / Intel 4 cores Celeron N5100 / 3K Display 3000x2000 (400 Nits) / 4GB Ram / 128GB SSD/Black / 1 Year incuded Microsoft 365",https://www.amazon.ca/THOMSON-Notebook-Celeron-3000x2000-Microsoft/dp/B0C8BCSMD8/ref=sr_1_105?crid=1E63C3THFEGDP&dib=eyJ2IjoiMSJ9.3ZboQUZ9TuG7BPZ79Skc620Eedpe517gmsQjxguqREWVWOTNr0Whwq0LBYVCPn5GxlPL0-K4eDnpE36YZDZkHwoP615HX6RIHZ9Q7a7kz-PYUEZ7Xxm4cofzys07XPiuzbqgU6r3vplm-hljaH2vyR9VtEtlDo_dg0zO7sX1toTma-2bzMzpp400OfP0CmpL5cKM3Xf8Mfakzn3FTU0IXBgbH7rHSCMz3Iv9h6ejRUAr6Wm-tFTi9HNCKD7RlRYLJanu3RIdcZNDIdmKDIaLSXGxQz-sk-1tf8ONF45Zxqs.K6tR3CjdoZBEaYsDnjlqZq4p6ObGf6QWDs8EHJynWMM&dib_tag=se&keywords=laptop&qid=1729747871&sprefix=laptop%2Caps%2C128&sr=8-105,205.17,3.5,14,Not available
"HP 14"" FHD Laptop - AMD Ryzen 5 5500U, 8GB RAM, 256GB SSD, Windows 11-14-fq1025nr",https://www.amazon.ca/HP-14-FHD-Laptop-11-14-fq1025nr/dp/B09G8SK2KK/ref=sr_1_102?crid=1E63C3THFEGDP&dib=eyJ2IjoiMSJ9.3ZboQUZ9TuG7BPZ79Skc620Eedpe517gmsQjxguqREWVWOTNr0Whwq0LBYVCPn5GxlPL0-K4eDnpE36YZDZkHwoP615HX6RIHZ9Q7a7kz-PYUEZ7Xxm4cofzys07XPiuzbqgU6r3vplm-hljaH2vyR9VtEtlDo_dg0zO7sX1toTma-2bzMzpp400OfP0CmpL5cKM3Xf8Mfakzn3FTU0IXBgbH7rHSCMz3Iv9h6ejRUAr6Wm-tFTi9HNCKD7RlRYLJanu3RIdcZNDIdmKDIaLSXGxQz-sk-1tf8ONF45Zxqs.K6tR3CjdoZBEaYsDnjlqZq4p6ObGf6QWDs8EHJynWMM&dib_tag=se&keywords=laptop&qid=1729747871&sprefix=laptop%2Caps%2C128&sr=8-102,589.99,4.4,"1,184",Not available
"Dell Latitude E7450 14in HD High Performance Ultra Book Business Laptop Notebook (Intel Quad Core i5 5300U, 8GB Ram, 256GB Solid State SSD, Camera, HDMI, WiFi) Win 10 Pro (Renewed)",https://www.amazon.ca/Dell-Latitude-E7450-Performance-Refurbished/dp/B076DKFYF9/ref=sr_1_104?crid=1E63C3THFEGDP&dib=eyJ2IjoiMSJ9.3ZboQUZ9TuG7BPZ79Skc620Eedpe517gmsQjxguqREWVWOTNr0Whwq0LBYVCPn5GxlPL0-K4eDnpE36YZDZkHwoP615HX6RIHZ9Q7a7kz-PYUEZ7Xxm4cofzys07XPiuzbqgU6r3vplm-hljaH2vyR9VtEtlDo_dg0zO7sX1toTma-2bzMzpp400OfP0CmpL5cKM3Xf8Mfakzn3FTU0IXBgbH7rHSCMz3Iv9h6ejRUAr6Wm-tFTi9HNCKD7RlRYLJanu3RIdcZNDIdmKDIaLSXGxQz-sk-1tf8ONF45Zxqs.K6tR3CjdoZBEaYsDnjlqZq4p6ObGf6QWDs8EHJynWMM&dib_tag=se&keywords=laptop&qid=1729747871&sprefix=laptop%2Caps%2C128&sr=8-104,268.00,4.1,662,Not available
"Lenovo IdeaPad 3i 15.6"" FHD Touchscreen Laptop, Intel i5-1155G7, 16GB RAM, 512GB PCIe SSD, Intel Iris Xe Graphics, Num Pad, WiFi 6, Webcam, Windows 11 Pro, Abyss Blue, 32GB Hotface USB Card",https://www.amazon.ca/Lenovo-IdeaPad-3i-Touchscreen-i5-1155G7/dp/B0CTGZBQZG/ref=sr_1_103?crid=1E63C3THFEGDP&dib=eyJ2IjoiMSJ9.3ZboQUZ9TuG7BPZ79Skc620Eedpe517gmsQjxguqREWVWOTNr0Whwq0LBYVCPn5GxlPL0-K4eDnpE36YZDZkHwoP615HX6RIHZ9Q7a7kz-PYUEZ7Xxm4cofzys07XPiuzbqgU6r3vplm-hljaH2vyR9VtEtlDo_dg0zO7sX1toTma-2bzMzpp400OfP0CmpL5cKM3Xf8Mfakzn3FTU0IXBgbH7rHSCMz3Iv9h6ejRUAr6Wm-tFTi9HNCKD7RlRYLJanu3RIdcZNDIdmKDIaLSXGxQz-sk-1tf8ONF45Zxqs.K6tR3CjdoZBEaYsDnjlqZq4p6ObGf6QWDs8EHJynWMM&dib_tag=se&keywords=laptop&qid=1729747871&sprefix=laptop%2Caps%2C128&sr=8-103,739.00,4.2,362,Not available
"Acer Aspire 3 Laptop 15.6"" Full HD Display | AMD Ryzen 7 5700U CPU | 16GB DDR4 | 1TB SSD | Windows 11 Home (1 Yr Manufacturer Warranty) (Renewed)",https://www.amazon.ca/Acer-Display-Windows-Manufacturer-Warranty/dp/B0D1JZYKRV/ref=sr_1_101?crid=1E63C3THFEGDP&dib=eyJ2IjoiMSJ9.3ZboQUZ9TuG7BPZ79Skc620Eedpe517gmsQjxguqREWVWOTNr0Whwq0LBYVCPn5GxlPL0-K4eDnpE36YZDZkHwoP615HX6RIHZ9Q7a7kz-PYUEZ7Xxm4cofzys07XPiuzbqgU6r3vplm-hljaH2vyR9VtEtlDo_dg0zO7sX1toTma-2bzMzpp400OfP0CmpL5cKM3Xf8Mfakzn3FTU0IXBgbH7rHSCMz3Iv9h6ejRUAr6Wm-tFTi9HNCKD7RlRYLJanu3RIdcZNDIdmKDIaLSXGxQz-sk-1tf8ONF45Zxqs.K6tR3CjdoZBEaYsDnjlqZq4p6ObGf6QWDs8EHJynWMM&dib_tag=se&keywords=laptop&qid=1729747871&sprefix=laptop%2Caps%2C128&sr=8-101,549.00,3.7,8,Not available
"HP Stream 14"" HD BrightView Laptop, Intel Pentium Silver N5030, 16GB RAM, 1.16TB Storage(1TB SSD + 160GB Docking Station Set), Intel UHD Graphics, HP Fast Charge, 1 Year Office 365, Win 11 S, Silver",https://www.amazon.ca/HP-Stream-BrightView-Pentium-Graphics/dp/B0DBKQW616/ref=sr_1_100?crid=1E63C3THFEGDP&dib=eyJ2IjoiMSJ9.3ZboQUZ9TuG7BPZ79Skc620Eedpe517gmsQjxguqREWVWOTNr0Whwq0LBYVCPn5GxlPL0-K4eDnpE36YZDZkHwoP615HX6RIHZ9Q7a7kz-PYUEZ7Xxm4cofzys07XPiuzbqgU6r3vplm-hljaH2vyR9VtEtlDo_dg0zO7sX1toTma-2bzMzpp400OfP0CmpL5cKM3Xf8Mfakzn3FTU0IXBgbH7rHSCMz3Iv9h6ejRUAr6Wm-tFTi9HNCKD7RlRYLJanu3RIdcZNDIdmKDIaLSXGxQz-sk-1tf8ONF45Zxqs.K6tR3CjdoZBEaYsDnjlqZq4p6ObGf6QWDs8EHJynWMM&dib_tag=se&keywords=laptop&qid=1729747871&sprefix=laptop%2Caps%2C128&sr=8-100,539.00,4.7,5,Not available
"Dell Latitude 5480 14 Inch Laptop PC, Intel Core i5-6300U 2.4Ghz, 16GB DDR4 RAM, 256GB SSD, USB Type-C, HDMI, Webcam, Windows 10 Pro (Renewed)",https://www.amazon.ca/Dell-Latitude-Laptop-Windows-Renewed/dp/B0CBPRYKXB/ref=sr_1_99?crid=1E63C3THFEGDP&dib=eyJ2IjoiMSJ9.3ZboQUZ9TuG7BPZ79Skc620Eedpe517gmsQjxguqREWVWOTNr0Whwq0LBYVCPn5GxlPL0-K4eDnpE36YZDZkHwoP615HX6RIHZ9Q7a7kz-PYUEZ7Xxm4cofzys07XPiuzbqgU6r3vplm-hljaH2vyR9VtEtlDo_dg0zO7sX1toTma-2bzMzpp400OfP0CmpL5cKM3Xf8Mfakzn3FTU0IXBgbH7rHSCMz3Iv9h6ejRUAr6Wm-tFTi9HNCKD7RlRYLJanu3RIdcZNDIdmKDIaLSXGxQz-sk-1tf8ONF45Zxqs.K6tR3CjdoZBEaYsDnjlqZq4p6ObGf6QWDs8EHJynWMM&dib_tag=se&keywords=laptop&qid=1729747871&sprefix=laptop%2Caps%2C128&sr=8-99,190.00,4.4,29,Not available
"ASUS TUF A16 16"" FHD 165Hz Gaming Laptop, AMD Ryzen 7-7735HS, 64GB DDR5 RAM, 2TB PCIe SSD, Backlit Keyboard, Radeon RX7600S V8G, Windows 11 Pro, Black, 32GB Hotface USB Card",https://www.amazon.ca/ASUS-TUF-7-7735HS-Backlit-Keyboard/dp/B0CMGR7VF7/ref=sr_1_98?crid=1E63C3THFEGDP&dib=eyJ2IjoiMSJ9.3ZboQUZ9TuG7BPZ79Skc620Eedpe517gmsQjxguqREWVWOTNr0Whwq0LBYVCPn5GxlPL0-K4eDnpE36YZDZkHwoP615HX6RIHZ9Q7a7kz-PYUEZ7Xxm4cofzys07XPiuzbqgU6r3vplm-hljaH2vyR9VtEtlDo_dg0zO7sX1toTma-2bzMzpp400OfP0CmpL5cKM3Xf8Mfakzn3FTU0IXBgbH7rHSCMz3Iv9h6ejRUAr6Wm-tFTi9HNCKD7RlRYLJanu3RIdcZNDIdmKDIaLSXGxQz-sk-1tf8ONF45Zxqs.K6tR3CjdoZBEaYsDnjlqZq4p6ObGf6QWDs8EHJynWMM&dib_tag=se&keywords=laptop&qid=1729747871&sprefix=laptop%2Caps%2C128&sr=8-98,"1,799.00",4.3,110,Not available
"HP 15.6"" FHD Laptop, 11th Gen Intel Core i5-1135G7(Beats i7-1165g7), 16GB DDR4 RAM, 1TB PCIe SSD, Intel Iris Xe Graphics, HD Webcam, Stereo Speakers, Windows 11, Silver, 32GB Hotface USB Card",https://www.amazon.ca/HP-Laptop-i5-1135G7-i7-1165g7-Graphics/dp/B0CMC3W9FS/ref=sr_1_271?crid=1E63C3THFEGDP&dib=eyJ2IjoiMSJ9.ywIPwsWgTWUcMh-hS3BWfzf8PdUFLjNe3En-5uV-dkJ0j5L_ce_nlqf79GzEcuPKPtPzOJyn4jpooJeqI1huHuRmm558RhWn-LC6_yN0x7kYi6qtYpltQMugCh-7s7OggK9shwL95KSXT133rm2LUOyC_kiJzLg5fXMToRV1NFQNiRa8ebWVaf63J70G4dsUEnH4YszgoZe7HjGbEG3qPYx15fSLevyGMILMs-A7_oASYjqNTomCDt8yJcJRyrpHbhgqnRqD6mL95_9GqrB0kFV0stgRbhLlvJ0yEE7rw1E.ar1EBT8BB3WPGJaRvENOWqZ5j5RF26rW91m0tpvMbwQ&dib_tag=se&keywords=laptop&qid=1729747871&sprefix=laptop%2Caps%2C128&sr=8-271,779.00,4.1,151,Not available
"HP Stream 14"" HD BrightView Laptop, Intel Celeron N4020 Processor, 16GB RAM, 64GB SSD, Intel HD Graphics, HD Webcam, 1 Year Office 365, Pink, Win 11S, 32GB Hotface USB Card",https://www.amazon.ca/HP-Stream-BrightView-Processor-Graphics/dp/B0CQGGLX9J/ref=sr_1_270?crid=1E63C3THFEGDP&dib=eyJ2IjoiMSJ9.ywIPwsWgTWUcMh-hS3BWfzf8PdUFLjNe3En-5uV-dkJ0j5L_ce_nlqf79GzEcuPKPtPzOJyn4jpooJeqI1huHuRmm558RhWn-LC6_yN0x7kYi6qtYpltQMugCh-7s7OggK9shwL95KSXT133rm2LUOyC_kiJzLg5fXMToRV1NFQNiRa8ebWVaf63J70G4dsUEnH4YszgoZe7HjGbEG3qPYx15fSLevyGMILMs-A7_oASYjqNTomCDt8yJcJRyrpHbhgqnRqD6mL95_9GqrB0kFV0stgRbhLlvJ0yEE7rw1E.ar1EBT8BB3WPGJaRvENOWqZ5j5RF26rW91m0tpvMbwQ&dib_tag=se&keywords=laptop&qid=1729747871&sprefix=laptop%2Caps%2C128&sr=8-270,409.00,4.1,288,Not available
"HP Stream 14"" Laptop, Intel Quad-Core Processor, 8GB RAM, 128GB Storage, Windows 11 Home in S Mode, 1-Year Microsoft Office 365, Webcam, Long Battery Life, Pink",https://www.amazon.ca/HP-Quad-Core-Processor-Storage-Microsoft/dp/B0DK41N2B1/ref=sr_1_269?crid=1E63C3THFEGDP&dib=eyJ2IjoiMSJ9.ywIPwsWgTWUcMh-hS3BWfzf8PdUFLjNe3En-5uV-dkJ0j5L_ce_nlqf79GzEcuPKPtPzOJyn4jpooJeqI1huHuRmm558RhWn-LC6_yN0x7kYi6qtYpltQMugCh-7s7OggK9shwL95KSXT133rm2LUOyC_kiJzLg5fXMToRV1NFQNiRa8ebWVaf63J70G4dsUEnH4YszgoZe7HjGbEG3qPYx15fSLevyGMILMs-A7_oASYjqNTomCDt8yJcJRyrpHbhgqnRqD6mL95_9GqrB0kFV0stgRbhLlvJ0yEE7rw1E.ar1EBT8BB3WPGJaRvENOWqZ5j5RF26rW91m0tpvMbwQ&dib_tag=se&keywords=laptop&qid=1729747871&sprefix=laptop%2Caps%2C128&sr=8-269,359.99,FREE delivery Oct 29 - Nov 1 ,No reviews available,Not available
"Dell Inspiron 16 Laptop 5640-16.0-inch 16:10 FHD+ (1920 x 1200) Display, Intel Core 7-150U Processor, 16GB DDR5 RAM, 1TB SSD, Intel Graphics, Windows 11 Pro, Onsite & Migrate Service - Midnight Blue",https://www.amazon.ca/sspa/click?ie=UTF8&spc=MToxNTU5MzU4NTM3NDU2NTg4OjE3Mjk3NDc4NzE6c3BfYnRmOjMwMDMwMDY3Njk2NzgwMjo6MDo6&url=%2FDell-Inspiron-Laptop-5640-16-0-inch-Processor%2Fdp%2FB0D1KQLRR8%2Fref%3Dsr_1_346_sspa%3Fcrid%3D1E63C3THFEGDP%26keywords%3Dlaptop%26qid%3D1729747871%26sprefix%3Dlaptop%252Caps%252C128%26sr%3D8-346-spons%26sp_csd%3Dd2lkZ2V0TmFtZT1zcF9idGY%26psc%3D1,"1,229.99",4.3,205,Not available
"Dell Latitude 5310 Laptop 10th, 14in FHD(1920x1080) 5310 10th Laptop, i5-10th Processor, 16GB RAM, 512GB SSD, Win10 pro(Renewed)",https://www.amazon.ca/sspa/click?ie=UTF8&spc=MToxNTU5MzU4NTM3NDU2NTg4OjE3Mjk3NDc4NzE6c3BfYnRmOjMwMDQzNDUwODIwODUwMjo6MDo6&url=%2FDell-Latitude-5310-1920x1080-Processor%2Fdp%2FB0DF7H27XT%2Fref%3Dsr_1_348_sspa%3Fcrid%3D1E63C3THFEGDP%26keywords%3Dlaptop%26qid%3D1729747871%26sprefix%3Dlaptop%252Caps%252C128%26sr%3D8-348-spons%26sp_csd%3Dd2lkZ2V0TmFtZT1zcF9idGY%26psc%3D1,389.70,"FREE delivery Sun, Oct 27 ",Only 6 left in stock.,Not available
"Lenovo ThinkPad X390 Yoga 13.3"" Touchscreen 2-in-1 Laptop, Intel Core i5, 8GB RAM, 256GB SSD, Win11 Pro. (Renewed)",https://www.amazon.ca/sspa/click?ie=UTF8&spc=MToxNTU5MzU4NTM3NDU2NTg4OjE3Mjk3NDc4NzE6c3BfbXRmOjMwMDQ3MTY5NDY3OTEwMjo6MDo6&url=%2FLenovo-ThinkPad-Touchscreen-Laptop-Renewed%2Fdp%2FB0DJRNWND7%2Fref%3Dsr_1_344_sspa%3Fcrid%3D1E63C3THFEGDP%26keywords%3Dlaptop%26qid%3D1729747871%26sprefix%3Dlaptop%252Caps%252C128%26sr%3D8-344-spons%26sp_csd%3Dd2lkZ2V0TmFtZT1zcF9tdGY%26psc%3D1,375.00,FREE delivery Oct 30 - Nov 5 ,No reviews available,Not available
"Jommi Black Laptop 15.6 inch FHD IPS Screen, High Speed Celeron N5095(2.0-2.9Ghz), 16G DDR4 RAM 512GB SSD Business/Student Laptop Computer/Backlit KB (Black,16+512G)",https://www.amazon.ca/sspa/click?ie=UTF8&spc=MToxNTU5MzU4NTM3NDU2NTg4OjE3Mjk3NDc4NzE6c3BfYnRmOjMwMDQwMDY4OTM3OTEwMjo6MDo6&url=%2FCeleron-2-0-2-9Ghz-Business-Student-Computer%2Fdp%2FB0DC9YTV5B%2Fref%3Dsr_1_347_sspa%3Fcrid%3D1E63C3THFEGDP%26keywords%3Dlaptop%26qid%3D1729747871%26sprefix%3Dlaptop%252Caps%252C128%26sr%3D8-347-spons%26sp_csd%3Dd2lkZ2V0TmFtZT1zcF9idGY%26psc%3D1,459.90,"FREE delivery Sun, Oct 27 ",Only 5 left in stock.,Not available
"Dell Latitude 5310 Laptop | 13.3"" 1366x768 HD | Core i5-10210U - 512GB SSD Hard Drive - 16GB RAM | 4 cores @ 4.2 GHz Win 10 Pro Black (Renewed)",https://www.amazon.ca/sspa/click?ie=UTF8&spc=MToxNTU5MzU4NTM3NDU2NTg4OjE3Mjk3NDc4NzE6c3BfYnRmOjMwMDQ5NDcyODQ4NzkwMjo6MDo6&url=%2FDell-Latitude-5000-5310-Laptop%2Fdp%2FB09BCPT9P5%2Fref%3Dsr_1_345_sspa%3Fcrid%3D1E63C3THFEGDP%26keywords%3Dlaptop%26qid%3D1729747871%26sprefix%3Dlaptop%252Caps%252C128%26sr%3D8-345-spons%26sp_csd%3Dd2lkZ2V0TmFtZT1zcF9idGY%26psc%3D1,379.50,"FREE delivery Sun, Oct 27 ",Only 5 left in stock.,Not available
"Lenovo Ideapad 1i 15.6"" FHD Touchscreen Laptop, Intel i3-1215U, 40GB RAM, 2.16TB Storage(2TB SSD+160GB Docking Station Set), Intel UHD Graphics, Numeric Keypad, Windows 11 Pro, Gray",https://www.amazon.ca/sspa/click?ie=UTF8&spc=MToxNTU5MzU4NTM3NDU2NTg4OjE3Mjk3NDc4NzE6c3BfbXRmOjMwMDQwODAwNTE3OTMwMjo6MDo6&url=%2FLenovo-Ideapad-1i-Touchscreen-i3-1215U%2Fdp%2FB0D5HL2D6Y%2Fref%3Dsr_1_343_sspa%3Fcrid%3D1E63C3THFEGDP%26keywords%3Dlaptop%26qid%3D1729747871%26sprefix%3Dlaptop%252Caps%252C128%26sr%3D8-343-spons%26sp_csd%3Dd2lkZ2V0TmFtZT1zcF9tdGY%26psc%3D1,839.00,4.5,637,Not available
"Acer Aspire 3 A315-59-590J-CA, 15.6"" FHD 1920x1080 Laptop, Intel CoreTM i5-1235U, Intel UHD Graphics, 16GB RAM, 512GB SSD, Windows 11 Home",https://www.amazon.ca/sspa/click?ie=UTF8&spc=MToxNTU5MzU4NTM3NDU2NTg4OjE3Mjk3NDc4NzE6c3BfbXRmOjMwMDQ2NTE1Njg5NzEwMjo6MDo6&url=%2FAcer-A315-59-590J-CA-1920x1080-i5-1235U-Graphics%2Fdp%2FB0D1ZFBPFV%2Fref%3Dsr_1_342_sspa%3Fcrid%3D1E63C3THFEGDP%26keywords%3Dlaptop%26qid%3D1729747871%26sprefix%3Dlaptop%252Caps%252C128%26sr%3D8-342-spons%26sp_csd%3Dd2lkZ2V0TmFtZT1zcF9tdGY%26psc%3D1,699.99,5.0,2,Not available
HP Elitebook 840 G5-14 FHD - i7-8650U Quad Core - 16 GB RAM - 256 SSD - Bluetooth - WiFi - Webcam -Windows 10 Pro 64 (Renewed),https://www.amazon.ca/sspa/click?ie=UTF8&spc=MToxNTU5MzU4NTM3NDU2NTg4OjE3Mjk3NDc4NzE6c3BfYXRmX25leHQ6MzAwMTAxMTQ3ODk2NTAyOjowOjo&url=%2FHP-Elitebook-840-G5-Bluetooth%2Fdp%2FB08FNLVHRL%2Fref%3Dsr_1_340_sspa%3Fcrid%3D1E63C3THFEGDP%26keywords%3Dlaptop%26qid%3D1729747871%26sprefix%3Dlaptop%252Caps%252C128%26sr%3D8-340-spons%26sp_csd%3Dd2lkZ2V0TmFtZT1zcF9hdGZfbmV4dA%26psc%3D1,382.00,3.8,99,Not available
"HP 15.6"" Full HD Touchscreen Laptop, Intel i7-1255U Processor, 32GB RAM, 1TB SSD, Intel Iris Xe Graphics, Numeric Keyboard, HD Webcam, HDMI, Windows 11, Natural Silver, 32GB Hotface USB Card",https://www.amazon.ca/sspa/click?ie=UTF8&spc=MToxNTU5MzU4NTM3NDU2NTg4OjE3Mjk3NDc4NzE6c3BfYXRmX25leHQ6MzAwMzczNDM2MDM2MzAyOjowOjo&url=%2FHP-Touchscreen-i7-1255U-Processor-Graphics%2Fdp%2FB0CYZC3WZS%2Fref%3Dsr_1_339_sspa%3Fcrid%3D1E63C3THFEGDP%26keywords%3Dlaptop%26qid%3D1729747871%26sprefix%3Dlaptop%252Caps%252C128%26sr%3D8-339-spons%26sp_csd%3Dd2lkZ2V0TmFtZT1zcF9hdGZfbmV4dA%26psc%3D1,"1,199.00",4.6,8,Not available
"HP EliteBook Folio Folio 9480M 14in Laptop, Core i5-4310U 2.0GHz, 8GB Ram, 500GB HDD, Windows 10 Pro 64bit, Webcam (Renewed)",https://www.amazon.ca/HP-EliteBook-i5-4310U-Certified-Refurbished/dp/B07GCRL9V3/ref=sr_1_268?crid=1E63C3THFEGDP&dib=eyJ2IjoiMSJ9.ywIPwsWgTWUcMh-hS3BWfzf8PdUFLjNe3En-5uV-dkJ0j5L_ce_nlqf79GzEcuPKPtPzOJyn4jpooJeqI1huHuRmm558RhWn-LC6_yN0x7kYi6qtYpltQMugCh-7s7OggK9shwL95KSXT133rm2LUOyC_kiJzLg5fXMToRV1NFQNiRa8ebWVaf63J70G4dsUEnH4YszgoZe7HjGbEG3qPYx15fSLevyGMILMs-A7_oASYjqNTomCDt8yJcJRyrpHbhgqnRqD6mL95_9GqrB0kFV0stgRbhLlvJ0yEE7rw1E.ar1EBT8BB3WPGJaRvENOWqZ5j5RF26rW91m0tpvMbwQ&dib_tag=se&keywords=laptop&qid=1729747871&sprefix=laptop%2Caps%2C128&sr=8-268,198.99,3.7,151,Not available
"HP 15.6"" FHD Laptop, Intel i3-1215U, 16GB RAM, 1TB SSD, Intel UHD Graphics, HD Webcam, Numpad, Wi-Fi 6, Bluetooth, Gray, Windows 11 Pro, 32GB Hotface USB Card",https://www.amazon.ca/sspa/click?ie=UTF8&spc=MToxNTU5MzU4NTM3NDU2NTg4OjE3Mjk3NDc4NzE6c3BfYXRmX25leHQ6MzAwMzcxMTY1MTQyMzAyOjowOjo&url=%2FHP-i3-1215U-Graphics-Bluetooth-Windows%2Fdp%2FB0CPHXMKWV%2Fref%3Dsr_1_338_sspa%3Fcrid%3D1E63C3THFEGDP%26keywords%3Dlaptop%26qid%3D1729747871%26sprefix%3Dlaptop%252Caps%252C128%26sr%3D8-338-spons%26sp_csd%3Dd2lkZ2V0TmFtZT1zcF9hdGZfbmV4dA%26psc%3D1,659.00,4.1,151,Not available
"Lenovo IdeaPad Slim 3 15.6"" FHD Laptop for Everyday Use, AMD Ryzen 7 7730U, 16GB DDR4, 2.28TB Storage(2TB SSD + 288GB Docking Station Set), AMD Radeon Graphics, Wi-Fi 6, HDMI, Windows 11 Pro, Gray",https://www.amazon.ca/Lenovo-IdeaPad-Slim-Everyday-Graphics/dp/B0D7PVXPBN/ref=sr_1_267?crid=1E63C3THFEGDP&dib=eyJ2IjoiMSJ9.ywIPwsWgTWUcMh-hS3BWfzf8PdUFLjNe3En-5uV-dkJ0j5L_ce_nlqf79GzEcuPKPtPzOJyn4jpooJeqI1huHuRmm558RhWn-LC6_yN0x7kYi6qtYpltQMugCh-7s7OggK9shwL95KSXT133rm2LUOyC_kiJzLg5fXMToRV1NFQNiRa8ebWVaf63J70G4dsUEnH4YszgoZe7HjGbEG3qPYx15fSLevyGMILMs-A7_oASYjqNTomCDt8yJcJRyrpHbhgqnRqD6mL95_9GqrB0kFV0stgRbhLlvJ0yEE7rw1E.ar1EBT8BB3WPGJaRvENOWqZ5j5RF26rW91m0tpvMbwQ&dib_tag=se&keywords=laptop&qid=1729747871&sprefix=laptop%2Caps%2C128&sr=8-267,"1,049.00",4.6,94,Not available
"HP 15.6"" FHD Laptop - AMD Ryzen 5 7520U, 16GB RAM, 256GB SSD, Win 11 - Natural Silver (15-fc0093dx)",https://www.amazon.ca/HP-15-6-FHD-Laptop-15-fc0093dx/dp/B0CRSSZQCV/ref=sr_1_266?crid=1E63C3THFEGDP&dib=eyJ2IjoiMSJ9.ywIPwsWgTWUcMh-hS3BWfzf8PdUFLjNe3En-5uV-dkJ0j5L_ce_nlqf79GzEcuPKPtPzOJyn4jpooJeqI1huHuRmm558RhWn-LC6_yN0x7kYi6qtYpltQMugCh-7s7OggK9shwL95KSXT133rm2LUOyC_kiJzLg5fXMToRV1NFQNiRa8ebWVaf63J70G4dsUEnH4YszgoZe7HjGbEG3qPYx15fSLevyGMILMs-A7_oASYjqNTomCDt8yJcJRyrpHbhgqnRqD6mL95_9GqrB0kFV0stgRbhLlvJ0yEE7rw1E.ar1EBT8BB3WPGJaRvENOWqZ5j5RF26rW91m0tpvMbwQ&dib_tag=se&keywords=laptop&qid=1729747871&sprefix=laptop%2Caps%2C128&sr=8-266,599.98,4.2,4,Not available
"HP 17.3"" Anti-Glare FHD Business Laptop, Intel Core i5-1235U, 32GB RAM, 1TB SSD, Intel Iris Xe Graphics, Backlit Keyboard, Webcam, Wi-Fi, Bluetooth, Silver, Win 11 Pro, 32GB Hotface USB Card (Renewed)",https://www.amazon.ca/HP-17-3-Anti-Glare-Business-Bluetooth/dp/B0CTSX8M36/ref=sr_1_265?crid=1E63C3THFEGDP&dib=eyJ2IjoiMSJ9.ywIPwsWgTWUcMh-hS3BWfzf8PdUFLjNe3En-5uV-dkJ0j5L_ce_nlqf79GzEcuPKPtPzOJyn4jpooJeqI1huHuRmm558RhWn-LC6_yN0x7kYi6qtYpltQMugCh-7s7OggK9shwL95KSXT133rm2LUOyC_kiJzLg5fXMToRV1NFQNiRa8ebWVaf63J70G4dsUEnH4YszgoZe7HjGbEG3qPYx15fSLevyGMILMs-A7_oASYjqNTomCDt8yJcJRyrpHbhgqnRqD6mL95_9GqrB0kFV0stgRbhLlvJ0yEE7rw1E.ar1EBT8BB3WPGJaRvENOWqZ5j5RF26rW91m0tpvMbwQ&dib_tag=se&keywords=laptop&qid=1729747871&sprefix=laptop%2Caps%2C128&sr=8-265,899.00,5.0,5,Not available
"Rose Gold Laptop 15.6 inch FHD IPS Screen, High Speed Celeron N5095(2.0-2.9Ghz), 16G DDR4 RAM 1TB SSD Business/Student Laptop Computer/Backlit KB (16+1TB)",https://www.amazon.ca/Celeron-2-0-2-9Ghz-Business-Student-Computer/dp/B0D3LVT9C2/ref=sr_1_264?crid=1E63C3THFEGDP&dib=eyJ2IjoiMSJ9.ywIPwsWgTWUcMh-hS3BWfzf8PdUFLjNe3En-5uV-dkJ0j5L_ce_nlqf79GzEcuPKPtPzOJyn4jpooJeqI1huHuRmm558RhWn-LC6_yN0x7kYi6qtYpltQMugCh-7s7OggK9shwL95KSXT133rm2LUOyC_kiJzLg5fXMToRV1NFQNiRa8ebWVaf63J70G4dsUEnH4YszgoZe7HjGbEG3qPYx15fSLevyGMILMs-A7_oASYjqNTomCDt8yJcJRyrpHbhgqnRqD6mL95_9GqrB0kFV0stgRbhLlvJ0yEE7rw1E.ar1EBT8BB3WPGJaRvENOWqZ5j5RF26rW91m0tpvMbwQ&dib_tag=se&keywords=laptop&qid=1729747871&sprefix=laptop%2Caps%2C128&sr=8-264,499.90,4.1,5,Not available
"Microsoft Surface Laptop 4 (2021): 15"" Touchscreen Laptop (AMD Ryzen 7/8GB RAM/256GB SSD) Platinum - English Keyboard",https://www.amazon.ca/Microsoft-Surface-Laptop-Touchscreen-Platinum/dp/B08YWY6QKC/ref=sr_1_263?crid=1E63C3THFEGDP&dib=eyJ2IjoiMSJ9.ywIPwsWgTWUcMh-hS3BWfzf8PdUFLjNe3En-5uV-dkJ0j5L_ce_nlqf79GzEcuPKPtPzOJyn4jpooJeqI1huHuRmm558RhWn-LC6_yN0x7kYi6qtYpltQMugCh-7s7OggK9shwL95KSXT133rm2LUOyC_kiJzLg5fXMToRV1NFQNiRa8ebWVaf63J70G4dsUEnH4YszgoZe7HjGbEG3qPYx15fSLevyGMILMs-A7_oASYjqNTomCDt8yJcJRyrpHbhgqnRqD6mL95_9GqrB0kFV0stgRbhLlvJ0yEE7rw1E.ar1EBT8BB3WPGJaRvENOWqZ5j5RF26rW91m0tpvMbwQ&dib_tag=se&keywords=laptop&qid=1729747871&sprefix=laptop%2Caps%2C128&sr=8-263,899.00,4.4,698,Not available
"ASUS TUF Gaming A17 (2024) Gaming Laptop, 17.3” FHD 144Hz Display, GeForce RTX 4050, AMD Ryzen 7 7735HS, 16GB DDR5, 512GB PCIe 4.0 SSD, Wi-Fi 6, Windows 11, FA707NU-DS71-CA",https://www.amazon.ca/Gaming-Display-GeForce-Windows-FA707NU-DS71-CA/dp/B0CSDX37TJ/ref=sr_1_262?crid=1E63C3THFEGDP&dib=eyJ2IjoiMSJ9.ywIPwsWgTWUcMh-hS3BWfzf8PdUFLjNe3En-5uV-dkJ0j5L_ce_nlqf79GzEcuPKPtPzOJyn4jpooJeqI1huHuRmm558RhWn-LC6_yN0x7kYi6qtYpltQMugCh-7s7OggK9shwL95KSXT133rm2LUOyC_kiJzLg5fXMToRV1NFQNiRa8ebWVaf63J70G4dsUEnH4YszgoZe7HjGbEG3qPYx15fSLevyGMILMs-A7_oASYjqNTomCDt8yJcJRyrpHbhgqnRqD6mL95_9GqrB0kFV0stgRbhLlvJ0yEE7rw1E.ar1EBT8BB3WPGJaRvENOWqZ5j5RF26rW91m0tpvMbwQ&dib_tag=se&keywords=laptop&qid=1729747871&sprefix=laptop%2Caps%2C128&sr=8-262,"1,199.00",4.5,2,Not available
"Dell Latitude 5400 14"" Business Laptop, Intel Core i5-8265U up to 3.9GHz, 16GB DDR4 RAM 512GB SSD, Type-C, HDMI, Webcam, Windows 10 Pro (Renewed)",https://www.amazon.ca/Dell-Latitude-Business-i5-8265U-Windows/dp/B0CLRP75PQ/ref=sr_1_261?crid=1E63C3THFEGDP&dib=eyJ2IjoiMSJ9.ywIPwsWgTWUcMh-hS3BWfzf8PdUFLjNe3En-5uV-dkJ0j5L_ce_nlqf79GzEcuPKPtPzOJyn4jpooJeqI1huHuRmm558RhWn-LC6_yN0x7kYi6qtYpltQMugCh-7s7OggK9shwL95KSXT133rm2LUOyC_kiJzLg5fXMToRV1NFQNiRa8ebWVaf63J70G4dsUEnH4YszgoZe7HjGbEG3qPYx15fSLevyGMILMs-A7_oASYjqNTomCDt8yJcJRyrpHbhgqnRqD6mL95_9GqrB0kFV0stgRbhLlvJ0yEE7rw1E.ar1EBT8BB3WPGJaRvENOWqZ5j5RF26rW91m0tpvMbwQ&dib_tag=se&keywords=laptop&qid=1729747871&sprefix=laptop%2Caps%2C128&sr=8-261,360.00,3.8,19,Not available
"Lenovo V15 GEN 3 15.6"" FHD Business Laptop, AMD Ryzen 5 7520U, 16GB RAM, 512GB PCIe SSD, AMD Radeon Graphics, HD Camera, Dolby Audio, Wi-Fi 6, Bluetooth, Win 11 Pro, Black, 32GB Hotface USB Card",https://www.amazon.ca/Lenovo-V15-Business-Graphics-Bluetooth/dp/B0CVTXFZMC/ref=sr_1_260?crid=1E63C3THFEGDP&dib=eyJ2IjoiMSJ9.ywIPwsWgTWUcMh-hS3BWfzf8PdUFLjNe3En-5uV-dkJ0j5L_ce_nlqf79GzEcuPKPtPzOJyn4jpooJeqI1huHuRmm558RhWn-LC6_yN0x7kYi6qtYpltQMugCh-7s7OggK9shwL95KSXT133rm2LUOyC_kiJzLg5fXMToRV1NFQNiRa8ebWVaf63J70G4dsUEnH4YszgoZe7HjGbEG3qPYx15fSLevyGMILMs-A7_oASYjqNTomCDt8yJcJRyrpHbhgqnRqD6mL95_9GqrB0kFV0stgRbhLlvJ0yEE7rw1E.ar1EBT8BB3WPGJaRvENOWqZ5j5RF26rW91m0tpvMbwQ&dib_tag=se&keywords=laptop&qid=1729747871&sprefix=laptop%2Caps%2C128&sr=8-260,789.00,5.0,1,Not available
"ASUS ExpertBook B1 B1402CVA-P51-CB Business Laptop, 14"" FHD 16:9, Intel Core i5-1335U Processor, 8GB DDR4 RAM, 512GB PCIe SSD, WIFI 6E, Windows 11 Pro, Black, Bilingual KB",https://www.amazon.ca/ASUS-ExpertBook-B1402CVA-P51-CB-Business-Laptop/dp/B0CH1W5K4S/ref=sr_1_259?crid=1E63C3THFEGDP&dib=eyJ2IjoiMSJ9.ywIPwsWgTWUcMh-hS3BWfzf8PdUFLjNe3En-5uV-dkJ0j5L_ce_nlqf79GzEcuPKPtPzOJyn4jpooJeqI1huHuRmm558RhWn-LC6_yN0x7kYi6qtYpltQMugCh-7s7OggK9shwL95KSXT133rm2LUOyC_kiJzLg5fXMToRV1NFQNiRa8ebWVaf63J70G4dsUEnH4YszgoZe7HjGbEG3qPYx15fSLevyGMILMs-A7_oASYjqNTomCDt8yJcJRyrpHbhgqnRqD6mL95_9GqrB0kFV0stgRbhLlvJ0yEE7rw1E.ar1EBT8BB3WPGJaRvENOWqZ5j5RF26rW91m0tpvMbwQ&dib_tag=se&keywords=laptop&qid=1729747871&sprefix=laptop%2Caps%2C128&sr=8-259,769.99,"FREE delivery Sun, Oct 27 ",Only 7 left in stock (more on the way).,Not available
"Dell Latitude E7450 14in Laptop, Core i5-5300U 2.3GHz, 16GB Ram, 500GB SSD, Windows 10 Pro 64bit (Renewed)",https://www.amazon.ca/Dell-Latitude-i5-5300U-Certified-Refurbished/dp/B07GCS53SL/ref=sr_1_258?crid=1E63C3THFEGDP&dib=eyJ2IjoiMSJ9.ywIPwsWgTWUcMh-hS3BWfzf8PdUFLjNe3En-5uV-dkJ0j5L_ce_nlqf79GzEcuPKPtPzOJyn4jpooJeqI1huHuRmm558RhWn-LC6_yN0x7kYi6qtYpltQMugCh-7s7OggK9shwL95KSXT133rm2LUOyC_kiJzLg5fXMToRV1NFQNiRa8ebWVaf63J70G4dsUEnH4YszgoZe7HjGbEG3qPYx15fSLevyGMILMs-A7_oASYjqNTomCDt8yJcJRyrpHbhgqnRqD6mL95_9GqrB0kFV0stgRbhLlvJ0yEE7rw1E.ar1EBT8BB3WPGJaRvENOWqZ5j5RF26rW91m0tpvMbwQ&dib_tag=se&keywords=laptop&qid=1729747871&sprefix=laptop%2Caps%2C128&sr=8-258,Price not available,4.2,77,Not available
"HP 15.6"" HD Everyday Slim Business Laptop, Intel Core i3-1115G4, 16GB DDR4 RAM, 1TB PCIe SSD, Intel UHD Graphics, Numeric Keypad, HD Camera, Wi-Fi 5, Win 11 Pro, Spruce Blue, 32GB Hotface USB Card",https://www.amazon.ca/HP-Everyday-Business-i3-1115G4-Graphics/dp/B0CP21XP3P/ref=sr_1_257?crid=1E63C3THFEGDP&dib=eyJ2IjoiMSJ9.ywIPwsWgTWUcMh-hS3BWfzf8PdUFLjNe3En-5uV-dkJ0j5L_ce_nlqf79GzEcuPKPtPzOJyn4jpooJeqI1huHuRmm558RhWn-LC6_yN0x7kYi6qtYpltQMugCh-7s7OggK9shwL95KSXT133rm2LUOyC_kiJzLg5fXMToRV1NFQNiRa8ebWVaf63J70G4dsUEnH4YszgoZe7HjGbEG3qPYx15fSLevyGMILMs-A7_oASYjqNTomCDt8yJcJRyrpHbhgqnRqD6mL95_9GqrB0kFV0stgRbhLlvJ0yEE7rw1E.ar1EBT8BB3WPGJaRvENOWqZ5j5RF26rW91m0tpvMbwQ&dib_tag=se&keywords=laptop&qid=1729747871&sprefix=laptop%2Caps%2C128&sr=8-257,679.00,4.5,66,Not available
"HP ENVY 13"" FHD Touchscreen Laptop, Intel® Evo™ platform powered by Intel® Core™ i5-1135G7, Intel® Iris® Xe Graphics, 8 GB RAM, 256GB SSD, HDMI, SD Card Reader (natural Silver, 13-ba1010ca)",https://www.amazon.ca/HP-Laptop-Generation-i5-1135G7-13-ba1010ca/dp/B09MMCWR67/ref=sr_1_256?crid=1E63C3THFEGDP&dib=eyJ2IjoiMSJ9.ywIPwsWgTWUcMh-hS3BWfzf8PdUFLjNe3En-5uV-dkJ0j5L_ce_nlqf79GzEcuPKPtPzOJyn4jpooJeqI1huHuRmm558RhWn-LC6_yN0x7kYi6qtYpltQMugCh-7s7OggK9shwL95KSXT133rm2LUOyC_kiJzLg5fXMToRV1NFQNiRa8ebWVaf63J70G4dsUEnH4YszgoZe7HjGbEG3qPYx15fSLevyGMILMs-A7_oASYjqNTomCDt8yJcJRyrpHbhgqnRqD6mL95_9GqrB0kFV0stgRbhLlvJ0yEE7rw1E.ar1EBT8BB3WPGJaRvENOWqZ5j5RF26rW91m0tpvMbwQ&dib_tag=se&keywords=laptop&qid=1729747871&sprefix=laptop%2Caps%2C128&sr=8-256,"1,054.17",4.3,7,Not available
"Lenovo ThinkPad T490 14-inches FHD Business Laptop Computer with Intel Quad-Core i7-8665U, 16GB DDR4 RAM, 512GB SSD, HDMI, Type-C, Windows 10 Pro (Renewed)",https://www.amazon.ca/Lenovo-ThinkPad-T490-14-inches-Quad-Core/dp/B0858WZQG5/ref=sr_1_255?crid=1E63C3THFEGDP&dib=eyJ2IjoiMSJ9.ywIPwsWgTWUcMh-hS3BWfzf8PdUFLjNe3En-5uV-dkJ0j5L_ce_nlqf79GzEcuPKPtPzOJyn4jpooJeqI1huHuRmm558RhWn-LC6_yN0x7kYi6qtYpltQMugCh-7s7OggK9shwL95KSXT133rm2LUOyC_kiJzLg5fXMToRV1NFQNiRa8ebWVaf63J70G4dsUEnH4YszgoZe7HjGbEG3qPYx15fSLevyGMILMs-A7_oASYjqNTomCDt8yJcJRyrpHbhgqnRqD6mL95_9GqrB0kFV0stgRbhLlvJ0yEE7rw1E.ar1EBT8BB3WPGJaRvENOWqZ5j5RF26rW91m0tpvMbwQ&dib_tag=se&keywords=laptop&qid=1729747871&sprefix=laptop%2Caps%2C128&sr=8-255,397.99,4.2,10,Not available
"ASUS TUF Gaming Laptop, 15.6"" 144Hz FHD Display, Intel 13th i7-13620H, 64GB DDR5, 4TB PCIe SSD, NVIDIA GeForce RTX 4070, Backlit Keyboard, HD Webcam, Win 11 Pro, Gray, 128GB Docking Station Set",https://www.amazon.ca/ASUS-TUF-Display-i7-13620H-Keyboard/dp/B0D62LZP4B/ref=sr_1_254?crid=1E63C3THFEGDP&dib=eyJ2IjoiMSJ9.ywIPwsWgTWUcMh-hS3BWfzf8PdUFLjNe3En-5uV-dkJ0j5L_ce_nlqf79GzEcuPKPtPzOJyn4jpooJeqI1huHuRmm558RhWn-LC6_yN0x7kYi6qtYpltQMugCh-7s7OggK9shwL95KSXT133rm2LUOyC_kiJzLg5fXMToRV1NFQNiRa8ebWVaf63J70G4dsUEnH4YszgoZe7HjGbEG3qPYx15fSLevyGMILMs-A7_oASYjqNTomCDt8yJcJRyrpHbhgqnRqD6mL95_9GqrB0kFV0stgRbhLlvJ0yEE7rw1E.ar1EBT8BB3WPGJaRvENOWqZ5j5RF26rW91m0tpvMbwQ&dib_tag=se&keywords=laptop&qid=1729747871&sprefix=laptop%2Caps%2C128&sr=8-254,"2,499.00",4.6,10,Not available
"Naclud 15.6 Inch Laptop, 12GB DDR4 512GB SSD, Laptops with Celeron N5095 Processor(Up to 2.9GHz), FHD 1920x1080 Notebook with 2xUSB 3.0, Dual Band WiFi, Bluetooth 4.2(Gray)",https://www.amazon.ca/Naclud-Processor-1920x1080-Notebook-Bluetooth/dp/B0DDYBF42T/ref=sr_1_252?crid=1E63C3THFEGDP&dib=eyJ2IjoiMSJ9.ywIPwsWgTWUcMh-hS3BWfzf8PdUFLjNe3En-5uV-dkJ0j5L_ce_nlqf79GzEcuPKPtPzOJyn4jpooJeqI1huHuRmm558RhWn-LC6_yN0x7kYi6qtYpltQMugCh-7s7OggK9shwL95KSXT133rm2LUOyC_kiJzLg5fXMToRV1NFQNiRa8ebWVaf63J70G4dsUEnH4YszgoZe7HjGbEG3qPYx15fSLevyGMILMs-A7_oASYjqNTomCDt8yJcJRyrpHbhgqnRqD6mL95_9GqrB0kFV0stgRbhLlvJ0yEE7rw1E.ar1EBT8BB3WPGJaRvENOWqZ5j5RF26rW91m0tpvMbwQ&dib_tag=se&keywords=laptop&qid=1729747871&sprefix=laptop%2Caps%2C128&sr=8-252,"1,066.63",5.0,2,Not available
"HP 17.3"" HD+ (1600x900) Touchscreen Laptop | Intel Pentium Silver N5030 4-Core | Intel UHD Graphics | Wi-Fi 5 | USB-C | HDMI | 8GB DDR4 256GB SSD | Win10 Home",https://www.amazon.ca/HP-1600x900-Touchscreen-Pentium-Graphics/dp/B0CP5HC18B/ref=sr_1_253?crid=1E63C3THFEGDP&dib=eyJ2IjoiMSJ9.ywIPwsWgTWUcMh-hS3BWfzf8PdUFLjNe3En-5uV-dkJ0j5L_ce_nlqf79GzEcuPKPtPzOJyn4jpooJeqI1huHuRmm558RhWn-LC6_yN0x7kYi6qtYpltQMugCh-7s7OggK9shwL95KSXT133rm2LUOyC_kiJzLg5fXMToRV1NFQNiRa8ebWVaf63J70G4dsUEnH4YszgoZe7HjGbEG3qPYx15fSLevyGMILMs-A7_oASYjqNTomCDt8yJcJRyrpHbhgqnRqD6mL95_9GqrB0kFV0stgRbhLlvJ0yEE7rw1E.ar1EBT8BB3WPGJaRvENOWqZ5j5RF26rW91m0tpvMbwQ&dib_tag=se&keywords=laptop&qid=1729747871&sprefix=laptop%2Caps%2C128&sr=8-253,625.95,5.0,2,Not available
"HP Envy 17 inch Laptop, FHD Display, 13th Generation Intel Core i7-1355U, 16 GB RAM, 1 TB SSD, NVIDIA GeForce RTX 3050 Laptop GPU (4 GB GDDR6 Dedicated), Windows 11 Home, 17-cr1000ca",https://www.amazon.ca/HP-Generation-i7-1355U-Dedicated-17-cr1000ca/dp/B0C31YT82T/ref=sr_1_251?crid=1E63C3THFEGDP&dib=eyJ2IjoiMSJ9.ywIPwsWgTWUcMh-hS3BWfzf8PdUFLjNe3En-5uV-dkJ0j5L_ce_nlqf79GzEcuPKPtPzOJyn4jpooJeqI1huHuRmm558RhWn-LC6_yN0x7kYi6qtYpltQMugCh-7s7OggK9shwL95KSXT133rm2LUOyC_kiJzLg5fXMToRV1NFQNiRa8ebWVaf63J70G4dsUEnH4YszgoZe7HjGbEG3qPYx15fSLevyGMILMs-A7_oASYjqNTomCDt8yJcJRyrpHbhgqnRqD6mL95_9GqrB0kFV0stgRbhLlvJ0yEE7rw1E.ar1EBT8BB3WPGJaRvENOWqZ5j5RF26rW91m0tpvMbwQ&dib_tag=se&keywords=laptop&qid=1729747871&sprefix=laptop%2Caps%2C128&sr=8-251,"1,699.99",4.4,447,Not available
"Dell Inspiron 3520 15.6"" Touchscreen FHD Laptop - Intel Core i5-1155G7, 8GB RAM, 256GB SSD, Windows 11 S Mode - Carbon Black (i3520-5810BLK-PUS)",https://www.amazon.ca/Dell-Inspiron-Touchscreen-Laptop-i3520-5810BLK-PUS/dp/B0CS4PGPN9/ref=sr_1_250?crid=1E63C3THFEGDP&dib=eyJ2IjoiMSJ9.ywIPwsWgTWUcMh-hS3BWfzf8PdUFLjNe3En-5uV-dkJ0j5L_ce_nlqf79GzEcuPKPtPzOJyn4jpooJeqI1huHuRmm558RhWn-LC6_yN0x7kYi6qtYpltQMugCh-7s7OggK9shwL95KSXT133rm2LUOyC_kiJzLg5fXMToRV1NFQNiRa8ebWVaf63J70G4dsUEnH4YszgoZe7HjGbEG3qPYx15fSLevyGMILMs-A7_oASYjqNTomCDt8yJcJRyrpHbhgqnRqD6mL95_9GqrB0kFV0stgRbhLlvJ0yEE7rw1E.ar1EBT8BB3WPGJaRvENOWqZ5j5RF26rW91m0tpvMbwQ&dib_tag=se&keywords=laptop&qid=1729747871&sprefix=laptop%2Caps%2C128&sr=8-250,569.98,2.6,5,Not available
"HP Premium 14"" Stream HD Laptop, Intel Celeron N4120, 8GB RAM, 64GB eMMC, HD Webcam, UHD Graphics, Bluetooth, WiFi5, HDMI, 1 Year Office 365, Win 11s, Silver, 32GB Hotface USB Card",https://www.amazon.ca/HP-14-Stream-Graphics-Bluetooth/dp/B0CQ27HTQ5/ref=sr_1_249?crid=1E63C3THFEGDP&dib=eyJ2IjoiMSJ9.ywIPwsWgTWUcMh-hS3BWfzf8PdUFLjNe3En-5uV-dkJ0j5L_ce_nlqf79GzEcuPKPtPzOJyn4jpooJeqI1huHuRmm558RhWn-LC6_yN0x7kYi6qtYpltQMugCh-7s7OggK9shwL95KSXT133rm2LUOyC_kiJzLg5fXMToRV1NFQNiRa8ebWVaf63J70G4dsUEnH4YszgoZe7HjGbEG3qPYx15fSLevyGMILMs-A7_oASYjqNTomCDt8yJcJRyrpHbhgqnRqD6mL95_9GqrB0kFV0stgRbhLlvJ0yEE7rw1E.ar1EBT8BB3WPGJaRvENOWqZ5j5RF26rW91m0tpvMbwQ&dib_tag=se&keywords=laptop&qid=1729747871&sprefix=laptop%2Caps%2C128&sr=8-249,349.00,4.0,51,Not available
"Dell Latitude 7410 Laptop with Backlit Keyboard, 14in 1920x1080 FHD, Intel Core i7 10th Gen i7-10610U, Dual Core 4.9Ghz, 16GB RAM, 512GB SSD, Fingerprint, Windows 10 Pro, Silver (Renewed)",https://www.amazon.ca/Dell-Latitude-7410-Laptop-Touchscreen/dp/B08LNT7MVB/ref=sr_1_248?crid=1E63C3THFEGDP&dib=eyJ2IjoiMSJ9.ywIPwsWgTWUcMh-hS3BWfzf8PdUFLjNe3En-5uV-dkJ0j5L_ce_nlqf79GzEcuPKPtPzOJyn4jpooJeqI1huHuRmm558RhWn-LC6_yN0x7kYi6qtYpltQMugCh-7s7OggK9shwL95KSXT133rm2LUOyC_kiJzLg5fXMToRV1NFQNiRa8ebWVaf63J70G4dsUEnH4YszgoZe7HjGbEG3qPYx15fSLevyGMILMs-A7_oASYjqNTomCDt8yJcJRyrpHbhgqnRqD6mL95_9GqrB0kFV0stgRbhLlvJ0yEE7rw1E.ar1EBT8BB3WPGJaRvENOWqZ5j5RF26rW91m0tpvMbwQ&dib_tag=se&keywords=laptop&qid=1729747871&sprefix=laptop%2Caps%2C128&sr=8-248,412.23,3.5,28,Not available
"MSI GE76 Raider 17.3"" FHD 144Hz Gaming Laptop, Intel Core i9-12900H, GeForce RTX 3060 Graphics, 64GB RAM, 2TB PCIe SSD, Backlit Keyboard, FHD Webcam, Windows 11, Grey, 32GB Hotface USB Card",https://www.amazon.ca/MSI-GE76-Raider-i9-12900H-Graphics/dp/B0CMPZ3ZQ8/ref=sr_1_247?crid=1E63C3THFEGDP&dib=eyJ2IjoiMSJ9.ywIPwsWgTWUcMh-hS3BWfzf8PdUFLjNe3En-5uV-dkJ0j5L_ce_nlqf79GzEcuPKPtPzOJyn4jpooJeqI1huHuRmm558RhWn-LC6_yN0x7kYi6qtYpltQMugCh-7s7OggK9shwL95KSXT133rm2LUOyC_kiJzLg5fXMToRV1NFQNiRa8ebWVaf63J70G4dsUEnH4YszgoZe7HjGbEG3qPYx15fSLevyGMILMs-A7_oASYjqNTomCDt8yJcJRyrpHbhgqnRqD6mL95_9GqrB0kFV0stgRbhLlvJ0yEE7rw1E.ar1EBT8BB3WPGJaRvENOWqZ5j5RF26rW91m0tpvMbwQ&dib_tag=se&keywords=laptop&qid=1729747871&sprefix=laptop%2Caps%2C128&sr=8-247,"2,799.00",4.3,23,Not available
"AOC Laptop Computer 15.6 Inch FHD Screen Premium Laptop with Ιntel Core N97 Processor(Up to 3.6GHz) 16GB RAM 512GB SSD, Windows 11 Computer, Metal Shell",https://www.amazon.ca/AOC-Computer-Premium-Processor-Windows/dp/B0D3TVG1V6/ref=sr_1_246?crid=1E63C3THFEGDP&dib=eyJ2IjoiMSJ9.ywIPwsWgTWUcMh-hS3BWfzf8PdUFLjNe3En-5uV-dkJ0j5L_ce_nlqf79GzEcuPKPtPzOJyn4jpooJeqI1huHuRmm558RhWn-LC6_yN0x7kYi6qtYpltQMugCh-7s7OggK9shwL95KSXT133rm2LUOyC_kiJzLg5fXMToRV1NFQNiRa8ebWVaf63J70G4dsUEnH4YszgoZe7HjGbEG3qPYx15fSLevyGMILMs-A7_oASYjqNTomCDt8yJcJRyrpHbhgqnRqD6mL95_9GqrB0kFV0stgRbhLlvJ0yEE7rw1E.ar1EBT8BB3WPGJaRvENOWqZ5j5RF26rW91m0tpvMbwQ&dib_tag=se&keywords=laptop&qid=1729747871&sprefix=laptop%2Caps%2C128&sr=8-246,399.99,"FREE delivery Sun, Oct 27 ",Was:,Not available
"HP 15.6"" FHD Business Laptop, Intel Core i3-1215U, 32GB DDR4 RAM, 1TB PCIe SSD, Intel UHD Graphics, Numpad, HD Webcam, Fingerprint Reader, Natural Silver, Win 11 Pro, 32GB Hotface USB Card",https://www.amazon.ca/HP-15-6-Business-i3-1215U-Fingerprint/dp/B0CP3WNV86/ref=sr_1_244?crid=1E63C3THFEGDP&dib=eyJ2IjoiMSJ9.ywIPwsWgTWUcMh-hS3BWfzf8PdUFLjNe3En-5uV-dkJ0j5L_ce_nlqf79GzEcuPKPtPzOJyn4jpooJeqI1huHuRmm558RhWn-LC6_yN0x7kYi6qtYpltQMugCh-7s7OggK9shwL95KSXT133rm2LUOyC_kiJzLg5fXMToRV1NFQNiRa8ebWVaf63J70G4dsUEnH4YszgoZe7HjGbEG3qPYx15fSLevyGMILMs-A7_oASYjqNTomCDt8yJcJRyrpHbhgqnRqD6mL95_9GqrB0kFV0stgRbhLlvJ0yEE7rw1E.ar1EBT8BB3WPGJaRvENOWqZ5j5RF26rW91m0tpvMbwQ&dib_tag=se&keywords=laptop&qid=1729747871&sprefix=laptop%2Caps%2C128&sr=8-244,669.00,4.2,635,Not available
"Dell Latitude 5400 Laptop 14in FHD, Intel Core i5 8th Gen- i5-8365U Quad Core, New 1 TB NVME SSD, 32 GB DDR4 RAM, Windows 10 Pro (Renewed)",https://www.amazon.ca/Latitude-5400-i5-8365U-Windows-Renewed/dp/B09VRM3L4K/ref=sr_1_243?crid=1E63C3THFEGDP&dib=eyJ2IjoiMSJ9.ywIPwsWgTWUcMh-hS3BWfzf8PdUFLjNe3En-5uV-dkJ0j5L_ce_nlqf79GzEcuPKPtPzOJyn4jpooJeqI1huHuRmm558RhWn-LC6_yN0x7kYi6qtYpltQMugCh-7s7OggK9shwL95KSXT133rm2LUOyC_kiJzLg5fXMToRV1NFQNiRa8ebWVaf63J70G4dsUEnH4YszgoZe7HjGbEG3qPYx15fSLevyGMILMs-A7_oASYjqNTomCDt8yJcJRyrpHbhgqnRqD6mL95_9GqrB0kFV0stgRbhLlvJ0yEE7rw1E.ar1EBT8BB3WPGJaRvENOWqZ5j5RF26rW91m0tpvMbwQ&dib_tag=se&keywords=laptop&qid=1729747871&sprefix=laptop%2Caps%2C128&sr=8-243,387.00,FREE delivery Oct 28 - 29 ,No reviews available,Not available
"HP Pavilion 15.6"" FHD Touchscreen Laptop, Intel Core i7-1165G7, 32GB RAM, 1TB SSD, Fingerprint Reader, Wi-Fi 6, HDMI 2.0, Windows 10 Home, Lunar Gold",https://www.amazon.ca/HP-Pavilion-Touchscreen-i7-1165G7-Fingerprint/dp/B0DHXPGW97/ref=sr_1_242?crid=1E63C3THFEGDP&dib=eyJ2IjoiMSJ9.ywIPwsWgTWUcMh-hS3BWfzf8PdUFLjNe3En-5uV-dkJ0j5L_ce_nlqf79GzEcuPKPtPzOJyn4jpooJeqI1huHuRmm558RhWn-LC6_yN0x7kYi6qtYpltQMugCh-7s7OggK9shwL95KSXT133rm2LUOyC_kiJzLg5fXMToRV1NFQNiRa8ebWVaf63J70G4dsUEnH4YszgoZe7HjGbEG3qPYx15fSLevyGMILMs-A7_oASYjqNTomCDt8yJcJRyrpHbhgqnRqD6mL95_9GqrB0kFV0stgRbhLlvJ0yEE7rw1E.ar1EBT8BB3WPGJaRvENOWqZ5j5RF26rW91m0tpvMbwQ&dib_tag=se&keywords=laptop&qid=1729747871&sprefix=laptop%2Caps%2C128&sr=8-242,"1,029.99",FREE delivery Oct 29 - 31 ,No reviews available,Not available
"Microsoft Surface Laptop Go 2 (2022): 12.4"" Touchscreen Laptop (Intel Core i5/8GB RAM/128GB SSD/Windows 11) Platinum - English Keyboard (Renewed)",https://www.amazon.ca/Microsoft-Surface-Laptop-Go-Touchscreen/dp/B0BWSK5159/ref=sr_1_245?crid=1E63C3THFEGDP&dib=eyJ2IjoiMSJ9.ywIPwsWgTWUcMh-hS3BWfzf8PdUFLjNe3En-5uV-dkJ0j5L_ce_nlqf79GzEcuPKPtPzOJyn4jpooJeqI1huHuRmm558RhWn-LC6_yN0x7kYi6qtYpltQMugCh-7s7OggK9shwL95KSXT133rm2LUOyC_kiJzLg5fXMToRV1NFQNiRa8ebWVaf63J70G4dsUEnH4YszgoZe7HjGbEG3qPYx15fSLevyGMILMs-A7_oASYjqNTomCDt8yJcJRyrpHbhgqnRqD6mL95_9GqrB0kFV0stgRbhLlvJ0yEE7rw1E.ar1EBT8BB3WPGJaRvENOWqZ5j5RF26rW91m0tpvMbwQ&dib_tag=se&keywords=laptop&qid=1729747871&sprefix=laptop%2Caps%2C128&sr=8-245,594.99,4.4,31,Not available
HP EliteBook 8460P 14-inch Notebook PC - Intel Core i5-2520M 2.5GHz 8GB 250GB Windows 10 Professional (Certified Refurbished),https://www.amazon.ca/HP-EliteBook-8460P-14-inch-Notebook/dp/B01GVVMIPG/ref=sr_1_306?crid=1E63C3THFEGDP&dib=eyJ2IjoiMSJ9.8xIy9nbUp7FU21ghdPt5GiyOpApnJvXLaRIu-o5TYwSlfWzdn9naUv3wqX4RHNGJqCB0dZbD4y_KH97SwkdnXzHvHanQ28-TIPExOG_tJ7galiT1DPlMJagxLC3uY_3FvGjT7f2C7qFEv31Km_LqLt1BOhwb6qL1bP7pzzmt6KRprCf6SytCIcsUTtNshdF125hSVGI8OSVLbsqkWTmhYeuXK1yUdg8jJSsDiAv54JPhjpaCReWgcTgJUFPYRe06rWHiZgkL8POuy8M-40NO1w.QZSgv64l4l1zjMMUSCSVCIyP8qfi9Ay_3g9YBOXHhIQ&dib_tag=se&keywords=laptop&qid=1729747871&sprefix=laptop%2Caps%2C128&sr=8-306,189.98,3.5,641,Not available
"ASUS Vivobook 15 Laptop, 15.6” FHD (1920 x 1080) Display, Intel Core i7-1355U CPU, Intel Iris Xᵉ Graphics, 16GB RAM, 1TB SSD, Windows 11 Home, Quiet Blue, X1504VA-AS71-CA",https://www.amazon.ca/Vivobook-Display-i7-1355U-Graphics-X1504VA-AS71-CA/dp/B0BW11PP18/ref=sr_1_305?crid=1E63C3THFEGDP&dib=eyJ2IjoiMSJ9.8xIy9nbUp7FU21ghdPt5GiyOpApnJvXLaRIu-o5TYwSlfWzdn9naUv3wqX4RHNGJqCB0dZbD4y_KH97SwkdnXzHvHanQ28-TIPExOG_tJ7galiT1DPlMJagxLC3uY_3FvGjT7f2C7qFEv31Km_LqLt1BOhwb6qL1bP7pzzmt6KRprCf6SytCIcsUTtNshdF125hSVGI8OSVLbsqkWTmhYeuXK1yUdg8jJSsDiAv54JPhjpaCReWgcTgJUFPYRe06rWHiZgkL8POuy8M-40NO1w.QZSgv64l4l1zjMMUSCSVCIyP8qfi9Ay_3g9YBOXHhIQ&dib_tag=se&keywords=laptop&qid=1729747871&sprefix=laptop%2Caps%2C128&sr=8-305,989.10,4.2,87,Not available
"HP 15.6"" HD Business Laptop, AMD Ryzen 3-5300U Processor, 16GB RAM, 1TB SSD, AMD Radeon Graphics, 720p HD Camera, Numeric Keypad, Wi-Fi, Windows 11, Silver, 32GB Hotface USB Card",https://www.amazon.ca/HP-Business-3-5300U-Processor-Graphics/dp/B0CQ4X2C49/ref=sr_1_304?crid=1E63C3THFEGDP&dib=eyJ2IjoiMSJ9.8xIy9nbUp7FU21ghdPt5GiyOpApnJvXLaRIu-o5TYwSlfWzdn9naUv3wqX4RHNGJqCB0dZbD4y_KH97SwkdnXzHvHanQ28-TIPExOG_tJ7galiT1DPlMJagxLC3uY_3FvGjT7f2C7qFEv31Km_LqLt1BOhwb6qL1bP7pzzmt6KRprCf6SytCIcsUTtNshdF125hSVGI8OSVLbsqkWTmhYeuXK1yUdg8jJSsDiAv54JPhjpaCReWgcTgJUFPYRe06rWHiZgkL8POuy8M-40NO1w.QZSgv64l4l1zjMMUSCSVCIyP8qfi9Ay_3g9YBOXHhIQ&dib_tag=se&keywords=laptop&qid=1729747871&sprefix=laptop%2Caps%2C128&sr=8-304,619.00,4.2,213,Not available
"Dell Latitude 5410 Business Laptop, 14'' FHD Notebook, 10th Gen Intel Core i5-10210U, 16GB RAM, 512GB SSD, Backlit Keyboard, HDMI, Wi-Fi, Bluetooth, Camera, Windows 10 Pro 64-bit (Renewed)",https://www.amazon.ca/Dell-Latitude-5410-i5-10210U-Bluetooth/dp/B0CKN4WMZW/ref=sr_1_302?crid=1E63C3THFEGDP&dib=eyJ2IjoiMSJ9.8xIy9nbUp7FU21ghdPt5GiyOpApnJvXLaRIu-o5TYwSlfWzdn9naUv3wqX4RHNGJqCB0dZbD4y_KH97SwkdnXzHvHanQ28-TIPExOG_tJ7galiT1DPlMJagxLC3uY_3FvGjT7f2C7qFEv31Km_LqLt1BOhwb6qL1bP7pzzmt6KRprCf6SytCIcsUTtNshdF125hSVGI8OSVLbsqkWTmhYeuXK1yUdg8jJSsDiAv54JPhjpaCReWgcTgJUFPYRe06rWHiZgkL8POuy8M-40NO1w.QZSgv64l4l1zjMMUSCSVCIyP8qfi9Ay_3g9YBOXHhIQ&dib_tag=se&keywords=laptop&qid=1729747871&sprefix=laptop%2Caps%2C128&sr=8-302,364.99,3.9,24,Not available
"Lenovo IdeaPad 3 Laptop, 15.6"" FHD Touchscreen, Intel Core i3-1115G4, 16GB RAM, 512GB SSD, SD Card Reader, HDMI, Webcam, Wi-Fi 6, Windows 11 Home, Grey",https://www.amazon.ca/Lenovo-IdeaPad-Touchscreen-i3-1115G4-Windows/dp/B0C157S95V/ref=sr_1_300?crid=1E63C3THFEGDP&dib=eyJ2IjoiMSJ9.8xIy9nbUp7FU21ghdPt5GiyOpApnJvXLaRIu-o5TYwSlfWzdn9naUv3wqX4RHNGJqCB0dZbD4y_KH97SwkdnXzHvHanQ28-TIPExOG_tJ7galiT1DPlMJagxLC3uY_3FvGjT7f2C7qFEv31Km_LqLt1BOhwb6qL1bP7pzzmt6KRprCf6SytCIcsUTtNshdF125hSVGI8OSVLbsqkWTmhYeuXK1yUdg8jJSsDiAv54JPhjpaCReWgcTgJUFPYRe06rWHiZgkL8POuy8M-40NO1w.QZSgv64l4l1zjMMUSCSVCIyP8qfi9Ay_3g9YBOXHhIQ&dib_tag=se&keywords=laptop&qid=1729747871&sprefix=laptop%2Caps%2C128&sr=8-300,579.00,4.1,30,Not available
"Dell Latitude 7200 Multi-Touch 2-in-1 Business Laptop, 12.3'' FHD (1920x1080), Intel Core i5-8th Gen 1.6GHz, 8GB RAM 256GB SSD, Wi-Fi, Webcam, Windows 10pro (Renewed)",https://www.amazon.ca/Dell-Latitude-Multi-Touch-Business-1920x1080/dp/B0C8NFGNM3/ref=sr_1_299?crid=1E63C3THFEGDP&dib=eyJ2IjoiMSJ9.8xIy9nbUp7FU21ghdPt5GiyOpApnJvXLaRIu-o5TYwSlfWzdn9naUv3wqX4RHNGJqCB0dZbD4y_KH97SwkdnXzHvHanQ28-TIPExOG_tJ7galiT1DPlMJagxLC3uY_3FvGjT7f2C7qFEv31Km_LqLt1BOhwb6qL1bP7pzzmt6KRprCf6SytCIcsUTtNshdF125hSVGI8OSVLbsqkWTmhYeuXK1yUdg8jJSsDiAv54JPhjpaCReWgcTgJUFPYRe06rWHiZgkL8POuy8M-40NO1w.QZSgv64l4l1zjMMUSCSVCIyP8qfi9Ay_3g9YBOXHhIQ&dib_tag=se&keywords=laptop&qid=1729747871&sprefix=laptop%2Caps%2C128&sr=8-299,569.19,4.3,15,Not available
"ASUS VivoBook 14"" FHD (1920x1080) Laptop - Intel Core i5-1135G7 Processor, 8GB RAM, 256GB SSD, WiFi, Bluetooth, Blacklit Keyboard, Windows 10 Home - Slate Grey (F415EA-UB51)",https://www.amazon.ca/ASUS-VivoBook-FHD-1920x1080-Laptop/dp/B0CS4RRY5P/ref=sr_1_303?crid=1E63C3THFEGDP&dib=eyJ2IjoiMSJ9.8xIy9nbUp7FU21ghdPt5GiyOpApnJvXLaRIu-o5TYwSlfWzdn9naUv3wqX4RHNGJqCB0dZbD4y_KH97SwkdnXzHvHanQ28-TIPExOG_tJ7galiT1DPlMJagxLC3uY_3FvGjT7f2C7qFEv31Km_LqLt1BOhwb6qL1bP7pzzmt6KRprCf6SytCIcsUTtNshdF125hSVGI8OSVLbsqkWTmhYeuXK1yUdg8jJSsDiAv54JPhjpaCReWgcTgJUFPYRe06rWHiZgkL8POuy8M-40NO1w.QZSgv64l4l1zjMMUSCSVCIyP8qfi9Ay_3g9YBOXHhIQ&dib_tag=se&keywords=laptop&qid=1729747871&sprefix=laptop%2Caps%2C128&sr=8-303,549.98,"FREE delivery Sun, Oct 27 ",Only 6 left in stock.,Not available
"Laptop Screen Extender Dual Monitor - 14"" Portable Monitor IPS FHD 1080P Attachment Screen Extended Extra Screen USB-C/HDMI Port Compatible with Wins Mac Dex Chrome Travel Work Fits 13""-17"" Laptops",https://www.amazon.ca/Laptop-Screen-Extender-Dual-Monitor/dp/B0CZSB1DMW/ref=sr_1_298?crid=1E63C3THFEGDP&dib=eyJ2IjoiMSJ9.8xIy9nbUp7FU21ghdPt5GiyOpApnJvXLaRIu-o5TYwSlfWzdn9naUv3wqX4RHNGJqCB0dZbD4y_KH97SwkdnXzHvHanQ28-TIPExOG_tJ7galiT1DPlMJagxLC3uY_3FvGjT7f2C7qFEv31Km_LqLt1BOhwb6qL1bP7pzzmt6KRprCf6SytCIcsUTtNshdF125hSVGI8OSVLbsqkWTmhYeuXK1yUdg8jJSsDiAv54JPhjpaCReWgcTgJUFPYRe06rWHiZgkL8POuy8M-40NO1w.QZSgv64l4l1zjMMUSCSVCIyP8qfi9Ay_3g9YBOXHhIQ&dib_tag=se&keywords=laptop&qid=1729747871&sprefix=laptop%2Caps%2C128&sr=8-298,169.73,4.4,185,Not available
"MSI Stealth 14 AI Studio A1VFG-041CA 14"" OLED 120Hz Ultra Thin and Light Gaming Laptop, Intel Core Ultra7-155H, RTX 4060, 32GB DDR5, 1TB NVMe SSD, Windows 11 Home",https://www.amazon.ca/MSI-Stealth-Studio-A1VFG-041CA-Ultra7-155H/dp/B0CRKRCF63/ref=sr_1_297?crid=1E63C3THFEGDP&dib=eyJ2IjoiMSJ9.8xIy9nbUp7FU21ghdPt5GiyOpApnJvXLaRIu-o5TYwSlfWzdn9naUv3wqX4RHNGJqCB0dZbD4y_KH97SwkdnXzHvHanQ28-TIPExOG_tJ7galiT1DPlMJagxLC3uY_3FvGjT7f2C7qFEv31Km_LqLt1BOhwb6qL1bP7pzzmt6KRprCf6SytCIcsUTtNshdF125hSVGI8OSVLbsqkWTmhYeuXK1yUdg8jJSsDiAv54JPhjpaCReWgcTgJUFPYRe06rWHiZgkL8POuy8M-40NO1w.QZSgv64l4l1zjMMUSCSVCIyP8qfi9Ay_3g9YBOXHhIQ&dib_tag=se&keywords=laptop&qid=1729747871&sprefix=laptop%2Caps%2C128&sr=8-297,"2,399.00",3.4,3,Not available
"Lenovo Thinkpad E16 Gen2 16"" WUXGA Laptop - Intel Core Ultra 7 155U, 16GB RAM, 512GB SSD, Windows 11 Pro (with Microfiber Cloth) - Graphite Black (21MA0035US)",https://www.amazon.ca/Lenovo-Thinkpad-Gen2-WUXGA-Laptop/dp/B0DH92GT44/ref=sr_1_296?crid=1E63C3THFEGDP&dib=eyJ2IjoiMSJ9.8xIy9nbUp7FU21ghdPt5GiyOpApnJvXLaRIu-o5TYwSlfWzdn9naUv3wqX4RHNGJqCB0dZbD4y_KH97SwkdnXzHvHanQ28-TIPExOG_tJ7galiT1DPlMJagxLC3uY_3FvGjT7f2C7qFEv31Km_LqLt1BOhwb6qL1bP7pzzmt6KRprCf6SytCIcsUTtNshdF125hSVGI8OSVLbsqkWTmhYeuXK1yUdg8jJSsDiAv54JPhjpaCReWgcTgJUFPYRe06rWHiZgkL8POuy8M-40NO1w.QZSgv64l4l1zjMMUSCSVCIyP8qfi9Ay_3g9YBOXHhIQ&dib_tag=se&keywords=laptop&qid=1729747871&sprefix=laptop%2Caps%2C128&sr=8-296,"1,289.99","FREE delivery Mon, Oct 28 ",Only 5 left in stock.,Not available
"Dell Latitude 5400 Laptop | 14"" 1920x1080 FHD | Core i7-8665U - 512GB SSD Hard Drive - 16GB RAM | 4 cores @ 4.8 GHz Win 11 Home Black (Renewed)",https://www.amazon.ca/Dell-Latitude-5400-Laptop-1920x1080/dp/B0D28HRSLG/ref=sr_1_295?crid=1E63C3THFEGDP&dib=eyJ2IjoiMSJ9.8xIy9nbUp7FU21ghdPt5GiyOpApnJvXLaRIu-o5TYwSlfWzdn9naUv3wqX4RHNGJqCB0dZbD4y_KH97SwkdnXzHvHanQ28-TIPExOG_tJ7galiT1DPlMJagxLC3uY_3FvGjT7f2C7qFEv31Km_LqLt1BOhwb6qL1bP7pzzmt6KRprCf6SytCIcsUTtNshdF125hSVGI8OSVLbsqkWTmhYeuXK1yUdg8jJSsDiAv54JPhjpaCReWgcTgJUFPYRe06rWHiZgkL8POuy8M-40NO1w.QZSgv64l4l1zjMMUSCSVCIyP8qfi9Ay_3g9YBOXHhIQ&dib_tag=se&keywords=laptop&qid=1729747871&sprefix=laptop%2Caps%2C128&sr=8-295,475.00,FREE delivery Oct 28 - 30 ,Only 1 left in stock.,Not available
"Lenovo 2019 Thinkpad T470 14-inch IPS Full HD FHD (1920x1080) Business Laptop (Intel Core i5-6300U, 16GB DDR4 RAM, 256GB PCIe NVMe M.2 SSD) Thunderbolt, Type-C, HDMI, RJ-45, Windows 10 Pro (Renewed)",https://www.amazon.ca/Lenovo-Thinkpad-1920x1080-Business-Thunderbolt/dp/B08T6J8MZK/ref=sr_1_294?crid=1E63C3THFEGDP&dib=eyJ2IjoiMSJ9.8xIy9nbUp7FU21ghdPt5GiyOpApnJvXLaRIu-o5TYwSlfWzdn9naUv3wqX4RHNGJqCB0dZbD4y_KH97SwkdnXzHvHanQ28-TIPExOG_tJ7galiT1DPlMJagxLC3uY_3FvGjT7f2C7qFEv31Km_LqLt1BOhwb6qL1bP7pzzmt6KRprCf6SytCIcsUTtNshdF125hSVGI8OSVLbsqkWTmhYeuXK1yUdg8jJSsDiAv54JPhjpaCReWgcTgJUFPYRe06rWHiZgkL8POuy8M-40NO1w.QZSgv64l4l1zjMMUSCSVCIyP8qfi9Ay_3g9YBOXHhIQ&dib_tag=se&keywords=laptop&qid=1729747871&sprefix=laptop%2Caps%2C128&sr=8-294,Price not available,4.2,604,Not available
"HP EliteBook 840 G6 14"" Laptop, Intel Core i5, 16GB, 256GB SSD, Win11 Pro. (Renewed)",https://www.amazon.ca/HP-EliteBook-840-G6-Renewed/dp/B0CKLX46PQ/ref=sr_1_293?crid=1E63C3THFEGDP&dib=eyJ2IjoiMSJ9.8xIy9nbUp7FU21ghdPt5GiyOpApnJvXLaRIu-o5TYwSlfWzdn9naUv3wqX4RHNGJqCB0dZbD4y_KH97SwkdnXzHvHanQ28-TIPExOG_tJ7galiT1DPlMJagxLC3uY_3FvGjT7f2C7qFEv31Km_LqLt1BOhwb6qL1bP7pzzmt6KRprCf6SytCIcsUTtNshdF125hSVGI8OSVLbsqkWTmhYeuXK1yUdg8jJSsDiAv54JPhjpaCReWgcTgJUFPYRe06rWHiZgkL8POuy8M-40NO1w.QZSgv64l4l1zjMMUSCSVCIyP8qfi9Ay_3g9YBOXHhIQ&dib_tag=se&keywords=laptop&qid=1729747871&sprefix=laptop%2Caps%2C128&sr=8-293,289.00,4.7,5,Not available
"ASUS Vivobook Go 15 Personal Laptop, 15.6"" FHD IPS, AMD Ryzen 5 7520U, 8GB LPDDR5, 512GB SSD, Windows 11 Home, Wi-Fi 5, Bluetooth 5.1, Cool Silver",https://www.amazon.ca/Vivobook-Personal-Laptop-Windows-Bluetooth/dp/B0DDYDDS7S/ref=sr_1_291?crid=1E63C3THFEGDP&dib=eyJ2IjoiMSJ9.8xIy9nbUp7FU21ghdPt5GiyOpApnJvXLaRIu-o5TYwSlfWzdn9naUv3wqX4RHNGJqCB0dZbD4y_KH97SwkdnXzHvHanQ28-TIPExOG_tJ7galiT1DPlMJagxLC3uY_3FvGjT7f2C7qFEv31Km_LqLt1BOhwb6qL1bP7pzzmt6KRprCf6SytCIcsUTtNshdF125hSVGI8OSVLbsqkWTmhYeuXK1yUdg8jJSsDiAv54JPhjpaCReWgcTgJUFPYRe06rWHiZgkL8POuy8M-40NO1w.QZSgv64l4l1zjMMUSCSVCIyP8qfi9Ay_3g9YBOXHhIQ&dib_tag=se&keywords=laptop&qid=1729747871&sprefix=laptop%2Caps%2C128&sr=8-291,539.99,FREE delivery Oct 29 - 31 ,No reviews available,Not available
"HP EliteBook 840 G3 Laptop 14in HD Display, Intel Core i5-6200U 2.4Ghz, 256GB SSD, 16GB DDR4 RAM, Webcam, WiFi, Windows 10 Pro (Renewed)",https://www.amazon.ca/HP-EliteBook-Display-i5-6300U-Windows/dp/B07WJVPGYP/ref=sr_1_290?crid=1E63C3THFEGDP&dib=eyJ2IjoiMSJ9.8xIy9nbUp7FU21ghdPt5GiyOpApnJvXLaRIu-o5TYwSlfWzdn9naUv3wqX4RHNGJqCB0dZbD4y_KH97SwkdnXzHvHanQ28-TIPExOG_tJ7galiT1DPlMJagxLC3uY_3FvGjT7f2C7qFEv31Km_LqLt1BOhwb6qL1bP7pzzmt6KRprCf6SytCIcsUTtNshdF125hSVGI8OSVLbsqkWTmhYeuXK1yUdg8jJSsDiAv54JPhjpaCReWgcTgJUFPYRe06rWHiZgkL8POuy8M-40NO1w.QZSgv64l4l1zjMMUSCSVCIyP8qfi9Ay_3g9YBOXHhIQ&dib_tag=se&keywords=laptop&qid=1729747871&sprefix=laptop%2Caps%2C128&sr=8-290,257.45,3.7,"1,495",Not available
"Dell 7480 14 HD Laptop, Core i5-6300U 2.4GHz, 16GB RAM, 256GB Solid State Drive, Windows 10 Pro 64Bit (Renewed)",https://www.amazon.ca/Dell-i5-6300U-Windows-Certified-Refurbished/dp/B07S1BVHGC/ref=sr_1_292?crid=1E63C3THFEGDP&dib=eyJ2IjoiMSJ9.8xIy9nbUp7FU21ghdPt5GiyOpApnJvXLaRIu-o5TYwSlfWzdn9naUv3wqX4RHNGJqCB0dZbD4y_KH97SwkdnXzHvHanQ28-TIPExOG_tJ7galiT1DPlMJagxLC3uY_3FvGjT7f2C7qFEv31Km_LqLt1BOhwb6qL1bP7pzzmt6KRprCf6SytCIcsUTtNshdF125hSVGI8OSVLbsqkWTmhYeuXK1yUdg8jJSsDiAv54JPhjpaCReWgcTgJUFPYRe06rWHiZgkL8POuy8M-40NO1w.QZSgv64l4l1zjMMUSCSVCIyP8qfi9Ay_3g9YBOXHhIQ&dib_tag=se&keywords=laptop&qid=1729747871&sprefix=laptop%2Caps%2C128&sr=8-292,245.82,4.0,101,Not available
"Premium Dell Latitude E7440 Ultrabook 14 Inch HD Business Laptop (Intel Core i5-4310U up to 3.0GHz, 8GB DDR3 RAM, 256GB SSD USB, HDMI, Windows 10 Pro) (Renewed)",https://www.amazon.ca/Dell-Latitude-Ultrabook-Business-i5-4310U/dp/B07SQK4P2N/ref=sr_1_192?crid=1E63C3THFEGDP&dib=eyJ2IjoiMSJ9.umbOw4PQ4gXIQsvF80Qta50ApM03pd59lAVWjVK6Q5Ky3Ihf9yT4m5oAKKSDpjJmffrdinVcU03oPOAMM2BMH0_IJS_jLIb7iZb6n38Bt7JdflH3nU1mGx0NjzuhlFY22TQbEGMKXGk-ASVqfbDE_iVH-kTC1dInPojvMuGh3Kk5TkJ_FGWzh10NOkDvAKM37LmAEAUVvkkHvLn_FRf2p-DVEqSXb61b0omWVtR9r-a7uemMfdSVpmq60jNcjjrx58U08M1TkvVdhg3MeaBaT2DGmdeu6G_HNRcj7zL-WeI.GcooNQrkV7TdLKX5h0GKb-lQV4bYxL6MYnIWd4uQ1hQ&dib_tag=se&keywords=laptop&qid=1729747871&sprefix=laptop%2Caps%2C128&sr=8-192,219.59,4.0,91,Not available
"Apple 2024 MacBook Air 15-inch Laptop with M3 chip: Built for Apple Intelligence, 15.3-inch Liquid Retina Display, 8GB Unified Memory, 256GB SSD Storage; Midnight, French Backlit Keyboard",https://www.amazon.ca/Apple-2024-MacBook-15-inch-Laptop/dp/B0CX24FZPT/ref=sr_1_191?crid=1E63C3THFEGDP&dib=eyJ2IjoiMSJ9.umbOw4PQ4gXIQsvF80Qta50ApM03pd59lAVWjVK6Q5Ky3Ihf9yT4m5oAKKSDpjJmffrdinVcU03oPOAMM2BMH0_IJS_jLIb7iZb6n38Bt7JdflH3nU1mGx0NjzuhlFY22TQbEGMKXGk-ASVqfbDE_iVH-kTC1dInPojvMuGh3Kk5TkJ_FGWzh10NOkDvAKM37LmAEAUVvkkHvLn_FRf2p-DVEqSXb61b0omWVtR9r-a7uemMfdSVpmq60jNcjjrx58U08M1TkvVdhg3MeaBaT2DGmdeu6G_HNRcj7zL-WeI.GcooNQrkV7TdLKX5h0GKb-lQV4bYxL6MYnIWd4uQ1hQ&dib_tag=se&keywords=laptop&qid=1729747871&sprefix=laptop%2Caps%2C128&sr=8-191,"1,999.00",4.7,714,Not available
"Svikou [Win 11/Office 2019] 15.6"" Large Screen Laptop Computer, 12th Gen Alder Lake N95(Up to 3.4Ghz) Quad-Core CPU, DDR4 16G RAM, 1TB NVMe SSD,Portable Notebook PC with Backlit KB(Silver 1TB)",https://www.amazon.ca/Svikou-Computer-Quad-Core-Portable-Notebook/dp/B0CZL2T667/ref=sr_1_190?crid=1E63C3THFEGDP&dib=eyJ2IjoiMSJ9.umbOw4PQ4gXIQsvF80Qta50ApM03pd59lAVWjVK6Q5Ky3Ihf9yT4m5oAKKSDpjJmffrdinVcU03oPOAMM2BMH0_IJS_jLIb7iZb6n38Bt7JdflH3nU1mGx0NjzuhlFY22TQbEGMKXGk-ASVqfbDE_iVH-kTC1dInPojvMuGh3Kk5TkJ_FGWzh10NOkDvAKM37LmAEAUVvkkHvLn_FRf2p-DVEqSXb61b0omWVtR9r-a7uemMfdSVpmq60jNcjjrx58U08M1TkvVdhg3MeaBaT2DGmdeu6G_HNRcj7zL-WeI.GcooNQrkV7TdLKX5h0GKb-lQV4bYxL6MYnIWd4uQ1hQ&dib_tag=se&keywords=laptop&qid=1729747871&sprefix=laptop%2Caps%2C128&sr=8-190,479.90,4.0,21,Not available
"HP ProBook 445 G9 14"" FHD (1920x1080) Business Laptop, AMD Ryzen5 5625 2.3GHz, 16GB RAM, 256GB SSD, Backlit Keyboard, Windows 10 Pro (Renewed)",https://www.amazon.ca/HP-445-G9-1920x1080-Business/dp/B0CCYD123P/ref=sr_1_189?crid=1E63C3THFEGDP&dib=eyJ2IjoiMSJ9.umbOw4PQ4gXIQsvF80Qta50ApM03pd59lAVWjVK6Q5Ky3Ihf9yT4m5oAKKSDpjJmffrdinVcU03oPOAMM2BMH0_IJS_jLIb7iZb6n38Bt7JdflH3nU1mGx0NjzuhlFY22TQbEGMKXGk-ASVqfbDE_iVH-kTC1dInPojvMuGh3Kk5TkJ_FGWzh10NOkDvAKM37LmAEAUVvkkHvLn_FRf2p-DVEqSXb61b0omWVtR9r-a7uemMfdSVpmq60jNcjjrx58U08M1TkvVdhg3MeaBaT2DGmdeu6G_HNRcj7zL-WeI.GcooNQrkV7TdLKX5h0GKb-lQV4bYxL6MYnIWd4uQ1hQ&dib_tag=se&keywords=laptop&qid=1729747871&sprefix=laptop%2Caps%2C128&sr=8-189,449.99,4.2,31,Not available
"HP Stream 14"" Brightview Laptop, Intel Quad-Core Processor, 8GB RAM, 128GB Storage, Windows 11 Home in S Mode, 1-Year Office 365, Webcam, Long Battery Life, Silver",https://www.amazon.ca/HP-Brightview-Quad-Core-Processor-Storage/dp/B0D8T95MH2/ref=sr_1_188?crid=1E63C3THFEGDP&dib=eyJ2IjoiMSJ9.umbOw4PQ4gXIQsvF80Qta50ApM03pd59lAVWjVK6Q5Ky3Ihf9yT4m5oAKKSDpjJmffrdinVcU03oPOAMM2BMH0_IJS_jLIb7iZb6n38Bt7JdflH3nU1mGx0NjzuhlFY22TQbEGMKXGk-ASVqfbDE_iVH-kTC1dInPojvMuGh3Kk5TkJ_FGWzh10NOkDvAKM37LmAEAUVvkkHvLn_FRf2p-DVEqSXb61b0omWVtR9r-a7uemMfdSVpmq60jNcjjrx58U08M1TkvVdhg3MeaBaT2DGmdeu6G_HNRcj7zL-WeI.GcooNQrkV7TdLKX5h0GKb-lQV4bYxL6MYnIWd4uQ1hQ&dib_tag=se&keywords=laptop&qid=1729747871&sprefix=laptop%2Caps%2C128&sr=8-188,355.00,4.0,2,Not available
"ASUS TUF F17 Gaming Laptop, 17.3” FHD 144Hz Laptop, Intel Core i5-12500H, GeForce RTX 3050, 32GB RAM, 1TB PCIe SSD, Wi-Fi 6, Windows 11 Home, Mecha Gray",https://www.amazon.ca/Gaming-Laptop-i5-12500H-GeForce-Windows/dp/B0DDYCSW99/ref=sr_1_187?crid=1E63C3THFEGDP&dib=eyJ2IjoiMSJ9.umbOw4PQ4gXIQsvF80Qta50ApM03pd59lAVWjVK6Q5Ky3Ihf9yT4m5oAKKSDpjJmffrdinVcU03oPOAMM2BMH0_IJS_jLIb7iZb6n38Bt7JdflH3nU1mGx0NjzuhlFY22TQbEGMKXGk-ASVqfbDE_iVH-kTC1dInPojvMuGh3Kk5TkJ_FGWzh10NOkDvAKM37LmAEAUVvkkHvLn_FRf2p-DVEqSXb61b0omWVtR9r-a7uemMfdSVpmq60jNcjjrx58U08M1TkvVdhg3MeaBaT2DGmdeu6G_HNRcj7zL-WeI.GcooNQrkV7TdLKX5h0GKb-lQV4bYxL6MYnIWd4uQ1hQ&dib_tag=se&keywords=laptop&qid=1729747871&sprefix=laptop%2Caps%2C128&sr=8-187,"1,279.99",5.0,1,Not available
"ASUS ROG Strix G16 (2024) Gaming Laptop, 16” 16:10 FHD+ 165Hz, GeForce RTX 4060, Intel Core i7-13650HX, 16GB DDR5, 1TB PCIe SSD, Wi-Fi 6E, Windows 11, G614JV-AS71-CA",https://www.amazon.ca/ASUS-Strix-Gaming-Laptop-G614JV-AS71-CA/dp/B0CS4B9QZ1/ref=sr_1_186?crid=1E63C3THFEGDP&dib=eyJ2IjoiMSJ9.umbOw4PQ4gXIQsvF80Qta50ApM03pd59lAVWjVK6Q5Ky3Ihf9yT4m5oAKKSDpjJmffrdinVcU03oPOAMM2BMH0_IJS_jLIb7iZb6n38Bt7JdflH3nU1mGx0NjzuhlFY22TQbEGMKXGk-ASVqfbDE_iVH-kTC1dInPojvMuGh3Kk5TkJ_FGWzh10NOkDvAKM37LmAEAUVvkkHvLn_FRf2p-DVEqSXb61b0omWVtR9r-a7uemMfdSVpmq60jNcjjrx58U08M1TkvVdhg3MeaBaT2DGmdeu6G_HNRcj7zL-WeI.GcooNQrkV7TdLKX5h0GKb-lQV4bYxL6MYnIWd4uQ1hQ&dib_tag=se&keywords=laptop&qid=1729747871&sprefix=laptop%2Caps%2C128&sr=8-186,"1,799.00",5.0,6,Not available
"HBESTORE 10.1Inch Portable Laptop Mini Computer Ultra Thin Notebook with Apollo Lake N3350,6GB RAM and 64GB Storage with Windows10 OS (Blue).",https://www.amazon.ca/HBESTORE-10-1Inch-Portable-Computer-Windows10/dp/B089P1DN49/ref=sr_1_185?crid=1E63C3THFEGDP&dib=eyJ2IjoiMSJ9.umbOw4PQ4gXIQsvF80Qta50ApM03pd59lAVWjVK6Q5Ky3Ihf9yT4m5oAKKSDpjJmffrdinVcU03oPOAMM2BMH0_IJS_jLIb7iZb6n38Bt7JdflH3nU1mGx0NjzuhlFY22TQbEGMKXGk-ASVqfbDE_iVH-kTC1dInPojvMuGh3Kk5TkJ_FGWzh10NOkDvAKM37LmAEAUVvkkHvLn_FRf2p-DVEqSXb61b0omWVtR9r-a7uemMfdSVpmq60jNcjjrx58U08M1TkvVdhg3MeaBaT2DGmdeu6G_HNRcj7zL-WeI.GcooNQrkV7TdLKX5h0GKb-lQV4bYxL6MYnIWd4uQ1hQ&dib_tag=se&keywords=laptop&qid=1729747871&sprefix=laptop%2Caps%2C128&sr=8-185,199.99,3.4,85,Not available
"ASUS Vivobook Pro 15 OLED (2024), AI Ready, 15.6” 3K 120Hz OLED Laptop, Intel Core Ultra 7 155H, NVIDIA GeForce RTX™ 4060, 16GB Memory, 1TB SSD, Windows 11 Home, N6506MV-DS71-CA",https://www.amazon.ca/ASUS-Vivobook-GeForce-Windows-N6506MV-DS71-CA/dp/B0CTRX2XKR/ref=sr_1_184?crid=1E63C3THFEGDP&dib=eyJ2IjoiMSJ9.umbOw4PQ4gXIQsvF80Qta50ApM03pd59lAVWjVK6Q5Ky3Ihf9yT4m5oAKKSDpjJmffrdinVcU03oPOAMM2BMH0_IJS_jLIb7iZb6n38Bt7JdflH3nU1mGx0NjzuhlFY22TQbEGMKXGk-ASVqfbDE_iVH-kTC1dInPojvMuGh3Kk5TkJ_FGWzh10NOkDvAKM37LmAEAUVvkkHvLn_FRf2p-DVEqSXb61b0omWVtR9r-a7uemMfdSVpmq60jNcjjrx58U08M1TkvVdhg3MeaBaT2DGmdeu6G_HNRcj7zL-WeI.GcooNQrkV7TdLKX5h0GKb-lQV4bYxL6MYnIWd4uQ1hQ&dib_tag=se&keywords=laptop&qid=1729747871&sprefix=laptop%2Caps%2C128&sr=8-184,Price not available,4.8,10,Not available
"Lenovo 100e Chromebook 2nd Gen 81MA0000US 11.6"" Chromebook - 1366 x 768 - Celeron N4000-4 GB RAM - 32 GB Flash Memory - Gray - Chrome OS - Intel UHD Graphics 600 - Twisted nematic (TN) - Englis (Renewed)",https://www.amazon.ca/Lenovo-100e-Chromebook-81MA0000US-11-6/dp/B07WTQ68MG/ref=sr_1_183?crid=1E63C3THFEGDP&dib=eyJ2IjoiMSJ9.umbOw4PQ4gXIQsvF80Qta50ApM03pd59lAVWjVK6Q5Ky3Ihf9yT4m5oAKKSDpjJmffrdinVcU03oPOAMM2BMH0_IJS_jLIb7iZb6n38Bt7JdflH3nU1mGx0NjzuhlFY22TQbEGMKXGk-ASVqfbDE_iVH-kTC1dInPojvMuGh3Kk5TkJ_FGWzh10NOkDvAKM37LmAEAUVvkkHvLn_FRf2p-DVEqSXb61b0omWVtR9r-a7uemMfdSVpmq60jNcjjrx58U08M1TkvVdhg3MeaBaT2DGmdeu6G_HNRcj7zL-WeI.GcooNQrkV7TdLKX5h0GKb-lQV4bYxL6MYnIWd4uQ1hQ&dib_tag=se&keywords=laptop&qid=1729747871&sprefix=laptop%2Caps%2C128&sr=8-183,144.19,4.2,31,Not available
"[Win 11&Office 2019] 14"" Rose Gold FHD IPS Display Ultra-Thin Laptop, Celeron N4120 (1.1-2.6GHz), 8GB DDR4 RAM, 256GB SSD, 180° Opening, 2 USB3.0, WiFi/BT, Perfect for Travel, Study and Work (P256GB)",https://www.amazon.ca/Display-Ultra-Thin-Celeron-1-1-2-6GHz-Opening/dp/B0CSWJLHF3/ref=sr_1_182?crid=1E63C3THFEGDP&dib=eyJ2IjoiMSJ9.umbOw4PQ4gXIQsvF80Qta50ApM03pd59lAVWjVK6Q5Ky3Ihf9yT4m5oAKKSDpjJmffrdinVcU03oPOAMM2BMH0_IJS_jLIb7iZb6n38Bt7JdflH3nU1mGx0NjzuhlFY22TQbEGMKXGk-ASVqfbDE_iVH-kTC1dInPojvMuGh3Kk5TkJ_FGWzh10NOkDvAKM37LmAEAUVvkkHvLn_FRf2p-DVEqSXb61b0omWVtR9r-a7uemMfdSVpmq60jNcjjrx58U08M1TkvVdhg3MeaBaT2DGmdeu6G_HNRcj7zL-WeI.GcooNQrkV7TdLKX5h0GKb-lQV4bYxL6MYnIWd4uQ1hQ&dib_tag=se&keywords=laptop&qid=1729747871&sprefix=laptop%2Caps%2C128&sr=8-182,349.00,3.3,13,Not available
"HP Chromebook, AMD 3015Ce Processor, AMD Radeon Graphics, 4 GB RAM, 64 GB eMMC Storage, Chrome, (14a-nd0010ca, 2021 Model)",https://www.amazon.ca/HP-Chromebook-Processor-Graphics-14a-nd0010ca/dp/B094S8VQBM/ref=sr_1_180?crid=1E63C3THFEGDP&dib=eyJ2IjoiMSJ9.umbOw4PQ4gXIQsvF80Qta50ApM03pd59lAVWjVK6Q5Ky3Ihf9yT4m5oAKKSDpjJmffrdinVcU03oPOAMM2BMH0_IJS_jLIb7iZb6n38Bt7JdflH3nU1mGx0NjzuhlFY22TQbEGMKXGk-ASVqfbDE_iVH-kTC1dInPojvMuGh3Kk5TkJ_FGWzh10NOkDvAKM37LmAEAUVvkkHvLn_FRf2p-DVEqSXb61b0omWVtR9r-a7uemMfdSVpmq60jNcjjrx58U08M1TkvVdhg3MeaBaT2DGmdeu6G_HNRcj7zL-WeI.GcooNQrkV7TdLKX5h0GKb-lQV4bYxL6MYnIWd4uQ1hQ&dib_tag=se&keywords=laptop&qid=1729747871&sprefix=laptop%2Caps%2C128&sr=8-180,339.95,4.2,282,Not available
"Lenovo ThinkPad T460 Business Laptop,Intel Core i5-6300U,up to 3.0GHz,16GB RAM,1TB SSD,WiFi,Bluetooth,HDMI,Mini DisplayPort,RJ-45,14"" HD,Windows 10 64 Bit (Renewed)…",https://www.amazon.ca/Lenovo-ThinkPad-T460-Bluetooth-DisplayPort/dp/B0CJ925P6R/ref=sr_1_181?crid=1E63C3THFEGDP&dib=eyJ2IjoiMSJ9.umbOw4PQ4gXIQsvF80Qta50ApM03pd59lAVWjVK6Q5Ky3Ihf9yT4m5oAKKSDpjJmffrdinVcU03oPOAMM2BMH0_IJS_jLIb7iZb6n38Bt7JdflH3nU1mGx0NjzuhlFY22TQbEGMKXGk-ASVqfbDE_iVH-kTC1dInPojvMuGh3Kk5TkJ_FGWzh10NOkDvAKM37LmAEAUVvkkHvLn_FRf2p-DVEqSXb61b0omWVtR9r-a7uemMfdSVpmq60jNcjjrx58U08M1TkvVdhg3MeaBaT2DGmdeu6G_HNRcj7zL-WeI.GcooNQrkV7TdLKX5h0GKb-lQV4bYxL6MYnIWd4uQ1hQ&dib_tag=se&keywords=laptop&qid=1729747871&sprefix=laptop%2Caps%2C128&sr=8-181,284.00,3.5,2,Not available
"ASUS ExpertBook B1 Business Laptop, B1502CVA-P71-CB 15.6” FHD display, Intel® Core™ i7-1355U, 16GB RAM, 512GB SSD, WiFi 6E, Fingerprint sensor, IR Camera, Windows 11 Pro, Star Black, Bilingual KB",https://www.amazon.ca/ASUS-ExpertBook-B1502CVA-P71-CB-Fingerprint-Bilingual/dp/B0CGKMQPV6/ref=sr_1_179?crid=1E63C3THFEGDP&dib=eyJ2IjoiMSJ9.umbOw4PQ4gXIQsvF80Qta50ApM03pd59lAVWjVK6Q5Ky3Ihf9yT4m5oAKKSDpjJmffrdinVcU03oPOAMM2BMH0_IJS_jLIb7iZb6n38Bt7JdflH3nU1mGx0NjzuhlFY22TQbEGMKXGk-ASVqfbDE_iVH-kTC1dInPojvMuGh3Kk5TkJ_FGWzh10NOkDvAKM37LmAEAUVvkkHvLn_FRf2p-DVEqSXb61b0omWVtR9r-a7uemMfdSVpmq60jNcjjrx58U08M1TkvVdhg3MeaBaT2DGmdeu6G_HNRcj7zL-WeI.GcooNQrkV7TdLKX5h0GKb-lQV4bYxL6MYnIWd4uQ1hQ&dib_tag=se&keywords=laptop&qid=1729747871&sprefix=laptop%2Caps%2C128&sr=8-179,"1,006.99",4.5,4,Not available
"llano RGB Laptop Cooling Pad with Powerful Turbofan, Gaming Laptop Cooler Radiator with Infinitely Variable Speed, Touch Control, LCD Screen, 3-Port USB Hub, Seal Foam for Rapid Cooling Laptop 15-19in",https://www.amazon.ca/Powerful-Continuously-Variable-Radiator-Controls/dp/B0C69BVWGB/ref=sr_1_178?crid=1E63C3THFEGDP&dib=eyJ2IjoiMSJ9.umbOw4PQ4gXIQsvF80Qta50ApM03pd59lAVWjVK6Q5Ky3Ihf9yT4m5oAKKSDpjJmffrdinVcU03oPOAMM2BMH0_IJS_jLIb7iZb6n38Bt7JdflH3nU1mGx0NjzuhlFY22TQbEGMKXGk-ASVqfbDE_iVH-kTC1dInPojvMuGh3Kk5TkJ_FGWzh10NOkDvAKM37LmAEAUVvkkHvLn_FRf2p-DVEqSXb61b0omWVtR9r-a7uemMfdSVpmq60jNcjjrx58U08M1TkvVdhg3MeaBaT2DGmdeu6G_HNRcj7zL-WeI.GcooNQrkV7TdLKX5h0GKb-lQV4bYxL6MYnIWd4uQ1hQ&dib_tag=se&keywords=laptop&qid=1729747871&sprefix=laptop%2Caps%2C128&sr=8-178,149.99,4.5,740,Not available
"HP 15.6"" HD Business Laptop, Intel Pentium N200 Processor, 16GB RAM, 128GB SSD, Intel UHD Graphics, Numeric Keyboard, HD Webcam, WiFi, 1 Year Office 365, Windows 11, Scarlet Red, 32GB Hotface USB Card",https://www.amazon.ca/HP-Business-Processor-Graphics-Keyboard/dp/B0CP212L7V/ref=sr_1_97?crid=1E63C3THFEGDP&dib=eyJ2IjoiMSJ9.3ZboQUZ9TuG7BPZ79Skc620Eedpe517gmsQjxguqREWVWOTNr0Whwq0LBYVCPn5GxlPL0-K4eDnpE36YZDZkHwoP615HX6RIHZ9Q7a7kz-PYUEZ7Xxm4cofzys07XPiuzbqgU6r3vplm-hljaH2vyR9VtEtlDo_dg0zO7sX1toTma-2bzMzpp400OfP0CmpL5cKM3Xf8Mfakzn3FTU0IXBgbH7rHSCMz3Iv9h6ejRUAr6Wm-tFTi9HNCKD7RlRYLJanu3RIdcZNDIdmKDIaLSXGxQz-sk-1tf8ONF45Zxqs.K6tR3CjdoZBEaYsDnjlqZq4p6ObGf6QWDs8EHJynWMM&dib_tag=se&keywords=laptop&qid=1729747871&sprefix=laptop%2Caps%2C128&sr=8-97,499.00,4.2,576,Not available
"HP 15 inch Laptop, HD Display, Intel Processor N100, 4 GB RAM, 128 GB UFS, Intel UHD Graphics, Windows 11 Home in S Mode, 15-fd0000ca",https://www.amazon.ca/HP-Display-Processor-Graphics-15-fd0000ca/dp/B0BX7FD8H7/ref=sr_1_1?crid=1E63C3THFEGDP&dib=eyJ2IjoiMSJ9.8IJhOmDWzPhvmmClWYIoK3gVSUWRr1SbN_1haQFD5Lb4Vh41jR2v0waUd5pbMlY6h95NQVYy24zC1UqrK28-Q8lkTJoNb6yaRjKaKFcIyna_SSS97Bs6PknQbx3AQjBctCz0YDDmHTiWOf88vmXo5lTGMY9qEPR-s3NAtoUAQ09D4HNtdOgUovqbfU72RlXNOB7mQs3AfT7uQ9js_lTJSCIKTx-wBa3ReyRNMlGrTbthyk_KpqPjcmHbTMp3YO6ekRDyGck3UIjX1dXefRaBWGoB9-fR64EV2n1Gx4uI93I.iDGYLEj1h_Y9ndPCAu6XoTHhFWmk6IbTBvjW5zw705c&dib_tag=se&keywords=laptop&qid=1729747871&sprefix=laptop%2Caps%2C128&sr=8-1,379.99,Amazon's Choice,187,Not available
"HP Stream 14'' HD Laptop, Intel Celeron N4020 Dual-core Processor, 16GB DDR4 RAM, 64GB eMMC, 1 Year Office 365, Webcam, HDMI, Windows 10S, White, 32GB Hotface USB Card",https://www.amazon.ca/HP-Celeron-Dual-core-Processor-Windows/dp/B0CJNY74Y9/ref=sr_1_49?crid=1E63C3THFEGDP&dib=eyJ2IjoiMSJ9.akMDTOG5KBho4VWXJdqFI-2Vo012hyghVX19Ise9rhuYnjxLoG2IsHdZNj68CyWm06Wz4KoboBIPslkPi0t2Pq8VkUqaCNIPfZs5bk_8dwDJ3zaJLirn7oJovR1l5rZHYdCtGqsQ5kSV2BiJ81EcZww8KZxzA1BRaP7NcTSWyDBbEu8RtbEedS-smxQmcTYd1OHFf05fQkWQcbZZSTB9qhTy4aZJlGAhplot32JlaqAfgOTYFC8cZ_1Vg-GClmy7ct76t8Or8SSxPTK0h_LrzlsS-6_w8kUTA_zltFRk4KA.UONvbtGOlpIa-P5CdAfx5O8hDsMAVxb8TTgZOZ8MNuI&dib_tag=se&keywords=laptop&qid=1729747871&sprefix=laptop%2Caps%2C128&sr=8-49,399.00,4.2,309,Not available
"ASUS Vivobook 15.6"" FHD Touchscreen Laptop, Intel i5-1135G7 Processor, 20GB RAM, 1TB PCIe SSD, Intel Iris Xe Graphics, Number Pad, Bluetooth, Win 11 Pro, Gray, 32GB Hotface USB Card",https://www.amazon.ca/ASUS-Vivobook-Touchscreen-i5-1135G7-Processor/dp/B0CSFGWHHV/ref=sr_1_193?crid=1E63C3THFEGDP&dib=eyJ2IjoiMSJ9.2co32wjNA1e_EVDuJTF8vOehLsUA9rBafx26cwEIppMqvGN0GTHEYMFGgZ4BJzjjdiCnxTWb5kPOcvYsibYTWTZDK_qXvriOs12FKsjNVN0ss9Nd5NsHgSUe8tmiL7mryQQG3kq-j7I3Z3SZUVXiq46swjaiMqOSnKZ0Au3lL4BdiowtDbqVTJMgFBfG68VejTOhs1hjWwvYw1dV2BQ6q1CUiWwqNWj7wsXL_PskQ9Lkx0fvrjFKTGfSZDEFvlOFk6vH59TMwXBINBqhAyLHhWk5YQpQG51wSLFGLgjpb-c.9IjvZlgxoEwBuiULSpqIohLloY6UpARC1UBT4O6hQS8&dib_tag=se&keywords=laptop&qid=1729747871&sprefix=laptop%2Caps%2C128&sr=8-193,829.00,4.1,109,Not available
Samsung Galaxy Book2 15.6 Inch Amoled i7 (intel 12th Gen) | 8G DDR4x | 256G SSD | Graphite | Windows 11 Home laptop,https://www.amazon.ca/Galaxy-AMOLED-Graphite-Windows-Laptop/dp/B09VWFP3X2/ref=sr_1_289?crid=1E63C3THFEGDP&dib=eyJ2IjoiMSJ9.8xIy9nbUp7FU21ghdPt5GiyOpApnJvXLaRIu-o5TYwSlfWzdn9naUv3wqX4RHNGJqCB0dZbD4y_KH97SwkdnXzHvHanQ28-TIPExOG_tJ7galiT1DPlMJagxLC3uY_3FvGjT7f2C7qFEv31Km_LqLt1BOhwb6qL1bP7pzzmt6KRprCf6SytCIcsUTtNshdF125hSVGI8OSVLbsqkWTmhYeuXK1yUdg8jJSsDiAv54JPhjpaCReWgcTgJUFPYRe06rWHiZgkL8POuy8M-40NO1w.QZSgv64l4l1zjMMUSCSVCIyP8qfi9Ay_3g9YBOXHhIQ&dib_tag=se&keywords=laptop&qid=1729747871&sprefix=laptop%2Caps%2C128&sr=8-289,836.99,3.5,35,Not available
"Surface Laptop (13.8"") - Microsoft Surface Laptop - Copilot+ PC - 13.8"" Touchscreen - Snapdragon X Elite - 16GB - 512GB SSD - (Latest Model, 7th Edition) - Dune",https://www.amazon.ca/Surface-Laptop-13-8-touchscreen-Snapdragon/dp/B0CXKZ9NDW/ref=sr_1_177?crid=1E63C3THFEGDP&dib=eyJ2IjoiMSJ9.umbOw4PQ4gXIQsvF80Qta50ApM03pd59lAVWjVK6Q5Ky3Ihf9yT4m5oAKKSDpjJmffrdinVcU03oPOAMM2BMH0_IJS_jLIb7iZb6n38Bt7JdflH3nU1mGx0NjzuhlFY22TQbEGMKXGk-ASVqfbDE_iVH-kTC1dInPojvMuGh3Kk5TkJ_FGWzh10NOkDvAKM37LmAEAUVvkkHvLn_FRf2p-DVEqSXb61b0omWVtR9r-a7uemMfdSVpmq60jNcjjrx58U08M1TkvVdhg3MeaBaT2DGmdeu6G_HNRcj7zL-WeI.GcooNQrkV7TdLKX5h0GKb-lQV4bYxL6MYnIWd4uQ1hQ&dib_tag=se&keywords=laptop&qid=1729747871&sprefix=laptop%2Caps%2C128&sr=8-177,"1,999.99",4.3,82,Not available
"Asus L210MA-DB01, 11.6” HD Intel N4020 4 64GB Black, with on",https://www.amazon.ca/Processor-NumberPad-Microsoft-Personal-L210MA-DB01/dp/B081V6W99V/ref=sr_1_175?crid=1E63C3THFEGDP&dib=eyJ2IjoiMSJ9.umbOw4PQ4gXIQsvF80Qta50ApM03pd59lAVWjVK6Q5Ky3Ihf9yT4m5oAKKSDpjJmffrdinVcU03oPOAMM2BMH0_IJS_jLIb7iZb6n38Bt7JdflH3nU1mGx0NjzuhlFY22TQbEGMKXGk-ASVqfbDE_iVH-kTC1dInPojvMuGh3Kk5TkJ_FGWzh10NOkDvAKM37LmAEAUVvkkHvLn_FRf2p-DVEqSXb61b0omWVtR9r-a7uemMfdSVpmq60jNcjjrx58U08M1TkvVdhg3MeaBaT2DGmdeu6G_HNRcj7zL-WeI.GcooNQrkV7TdLKX5h0GKb-lQV4bYxL6MYnIWd4uQ1hQ&dib_tag=se&keywords=laptop&qid=1729747871&sprefix=laptop%2Caps%2C128&sr=8-175,Price not available,4.0,"8,244",Not available
"HP Pavilion 15.6"" FHD Touchscreen Laptop, Intel Core i7-1165G7, 16GB RAM, 512GB SSD, Fingerprint Reader, Wi-Fi 6, HDMI 2.0, Windows 10 Home, Lunar Gold",https://www.amazon.ca/HP-Pavilion-Touchscreen-i7-1165G7-Fingerprint/dp/B0DHXR4C89/ref=sr_1_241?crid=1E63C3THFEGDP&dib=eyJ2IjoiMSJ9.ywIPwsWgTWUcMh-hS3BWfzf8PdUFLjNe3En-5uV-dkJ0j5L_ce_nlqf79GzEcuPKPtPzOJyn4jpooJeqI1huHuRmm558RhWn-LC6_yN0x7kYi6qtYpltQMugCh-7s7OggK9shwL95KSXT133rm2LUOyC_kiJzLg5fXMToRV1NFQNiRa8ebWVaf63J70G4dsUEnH4YszgoZe7HjGbEG3qPYx15fSLevyGMILMs-A7_oASYjqNTomCDt8yJcJRyrpHbhgqnRqD6mL95_9GqrB0kFV0stgRbhLlvJ0yEE7rw1E.ar1EBT8BB3WPGJaRvENOWqZ5j5RF26rW91m0tpvMbwQ&dib_tag=se&keywords=laptop&qid=1729747871&sprefix=laptop%2Caps%2C128&sr=8-241,919.99,FREE delivery Oct 29 - Nov 1 ,No reviews available,Not available
"Dell Latitude 5300 Laptop,13.3'' Intel Core i5-8365U Notebook, 16GB DDR4 RAM, 512GB SSD, 1.6GHz, Webcam, WiFi, Type-C, RJ-45, Windows 10 Pro (Renewed)",https://www.amazon.ca/Dell-Latitude-i5-8365U-Notebook-Windows/dp/B0C1SHW84C/ref=sr_1_176?crid=1E63C3THFEGDP&dib=eyJ2IjoiMSJ9.umbOw4PQ4gXIQsvF80Qta50ApM03pd59lAVWjVK6Q5Ky3Ihf9yT4m5oAKKSDpjJmffrdinVcU03oPOAMM2BMH0_IJS_jLIb7iZb6n38Bt7JdflH3nU1mGx0NjzuhlFY22TQbEGMKXGk-ASVqfbDE_iVH-kTC1dInPojvMuGh3Kk5TkJ_FGWzh10NOkDvAKM37LmAEAUVvkkHvLn_FRf2p-DVEqSXb61b0omWVtR9r-a7uemMfdSVpmq60jNcjjrx58U08M1TkvVdhg3MeaBaT2DGmdeu6G_HNRcj7zL-WeI.GcooNQrkV7TdLKX5h0GKb-lQV4bYxL6MYnIWd4uQ1hQ&dib_tag=se&keywords=laptop&qid=1729747871&sprefix=laptop%2Caps%2C128&sr=8-176,318.70,3.3,23,Not available
"Svikou 15.6'' 165Hz 2.5K FHD Display (2560 * 1440) Laptop, 8-core AMD R7 5700U, 16GB RAM, 1TB NVMe SSD, 【Win 11/Office 2019】 Backlit KB, Type-C, 5000mAh Battery, Immersive Experience(16, 1TB)",https://www.amazon.ca/Svikou-High-Refresh-Backlit-Immersive-Experience/dp/B0CTF56YR4/ref=sr_1_174?crid=1E63C3THFEGDP&dib=eyJ2IjoiMSJ9.umbOw4PQ4gXIQsvF80Qta50ApM03pd59lAVWjVK6Q5Ky3Ihf9yT4m5oAKKSDpjJmffrdinVcU03oPOAMM2BMH0_IJS_jLIb7iZb6n38Bt7JdflH3nU1mGx0NjzuhlFY22TQbEGMKXGk-ASVqfbDE_iVH-kTC1dInPojvMuGh3Kk5TkJ_FGWzh10NOkDvAKM37LmAEAUVvkkHvLn_FRf2p-DVEqSXb61b0omWVtR9r-a7uemMfdSVpmq60jNcjjrx58U08M1TkvVdhg3MeaBaT2DGmdeu6G_HNRcj7zL-WeI.GcooNQrkV7TdLKX5h0GKb-lQV4bYxL6MYnIWd4uQ1hQ&dib_tag=se&keywords=laptop&qid=1729747871&sprefix=laptop%2Caps%2C128&sr=8-174,Price not available,4.3,21,Not available
"ASUS TUF F17 Gaming Laptop, 17.3"" 144Hz FHD IPS-Type Display, Intel Core i5-11400H Processor, GeForce RTX 3050, 8GB DDR4 RAM, 512GB PCIe SSD, Wi-Fi 6, Windows 11 Home, FX706HCB-ES51,Graphite Black",https://www.amazon.ca/ASUS-IPS-Type-i5-11400H-Processor-FX706HCB-ES51/dp/B09SVQY3PF/ref=sr_1_173?crid=1E63C3THFEGDP&dib=eyJ2IjoiMSJ9.umbOw4PQ4gXIQsvF80Qta50ApM03pd59lAVWjVK6Q5Ky3Ihf9yT4m5oAKKSDpjJmffrdinVcU03oPOAMM2BMH0_IJS_jLIb7iZb6n38Bt7JdflH3nU1mGx0NjzuhlFY22TQbEGMKXGk-ASVqfbDE_iVH-kTC1dInPojvMuGh3Kk5TkJ_FGWzh10NOkDvAKM37LmAEAUVvkkHvLn_FRf2p-DVEqSXb61b0omWVtR9r-a7uemMfdSVpmq60jNcjjrx58U08M1TkvVdhg3MeaBaT2DGmdeu6G_HNRcj7zL-WeI.GcooNQrkV7TdLKX5h0GKb-lQV4bYxL6MYnIWd4uQ1hQ&dib_tag=se&keywords=laptop&qid=1729747871&sprefix=laptop%2Caps%2C128&sr=8-173,"1,149.99",4.5,350,Not available
"Samsung Galaxy Book4 Laptop, 15.6"", Intel i7, 16GB RAM, 512GB Storage - Moonstone Gray",https://www.amazon.ca/sspa/click?ie=UTF8&spc=MToxNTU5MzU4NTM3NDU2NTg4OjE3Mjk3NDc4NzE6c3BfYXRmX25leHQ6MzAwNDY1MTU2ODk2NTAyOjowOjo&url=%2FSamsung-Galaxy-Book4-Laptop-Storage%2Fdp%2FB0CV7GF9L6%2Fref%3Dsr_1_337_sspa%3Fcrid%3D1E63C3THFEGDP%26keywords%3Dlaptop%26qid%3D1729747871%26sprefix%3Dlaptop%252Caps%252C128%26sr%3D8-337-spons%26sp_csd%3Dd2lkZ2V0TmFtZT1zcF9hdGZfbmV4dA%26psc%3D1,899.99,3.7,50,Not available
"HP Envy 17.3"" FHD IPS Laptop, Intel i7-1260P, 32GB RAM, 1TB PCIe SSD, Backlit Keyboard, Intel Iris Xe Graphics, 5MP IR Camera, Windows 11, Silver, 32GB Hotface USB Card (Renewed)",https://www.amazon.ca/HP-Envy-i7-1260P-Keyboard-Graphics/dp/B0CSCXVGXX/ref=sr_1_171?crid=1E63C3THFEGDP&dib=eyJ2IjoiMSJ9.umbOw4PQ4gXIQsvF80Qta50ApM03pd59lAVWjVK6Q5Ky3Ihf9yT4m5oAKKSDpjJmffrdinVcU03oPOAMM2BMH0_IJS_jLIb7iZb6n38Bt7JdflH3nU1mGx0NjzuhlFY22TQbEGMKXGk-ASVqfbDE_iVH-kTC1dInPojvMuGh3Kk5TkJ_FGWzh10NOkDvAKM37LmAEAUVvkkHvLn_FRf2p-DVEqSXb61b0omWVtR9r-a7uemMfdSVpmq60jNcjjrx58U08M1TkvVdhg3MeaBaT2DGmdeu6G_HNRcj7zL-WeI.GcooNQrkV7TdLKX5h0GKb-lQV4bYxL6MYnIWd4uQ1hQ&dib_tag=se&keywords=laptop&qid=1729747871&sprefix=laptop%2Caps%2C128&sr=8-171,"1,299.00",3.7,6,Not available
"HP EliteBook 840 G3 Laptop 14in HD Display, Intel Core i5-6200U 2.4Ghz, 256GB SSD, 16GB DDR4 RAM, Webcam, WiFi, Windows 10 Pro (Renewed)",https://www.amazon.ca/HP-EliteBook-Display-i5-6300U-Windows/dp/B07WJVPGYP/ref=sr_1_172?crid=1E63C3THFEGDP&dib=eyJ2IjoiMSJ9.umbOw4PQ4gXIQsvF80Qta50ApM03pd59lAVWjVK6Q5Ky3Ihf9yT4m5oAKKSDpjJmffrdinVcU03oPOAMM2BMH0_IJS_jLIb7iZb6n38Bt7JdflH3nU1mGx0NjzuhlFY22TQbEGMKXGk-ASVqfbDE_iVH-kTC1dInPojvMuGh3Kk5TkJ_FGWzh10NOkDvAKM37LmAEAUVvkkHvLn_FRf2p-DVEqSXb61b0omWVtR9r-a7uemMfdSVpmq60jNcjjrx58U08M1TkvVdhg3MeaBaT2DGmdeu6G_HNRcj7zL-WeI.GcooNQrkV7TdLKX5h0GKb-lQV4bYxL6MYnIWd4uQ1hQ&dib_tag=se&keywords=laptop&qid=1729747871&sprefix=laptop%2Caps%2C128&sr=8-172,257.45,3.7,"1,495",Not available
Lenovo IdeaPad Gaming 3 Laptop 2023 15.6” FHD 1920 x 1080 IPS 120 Hertz Intel Core i7-12700H NVIDIA GeForce RTX 3050 Ti 4GB GDDR6 32GB DDR4 1TB SSD Backlit Keyboard Thunderbolt 4 Windows 10 Home,https://www.amazon.ca/Lenovo-IdeaPad-i7-12700H-Keyboard-Thunderbolt/dp/B0CFKXGYPL/ref=sr_1_170?crid=1E63C3THFEGDP&dib=eyJ2IjoiMSJ9.umbOw4PQ4gXIQsvF80Qta50ApM03pd59lAVWjVK6Q5Ky3Ihf9yT4m5oAKKSDpjJmffrdinVcU03oPOAMM2BMH0_IJS_jLIb7iZb6n38Bt7JdflH3nU1mGx0NjzuhlFY22TQbEGMKXGk-ASVqfbDE_iVH-kTC1dInPojvMuGh3Kk5TkJ_FGWzh10NOkDvAKM37LmAEAUVvkkHvLn_FRf2p-DVEqSXb61b0omWVtR9r-a7uemMfdSVpmq60jNcjjrx58U08M1TkvVdhg3MeaBaT2DGmdeu6G_HNRcj7zL-WeI.GcooNQrkV7TdLKX5h0GKb-lQV4bYxL6MYnIWd4uQ1hQ&dib_tag=se&keywords=laptop&qid=1729747871&sprefix=laptop%2Caps%2C128&sr=8-170,"1,834.65",FREE delivery Oct 31 - Nov 7 ,Only 9 left in stock.,Not available
"Acer Nitro 5, 15.6"" 144Hz FHD Gaming Laptop | Intel Core i5-12450H | NVIDIA GeForce RTX 3050 | 32GB RAM | 1TB SSD | Windows 11 Home | Wi-Fi 6 | VR Ready | Black",https://www.amazon.ca/Acer-Gaming-i5-12450H-GeForce-Windows/dp/B0D8KR8TBS/ref=sr_1_166?crid=1E63C3THFEGDP&dib=eyJ2IjoiMSJ9.umbOw4PQ4gXIQsvF80Qta50ApM03pd59lAVWjVK6Q5Ky3Ihf9yT4m5oAKKSDpjJmffrdinVcU03oPOAMM2BMH0_IJS_jLIb7iZb6n38Bt7JdflH3nU1mGx0NjzuhlFY22TQbEGMKXGk-ASVqfbDE_iVH-kTC1dInPojvMuGh3Kk5TkJ_FGWzh10NOkDvAKM37LmAEAUVvkkHvLn_FRf2p-DVEqSXb61b0omWVtR9r-a7uemMfdSVpmq60jNcjjrx58U08M1TkvVdhg3MeaBaT2DGmdeu6G_HNRcj7zL-WeI.GcooNQrkV7TdLKX5h0GKb-lQV4bYxL6MYnIWd4uQ1hQ&dib_tag=se&keywords=laptop&qid=1729747871&sprefix=laptop%2Caps%2C128&sr=8-166,"1,099.99",1.0,1,Not available
"Dell i3185-A760GRY Inspiron 3000 3185 11.6"" Laptop PC, AMD A6-9220e, 4GB Memory, 32GB EMMC Storage, Grey, Windows 10 (Renewed)",https://www.amazon.ca/Dell-i3185-A760GRY-Inspiron-A6-9220e-Storage/dp/B07R1Z64BW/ref=sr_1_168?crid=1E63C3THFEGDP&dib=eyJ2IjoiMSJ9.umbOw4PQ4gXIQsvF80Qta50ApM03pd59lAVWjVK6Q5Ky3Ihf9yT4m5oAKKSDpjJmffrdinVcU03oPOAMM2BMH0_IJS_jLIb7iZb6n38Bt7JdflH3nU1mGx0NjzuhlFY22TQbEGMKXGk-ASVqfbDE_iVH-kTC1dInPojvMuGh3Kk5TkJ_FGWzh10NOkDvAKM37LmAEAUVvkkHvLn_FRf2p-DVEqSXb61b0omWVtR9r-a7uemMfdSVpmq60jNcjjrx58U08M1TkvVdhg3MeaBaT2DGmdeu6G_HNRcj7zL-WeI.GcooNQrkV7TdLKX5h0GKb-lQV4bYxL6MYnIWd4uQ1hQ&dib_tag=se&keywords=laptop&qid=1729747871&sprefix=laptop%2Caps%2C128&sr=8-168,123.59,3.2,11,Not available
"HP EliteBook 840 G3 14in Laptop, Core i5-6300U 2.4GHz, 16GB Ram, 500GB SSD, Windows 10 Pro 64bit (Renewed)",https://www.amazon.ca/HP-EliteBook-i5-6300U-Certified-Refurbished/dp/B07GCSDP5H/ref=sr_1_165?crid=1E63C3THFEGDP&dib=eyJ2IjoiMSJ9.umbOw4PQ4gXIQsvF80Qta50ApM03pd59lAVWjVK6Q5Ky3Ihf9yT4m5oAKKSDpjJmffrdinVcU03oPOAMM2BMH0_IJS_jLIb7iZb6n38Bt7JdflH3nU1mGx0NjzuhlFY22TQbEGMKXGk-ASVqfbDE_iVH-kTC1dInPojvMuGh3Kk5TkJ_FGWzh10NOkDvAKM37LmAEAUVvkkHvLn_FRf2p-DVEqSXb61b0omWVtR9r-a7uemMfdSVpmq60jNcjjrx58U08M1TkvVdhg3MeaBaT2DGmdeu6G_HNRcj7zL-WeI.GcooNQrkV7TdLKX5h0GKb-lQV4bYxL6MYnIWd4uQ1hQ&dib_tag=se&keywords=laptop&qid=1729747871&sprefix=laptop%2Caps%2C128&sr=8-165,295.00,4.1,531,Not available
"Dell Precision 5760 Workstation Laptop | 17"" 3840x2400 4k | Core i9-11950H - 1TB SSD Hard Drive - 32GB RAM - Nvidia RTX A3000 | 8 cores @ 5 GHz - 6GB GDDR6 Win 11 Pro Black (Renewed)",https://www.amazon.ca/Dell-Precision-5760-Workstation-Laptop/dp/B0D7C15DJ1/ref=sr_1_164?crid=1E63C3THFEGDP&dib=eyJ2IjoiMSJ9.umbOw4PQ4gXIQsvF80Qta50ApM03pd59lAVWjVK6Q5Ky3Ihf9yT4m5oAKKSDpjJmffrdinVcU03oPOAMM2BMH0_IJS_jLIb7iZb6n38Bt7JdflH3nU1mGx0NjzuhlFY22TQbEGMKXGk-ASVqfbDE_iVH-kTC1dInPojvMuGh3Kk5TkJ_FGWzh10NOkDvAKM37LmAEAUVvkkHvLn_FRf2p-DVEqSXb61b0omWVtR9r-a7uemMfdSVpmq60jNcjjrx58U08M1TkvVdhg3MeaBaT2DGmdeu6G_HNRcj7zL-WeI.GcooNQrkV7TdLKX5h0GKb-lQV4bYxL6MYnIWd4uQ1hQ&dib_tag=se&keywords=laptop&qid=1729747871&sprefix=laptop%2Caps%2C128&sr=8-164,"2,289.00",$5.54 delivery Nov 4 - 14 ,Only 1 left in stock.,Not available
"Dell Vostro 3430 14"" FHD Business Laptop - Intel Core i5-1335U, 8GB RAM, 256GB SSD, Windows 11 Pro - Titan Gray",https://www.amazon.ca/Dell-Vostro-3430-Business-Laptop/dp/B0CNBBRRN3/ref=sr_1_167?crid=1E63C3THFEGDP&dib=eyJ2IjoiMSJ9.umbOw4PQ4gXIQsvF80Qta50ApM03pd59lAVWjVK6Q5Ky3Ihf9yT4m5oAKKSDpjJmffrdinVcU03oPOAMM2BMH0_IJS_jLIb7iZb6n38Bt7JdflH3nU1mGx0NjzuhlFY22TQbEGMKXGk-ASVqfbDE_iVH-kTC1dInPojvMuGh3Kk5TkJ_FGWzh10NOkDvAKM37LmAEAUVvkkHvLn_FRf2p-DVEqSXb61b0omWVtR9r-a7uemMfdSVpmq60jNcjjrx58U08M1TkvVdhg3MeaBaT2DGmdeu6G_HNRcj7zL-WeI.GcooNQrkV7TdLKX5h0GKb-lQV4bYxL6MYnIWd4uQ1hQ&dib_tag=se&keywords=laptop&qid=1729747871&sprefix=laptop%2Caps%2C128&sr=8-167,679.99,"FREE delivery Sun, Oct 27 ",Only 1 left in stock.,Not available
"HP 15.6"" FHD Business Laptop, Intel i5-1135G7, 16GB DDR4 RAM, 672GB Storage(512GB SSD +160GB Docking Station Set), Intel Iris Xe Graphics, Numpad, Webcam, Wi-Fi 5, Bluetooth, Silver, Win 11 Pro",https://www.amazon.ca/HP-15-6-Business-i5-1135G7-Bluetooth/dp/B0D5M4L87N/ref=sr_1_169?crid=1E63C3THFEGDP&dib=eyJ2IjoiMSJ9.umbOw4PQ4gXIQsvF80Qta50ApM03pd59lAVWjVK6Q5Ky3Ihf9yT4m5oAKKSDpjJmffrdinVcU03oPOAMM2BMH0_IJS_jLIb7iZb6n38Bt7JdflH3nU1mGx0NjzuhlFY22TQbEGMKXGk-ASVqfbDE_iVH-kTC1dInPojvMuGh3Kk5TkJ_FGWzh10NOkDvAKM37LmAEAUVvkkHvLn_FRf2p-DVEqSXb61b0omWVtR9r-a7uemMfdSVpmq60jNcjjrx58U08M1TkvVdhg3MeaBaT2DGmdeu6G_HNRcj7zL-WeI.GcooNQrkV7TdLKX5h0GKb-lQV4bYxL6MYnIWd4uQ1hQ&dib_tag=se&keywords=laptop&qid=1729747871&sprefix=laptop%2Caps%2C128&sr=8-169,679.00,3.0,2,Not available
"ASUS TUF Gaming A16 (2023) Gaming Laptop, 16” FHD+ 165Hz, 100% SRGB Display, AMD Radeon RX 7600S, AMD Ryzen 7 7435HS, 16GB DDR5, 512GB PCIe 4.0 SSD, Wi-Fi 6, Windows 11, FA617NSR-AS71-CA",https://www.amazon.ca/Gaming-Laptop-Display-Windows-FA617NSR-AS71-CA/dp/B0CY9TGP47/ref=sr_1_159?crid=1E63C3THFEGDP&dib=eyJ2IjoiMSJ9.umbOw4PQ4gXIQsvF80Qta50ApM03pd59lAVWjVK6Q5Ky3Ihf9yT4m5oAKKSDpjJmffrdinVcU03oPOAMM2BMH0_IJS_jLIb7iZb6n38Bt7JdflH3nU1mGx0NjzuhlFY22TQbEGMKXGk-ASVqfbDE_iVH-kTC1dInPojvMuGh3Kk5TkJ_FGWzh10NOkDvAKM37LmAEAUVvkkHvLn_FRf2p-DVEqSXb61b0omWVtR9r-a7uemMfdSVpmq60jNcjjrx58U08M1TkvVdhg3MeaBaT2DGmdeu6G_HNRcj7zL-WeI.GcooNQrkV7TdLKX5h0GKb-lQV4bYxL6MYnIWd4uQ1hQ&dib_tag=se&keywords=laptop&qid=1729747871&sprefix=laptop%2Caps%2C128&sr=8-159,"1,199.00",3.8,10,Not available
"[Win 11&Office 2019] 14"" Silver FHD IPS Display Ultra-Thin Laptop, Celeron J4125 (2.0-2.7GHz), 8GB DDR4 RAM, SSD, 180° Opening, 2 USB3.0, WiFi/BT, Perfect for Travel, Study and Work (128, GB)",https://www.amazon.ca/Svikou%E3%80%90Win-Display-Ultra-Thin-Celeron-1-5-2-5GHz/dp/B0CZMZFD1N/ref=sr_1_163?crid=1E63C3THFEGDP&dib=eyJ2IjoiMSJ9.umbOw4PQ4gXIQsvF80Qta50ApM03pd59lAVWjVK6Q5Ky3Ihf9yT4m5oAKKSDpjJmffrdinVcU03oPOAMM2BMH0_IJS_jLIb7iZb6n38Bt7JdflH3nU1mGx0NjzuhlFY22TQbEGMKXGk-ASVqfbDE_iVH-kTC1dInPojvMuGh3Kk5TkJ_FGWzh10NOkDvAKM37LmAEAUVvkkHvLn_FRf2p-DVEqSXb61b0omWVtR9r-a7uemMfdSVpmq60jNcjjrx58U08M1TkvVdhg3MeaBaT2DGmdeu6G_HNRcj7zL-WeI.GcooNQrkV7TdLKX5h0GKb-lQV4bYxL6MYnIWd4uQ1hQ&dib_tag=se&keywords=laptop&qid=1729747871&sprefix=laptop%2Caps%2C128&sr=8-163,268.00,4.0,29,Not available
"Dell Latitude 5510 Business Laptop, 15.6"" FHD 1920 x 1080, Intel Core i5-10210U 1.7GHz, 16GB DDR4 RAM, 512GB SSD, Wi-Fi, Bluetooth, Camera, Windows 10 Pro 64-bit (Renewed)",https://www.amazon.ca/Dell-Latitude-5510-i5-10210U-Bluetooth/dp/B0CCYDXSVG/ref=sr_1_161?crid=1E63C3THFEGDP&dib=eyJ2IjoiMSJ9.umbOw4PQ4gXIQsvF80Qta50ApM03pd59lAVWjVK6Q5Ky3Ihf9yT4m5oAKKSDpjJmffrdinVcU03oPOAMM2BMH0_IJS_jLIb7iZb6n38Bt7JdflH3nU1mGx0NjzuhlFY22TQbEGMKXGk-ASVqfbDE_iVH-kTC1dInPojvMuGh3Kk5TkJ_FGWzh10NOkDvAKM37LmAEAUVvkkHvLn_FRf2p-DVEqSXb61b0omWVtR9r-a7uemMfdSVpmq60jNcjjrx58U08M1TkvVdhg3MeaBaT2DGmdeu6G_HNRcj7zL-WeI.GcooNQrkV7TdLKX5h0GKb-lQV4bYxL6MYnIWd4uQ1hQ&dib_tag=se&keywords=laptop&qid=1729747871&sprefix=laptop%2Caps%2C128&sr=8-161,549.99,3.4,5,Not available
"Pink Laptop [Win 11&MS Office 2019] 14’’ FHD IPS Display Ultra-Thin Notebook Celeron N4120 8GB DDR4 RAM 256GB SSD,180°Opening, USB3.0/Dual-Band WiFi/BT 5.0 Suitable for Work,Study and Play (GB, 256)",https://www.amazon.ca/Ultra-Thin-Notebook-180%C2%B0Opening-Dual-Band-Suitable/dp/B0D1FXQ1FD/ref=sr_1_158?crid=1E63C3THFEGDP&dib=eyJ2IjoiMSJ9.umbOw4PQ4gXIQsvF80Qta50ApM03pd59lAVWjVK6Q5Ky3Ihf9yT4m5oAKKSDpjJmffrdinVcU03oPOAMM2BMH0_IJS_jLIb7iZb6n38Bt7JdflH3nU1mGx0NjzuhlFY22TQbEGMKXGk-ASVqfbDE_iVH-kTC1dInPojvMuGh3Kk5TkJ_FGWzh10NOkDvAKM37LmAEAUVvkkHvLn_FRf2p-DVEqSXb61b0omWVtR9r-a7uemMfdSVpmq60jNcjjrx58U08M1TkvVdhg3MeaBaT2DGmdeu6G_HNRcj7zL-WeI.GcooNQrkV7TdLKX5h0GKb-lQV4bYxL6MYnIWd4uQ1hQ&dib_tag=se&keywords=laptop&qid=1729747871&sprefix=laptop%2Caps%2C128&sr=8-158,349.00,5.0,2,Not available
"Lenovo Thinkpad E14 Gen5 14"" WUXGA Laptop - Intel Core i5-1335U, 8GB RAM, 512GB SSD, Windows 11 Pro (with Microfiber Cloth) - Arctic Grey (21JK0060US)",https://www.amazon.ca/Lenovo-Thinkpad-Gen5-WUXGA-Laptop/dp/B0D3VMB1C3/ref=sr_1_162?crid=1E63C3THFEGDP&dib=eyJ2IjoiMSJ9.umbOw4PQ4gXIQsvF80Qta50ApM03pd59lAVWjVK6Q5Ky3Ihf9yT4m5oAKKSDpjJmffrdinVcU03oPOAMM2BMH0_IJS_jLIb7iZb6n38Bt7JdflH3nU1mGx0NjzuhlFY22TQbEGMKXGk-ASVqfbDE_iVH-kTC1dInPojvMuGh3Kk5TkJ_FGWzh10NOkDvAKM37LmAEAUVvkkHvLn_FRf2p-DVEqSXb61b0omWVtR9r-a7uemMfdSVpmq60jNcjjrx58U08M1TkvVdhg3MeaBaT2DGmdeu6G_HNRcj7zL-WeI.GcooNQrkV7TdLKX5h0GKb-lQV4bYxL6MYnIWd4uQ1hQ&dib_tag=se&keywords=laptop&qid=1729747871&sprefix=laptop%2Caps%2C128&sr=8-162,819.99,"FREE delivery Sun, Oct 27 ",Was:,Not available
"Acer Aspire 3 Laptop, 15.6"" FHD Display, AMD Ryzen 7 5700U Processor, 40GB RAM, 1TB SSD, AMD Radeon Graphics, Numeric Keypad, Webcam, WiFi 6, Pure Silver, Windows 11 Home, 32GB Hotface USB Card",https://www.amazon.ca/Acer-Aspire-Display-Processor-Graphics/dp/B0D12HB9J4/ref=sr_1_157?crid=1E63C3THFEGDP&dib=eyJ2IjoiMSJ9.umbOw4PQ4gXIQsvF80Qta50ApM03pd59lAVWjVK6Q5Ky3Ihf9yT4m5oAKKSDpjJmffrdinVcU03oPOAMM2BMH0_IJS_jLIb7iZb6n38Bt7JdflH3nU1mGx0NjzuhlFY22TQbEGMKXGk-ASVqfbDE_iVH-kTC1dInPojvMuGh3Kk5TkJ_FGWzh10NOkDvAKM37LmAEAUVvkkHvLn_FRf2p-DVEqSXb61b0omWVtR9r-a7uemMfdSVpmq60jNcjjrx58U08M1TkvVdhg3MeaBaT2DGmdeu6G_HNRcj7zL-WeI.GcooNQrkV7TdLKX5h0GKb-lQV4bYxL6MYnIWd4uQ1hQ&dib_tag=se&keywords=laptop&qid=1729747871&sprefix=laptop%2Caps%2C128&sr=8-157,829.00,4.5,227,Not available
"N4020-win11 G-Anica Laptop Computer, Laptop, 8GB+128GB, Intel Celeron Quad-Core Processors, 10"" Laptops, Bluetooth WiFi Webcam HDMI, and Laptop Bag,Mouse, Mouse Pad, Headphone（Pink）",https://www.amazon.ca/N4020-win11-G-Anica-Quad-Core-Processors-Headphone%EF%BC%88Pink%EF%BC%89/dp/B0DDPVJQBK/ref=sr_1_156?crid=1E63C3THFEGDP&dib=eyJ2IjoiMSJ9.umbOw4PQ4gXIQsvF80Qta50ApM03pd59lAVWjVK6Q5Ky3Ihf9yT4m5oAKKSDpjJmffrdinVcU03oPOAMM2BMH0_IJS_jLIb7iZb6n38Bt7JdflH3nU1mGx0NjzuhlFY22TQbEGMKXGk-ASVqfbDE_iVH-kTC1dInPojvMuGh3Kk5TkJ_FGWzh10NOkDvAKM37LmAEAUVvkkHvLn_FRf2p-DVEqSXb61b0omWVtR9r-a7uemMfdSVpmq60jNcjjrx58U08M1TkvVdhg3MeaBaT2DGmdeu6G_HNRcj7zL-WeI.GcooNQrkV7TdLKX5h0GKb-lQV4bYxL6MYnIWd4uQ1hQ&dib_tag=se&keywords=laptop&qid=1729747871&sprefix=laptop%2Caps%2C128&sr=8-156,249.99,4.1,5,Not available
"HP 15.6"" FHD Micro-Edge Touchscreen Laptop, AMD Ryzen 7 5700U, 32GB RAM, 1TB PCIe SSD, Numeric Keypad, 720p HD Webcam, Wi-Fi 5, HP Fast Charge, Win 11 Pro, Silver, 32GB Hotface USB Card",https://www.amazon.ca/HP-15-6-Micro-Edge-Touchscreen-Numeric/dp/B0C31ND8N4/ref=sr_1_155?crid=1E63C3THFEGDP&dib=eyJ2IjoiMSJ9.umbOw4PQ4gXIQsvF80Qta50ApM03pd59lAVWjVK6Q5Ky3Ihf9yT4m5oAKKSDpjJmffrdinVcU03oPOAMM2BMH0_IJS_jLIb7iZb6n38Bt7JdflH3nU1mGx0NjzuhlFY22TQbEGMKXGk-ASVqfbDE_iVH-kTC1dInPojvMuGh3Kk5TkJ_FGWzh10NOkDvAKM37LmAEAUVvkkHvLn_FRf2p-DVEqSXb61b0omWVtR9r-a7uemMfdSVpmq60jNcjjrx58U08M1TkvVdhg3MeaBaT2DGmdeu6G_HNRcj7zL-WeI.GcooNQrkV7TdLKX5h0GKb-lQV4bYxL6MYnIWd4uQ1hQ&dib_tag=se&keywords=laptop&qid=1729747871&sprefix=laptop%2Caps%2C128&sr=8-155,949.00,4.2,273,Not available
"HP Envy x360 2-in-1 15.6"" FHD Touchscreen Laptop, AMD Ryzen 7 5825U, 32GB RAM, 1TB PCIe SSD, Backlit Keyboard, AMD Radeon Graphics, 5MP IR Camera, Win 11 Pro, Black, 32GB Hotface USB Card (Renewed)",https://www.amazon.ca/HP-Envy-Touchscreen-Keyboard-Graphics/dp/B0CTSTBJQ2/ref=sr_1_154?crid=1E63C3THFEGDP&dib=eyJ2IjoiMSJ9.umbOw4PQ4gXIQsvF80Qta50ApM03pd59lAVWjVK6Q5Ky3Ihf9yT4m5oAKKSDpjJmffrdinVcU03oPOAMM2BMH0_IJS_jLIb7iZb6n38Bt7JdflH3nU1mGx0NjzuhlFY22TQbEGMKXGk-ASVqfbDE_iVH-kTC1dInPojvMuGh3Kk5TkJ_FGWzh10NOkDvAKM37LmAEAUVvkkHvLn_FRf2p-DVEqSXb61b0omWVtR9r-a7uemMfdSVpmq60jNcjjrx58U08M1TkvVdhg3MeaBaT2DGmdeu6G_HNRcj7zL-WeI.GcooNQrkV7TdLKX5h0GKb-lQV4bYxL6MYnIWd4uQ1hQ&dib_tag=se&keywords=laptop&qid=1729747871&sprefix=laptop%2Caps%2C128&sr=8-154,"1,049.00",4.3,64,Not available
"Dell Latitude 7490 14 HD Anti-Glare, Intel Core i5-8350U, 16GB DDR4, 256GB Solid State Drive, Webcam, Bluetooth, Windows 10Pro (Renewed)",https://www.amazon.ca/Dell-Latitude-7490-Anti-Glare-Bluetooth/dp/B08FCPDH64/ref=sr_1_153?crid=1E63C3THFEGDP&dib=eyJ2IjoiMSJ9.umbOw4PQ4gXIQsvF80Qta50ApM03pd59lAVWjVK6Q5Ky3Ihf9yT4m5oAKKSDpjJmffrdinVcU03oPOAMM2BMH0_IJS_jLIb7iZb6n38Bt7JdflH3nU1mGx0NjzuhlFY22TQbEGMKXGk-ASVqfbDE_iVH-kTC1dInPojvMuGh3Kk5TkJ_FGWzh10NOkDvAKM37LmAEAUVvkkHvLn_FRf2p-DVEqSXb61b0omWVtR9r-a7uemMfdSVpmq60jNcjjrx58U08M1TkvVdhg3MeaBaT2DGmdeu6G_HNRcj7zL-WeI.GcooNQrkV7TdLKX5h0GKb-lQV4bYxL6MYnIWd4uQ1hQ&dib_tag=se&keywords=laptop&qid=1729747871&sprefix=laptop%2Caps%2C128&sr=8-153,Price not available,4.0,538,Not available
"Auusda Windows Laptop Computer, 16GB DDR4 RAM,1TB M2 PCIe NVMe SSD, 1.7-3.4GHz Intel N95, 15.6"" FHD IPS LCD 180° Screen, Backlight Keyboard, Fingerprint Reader, USB-A, Upgrade 9.5TB Storage [2024]",https://www.amazon.ca/Auusda-Computer-1-7-3-4GHz-Backlight-Fingerprint/dp/B0D89JMLH2/ref=sr_1_152?crid=1E63C3THFEGDP&dib=eyJ2IjoiMSJ9.umbOw4PQ4gXIQsvF80Qta50ApM03pd59lAVWjVK6Q5Ky3Ihf9yT4m5oAKKSDpjJmffrdinVcU03oPOAMM2BMH0_IJS_jLIb7iZb6n38Bt7JdflH3nU1mGx0NjzuhlFY22TQbEGMKXGk-ASVqfbDE_iVH-kTC1dInPojvMuGh3Kk5TkJ_FGWzh10NOkDvAKM37LmAEAUVvkkHvLn_FRf2p-DVEqSXb61b0omWVtR9r-a7uemMfdSVpmq60jNcjjrx58U08M1TkvVdhg3MeaBaT2DGmdeu6G_HNRcj7zL-WeI.GcooNQrkV7TdLKX5h0GKb-lQV4bYxL6MYnIWd4uQ1hQ&dib_tag=se&keywords=laptop&qid=1729747871&sprefix=laptop%2Caps%2C128&sr=8-152,449.99,2.0,1,Not available
"MSI Modern 15 H AI C1MG-029CA 15.6"" Ultra Thin and Light Professional Laptop, Intel Core Ultra 7-155H, ARC Graphics, 32GB DDR5 Memory, 1TB NVMe SSD, Windows 11 Home, Bilingual Keyboard",https://www.amazon.ca/MSI-C1MG-029CA-Professional-Graphics-Bilingual/dp/B0D1HDRBKX/ref=sr_1_150?crid=1E63C3THFEGDP&dib=eyJ2IjoiMSJ9.umbOw4PQ4gXIQsvF80Qta50ApM03pd59lAVWjVK6Q5Ky3Ihf9yT4m5oAKKSDpjJmffrdinVcU03oPOAMM2BMH0_IJS_jLIb7iZb6n38Bt7JdflH3nU1mGx0NjzuhlFY22TQbEGMKXGk-ASVqfbDE_iVH-kTC1dInPojvMuGh3Kk5TkJ_FGWzh10NOkDvAKM37LmAEAUVvkkHvLn_FRf2p-DVEqSXb61b0omWVtR9r-a7uemMfdSVpmq60jNcjjrx58U08M1TkvVdhg3MeaBaT2DGmdeu6G_HNRcj7zL-WeI.GcooNQrkV7TdLKX5h0GKb-lQV4bYxL6MYnIWd4uQ1hQ&dib_tag=se&keywords=laptop&qid=1729747871&sprefix=laptop%2Caps%2C128&sr=8-150,"1,199.00","FREE delivery Sun, Oct 27 ",List:,Not available
"Dell Inspiron 15.6"" FHD Business Laptop, Intel i3-1215U, 16GB DDR4 RAM, 1TB PCIe SSD, Intel UHD Graphics, Numeric Keypad, Webcam, Wi-Fi 6, Bluetooth, Black, Win 11 Pro",https://www.amazon.ca/Dell-Inspiron-15-6-Business-Bluetooth/dp/B0CNYZSCNF/ref=sr_1_149?crid=1E63C3THFEGDP&dib=eyJ2IjoiMSJ9.umbOw4PQ4gXIQsvF80Qta50ApM03pd59lAVWjVK6Q5Ky3Ihf9yT4m5oAKKSDpjJmffrdinVcU03oPOAMM2BMH0_IJS_jLIb7iZb6n38Bt7JdflH3nU1mGx0NjzuhlFY22TQbEGMKXGk-ASVqfbDE_iVH-kTC1dInPojvMuGh3Kk5TkJ_FGWzh10NOkDvAKM37LmAEAUVvkkHvLn_FRf2p-DVEqSXb61b0omWVtR9r-a7uemMfdSVpmq60jNcjjrx58U08M1TkvVdhg3MeaBaT2DGmdeu6G_HNRcj7zL-WeI.GcooNQrkV7TdLKX5h0GKb-lQV4bYxL6MYnIWd4uQ1hQ&dib_tag=se&keywords=laptop&qid=1729747871&sprefix=laptop%2Caps%2C128&sr=8-149,599.00,2.0,1,Not available
"Lenovo ThinkPad T490 14 Inch Display Business Laptop, Intel Core i5-8265U Processor 1.6GHz, 16GB RAM, 256GB SSD, Windows 10 Pro 64-bit (Renewed)",https://www.amazon.ca/Lenovo-ThinkPad-T490-Laptop-Processor/dp/B0DF8163S2/ref=sr_1_151?crid=1E63C3THFEGDP&dib=eyJ2IjoiMSJ9.umbOw4PQ4gXIQsvF80Qta50ApM03pd59lAVWjVK6Q5Ky3Ihf9yT4m5oAKKSDpjJmffrdinVcU03oPOAMM2BMH0_IJS_jLIb7iZb6n38Bt7JdflH3nU1mGx0NjzuhlFY22TQbEGMKXGk-ASVqfbDE_iVH-kTC1dInPojvMuGh3Kk5TkJ_FGWzh10NOkDvAKM37LmAEAUVvkkHvLn_FRf2p-DVEqSXb61b0omWVtR9r-a7uemMfdSVpmq60jNcjjrx58U08M1TkvVdhg3MeaBaT2DGmdeu6G_HNRcj7zL-WeI.GcooNQrkV7TdLKX5h0GKb-lQV4bYxL6MYnIWd4uQ1hQ&dib_tag=se&keywords=laptop&qid=1729747871&sprefix=laptop%2Caps%2C128&sr=8-151,315.00,1.0,1,Not available
"AOKER Triple Monitor Laptop Screen Extender - 15.6 Inch Portable IPS FHD 1080P Display 360° Rotation Extended Screen for 13""-17.4"" Laptops Compatible with Mac/Wins/Android/Linux/Chrome Work",https://www.amazon.ca/AOKER-Triple-Monitor-Laptop-Extender/dp/B0DF5H3D9G/ref=sr_1_148?crid=1E63C3THFEGDP&dib=eyJ2IjoiMSJ9.umbOw4PQ4gXIQsvF80Qta50ApM03pd59lAVWjVK6Q5Ky3Ihf9yT4m5oAKKSDpjJmffrdinVcU03oPOAMM2BMH0_IJS_jLIb7iZb6n38Bt7JdflH3nU1mGx0NjzuhlFY22TQbEGMKXGk-ASVqfbDE_iVH-kTC1dInPojvMuGh3Kk5TkJ_FGWzh10NOkDvAKM37LmAEAUVvkkHvLn_FRf2p-DVEqSXb61b0omWVtR9r-a7uemMfdSVpmq60jNcjjrx58U08M1TkvVdhg3MeaBaT2DGmdeu6G_HNRcj7zL-WeI.GcooNQrkV7TdLKX5h0GKb-lQV4bYxL6MYnIWd4uQ1hQ&dib_tag=se&keywords=laptop&qid=1729747871&sprefix=laptop%2Caps%2C128&sr=8-148,499.99,4.7,262,Not available
"Dell Latitude 5400 14"" Laptop, Intel Core i5, 16GB RAM, 256GB SSD, Win11 Pro (Renewed)",https://www.amazon.ca/Dell-Latitude-Laptop-Intel-Renewed/dp/B0CS4R6BWQ/ref=sr_1_147?crid=1E63C3THFEGDP&dib=eyJ2IjoiMSJ9.umbOw4PQ4gXIQsvF80Qta50ApM03pd59lAVWjVK6Q5Ky3Ihf9yT4m5oAKKSDpjJmffrdinVcU03oPOAMM2BMH0_IJS_jLIb7iZb6n38Bt7JdflH3nU1mGx0NjzuhlFY22TQbEGMKXGk-ASVqfbDE_iVH-kTC1dInPojvMuGh3Kk5TkJ_FGWzh10NOkDvAKM37LmAEAUVvkkHvLn_FRf2p-DVEqSXb61b0omWVtR9r-a7uemMfdSVpmq60jNcjjrx58U08M1TkvVdhg3MeaBaT2DGmdeu6G_HNRcj7zL-WeI.GcooNQrkV7TdLKX5h0GKb-lQV4bYxL6MYnIWd4uQ1hQ&dib_tag=se&keywords=laptop&qid=1729747871&sprefix=laptop%2Caps%2C128&sr=8-147,330.00,4.6,3,Not available
External DVD Drive USB 3.0 Type-C CD Burner Portable CD +/-RW Drive DVD Player for ROM Rewriter Burner Compatible with Laptop Desktop PC Windows MacBook Linux Mac OS,https://www.amazon.ca/External-Rewriter-Burner-Portable-Desktop/dp/B096SQK922/ref=sr_1_146?crid=1E63C3THFEGDP&dib=eyJ2IjoiMSJ9.umbOw4PQ4gXIQsvF80Qta50ApM03pd59lAVWjVK6Q5Ky3Ihf9yT4m5oAKKSDpjJmffrdinVcU03oPOAMM2BMH0_IJS_jLIb7iZb6n38Bt7JdflH3nU1mGx0NjzuhlFY22TQbEGMKXGk-ASVqfbDE_iVH-kTC1dInPojvMuGh3Kk5TkJ_FGWzh10NOkDvAKM37LmAEAUVvkkHvLn_FRf2p-DVEqSXb61b0omWVtR9r-a7uemMfdSVpmq60jNcjjrx58U08M1TkvVdhg3MeaBaT2DGmdeu6G_HNRcj7zL-WeI.GcooNQrkV7TdLKX5h0GKb-lQV4bYxL6MYnIWd4uQ1hQ&dib_tag=se&keywords=laptop&qid=1729747871&sprefix=laptop%2Caps%2C128&sr=8-146,24.00,4.1,"7,431",Not available
"HP - 15.6"" Micro-Edge IPS Touch-Screen Laptop - Intel Core i3-1215U, 16GB RAM, 256GB SSD, Intel UHD Graphics, HDMI, Windows 11 Home S Mode, Natural Silver",https://www.amazon.ca/HP-Micro-Edge-Touch-Screen-i3-1215U-Graphics/dp/B0DBQWYXL8/ref=sr_1_145?crid=1E63C3THFEGDP&dib=eyJ2IjoiMSJ9.umbOw4PQ4gXIQsvF80Qta50ApM03pd59lAVWjVK6Q5Ky3Ihf9yT4m5oAKKSDpjJmffrdinVcU03oPOAMM2BMH0_IJS_jLIb7iZb6n38Bt7JdflH3nU1mGx0NjzuhlFY22TQbEGMKXGk-ASVqfbDE_iVH-kTC1dInPojvMuGh3Kk5TkJ_FGWzh10NOkDvAKM37LmAEAUVvkkHvLn_FRf2p-DVEqSXb61b0omWVtR9r-a7uemMfdSVpmq60jNcjjrx58U08M1TkvVdhg3MeaBaT2DGmdeu6G_HNRcj7zL-WeI.GcooNQrkV7TdLKX5h0GKb-lQV4bYxL6MYnIWd4uQ1hQ&dib_tag=se&keywords=laptop&qid=1729747871&sprefix=laptop%2Caps%2C128&sr=8-145,509.99,5.0,1,Not available
No title available,https://www.amazon.ca/s/?k=hp+laptop&ref=sugsr_0&pd_rd_w=tfSTI&content-id=amzn1.sym.ea3d2509-1669-4b70-ad4b-c83615b40ccf:amzn1.sym.ea3d2509-1669-4b70-ad4b-c83615b40ccf&pf_rd_p=ea3d2509-1669-4b70-ad4b-c83615b40ccf&pf_rd_r=006NTWBFMM27G8JX80QX&pd_rd_wg=fpdxt&pd_rd_r=5183fc76-591e-4ddc-8dd7-a3ac1fe3e673&qid=1729747871,Price not available,Rating not available,hp laptop,Not available
No title available,https://www.amazon.ca/s?k=hp+laptop&ref=rsl_sug_0_0&pd_rd_w=62q4I&content-id=amzn1.sym.44e6e7c3-130a-4bef-a9b7-4368915a8293:amzn1.sym.44e6e7c3-130a-4bef-a9b7-4368915a8293&pf_rd_p=44e6e7c3-130a-4bef-a9b7-4368915a8293&pf_rd_r=RC732EDXJYST8RDJAKFX&pd_rd_wg=9FzUb&pd_rd_r=cdf0a6f3-35ec-48b5-b9bd-936e07b5dd41&qid=1729747872,Price not available,Rating not available,hp laptop,Not available
No title available,https://www.amazon.ca/s?k=hp+laptop&ref=rsl_sug_0_0&pd_rd_w=XUcAp&content-id=amzn1.sym.44e6e7c3-130a-4bef-a9b7-4368915a8293:amzn1.sym.44e6e7c3-130a-4bef-a9b7-4368915a8293&pf_rd_p=44e6e7c3-130a-4bef-a9b7-4368915a8293&pf_rd_r=XY8F2WVEKYBZKN4P8NJK&pd_rd_wg=lgXuS&pd_rd_r=26b14aca-939a-4e1b-82c6-ab5596d87479&qid=1729747872,Price not available,Rating not available,hp laptop,Not available
No title available,https://www.amazon.ca/s?k=hp+laptop&ref=rsl_sug_0_0&pd_rd_w=cA29P&content-id=amzn1.sym.44e6e7c3-130a-4bef-a9b7-4368915a8293:amzn1.sym.44e6e7c3-130a-4bef-a9b7-4368915a8293&pf_rd_p=44e6e7c3-130a-4bef-a9b7-4368915a8293&pf_rd_r=5X1YKNCGJF2F3MS12B8B&pd_rd_wg=hMGUY&pd_rd_r=f71a79e6-2d67-42b4-b807-0d01a7101e98&qid=1729747871,Price not available,Rating not available,hp laptop,Not available
No title available,https://www.amazon.ca/s/?k=hp+laptop&ref=sugsr_0&pd_rd_w=N8q5R&content-id=amzn1.sym.ea3d2509-1669-4b70-ad4b-c83615b40ccf:amzn1.sym.ea3d2509-1669-4b70-ad4b-c83615b40ccf&pf_rd_p=ea3d2509-1669-4b70-ad4b-c83615b40ccf&pf_rd_r=5TMDES0MWBGJ14S7ZGQ1&pd_rd_wg=RZquK&pd_rd_r=4f59b727-37d3-4dc9-9591-72ec555230ec&qid=1729747871,Price not available,Rating not available,hp laptop,Not available
"Acer Swift 3 SF314-511-52EE, 14"" FHD 1920x1080 IPS EVO Laptop, Intel Core i5-1135G7, 8GB LPDDR4X RAM, 512GB SSD, Windows 11 Home",https://www.amazon.ca/sspa/click?ie=UTF8&spc=MTozNTgyNzA2MzIwOTUyNzk5OjE3Mjk3NDc4ODQ6c3BfYXRmX25leHQ6MzAwNDY1MTU2ODk3MjAyOjowOjo&url=%2FAcer-SF314-511-52EE-1920x1080-i5-1135G7-LPDDR4X%2Fdp%2FB0CP895B6V%2Fref%3Dsr_1_6433_sspa%3Fcrid%3D1E63C3THFEGDP%26keywords%3Dlaptop%26qid%3D1729747884%26sprefix%3Dlaptop%252Caps%252C128%26sr%3D8-6433-spons%26sp_csd%3Dd2lkZ2V0TmFtZT1zcF9hdGZfbmV4dA%26psc%3D1,599.99,4.8,8,Not available
"Dell Inspiron 16 Laptop 5640-16.0-inch 16:10 FHD+ (1920 x 1200) Display, Intel Core 7-150U Processor, 16GB DDR5 RAM, 1TB SSD, Intel Graphics, Windows 11 Pro, Onsite & Migrate Service - Midnight Blue",https://www.amazon.ca/sspa/click?ie=UTF8&spc=MTozNTgyNzA2MzIwOTUyNzk5OjE3Mjk3NDc4ODQ6c3BfbXRmOjMwMDMwMDY3Njk2NzgwMjo6MDo6&url=%2FDell-Inspiron-Laptop-5640-16-0-inch-Processor%2Fdp%2FB0D1KQLRR8%2Fref%3Dsr_1_6439_sspa%3Fcrid%3D1E63C3THFEGDP%26keywords%3Dlaptop%26qid%3D1729747884%26sprefix%3Dlaptop%252Caps%252C128%26sr%3D8-6439-spons%26sp_csd%3Dd2lkZ2V0TmFtZT1zcF9tdGY%26psc%3D1,"1,229.99",4.3,205,Not available
"HP EliteBook 830 G7 13.3"" FHD, Core i7-10610U 1.8GHz, 32GB RAM, 2TB M.2-NVMe, Windows 11 Pro 64Bit, CAM, (Renewed)",https://www.amazon.ca/sspa/click?ie=UTF8&spc=MTozNTgyNzA2MzIwOTUyNzk5OjE3Mjk3NDc4ODQ6c3BfbXRmOjMwMDI2Njg4MDgwOTgwMjo6MDo6&url=%2FHP-EliteBook-830-G7-Compatible%2Fdp%2FB0B4YKWT53%2Fref%3Dsr_1_6440_sspa%3Fcrid%3D1E63C3THFEGDP%26keywords%3Dlaptop%26qid%3D1729747884%26sprefix%3Dlaptop%252Caps%252C128%26sr%3D8-6440-spons%26sp_csd%3Dd2lkZ2V0TmFtZT1zcF9tdGY%26psc%3D1,"1,149.99",$30 delivery Oct 29 - 31 ,No reviews available,Not available
"Dell Latitude 7370 Business Laptop with Backlict Keyboard, 13.3in FHD(1920x1080) Notebook, Intel Core M5-6Y54 Processor 2.8GHz, 8GB RAM, 256GB SSD, Windows 10 Pro (Renewed)",https://www.amazon.ca/sspa/click?ie=UTF8&spc=MTozNTgyNzA2MzIwOTUyNzk5OjE3Mjk3NDc4ODQ6c3BfYnRmOjMwMDQ2NDU5NzU3MjkwMjo6MDo6&url=%2FDell-Latitude-Laptop-Intel-Renewed%2Fdp%2FB0B111XQKP%2Fref%3Dsr_1_6442_sspa%3Fcrid%3D1E63C3THFEGDP%26keywords%3Dlaptop%26qid%3D1729747884%26sprefix%3Dlaptop%252Caps%252C128%26sr%3D8-6442-spons%26sp_csd%3Dd2lkZ2V0TmFtZT1zcF9idGY%26psc%3D1,239.00,2.1,3,Not available
"Lenovo ThinkPad X280 Laptop Touch 12.5"" FHD (1920x1080) Ultrabook, Intel i5-8250U, 8GB DDR4 RAM, 256GB SSD, Wecam, HDMI, USB Type-C Windows 10 Pro (Renewed)",https://www.amazon.ca/sspa/click?ie=UTF8&spc=MTozNTgyNzA2MzIwOTUyNzk5OjE3Mjk3NDc4ODQ6c3BfYnRmOjMwMDE2Mzg0MDI0MDQwMjo6MDo6&url=%2FLenovo-ThinkPad-1920x1080-Ultrabook-i5-8250U%2Fdp%2FB0CVVPG13J%2Fref%3Dsr_1_6443_sspa%3Fcrid%3D1E63C3THFEGDP%26keywords%3Dlaptop%26qid%3D1729747884%26sprefix%3Dlaptop%252Caps%252C128%26sr%3D8-6443-spons%26sp_csd%3Dd2lkZ2V0TmFtZT1zcF9idGY%26psc%3D1,282.00,5.0,3,Not available
Lenovo Business V14 G3 IAP - 14 inch FHD - Intel core i7-1255U 1.70 GHZ 10 cores - 16 GB RAM - 512 GB SSD - Windows 11 pro - Business_Black,https://www.amazon.ca/sspa/click?ie=UTF8&spc=MTozNTgyNzA2MzIwOTUyNzk5OjE3Mjk3NDc4ODQ6c3BfYnRmOjMwMDI5MTEwNjQwODkwMjo6MDo6&url=%2FLenovo-Business-V14-IAP-Business_Black%2Fdp%2FB0CMHVRT1J%2Fref%3Dsr_1_6444_sspa%3Fcrid%3D1E63C3THFEGDP%26keywords%3Dlaptop%26qid%3D1729747884%26sprefix%3Dlaptop%252Caps%252C128%26sr%3D8-6444-spons%26sp_csd%3Dd2lkZ2V0TmFtZT1zcF9idGY%26psc%3D1,749.00,5.0,1,Not available
"Dell Latitude 5590 15.6"" Touchscreen Laptop, Intel Core i5, 16GB RAM, 512GB SSD, Win11 Pro (Renewed)",https://www.amazon.ca/sspa/click?ie=UTF8&spc=MTozNTgyNzA2MzIwOTUyNzk5OjE3Mjk3NDc4ODQ6c3BfYnRmOjMwMDIwNjk1MjI5ODYwMjo6MDo6&url=%2FDell-Latitude-5590-Touchscreen-Renewed%2Fdp%2FB0D4WRQ533%2Fref%3Dsr_1_6441_sspa%3Fcrid%3D1E63C3THFEGDP%26keywords%3Dlaptop%26qid%3D1729747884%26sprefix%3Dlaptop%252Caps%252C128%26sr%3D8-6441-spons%26sp_csd%3Dd2lkZ2V0TmFtZT1zcF9idGY%26psc%3D1,435.00,4.6,5,Not available
"Samsung Galaxy Book4 Laptop, 15.6"", Intel i7, 16GB RAM, 512GB Storage - Moonstone Gray",https://www.amazon.ca/sspa/click?ie=UTF8&spc=MTozNTgyNzA2MzIwOTUyNzk5OjE3Mjk3NDc4ODQ6c3BfbXRmOjMwMDQ2NTE1Njg5NjUwMjo6MDo6&url=%2FSamsung-Galaxy-Book4-Laptop-Storage%2Fdp%2FB0CV7GF9L6%2Fref%3Dsr_1_6438_sspa%3Fcrid%3D1E63C3THFEGDP%26keywords%3Dlaptop%26qid%3D1729747884%26sprefix%3Dlaptop%252Caps%252C128%26sr%3D8-6438-spons%26sp_csd%3Dd2lkZ2V0TmFtZT1zcF9tdGY%26psc%3D1,899.99,3.7,50,Not available
"Lenovo ThinkPad X390 Yoga 13.3"" Touchscreen 2-in-1 Laptop, Intel Core i5, 8GB RAM, 256GB SSD, Win11 Pro. (Renewed)",https://www.amazon.ca/sspa/click?ie=UTF8&spc=MTozNTgyNzA2MzIwOTUyNzk5OjE3Mjk3NDc4ODQ6c3BfbXRmOjMwMDQ3MTY5NDY3OTEwMjo6MDo6&url=%2FLenovo-ThinkPad-Touchscreen-Laptop-Renewed%2Fdp%2FB0DJRNWND7%2Fref%3Dsr_1_6437_sspa%3Fcrid%3D1E63C3THFEGDP%26keywords%3Dlaptop%26qid%3D1729747884%26sprefix%3Dlaptop%252Caps%252C128%26sr%3D8-6437-spons%26sp_csd%3Dd2lkZ2V0TmFtZT1zcF9tdGY%26psc%3D1,375.00,FREE delivery Oct 30 - Nov 5 ,No reviews available,Not available
"Dell Latitude 5310 Laptop 10th, 14in FHD(1920x1080) 5310 10th Laptop, i5-10th Processor, 16GB RAM, 512GB SSD, Win10 pro(Renewed)",https://www.amazon.ca/sspa/click?ie=UTF8&spc=MTozNTgyNzA2MzIwOTUyNzk5OjE3Mjk3NDc4ODQ6c3BfYXRmX25leHQ6MzAwNDM0NTA4MjA4NTAyOjowOjo&url=%2FDell-Latitude-5310-1920x1080-Processor%2Fdp%2FB0DF7H27XT%2Fref%3Dsr_1_6435_sspa%3Fcrid%3D1E63C3THFEGDP%26keywords%3Dlaptop%26qid%3D1729747884%26sprefix%3Dlaptop%252Caps%252C128%26sr%3D8-6435-spons%26sp_csd%3Dd2lkZ2V0TmFtZT1zcF9hdGZfbmV4dA%26psc%3D1,389.70,"FREE delivery Sun, Oct 27 ",Only 6 left in stock.,Not available
"Acer Aspire 3 A315-59-590J-CA, 15.6"" FHD 1920x1080 Laptop, Intel CoreTM i5-1235U, Intel UHD Graphics, 16GB RAM, 512GB SSD, Windows 11 Home",https://www.amazon.ca/sspa/click?ie=UTF8&spc=MTozNTgyNzA2MzIwOTUyNzk5OjE3Mjk3NDc4ODQ6c3BfYXRmX25leHQ6MzAwNDY1MTU2ODk3MTAyOjowOjo&url=%2FAcer-A315-59-590J-CA-1920x1080-i5-1235U-Graphics%2Fdp%2FB0D1ZFBPFV%2Fref%3Dsr_1_6436_sspa%3Fcrid%3D1E63C3THFEGDP%26keywords%3Dlaptop%26qid%3D1729747884%26sprefix%3Dlaptop%252Caps%252C128%26sr%3D8-6436-spons%26sp_csd%3Dd2lkZ2V0TmFtZT1zcF9hdGZfbmV4dA%26psc%3D1,699.99,5.0,2,Not available
"Dell Inspiron 3530 Laptop - 15.6-inch FHD 120Hz Display, Intel Core i5-1334U Processor, 16GB DDR4 RAM, 512GB SSD, Intel Iris Xe Graphics, Windows 11 Home, Migrate Services - Platinum Silver (Aluminum)",https://www.amazon.ca/sspa/click?ie=UTF8&spc=MTozNTgyNzA2MzIwOTUyNzk5OjE3Mjk3NDc4ODQ6c3BfYXRmX25leHQ6MzAwNDY1MTU2ODk3MDAyOjowOjo&url=%2FDell-Inspiron-3530-Laptop-15-6-inch%2Fdp%2FB0D1KS5VX9%2Fref%3Dsr_1_6434_sspa%3Fcrid%3D1E63C3THFEGDP%26keywords%3Dlaptop%26qid%3D1729747884%26sprefix%3Dlaptop%252Caps%252C128%26sr%3D8-6434-spons%26sp_csd%3Dd2lkZ2V0TmFtZT1zcF9hdGZfbmV4dA%26psc%3D1,849.99,4.0,194,Not available
