Name,Price,Rating,Number of Reviews,Product Link
iFixit Essential Electronics & Computer Repair Tool Kit,$43.99,4.8,1039,https://www.bestbuy.ca/en-ca/product/ifixit-essential-electronics-computer-repair-tool-kit/17211817
iFixit Pro Tech Electronics & Computer Repair Tool Kit,$107.99,4.9,1221,https://www.bestbuy.ca/en-ca/product/ifixit-pro-tech-electronics-computer-repair-tool-kit/17211819
iFixit Mako 64-Bit Electronics & Computer Repair Driver Kit,$59.99,4.92,1242,https://www.bestbuy.ca/en-ca/product/ifixit-mako-64-bit-electronics-computer-repair-driver-kit/17211818
"Standard 5ft (1.5m) 10 Amps 125 Volts Black 3 Prong AC Power Cord Cable for Electronics, TV, Computer, Printer, Radio, Monitor, Samsung, Dell, Vizio, LG, Asus, Laptop and More",$10.00,0.0,0,https://www.bestbuy.ca/en-ca/product/standard-5ft-1-5m-10-amps-125-volts-black-3-prong-ac-power-cord-cable-for-electronics-tv-computer-printer-radio-monitor-samsung-dell-vizio-lg-asus-laptop-and-more/17360420
Refurbished (Excellent) LG Electronics 22BK430H 22”Screen LCD Monitor- VGA/HDMI,$81.89,0.0,0,https://www.bestbuy.ca/en-ca/product/refurbished-excellent-lg-electronics-22bk430h-22-screen-lcd-monitor-vga-hdmi/17390122
"Canon EOS 800D / Rebel T7i DSLR Camera with 18-55mm Lens + Creative Filter Set, EOS Camera Bag + Sandisk Ultra 64GB Card + 6AVE Electronics Cleaning Set, And More (International","$1,429.95",0.0,0,https://www.bestbuy.ca/en-ca/product/canon-eos-800d-rebel-t7i-dslr-camera-with-18-55mm-lens-creative-filter-set-eos-camera-bag-sandisk-ultra-64gb-card-6ave-electronics-cleaning-set-and-more-international/15859043
"Refurbished (Excellent)- Dual Electronics XDCPA10BT 7-inch Double DIN Car Stereo with Certified Apple CarPlay Android Auto, Touchscreen, Built-in Bluetooth & USB Port",$374.50,0.0,0,https://www.bestbuy.ca/en-ca/product/refurbished-excellent-dual-electronics-xdcpa10bt-7-inch-double-din-car-stereo-with-certified-apple-carplay-android-auto-touchscreen-built-in-bluetooth-usb-port/18198353
NAXA Electronics NRC-175 Digital Alarm Clock Tuning AM/FM Radio and CD Player - Black Lacquer,$99.99,0.0,0,https://www.bestbuy.ca/en-ca/product/naxa-electronics-nrc-175-digital-alarm-clock-tuning-am-fm-radio-and-cd-player-black-lacquer/13487258
"NAXA Electronics NPB-426 Portable CD Player with AM/FM Stereo Radio, Cassette Player/Recorder and Twin Detachable Speakers",$149.99,0.0,0,https://www.bestbuy.ca/en-ca/product/naxa-electronics-npb-426-portable-cd-player-with-am-fm-stereo-radio-cassette-player-recorder-and-twin-detachable-speakers/13487252
"Lg Electronics LG 32MR51CA-B 32"" Class Full HD Curved Screen LCD Monitor",$314.47,0.0,0,https://www.bestbuy.ca/en-ca/product/lg-electronics-lg-32mr51ca-b-32-class-full-hd-curved-screen-lcd-monitor/18194648
"Open Box - SAMSUNG Electronics Galaxy Book 15 Int 15.6"" Intel Core i7-1165G7 Processor, 16GB, 256GB- Wi-Fi - Mystic Silver NP750XDA-KD3",$639.97,0.0,0,https://www.bestbuy.ca/en-ca/product/open-box-samsung-electronics-galaxy-book-15-int-15-6-intel-core-i7-1165g7-processor-16gb-256gb-wi-fi-mystic-silver-np750xda-kd3/18485393
"Speck Products Smartshell MacBook Air 13"" (2020) Case - Clear [Electronics]",$137.62,0.0,0,https://www.bestbuy.ca/en-ca/product/speck-products-smartshell-macbook-air-13-2020-case-clear-electronics/16982380
Geek Squad Electronics Removal Service - In-Store Only,$49.99,5.0,1,https://www.bestbuy.ca/en-ca/product/geek-squad-geek-squad-electronics-removal-service-in-store-only/10148039
"Universal Electronics/Accessories Soft Carrying Case Bag, Durable & Light-Weight,Suitable for Out-Going, Business, Travel and Cosmetics Kit (Small-Black)",$8.84,0.0,0,https://www.bestbuy.ca/en-ca/product/universal-electronics-accessories-soft-carrying-case-bag-durable-light-weight-suitable-for-out-going-business-travel-and-cosmetics-kit-small-black/16490473
Electronics Cleaner 99.9% Isopropyl Alcohol 1L,$15.70,0.0,0,https://www.bestbuy.ca/en-ca/product/electronics-cleaner-99-9-isopropyl-alcohol-1l/16397490
NAXA Electronics NPB-300 Portable Cassette Recorder and Digital Converter,$99.99,0.0,0,https://www.bestbuy.ca/en-ca/product/naxa-electronics-npb-300-portable-cassette-recorder-and-digital-converter/13487579
"Dolaer Universal Power Adapter 5V 3A Power Supply Multi-Voltage Adjustable Wall Charger Replacement for Home Electronics, Routers, Speakers, LCD TVs, Cameras, TV Boxes",$14.18,0.0,0,https://www.bestbuy.ca/en-ca/product/dolaer-universal-power-adapter-5v-3a-power-supply-multi-voltage-adjustable-wall-charger-replacement-for-home-electronics-routers-speakers-lcd-tvs-cameras-tv-boxes/16377841
"Cf Compact Flash Memory Card To Laptop 2.5"" 44 Pin Drive Board Hdd Ide Adapter Hard Male Electronics Disk Card Conversion",$30.69,0.0,0,https://www.bestbuy.ca/en-ca/product/cf-compact-flash-memory-card-to-laptop-2-5-44-pin-drive-board-hdd-ide-adapter-hard-male-electronics-disk-card-conversion/18711667
"Cf Compact Flash Memory Card To Laptop 2.5"" 44 Pin Drive Board Hdd Ide Adapter Hard Male Electronics Disk Card Conversion",$31.01,0.0,0,https://www.bestbuy.ca/en-ca/product/cf-compact-flash-memory-card-to-laptop-2-5-44-pin-drive-board-hdd-ide-adapter-hard-male-electronics-disk-card-conversion/18711289
"Cf Compact Flash Memory Card To Laptop 2.5"" 44 Pin Drive Board Hdd Ide Adapter Hard Male Electronics Disk Card Conversion",$30.87,0.0,0,https://www.bestbuy.ca/en-ca/product/cf-compact-flash-memory-card-to-laptop-2-5-44-pin-drive-board-hdd-ide-adapter-hard-male-electronics-disk-card-conversion/18710396
"Outdoor Bluetooth Speaker with Flame Atmosphere, Led Waterproof Wireless Torch Speaker, Stereo Sound, Cool Gadgets for Camping, Yard, Party, Home, Decorations, Electronics Gifts",$78.99,0.0,0,https://www.bestbuy.ca/en-ca/product/outdoor-bluetooth-speaker-with-flame-atmosphere-led-waterproof-wireless-torch-speaker-stereo-sound-cool-gadgets-for-camping-yard-party-home-decorations-electronics-gifts/18660943
"USB 2.0 A Male to DC 4.0 x 1.7mm 5V DC Barrel Power Cable Charger Cord for Sony PSP Tablet,Cellphone,Laptop,Netbook,Electronics",$27.88,0.0,0,https://www.bestbuy.ca/en-ca/product/usb-2-0-a-male-to-dc-4-0-x-1-7mm-5v-dc-barrel-power-cable-charger-cord-for-sony-psp-tablet-cellphone-laptop-netbook-electronics/18660898
128 in 1 Precision Screwdriver Set Magnetic Tool Set with 120 Phillips Head & Flathead for Electronics Watch Eyeglass Repairing,$49.13,0.0,0,https://www.bestbuy.ca/en-ca/product/128-in-1-precision-screwdriver-set-magnetic-tool-set-with-120-phillips-head-flathead-for-electronics-watch-eyeglass-repairing/18657632
128 in 1 Precision Screwdriver Set Repair Tool Kit with Roll-Up Case Professional Multi-Tool for Electronics Computer Laptop,$36.93,0.0,0,https://www.bestbuy.ca/en-ca/product/128-in-1-precision-screwdriver-set-repair-tool-kit-with-roll-up-case-professional-multi-tool-for-electronics-computer-laptop/18657255
"0.8 Five-Star +1.5 T2 Torx 0.6Y Mini Pocket Precision Screwdriver Magnetic Repair Tool Kit for iPhone,Electronics,Tablet Repair",$24.82,0.0,0,https://www.bestbuy.ca/en-ca/product/0-8-five-star-1-5-t2-torx-0-6y-mini-pocket-precision-screwdriver-magnetic-repair-tool-kit-for-iphone-electronics-tablet-repair/18657189
5/10pcs Mini Multi-Function Precision Torx Slotted Phillips Y Star Screwdriver Set for Watch Eyeglasses Electronics Repair Tools,$23.46,0.0,0,https://www.bestbuy.ca/en-ca/product/5-10pcs-mini-multi-function-precision-torx-slotted-phillips-y-star-screwdriver-set-for-watch-eyeglasses-electronics-repair-tools/18657153
Xiaomi 153 in 1 Multi Household Screwdriver Set Magnetic Screwdriver Bits Kit Manual Repair Tools Appliance Electronics for Home,$57.08,0.0,0,https://www.bestbuy.ca/en-ca/product/xiaomi-153-in-1-multi-household-screwdriver-set-magnetic-screwdriver-bits-kit-manual-repair-tools-appliance-electronics-for-home/18657032
Precision Screwdriver Set 117 In 1 Set Magnetic Mini Screw Nuts Bits Electronics Repair Tool Kit for MacBook Phone,$34.89,0.0,0,https://www.bestbuy.ca/en-ca/product/precision-screwdriver-set-117-in-1-set-magnetic-mini-screw-nuts-bits-electronics-repair-tool-kit-for-macbook-phone/18657023
128 in 1 Precision Screwdriver Set Repair Tool Kit with Roll-Up Case Professional Multi-Tool for Electronics Computer Laptop,$36.92,0.0,0,https://www.bestbuy.ca/en-ca/product/128-in-1-precision-screwdriver-set-repair-tool-kit-with-roll-up-case-professional-multi-tool-for-electronics-computer-laptop/18656540
"Flexible Shaft Bits Extention Screwdriver Bit Holder Connect Link Electronics Drill 1/4"" Hex Shank Black 295mm Car Repair Tools",$23.16,0.0,0,https://www.bestbuy.ca/en-ca/product/flexible-shaft-bits-extention-screwdriver-bit-holder-connect-link-electronics-drill-1-4-hex-shank-black-295mm-car-repair-tools/18656311
6Pcs Electronics Repair Tool Prying Opening Repair Tool Kit Tablet Computer Opening Tool Small Metal Spudger For Opening,$24.94,0.0,0,https://www.bestbuy.ca/en-ca/product/6pcs-electronics-repair-tool-prying-opening-repair-tool-kit-tablet-computer-opening-tool-small-metal-spudger-for-opening/18656296
6Pcs Electronics Repair Tool Prying Opening Repair Tool Kit Tablet Computer Opening Tool Small Metal Spudger For Opening,$24.92,0.0,0,https://www.bestbuy.ca/en-ca/product/6pcs-electronics-repair-tool-prying-opening-repair-tool-kit-tablet-computer-opening-tool-small-metal-spudger-for-opening/18656287
Small Screwdriver Set For Electronics 115-in-1 Portable Precision Screwdriver Kit Laptop Repair Tool Kit Magnetic Repair Tools,$27.15,0.0,0,https://www.bestbuy.ca/en-ca/product/small-screwdriver-set-for-electronics-115-in-1-portable-precision-screwdriver-kit-laptop-repair-tool-kit-magnetic-repair-tools/18656247
"0.8 Five-Star +1.5 T2 Torx 0.6Y Mini Pocket Precision Screwdriver Magnetic Repair Tool Kit for iPhone,Electronics,Tablet Repair",$29.90,0.0,0,https://www.bestbuy.ca/en-ca/product/0-8-five-star-1-5-t2-torx-0-6y-mini-pocket-precision-screwdriver-magnetic-repair-tool-kit-for-iphone-electronics-tablet-repair/18656231
"44-In-1 Precision Screwdriver Set, Multifunction Mini Screw Driver Repair Tool Kit For Electronics, Computer, Eyeglass, Phone, W",$44.71,0.0,0,https://www.bestbuy.ca/en-ca/product/44-in-1-precision-screwdriver-set-multifunction-mini-screw-driver-repair-tool-kit-for-electronics-computer-eyeglass-phone-w/18655910
Professional Electronics Opening Pry Tool Metal Crowbar Repair Disassemble Magnetic Black Phone,$27.30,0.0,0,https://www.bestbuy.ca/en-ca/product/professional-electronics-opening-pry-tool-metal-crowbar-repair-disassemble-magnetic-black-phone/18655905
Xiaomi 115 in 1 Electronics Screwdriver Set Precision Screwdriver Tools Nut Driver Professional Magnetic Laptop Repair Tools,$34.17,0.0,0,https://www.bestbuy.ca/en-ca/product/xiaomi-115-in-1-electronics-screwdriver-set-precision-screwdriver-tools-nut-driver-professional-magnetic-laptop-repair-tools/18655825
5/10pcs Mini Multi-Function Precision Torx Slotted Phillips Y Star Screwdriver Set for Watch Eyeglasses Electronics Repair Tools,$23.34,0.0,0,https://www.bestbuy.ca/en-ca/product/5-10pcs-mini-multi-function-precision-torx-slotted-phillips-y-star-screwdriver-set-for-watch-eyeglasses-electronics-repair-tools/18655740
20 Pcs Repair Tool Kit for Electronics Phone Toolkit Disassemble Laptop Computer,$24.66,0.0,0,https://www.bestbuy.ca/en-ca/product/20-pcs-repair-tool-kit-for-electronics-phone-toolkit-disassemble-laptop-computer/18655593
"0.8 Five-Star +1.5 T2 Torx 0.6Y Mini Pocket Precision Screwdriver Magnetic Repair Tool Kit for iPhone,Electronics,Tablet Repair",$29.60,0.0,0,https://www.bestbuy.ca/en-ca/product/0-8-five-star-1-5-t2-torx-0-6y-mini-pocket-precision-screwdriver-magnetic-repair-tool-kit-for-iphone-electronics-tablet-repair/18655540
Opening Spudger Pry Tool For Electronics Repair For Mobile Phone Digital Tablets Laptops Disassemble Steel Metal,$22.80,0.0,0,https://www.bestbuy.ca/en-ca/product/opening-spudger-pry-tool-for-electronics-repair-for-mobile-phone-digital-tablets-laptops-disassemble-steel-metal/18655487
6Pcs Electronics Repair Tool Prying Opening Repair Tool Kit Tablet Computer Opening Tool Small Metal Spudger For Opening,$25.08,0.0,0,https://www.bestbuy.ca/en-ca/product/6pcs-electronics-repair-tool-prying-opening-repair-tool-kit-tablet-computer-opening-tool-small-metal-spudger-for-opening/18654929
Precision Screwdriver Set 117 In 1 Set Magnetic Mini Screw Nuts Bits Electronics Repair Tool Kit for MacBook Phone,$32.86,0.0,0,https://www.bestbuy.ca/en-ca/product/precision-screwdriver-set-117-in-1-set-magnetic-mini-screw-nuts-bits-electronics-repair-tool-kit-for-macbook-phone/18654921
"0.8 Five-Star +1.5 T2 Torx 0.6Y Mini Pocket Precision Screwdriver Magnetic Repair Tool Kit for iPhone,Electronics,Tablet Repair",$29.60,0.0,0,https://www.bestbuy.ca/en-ca/product/0-8-five-star-1-5-t2-torx-0-6y-mini-pocket-precision-screwdriver-magnetic-repair-tool-kit-for-iphone-electronics-tablet-repair/18654845
Xiaomi 115 in 1 Electronics Screwdriver Set Precision Screwdriver Tools Nut Driver Professional Magnetic Laptop Repair Tools,$34.56,0.0,0,https://www.bestbuy.ca/en-ca/product/xiaomi-115-in-1-electronics-screwdriver-set-precision-screwdriver-tools-nut-driver-professional-magnetic-laptop-repair-tools/18654770
Magnetic Screwdriver Set 128 In 1 Kit Bits Precision Electronics Disassembly Multifunctional Repair Tool For Computer PC Phone,$47.75,0.0,0,https://www.bestbuy.ca/en-ca/product/magnetic-screwdriver-set-128-in-1-kit-bits-precision-electronics-disassembly-multifunctional-repair-tool-for-computer-pc-phone/18654521
Electronics Screwdriver Set Portable 115 In 1 Mini Repair Tool Kit Electronics Repair Kit Precision Screwdriver Bits For Mobile,$38.12,0.0,0,https://www.bestbuy.ca/en-ca/product/electronics-screwdriver-set-portable-115-in-1-mini-repair-tool-kit-electronics-repair-kit-precision-screwdriver-bits-for-mobile/18654355
5/10pcs Mini Multi-Function Precision Torx Slotted Phillips Y Star Screwdriver Set for Watch Eyeglasses Electronics Repair Tools,$22.35,0.0,0,https://www.bestbuy.ca/en-ca/product/5-10pcs-mini-multi-function-precision-torx-slotted-phillips-y-star-screwdriver-set-for-watch-eyeglasses-electronics-repair-tools/18654339
5PCS 1.5-4mm Hexagon Screwdriver Set Flat Head Hex Magnetic Repairing Electronics Toy Furniture Hand Tool Accessories,$24.62,0.0,0,https://www.bestbuy.ca/en-ca/product/5pcs-1-5-4mm-hexagon-screwdriver-set-flat-head-hex-magnetic-repairing-electronics-toy-furniture-hand-tool-accessories/18654236
Screwdriver Set 115 in 1 Precision Screwdriver Tools Nut Driver Professional Electronics Magnetic Repair Tools Laptop Repair,$35.64,0.0,0,https://www.bestbuy.ca/en-ca/product/screwdriver-set-115-in-1-precision-screwdriver-tools-nut-driver-professional-electronics-magnetic-repair-tools-laptop-repair/18654100
115 in 1 Precision Screwdriver Set Multi-bits Screwdriver Professional Electronics Repair Tool Kit for Laptop Phone Computer,$32.09,0.0,0,https://www.bestbuy.ca/en-ca/product/115-in-1-precision-screwdriver-set-multi-bits-screwdriver-professional-electronics-repair-tool-kit-for-laptop-phone-computer/18653804
"0.8 Five-Star +1.5 T2 Torx 0.6Y Mini Pocket Precision Screwdriver Magnetic Repair Tool Kit for iPhone,Electronics,Tablet Repair",$29.60,0.0,0,https://www.bestbuy.ca/en-ca/product/0-8-five-star-1-5-t2-torx-0-6y-mini-pocket-precision-screwdriver-magnetic-repair-tool-kit-for-iphone-electronics-tablet-repair/18653761
Precision Screwdriver Set 24-in-1 Multifunction Magnetic Mini Driver Bit Set for Fixing Electronics PC Tablet Eyeglass Repairing,$31.15,0.0,0,https://www.bestbuy.ca/en-ca/product/precision-screwdriver-set-24-in-1-multifunction-magnetic-mini-driver-bit-set-for-fixing-electronics-pc-tablet-eyeglass-repairing/18653733
Precision Screwdriver Set Portable 115 In 1 Mini Repair Tool Kit Electronics Repair Kit Precision Screwdriver Bits For Mobile,$34.45,0.0,0,https://www.bestbuy.ca/en-ca/product/precision-screwdriver-set-portable-115-in-1-mini-repair-tool-kit-electronics-repair-kit-precision-screwdriver-bits-for-mobile/18653732
5/10pcs Mini Multi-Function Precision Torx Slotted Phillips Y Star Screwdriver Set for Watch Eyeglasses Electronics Repair Tools,$22.35,0.0,0,https://www.bestbuy.ca/en-ca/product/5-10pcs-mini-multi-function-precision-torx-slotted-phillips-y-star-screwdriver-set-for-watch-eyeglasses-electronics-repair-tools/18653640
JM-8193 180-in-1 Electric Mini Precision Screwdriver Toolkit Multifunctional for Repair Phone Camera Mini Electronics,$60.38,0.0,0,https://www.bestbuy.ca/en-ca/product/jm-8193-180-in-1-electric-mini-precision-screwdriver-toolkit-multifunctional-for-repair-phone-camera-mini-electronics/18653495
710x500x2mm Anti-Static ESD Mat+Ground Wire+ESD Wrist For Mobile Phone Computer Sensitive Electronics Repair Blanket Work Pad,$52.04,0.0,0,https://www.bestbuy.ca/en-ca/product/710x500x2mm-anti-static-esd-matground-wireesd-wrist-for-mobile-phone-computer-sensitive-electronics-repair-blanket-work-pad/18653482
Insulation Silicone Soldering Mat Repair Pad Heat Resistant Silicone Work Mat for BGA Soldering CellPhone Electronics Repair Kit,$22.71,0.0,0,https://www.bestbuy.ca/en-ca/product/insulation-silicone-soldering-mat-repair-pad-heat-resistant-silicone-work-mat-for-bga-soldering-cellphone-electronics-repair-kit/18653462
Ultimate 115-in-1 Precision Screwdriver Set for Electronics PC Laptop Phone MacBook Repair Professional Tools Kit for Every Task,$30.63,0.0,0,https://www.bestbuy.ca/en-ca/product/ultimate-115-in-1-precision-screwdriver-set-for-electronics-pc-laptop-phone-macbook-repair-professional-tools-kit-for-every-task/18653297
"Cell Phone Repair Kit - with Case - 40 In 1, Multipurpose - Computer Screwdriver Kit - Electronics Kit - PC Tool Kit",$41.07,0.0,0,https://www.bestbuy.ca/en-ca/product/cell-phone-repair-kit-with-case-40-in-1-multipurpose-computer-screwdriver-kit-electronics-kit-pc-tool-kit/18653132
"0.8 Five-Star +1.5 T2 Torx 0.6Y Mini Pocket Precision Screwdriver Magnetic Repair Tool Kit for iPhone,Electronics,Tablet Repair",$31.30,0.0,0,https://www.bestbuy.ca/en-ca/product/0-8-five-star-1-5-t2-torx-0-6y-mini-pocket-precision-screwdriver-magnetic-repair-tool-kit-for-iphone-electronics-tablet-repair/18652963
Electronics Screwdriver Set Portable 115 In 1 Mini Repair Tool Kit Electronics Repair Kit Precision Screwdriver Bits For Mobile,$38.10,0.0,0,https://www.bestbuy.ca/en-ca/product/electronics-screwdriver-set-portable-115-in-1-mini-repair-tool-kit-electronics-repair-kit-precision-screwdriver-bits-for-mobile/18652946
ORIA Precision Screwdriver Set 60-in-1 Magnetic Screwdriver Bit Kit For Phones Game Console Tablet PC Electronics Repair Tool,$39.91,0.0,0,https://www.bestbuy.ca/en-ca/product/oria-precision-screwdriver-set-60-in-1-magnetic-screwdriver-bit-kit-for-phones-game-console-tablet-pc-electronics-repair-tool/18652383
YOUTOOLS Silicone Soldering Non-slip Mat ESD Antistatic Heat Insulation Electronics Phone Repair Working Platform Pad UT-D251,$36.09,0.0,0,https://www.bestbuy.ca/en-ca/product/youtools-silicone-soldering-non-slip-mat-esd-antistatic-heat-insulation-electronics-phone-repair-working-platform-pad-ut-d251/18652344
Opening Spudger Pry Tool For Electronics Repair For Mobile Phone Digital Tablets Laptops Disassemble Steel Metal,$24.26,0.0,0,https://www.bestbuy.ca/en-ca/product/opening-spudger-pry-tool-for-electronics-repair-for-mobile-phone-digital-tablets-laptops-disassemble-steel-metal/18652323
Opening Spudger Pry Tool For Electronics Repair For Mobile Phone Digital Tablets Laptops Disassemble Steel Metal,$22.10,0.0,0,https://www.bestbuy.ca/en-ca/product/opening-spudger-pry-tool-for-electronics-repair-for-mobile-phone-digital-tablets-laptops-disassemble-steel-metal/18652322
20Pcs Professional Precision Disassembly Maintenance Phone Repair Tool Set for Repairing Computer Laptop PC Notebook Electronics,$26.55,0.0,0,https://www.bestbuy.ca/en-ca/product/20pcs-professional-precision-disassembly-maintenance-phone-repair-tool-set-for-repairing-computer-laptop-pc-notebook-electronics/18652131
26 in 1 Precision Screwdriver Set Small Multifunction Electronics Repair Tool Kit magnetic for phone camera Computer Eyeglass,$26.83,0.0,0,https://www.bestbuy.ca/en-ca/product/26-in-1-precision-screwdriver-set-small-multifunction-electronics-repair-tool-kit-magnetic-for-phone-camera-computer-eyeglass/18652056
Small Screwdriver Set For Electronics 115-in-1 Portable Precision Screwdriver Kit Laptop Repair Tool Kit Magnetic Repair Tools,$41.47,0.0,0,https://www.bestbuy.ca/en-ca/product/small-screwdriver-set-for-electronics-115-in-1-portable-precision-screwdriver-kit-laptop-repair-tool-kit-magnetic-repair-tools/18652045
152 in 1 Precision Screwdriver Set Magnetic Repair Tool Kit for Electronics Computer Laptop Macbook iPhone RCPS5 Nintendo Xbox,$46.43,0.0,0,https://www.bestbuy.ca/en-ca/product/152-in-1-precision-screwdriver-set-magnetic-repair-tool-kit-for-electronics-computer-laptop-macbook-iphone-rcps5-nintendo-xbox/18652040
128 in 1 Precision Screwdriver Set Repair Tool Kit with Roll-Up Case Professional Multi-Tool for Electronics Computer Laptop,$36.93,0.0,0,https://www.bestbuy.ca/en-ca/product/128-in-1-precision-screwdriver-set-repair-tool-kit-with-roll-up-case-professional-multi-tool-for-electronics-computer-laptop/18652006
"44-In-1 Precision Screwdriver Set, Multifunction Mini Screw Driver Repair Tool Kit For Electronics, Computer, Eyeglass, Phone, W",$45.29,0.0,0,https://www.bestbuy.ca/en-ca/product/44-in-1-precision-screwdriver-set-multifunction-mini-screw-driver-repair-tool-kit-for-electronics-computer-eyeglass-phone-w/18651734
6Pcs Electronics Repair Tool Prying Opening Repair Tool Kit Tablet Computer Opening Tool Small Metal Spudger For Opening,$24.99,0.0,0,https://www.bestbuy.ca/en-ca/product/6pcs-electronics-repair-tool-prying-opening-repair-tool-kit-tablet-computer-opening-tool-small-metal-spudger-for-opening/18651732
Plastic Spudger Pry Tools Blade Opening Tool Repair Kit for Electronics Tool Kit Screen Opening Tools for iPhone Repair,$23.38,0.0,0,https://www.bestbuy.ca/en-ca/product/plastic-spudger-pry-tools-blade-opening-tool-repair-kit-for-electronics-tool-kit-screen-opening-tools-for-iphone-repair/18651718
Insulation Silicone Soldering Mat Repair Pad Heat Resistant Silicone Work Mat for BGA Soldering CellPhone Electronics Repair Kit,$24.69,0.0,0,https://www.bestbuy.ca/en-ca/product/insulation-silicone-soldering-mat-repair-pad-heat-resistant-silicone-work-mat-for-bga-soldering-cellphone-electronics-repair-kit/18651693
Precision Screwdriver Set Portable 115 In 1 Mini Repair Tool Kit Electronics Repair Kit Precision Screwdriver Bits For Mobile,$34.46,0.0,0,https://www.bestbuy.ca/en-ca/product/precision-screwdriver-set-portable-115-in-1-mini-repair-tool-kit-electronics-repair-kit-precision-screwdriver-bits-for-mobile/18651655
Screwdriver Set 115 in 1 Precision Screwdriver Tools Nut Driver Professional Electronics Magnetic Repair Tools Laptop Repair,$35.64,0.0,0,https://www.bestbuy.ca/en-ca/product/screwdriver-set-115-in-1-precision-screwdriver-tools-nut-driver-professional-electronics-magnetic-repair-tools-laptop-repair/18651647
5/10pcs Mini Multi-Function Precision Torx Slotted Phillips Y Star Screwdriver Set for Watch Eyeglasses Electronics Repair Tools,$22.37,0.0,0,https://www.bestbuy.ca/en-ca/product/5-10pcs-mini-multi-function-precision-torx-slotted-phillips-y-star-screwdriver-set-for-watch-eyeglasses-electronics-repair-tools/18651543
6Pcs Electronics Repair Tool Prying Opening Repair Tool Kit Tablet Computer Opening Tool Small Metal Spudger For Opening,$26.02,0.0,0,https://www.bestbuy.ca/en-ca/product/6pcs-electronics-repair-tool-prying-opening-repair-tool-kit-tablet-computer-opening-tool-small-metal-spudger-for-opening/18651434
Spectacles Pen Style Screwdriver 10.7CM‍ 8* Screwdriver Bits Blue Electronics Repair Set Tool Computer Durable,$22.21,0.0,0,https://www.bestbuy.ca/en-ca/product/spectacles-pen-style-screwdriver-10-7cm-8-screwdriver-bits-blue-electronics-repair-set-tool-computer-durable/18651419
25 In 1 Screwdriver Set Magnetic Mini Precision Screwdriver Bit Set Opening Repair Tools Multifunctional Electronics Repair Tool,$24.13,0.0,0,https://www.bestbuy.ca/en-ca/product/25-in-1-screwdriver-set-magnetic-mini-precision-screwdriver-bit-set-opening-repair-tools-multifunctional-electronics-repair-tool/18651369
152 in 1 Precision Screwdriver Set Magnetic Repair Tool Kit for Electronics Computer Laptop Macbook iPhone RCPS5 Nintendo Xbox,$46.43,0.0,0,https://www.bestbuy.ca/en-ca/product/152-in-1-precision-screwdriver-set-magnetic-repair-tool-kit-for-electronics-computer-laptop-macbook-iphone-rcps5-nintendo-xbox/18651345
"0.8 Five-Star +1.5 T2 Torx 0.6Y Mini Pocket Precision Screwdriver Magnetic Repair Tool Kit for iPhone,Electronics,Tablet Repair",$29.52,0.0,0,https://www.bestbuy.ca/en-ca/product/0-8-five-star-1-5-t2-torx-0-6y-mini-pocket-precision-screwdriver-magnetic-repair-tool-kit-for-iphone-electronics-tablet-repair/18651334
6Pcs Electronics Repair Tool Prying Opening Repair Tool Kit Tablet Computer Opening Tool Small Metal Spudger For Opening,$24.94,0.0,0,https://www.bestbuy.ca/en-ca/product/6pcs-electronics-repair-tool-prying-opening-repair-tool-kit-tablet-computer-opening-tool-small-metal-spudger-for-opening/18651002
Small Screwdriver Set For Electronics 115-in-1 Portable Precision Screwdriver Kit Laptop Repair Tool Kit Magnetic Repair Tools,$27.17,0.0,0,https://www.bestbuy.ca/en-ca/product/small-screwdriver-set-for-electronics-115-in-1-portable-precision-screwdriver-kit-laptop-repair-tool-kit-magnetic-repair-tools/18650981
152 in 1 Precision Screwdriver Set Magnetic Repair Tool Kit for Electronics Computer Laptop Macbook iPhone RCPS5 Nintendo Xbox,$46.43,0.0,0,https://www.bestbuy.ca/en-ca/product/152-in-1-precision-screwdriver-set-magnetic-repair-tool-kit-for-electronics-computer-laptop-macbook-iphone-rcps5-nintendo-xbox/18650976
37 in 1 Precision Screwdriver Set Magnetic Small Repair Tool Hand Tools for Watch Computer Electronics Bike Phone IT Crafts,$35.91,0.0,0,https://www.bestbuy.ca/en-ca/product/37-in-1-precision-screwdriver-set-magnetic-small-repair-tool-hand-tools-for-watch-computer-electronics-bike-phone-it-crafts/18650927
Precision 1.2mm Phillips Screwdriver for iPhone Repair Tool PH0000 Cross Head Mini Screwdriver for Electronics Watches Glasses,$23.48,0.0,0,https://www.bestbuy.ca/en-ca/product/precision-1-2mm-phillips-screwdriver-for-iphone-repair-tool-ph0000-cross-head-mini-screwdriver-for-electronics-watches-glasses/18650909
"0.8 Five-Star +1.5 T2 Torx 0.6Y Mini Pocket Precision Screwdriver Magnetic Repair Tool Kit for iPhone,Electronics,Tablet Repair",$24.47,0.0,0,https://www.bestbuy.ca/en-ca/product/0-8-five-star-1-5-t2-torx-0-6y-mini-pocket-precision-screwdriver-magnetic-repair-tool-kit-for-iphone-electronics-tablet-repair/18650858
5/10pcs Mini Multi-Function Precision Torx Slotted Phillips Y Star Screwdriver Set for Watch Eyeglasses Electronics Repair Tools,$23.25,0.0,0,https://www.bestbuy.ca/en-ca/product/5-10pcs-mini-multi-function-precision-torx-slotted-phillips-y-star-screwdriver-set-for-watch-eyeglasses-electronics-repair-tools/18650828
26 in 1 Precision Screwdriver Set Small Multifunction Electronics Repair Tool Kit magnetic for phone camera Computer Eyeglass,$28.06,0.0,0,https://www.bestbuy.ca/en-ca/product/26-in-1-precision-screwdriver-set-small-multifunction-electronics-repair-tool-kit-magnetic-for-phone-camera-computer-eyeglass/18650706
5PCS Precision Screw Driver Kit Multipurpose Watch Eyeglasses Repair Electronics Repair Screwdriver,$24.60,0.0,0,https://www.bestbuy.ca/en-ca/product/5pcs-precision-screw-driver-kit-multipurpose-watch-eyeglasses-repair-electronics-repair-screwdriver/18650688
JIMIHOME 72 in 1 Precision Screwdriver Set Mini Screwdriver Set Professional Electronics Magnetic Repair Tool Kit for IPhone PC,$69.60,0.0,0,https://www.bestbuy.ca/en-ca/product/jimihome-72-in-1-precision-screwdriver-set-mini-screwdriver-set-professional-electronics-magnetic-repair-tool-kit-for-iphone-pc/18650685
Precision Screwdriver Kit Electronics Repair Tool Magnetic Driver Kit Phone Computer Disassemble Apple Repair Household Tool,$37.95,0.0,0,https://www.bestbuy.ca/en-ca/product/precision-screwdriver-kit-electronics-repair-tool-magnetic-driver-kit-phone-computer-disassemble-apple-repair-household-tool/18650665
Metal Pry Bar Tool For Electronics Repair For Mobile Phone Digital Tablets Laptops Watches Disassemble For Hand Tool Accessory,$22.50,0.0,0,https://www.bestbuy.ca/en-ca/product/metal-pry-bar-tool-for-electronics-repair-for-mobile-phone-digital-tablets-laptops-watches-disassemble-for-hand-tool-accessory/18650633
Xiaomi 25 In 1 Magnetic Screwdriver Set Precision Electronics Computer PC Phone Disassembly Multifunctional Maintenance Tool Set,$24.88,0.0,0,https://www.bestbuy.ca/en-ca/product/xiaomi-25-in-1-magnetic-screwdriver-set-precision-electronics-computer-pc-phone-disassembly-multifunctional-maintenance-tool-set/18650590
5/10pcs Mini Multi-Function Precision Torx Slotted Phillips Y Star Screwdriver Set for Watch Eyeglasses Electronics Repair Tools,$23.07,0.0,0,https://www.bestbuy.ca/en-ca/product/5-10pcs-mini-multi-function-precision-torx-slotted-phillips-y-star-screwdriver-set-for-watch-eyeglasses-electronics-repair-tools/18650479
180 In 1 Precision Screwdriver Tool Set Multifunctional Electronics Repair Tool Professional Screwdriver Kit for Phone Watch,$63.15,0.0,0,https://www.bestbuy.ca/en-ca/product/180-in-1-precision-screwdriver-tool-set-multifunctional-electronics-repair-tool-professional-screwdriver-kit-for-phone-watch/18650318
152 in 1 Precision Screwdriver Set Magnetic Repair Tool Kit for Electronics Computer Laptop Macbook iPhone RCPS5 Nintendo Xbox,$46.43,0.0,0,https://www.bestbuy.ca/en-ca/product/152-in-1-precision-screwdriver-set-magnetic-repair-tool-kit-for-electronics-computer-laptop-macbook-iphone-rcps5-nintendo-xbox/18650275
Precision Screwdriver 115 In 1 Electronics Screwdriver Tool Set Laptop Repair Tool Kit Magnetic Repair Tools With Storage Case,$30.05,0.0,0,https://www.bestbuy.ca/en-ca/product/precision-screwdriver-115-in-1-electronics-screwdriver-tool-set-laptop-repair-tool-kit-magnetic-repair-tools-with-storage-case/18650210
"0.8 Five-Star +1.5 T2 Torx 0.6Y Mini Pocket Precision Screwdriver Magnetic Repair Tool Kit for iPhone,Electronics,Tablet Repair",$34.09,0.0,0,https://www.bestbuy.ca/en-ca/product/0-8-five-star-1-5-t2-torx-0-6y-mini-pocket-precision-screwdriver-magnetic-repair-tool-kit-for-iphone-electronics-tablet-repair/18650207
1 Set Cable Comb Clamp Cables Clip Organizer Computer Wire Management Clip Sleeved Cable Manager Electronics Accessories,$22.93,0.0,0,https://www.bestbuy.ca/en-ca/product/1-set-cable-comb-clamp-cables-clip-organizer-computer-wire-management-clip-sleeved-cable-manager-electronics-accessories/18646504
1 Set Cable Comb Clamp Cables Clip Organizer Computer Wire Management Clip Sleeved Cable Manager Electronics Accessories,$22.91,0.0,0,https://www.bestbuy.ca/en-ca/product/1-set-cable-comb-clamp-cables-clip-organizer-computer-wire-management-clip-sleeved-cable-manager-electronics-accessories/18645811
5/10pcs Mini Multi-Function Precision Torx Slotted Phillips Y Star Screwdriver Set for Watch Eyeglasses Electronics Repair Tools,$22.34,0.0,0,https://www.bestbuy.ca/en-ca/product/5-10pcs-mini-multi-function-precision-torx-slotted-phillips-y-star-screwdriver-set-for-watch-eyeglasses-electronics-repair-tools/18645358
Small Screwdriver Set For Electronics 115-in-1 Portable Precision Screwdriver Kit Laptop Repair Tool Kit Magnetic Repair Tools,$27.29,0.0,0,https://www.bestbuy.ca/en-ca/product/small-screwdriver-set-for-electronics-115-in-1-portable-precision-screwdriver-kit-laptop-repair-tool-kit-magnetic-repair-tools/18645197
20Pcs Professional Precision Disassembly Maintenance Phone Repair Tool Set for Repairing Computer Laptop PC Notebook Electronics,$24.58,0.0,0,https://www.bestbuy.ca/en-ca/product/20pcs-professional-precision-disassembly-maintenance-phone-repair-tool-set-for-repairing-computer-laptop-pc-notebook-electronics/18645193
Silicone Soldering Mat ESD Antistatic Heat Insulation Motherboard Electronics Phone Repair Maintenance Magnetic Working Platform,$41.98,0.0,0,https://www.bestbuy.ca/en-ca/product/silicone-soldering-mat-esd-antistatic-heat-insulation-motherboard-electronics-phone-repair-maintenance-magnetic-working-platform/18645185
"0.8 Five-Star +1.5 T2 Torx 0.6Y Mini Pocket Precision Screwdriver Magnetic Repair Tool Kit for iPhone,Electronics,Tablet Repair",$26.04,0.0,0,https://www.bestbuy.ca/en-ca/product/0-8-five-star-1-5-t2-torx-0-6y-mini-pocket-precision-screwdriver-magnetic-repair-tool-kit-for-iphone-electronics-tablet-repair/18645011
152 in 1 Precision Screwdriver Set Magnetic Repair Tool Kit for Electronics Computer Laptop Macbook iPhone RCPS5 Nintendo Xbox,$46.43,0.0,0,https://www.bestbuy.ca/en-ca/product/152-in-1-precision-screwdriver-set-magnetic-repair-tool-kit-for-electronics-computer-laptop-macbook-iphone-rcps5-nintendo-xbox/18644790
Xiaomi 115 in 1 Electronics Screwdriver Set Precision Screwdriver Tools Nut Driver Professional Magnetic Laptop Repair Tools,$34.63,0.0,0,https://www.bestbuy.ca/en-ca/product/xiaomi-115-in-1-electronics-screwdriver-set-precision-screwdriver-tools-nut-driver-professional-magnetic-laptop-repair-tools/18644704
Opening Spudger Pry Tool For Electronics Repair For Mobile Phone Digital Tablets Laptops Disassemble Steel Metal,$23.95,0.0,0,https://www.bestbuy.ca/en-ca/product/opening-spudger-pry-tool-for-electronics-repair-for-mobile-phone-digital-tablets-laptops-disassemble-steel-metal/18644393
5/10pcs Mini Multi-Function Precision Torx Slotted Phillips Y Star Screwdriver Set for Watch Eyeglasses Electronics Repair Tools,$23.29,0.0,0,https://www.bestbuy.ca/en-ca/product/5-10pcs-mini-multi-function-precision-torx-slotted-phillips-y-star-screwdriver-set-for-watch-eyeglasses-electronics-repair-tools/18644282
Metal Pry Bar Tool For Electronics Repair For Mobile Phone Digital Tablets Laptops Watches Disassemble For Hand Tool Accessory,$21.08,0.0,0,https://www.bestbuy.ca/en-ca/product/metal-pry-bar-tool-for-electronics-repair-for-mobile-phone-digital-tablets-laptops-watches-disassemble-for-hand-tool-accessory/18644060
YOUTOOLS Silicone Soldering Non-slip Mat ESD Antistatic Heat Insulation Electronics Phone Repair Working Platform Pad UT-D251,$36.09,0.0,0,https://www.bestbuy.ca/en-ca/product/youtools-silicone-soldering-non-slip-mat-esd-antistatic-heat-insulation-electronics-phone-repair-working-platform-pad-ut-d251/18644045
Ultimate 115-in-1 Precision Screwdriver Set for Electronics PC Laptop Phone MacBook Repair Professional Tools Kit for Every Task,$30.69,0.0,0,https://www.bestbuy.ca/en-ca/product/ultimate-115-in-1-precision-screwdriver-set-for-electronics-pc-laptop-phone-macbook-repair-professional-tools-kit-for-every-task/18643953
6 Pcs Pry Tools For Electronics Tools for Electronics Screen Repairing Stick Phone Laptop Computer,$25.24,0.0,0,https://www.bestbuy.ca/en-ca/product/6-pcs-pry-tools-for-electronics-tools-for-electronics-screen-repairing-stick-phone-laptop-computer/18643835
Small Precision T4 Torx Screwdriver Torx Star Driver for Electronics Computer Glasses DIY Repair Hand Tool,$24.13,0.0,0,https://www.bestbuy.ca/en-ca/product/small-precision-t4-torx-screwdriver-torx-star-driver-for-electronics-computer-glasses-diy-repair-hand-tool/18643805
5/10pcs Mini Multi-Function Precision Torx Slotted Phillips Y Star Screwdriver Set for Watch Eyeglasses Electronics Repair Tools,$23.18,0.0,0,https://www.bestbuy.ca/en-ca/product/5-10pcs-mini-multi-function-precision-torx-slotted-phillips-y-star-screwdriver-set-for-watch-eyeglasses-electronics-repair-tools/18643578
5/10pcs Mini Multi-Function Precision Torx Slotted Phillips Y Star Screwdriver Set for Watch Eyeglasses Electronics Repair Tools,$22.39,0.0,0,https://www.bestbuy.ca/en-ca/product/5-10pcs-mini-multi-function-precision-torx-slotted-phillips-y-star-screwdriver-set-for-watch-eyeglasses-electronics-repair-tools/18643577
Metal Pry Bar Tool For Electronics Repair For Mobile Phone Digital Tablets Laptops Watches Disassemble For Hand Tool Accessory,$21.34,0.0,0,https://www.bestbuy.ca/en-ca/product/metal-pry-bar-tool-for-electronics-repair-for-mobile-phone-digital-tablets-laptops-watches-disassemble-for-hand-tool-accessory/18643385
Magnetic Screwdriver Set 24 in 1 Kit Bits Precision Electronics Computer PC Phone Disassembly Multifunctional Maintenance Tool,$23.96,0.0,0,https://www.bestbuy.ca/en-ca/product/magnetic-screwdriver-set-24-in-1-kit-bits-precision-electronics-computer-pc-phone-disassembly-multifunctional-maintenance-tool/18643304
6Pcs Electronics Repair Tool Prying Opening Repair Tool Kit Tablet Computer Opening Tool Small Metal Spudger For Opening,$25.03,0.0,0,https://www.bestbuy.ca/en-ca/product/6pcs-electronics-repair-tool-prying-opening-repair-tool-kit-tablet-computer-opening-tool-small-metal-spudger-for-opening/18643125
"Screwdriver Set 50 in 1 Precision Screwdriver Set, Electronics Tool Kit PC, Laptop, RC, Computer, Phone Repair Kit",$40.21,0.0,0,https://www.bestbuy.ca/en-ca/product/screwdriver-set-50-in-1-precision-screwdriver-set-electronics-tool-kit-pc-laptop-rc-computer-phone-repair-kit/18643121
"0.8 Five-Star +1.5 T2 Torx 0.6Y Mini Pocket Precision Screwdriver Magnetic Repair Tool Kit for iPhone,Electronics,Tablet Repair",$29.60,0.0,0,https://www.bestbuy.ca/en-ca/product/0-8-five-star-1-5-t2-torx-0-6y-mini-pocket-precision-screwdriver-magnetic-repair-tool-kit-for-iphone-electronics-tablet-repair/18643106
Spectacles Pen Style Screwdriver 10.7CM‍ 8* Screwdriver Bits Blue Electronics Repair Set Tool 8 In1 Computer Diy,$23.30,0.0,0,https://www.bestbuy.ca/en-ca/product/spectacles-pen-style-screwdriver-10-7cm-8-screwdriver-bits-blue-electronics-repair-set-tool-8-in1-computer-diy/18643068
128 in 1 Precision Screwdriver Set Repair Tool Kit with Roll-Up Case Professional Multi-Tool for Electronics Computer Laptop,$47.88,0.0,0,https://www.bestbuy.ca/en-ca/product/128-in-1-precision-screwdriver-set-repair-tool-kit-with-roll-up-case-professional-multi-tool-for-electronics-computer-laptop/18643026
Precision Screwdriver Set Portable 115 In 1 Mini Repair Tool Kit Electronics Repair Kit Precision Screwdriver Bits For Mobile,$34.45,0.0,0,https://www.bestbuy.ca/en-ca/product/precision-screwdriver-set-portable-115-in-1-mini-repair-tool-kit-electronics-repair-kit-precision-screwdriver-bits-for-mobile/18643015
"0.8 Five-Star +1.5 T2 Torx 0.6Y Mini Pocket Precision Screwdriver Magnetic Repair Tool Kit for iPhone,Electronics,Tablet Repair",$23.83,0.0,0,https://www.bestbuy.ca/en-ca/product/0-8-five-star-1-5-t2-torx-0-6y-mini-pocket-precision-screwdriver-magnetic-repair-tool-kit-for-iphone-electronics-tablet-repair/18642925
Electronics Screwdriver Set Portable 115 In 1 Mini Repair Tool Kit Electronics Repair Kit Precision Screwdriver Bits For Mobile,$38.12,0.0,0,https://www.bestbuy.ca/en-ca/product/electronics-screwdriver-set-portable-115-in-1-mini-repair-tool-kit-electronics-repair-kit-precision-screwdriver-bits-for-mobile/18642894
Ultimate 115-in-1 Precision Screwdriver Set for Electronics PC Laptop Phone MacBook Repair Professional Tools Kit for Every Task,$30.63,0.0,0,https://www.bestbuy.ca/en-ca/product/ultimate-115-in-1-precision-screwdriver-set-for-electronics-pc-laptop-phone-macbook-repair-professional-tools-kit-for-every-task/18642887
"44-In-1 Precision Screwdriver Set, Multifunction Mini Screw Driver Repair Tool Kit For Electronics, Computer, Eyeglass, Phone, W",$45.67,0.0,0,https://www.bestbuy.ca/en-ca/product/44-in-1-precision-screwdriver-set-multifunction-mini-screw-driver-repair-tool-kit-for-electronics-computer-eyeglass-phone-w/18642718
2.0mm Y0 Triwing Screwdriver Magnetic Precision Tripoint Screwdriver for Electronics Repair Opening Tool,$24.48,0.0,0,https://www.bestbuy.ca/en-ca/product/2-0mm-y0-triwing-screwdriver-magnetic-precision-tripoint-screwdriver-for-electronics-repair-opening-tool/18642709
"0.8 Five-Star +1.5 T2 Torx 0.6Y Mini Pocket Precision Screwdriver Magnetic Repair Tool Kit for iPhone,Electronics,Tablet Repair",$26.01,0.0,0,https://www.bestbuy.ca/en-ca/product/0-8-five-star-1-5-t2-torx-0-6y-mini-pocket-precision-screwdriver-magnetic-repair-tool-kit-for-iphone-electronics-tablet-repair/18642569
8Pcs Professional Electronics Opening Pry Tool Repair High Hardness CPU for Crowbar for Computer IC Chip Repairing LX9A,$23.23,0.0,0,https://www.bestbuy.ca/en-ca/product/8pcs-professional-electronics-opening-pry-tool-repair-high-hardness-cpu-for-crowbar-for-computer-ic-chip-repairing-lx9a/18642381
16/32 in 1 Mini Screwdriver Set with Case Professional Precision Screwdriver Kit Tiny screwdriver tool for Electronics Phone,$23.25,0.0,0,https://www.bestbuy.ca/en-ca/product/16-32-in-1-mini-screwdriver-set-with-case-professional-precision-screwdriver-kit-tiny-screwdriver-tool-for-electronics-phone/18642339
Cell Phone Disassembly Tools 10 Pieces Professional Electronics Tool Kit Multipurpose Double-Head Repair Pry Tool Kit For,$23.63,0.0,0,https://www.bestbuy.ca/en-ca/product/cell-phone-disassembly-tools-10-pieces-professional-electronics-tool-kit-multipurpose-double-head-repair-pry-tool-kit-for/18642331
128 in 1 Precision Screwdriver Set Repair Tool Kit with Roll-Up Case Professional Multi-Tool for Electronics Computer Laptop,$36.95,0.0,0,https://www.bestbuy.ca/en-ca/product/128-in-1-precision-screwdriver-set-repair-tool-kit-with-roll-up-case-professional-multi-tool-for-electronics-computer-laptop/18642318
Precision Screwdriver Set Portable 115 In 1 Mini Repair Tool Kit Electronics Repair Kit Precision Screwdriver Bits For Mobile,$34.44,0.0,0,https://www.bestbuy.ca/en-ca/product/precision-screwdriver-set-portable-115-in-1-mini-repair-tool-kit-electronics-repair-kit-precision-screwdriver-bits-for-mobile/18642302
Electronics Screwdriver Set 115 In 1 Small Screwdriver Electronics Tool Set Laptop Repair Tool Kit Magnetic Repair Tools With,$37.54,0.0,0,https://www.bestbuy.ca/en-ca/product/electronics-screwdriver-set-115-in-1-small-screwdriver-electronics-tool-set-laptop-repair-tool-kit-magnetic-repair-tools-with/18642180
Precision 1.2mm Phillips Screwdriver for iPhone Repair Tool PH0000 Cross Head Mini Screwdriver for Electronics Watches Glasses,$23.77,0.0,0,https://www.bestbuy.ca/en-ca/product/precision-1-2mm-phillips-screwdriver-for-iphone-repair-tool-ph0000-cross-head-mini-screwdriver-for-electronics-watches-glasses/18641906
128 in 1 Precision Screwdriver Set Repair Tool Kit with Roll-Up Case Professional Multi-Tool for Electronics Computer Laptop,$36.94,0.0,0,https://www.bestbuy.ca/en-ca/product/128-in-1-precision-screwdriver-set-repair-tool-kit-with-roll-up-case-professional-multi-tool-for-electronics-computer-laptop/18641731
"142pcs Electronics Precision Screwdriver Set with 120 Bits Magnetic Repair Tool Kit for iPhone, MacBook, Laptop, PC, Tablet, PS4",$75.02,0.0,0,https://www.bestbuy.ca/en-ca/product/142pcs-electronics-precision-screwdriver-set-with-120-bits-magnetic-repair-tool-kit-for-iphone-macbook-laptop-pc-tablet-ps4/18641712
YOUTOOLS Silicone Soldering Non-slip Mat ESD Antistatic Heat Insulation Electronics Phone Repair Working Platform Pad UT-D251,$36.09,0.0,0,https://www.bestbuy.ca/en-ca/product/youtools-silicone-soldering-non-slip-mat-esd-antistatic-heat-insulation-electronics-phone-repair-working-platform-pad-ut-d251/18641658
YOUTOOLS Silicone Soldering Non-slip Mat ESD Antistatic Heat Insulation Electronics Phone Repair Working Platform Pad UT-D251,$36.09,0.0,0,https://www.bestbuy.ca/en-ca/product/youtools-silicone-soldering-non-slip-mat-esd-antistatic-heat-insulation-electronics-phone-repair-working-platform-pad-ut-d251/18641657
Screwdriver Set 115 in 1 Precision Screwdriver Tools Nut Driver Professional Electronics Magnetic Repair Tools Laptop Repair,$35.64,0.0,0,https://www.bestbuy.ca/en-ca/product/screwdriver-set-115-in-1-precision-screwdriver-tools-nut-driver-professional-electronics-magnetic-repair-tools-laptop-repair/18641603
JM-8193 180-in-1 Electric Mini Precision Screwdriver Toolkit Multifunctional for Repair Phone Camera Mini Electronics,$61.44,0.0,0,https://www.bestbuy.ca/en-ca/product/jm-8193-180-in-1-electric-mini-precision-screwdriver-toolkit-multifunctional-for-repair-phone-camera-mini-electronics/18641308
"44-In-1 Precision Screwdriver Set, Multifunction Mini Screw Driver Repair Tool Kit For Electronics, Computer, Eyeglass, Phone, W",$42.29,0.0,0,https://www.bestbuy.ca/en-ca/product/44-in-1-precision-screwdriver-set-multifunction-mini-screw-driver-repair-tool-kit-for-electronics-computer-eyeglass-phone-w/18641287
Xiaomi 25 In 1 Magnetic Screwdriver Set Precision Electronics Computer PC Phone Disassembly Multifunctional Maintenance Tool Set,$25.48,0.0,0,https://www.bestbuy.ca/en-ca/product/xiaomi-25-in-1-magnetic-screwdriver-set-precision-electronics-computer-pc-phone-disassembly-multifunctional-maintenance-tool-set/18641251
Precision Screwdriver Set 24-in-1 Multifunction Magnetic Mini Driver Bit Set for Fixing Electronics PC Tablet Eyeglass Repairing,$30.78,0.0,0,https://www.bestbuy.ca/en-ca/product/precision-screwdriver-set-24-in-1-multifunction-magnetic-mini-driver-bit-set-for-fixing-electronics-pc-tablet-eyeglass-repairing/18640993
128 in 1 Multifunction Magnetic Phillips Bits Precision Screwdriver Set For Phone Computer IPhone Electronics Repair Hand Tool,$50.14,0.0,0,https://www.bestbuy.ca/en-ca/product/128-in-1-multifunction-magnetic-phillips-bits-precision-screwdriver-set-for-phone-computer-iphone-electronics-repair-hand-tool/18640982
HTOC 142-Piece Electronics Precision Screwdriver Sets With 120 Bits Magnetic Repair Tool Kit For iPhone MacBook Coumputer More,$63.48,0.0,0,https://www.bestbuy.ca/en-ca/product/htoc-142-piece-electronics-precision-screwdriver-sets-with-120-bits-magnetic-repair-tool-kit-for-iphone-macbook-coumputer-more/18640954
37 in 1 Precision Screwdriver Set Magnetic Small Repair Tool Hand Tools for Watch Computer Electronics Bike Phone IT Crafts,$47.91,0.0,0,https://www.bestbuy.ca/en-ca/product/37-in-1-precision-screwdriver-set-magnetic-small-repair-tool-hand-tools-for-watch-computer-electronics-bike-phone-it-crafts/18640919
"0.8 Five-Star +1.5 T2 Torx 0.6Y Mini Pocket Precision Screwdriver Magnetic Repair Tool Kit for iPhone,Electronics,Tablet Repair",$26.53,0.0,0,https://www.bestbuy.ca/en-ca/product/0-8-five-star-1-5-t2-torx-0-6y-mini-pocket-precision-screwdriver-magnetic-repair-tool-kit-for-iphone-electronics-tablet-repair/18640820
6Pcs Electronics Repair Tool Prying Opening Repair Tool Kit Tablet Computer Opening Tool Small Metal Spudger For Opening,$24.94,0.0,0,https://www.bestbuy.ca/en-ca/product/6pcs-electronics-repair-tool-prying-opening-repair-tool-kit-tablet-computer-opening-tool-small-metal-spudger-for-opening/18640574
Opening Spudger Pry Tool For Electronics Repair For Mobile Phone Digital Tablets Laptops Disassemble Steel Metal,$23.27,0.0,0,https://www.bestbuy.ca/en-ca/product/opening-spudger-pry-tool-for-electronics-repair-for-mobile-phone-digital-tablets-laptops-disassemble-steel-metal/18640297
JM-8193 180-in-1 Electric Mini Precision Screwdriver Toolkit Multifunctional for Repair Phone Camera Mini Electronics,$60.38,0.0,0,https://www.bestbuy.ca/en-ca/product/jm-8193-180-in-1-electric-mini-precision-screwdriver-toolkit-multifunctional-for-repair-phone-camera-mini-electronics/18640253
"Xiaomi Nanch Mini Precision Screwdriver Set 23 Pcs with 22 Bits,S2 Steel Laptop Repair Tools Kit for IPhone Computer Electronics",$51.07,0.0,0,https://www.bestbuy.ca/en-ca/product/xiaomi-nanch-mini-precision-screwdriver-set-23-pcs-with-22-bits-s2-steel-laptop-repair-tools-kit-for-iphone-computer-electronics/18640248
Precision 1.2mm Phillips Screwdriver for iPhone Repair Tool PH0000 Cross Head Mini Screwdriver for Electronics Watches Glasses,$23.92,0.0,0,https://www.bestbuy.ca/en-ca/product/precision-1-2mm-phillips-screwdriver-for-iphone-repair-tool-ph0000-cross-head-mini-screwdriver-for-electronics-watches-glasses/18640208
Portable Screwdriver Set 24-in-1 Precision Screwdriver Dismantling Tools Flexible Manual Screwdriver Multi-use Electronics,$22.11,0.0,0,https://www.bestbuy.ca/en-ca/product/portable-screwdriver-set-24-in-1-precision-screwdriver-dismantling-tools-flexible-manual-screwdriver-multi-use-electronics/18640202
Xiaomi 115 in 1 Electronics Screwdriver Set Precision Screwdriver Tools Nut Driver Professional Magnetic Laptop Repair Tools,$34.54,0.0,0,https://www.bestbuy.ca/en-ca/product/xiaomi-115-in-1-electronics-screwdriver-set-precision-screwdriver-tools-nut-driver-professional-magnetic-laptop-repair-tools/18640193
"0.8 Five-Star +1.5 T2 Torx 0.6Y Mini Pocket Precision Screwdriver Magnetic Repair Tool Kit for iPhone,Electronics,Tablet Repair",$26.31,0.0,0,https://www.bestbuy.ca/en-ca/product/0-8-five-star-1-5-t2-torx-0-6y-mini-pocket-precision-screwdriver-magnetic-repair-tool-kit-for-iphone-electronics-tablet-repair/18640119
"0.8 Five-Star +1.5 T2 Torx 0.6Y Mini Pocket Precision Screwdriver Magnetic Repair Tool Kit for iPhone,Electronics,Tablet Repair",$23.97,0.0,0,https://www.bestbuy.ca/en-ca/product/0-8-five-star-1-5-t2-torx-0-6y-mini-pocket-precision-screwdriver-magnetic-repair-tool-kit-for-iphone-electronics-tablet-repair/18640118
6Pcs Electronics Repair Tool Prying Opening Repair Tool Kit Tablet Computer Opening Tool Small Metal Spudger For Opening,$23.91,0.0,0,https://www.bestbuy.ca/en-ca/product/6pcs-electronics-repair-tool-prying-opening-repair-tool-kit-tablet-computer-opening-tool-small-metal-spudger-for-opening/18639818
Xiaomi 115 in 1 Electronics Screwdriver Set Precision Screwdriver Tools Nut Driver Professional Magnetic Laptop Repair Tools,$34.54,0.0,0,https://www.bestbuy.ca/en-ca/product/xiaomi-115-in-1-electronics-screwdriver-set-precision-screwdriver-tools-nut-driver-professional-magnetic-laptop-repair-tools/18639634
1Set 25 In 1 Screwdriver Set Pocket Tools Electronics Repair Electronic Screwdriver Professional Mini Precision Repair Tools Kit,$23.31,0.0,0,https://www.bestbuy.ca/en-ca/product/1set-25-in-1-screwdriver-set-pocket-tools-electronics-repair-electronic-screwdriver-professional-mini-precision-repair-tools-kit/18639601
"Anti Static ESD Heat Insulation Work Mat, Soft Gel Material, Great for Repairing Cell Phones, Laptops, and Electronics",$24.01,0.0,0,https://www.bestbuy.ca/en-ca/product/anti-static-esd-heat-insulation-work-mat-soft-gel-material-great-for-repairing-cell-phones-laptops-and-electronics/18639568
Plastic Pick Shovel Triangle Pry Tools Screen Opening Tool Screen Spudger Electronics Disassembly Supplies Crowbar,$22.29,0.0,0,https://www.bestbuy.ca/en-ca/product/plastic-pick-shovel-triangle-pry-tools-screen-opening-tool-screen-spudger-electronics-disassembly-supplies-crowbar/18639528
Magnetic Screwdriver Set 24 in 1 Kit Bits Precision Electronics Computer PC Phone Disassembly Multifunctional Maintenance Tool,$24.23,0.0,0,https://www.bestbuy.ca/en-ca/product/magnetic-screwdriver-set-24-in-1-kit-bits-precision-electronics-computer-pc-phone-disassembly-multifunctional-maintenance-tool/18639501
Precision Screwdriver 115 In 1 Electronics Screwdriver Tool Set Laptop Repair Tool Kit Magnetic Repair Tools With Storage Case,$29.44,0.0,0,https://www.bestbuy.ca/en-ca/product/precision-screwdriver-115-in-1-electronics-screwdriver-tool-set-laptop-repair-tool-kit-magnetic-repair-tools-with-storage-case/18639420
"0.8 Five-Star +1.5 T2 Torx 0.6Y Mini Pocket Precision Screwdriver Magnetic Repair Tool Kit for iPhone,Electronics,Tablet Repair",$23.95,0.0,0,https://www.bestbuy.ca/en-ca/product/0-8-five-star-1-5-t2-torx-0-6y-mini-pocket-precision-screwdriver-magnetic-repair-tool-kit-for-iphone-electronics-tablet-repair/18639122
2 Pcs Tool Crowbar Laptop Computer Flat Head Spudger Opening Pry Repair Tools Electronics,$23.15,0.0,0,https://www.bestbuy.ca/en-ca/product/2-pcs-tool-crowbar-laptop-computer-flat-head-spudger-opening-pry-repair-tools-electronics/18639100
25 In 1 Screwdriver Set Magnetic Mini Precision Screwdriver Bit Set Opening Repair Tools Multifunctional Electronics Repair Tool,$24.09,0.0,0,https://www.bestbuy.ca/en-ca/product/25-in-1-screwdriver-set-magnetic-mini-precision-screwdriver-bit-set-opening-repair-tools-multifunctional-electronics-repair-tool/18638920
Precision Screwdriver 115 In 1 Electronics Screwdriver Tool Set Laptop Repair Tool Kit Magnetic Repair Tools With Storage Case,$39.52,0.0,0,https://www.bestbuy.ca/en-ca/product/precision-screwdriver-115-in-1-electronics-screwdriver-tool-set-laptop-repair-tool-kit-magnetic-repair-tools-with-storage-case/18638878
"0.8 Five-Star +1.5 T2 Torx 0.6Y Mini Pocket Precision Screwdriver Magnetic Repair Tool Kit for iPhone,Electronics,Tablet Repair",$25.82,0.0,0,https://www.bestbuy.ca/en-ca/product/0-8-five-star-1-5-t2-torx-0-6y-mini-pocket-precision-screwdriver-magnetic-repair-tool-kit-for-iphone-electronics-tablet-repair/18638827
Ultimate 115-in-1 Precision Screwdriver Set for Electronics PC Laptop Phone MacBook Repair Professional Tools Kit for Every Task,$31.03,0.0,0,https://www.bestbuy.ca/en-ca/product/ultimate-115-in-1-precision-screwdriver-set-for-electronics-pc-laptop-phone-macbook-repair-professional-tools-kit-for-every-task/18638703
5/10pcs Mini Multi-Function Precision Torx Slotted Phillips Y Star Screwdriver Set for Watch Eyeglasses Electronics Repair Tools,$22.47,0.0,0,https://www.bestbuy.ca/en-ca/product/5-10pcs-mini-multi-function-precision-torx-slotted-phillips-y-star-screwdriver-set-for-watch-eyeglasses-electronics-repair-tools/18638687
5/10pcs Mini Multi-Function Precision Torx Slotted Phillips Y Star Screwdriver Set for Watch Eyeglasses Electronics Repair Tools,$23.18,0.0,0,https://www.bestbuy.ca/en-ca/product/5-10pcs-mini-multi-function-precision-torx-slotted-phillips-y-star-screwdriver-set-for-watch-eyeglasses-electronics-repair-tools/18638686
"0.8 Five-Star +1.5 T2 Torx 0.6Y Mini Pocket Precision Screwdriver Magnetic Repair Tool Kit for iPhone,Electronics,Tablet Repair",$23.93,0.0,0,https://www.bestbuy.ca/en-ca/product/0-8-five-star-1-5-t2-torx-0-6y-mini-pocket-precision-screwdriver-magnetic-repair-tool-kit-for-iphone-electronics-tablet-repair/18638526
Electronics Screwdriver Set Portable 115 In 1 Mini Repair Tool Kit Electronics Repair Kit Precision Screwdriver Bits For Mobile,$38.12,0.0,0,https://www.bestbuy.ca/en-ca/product/electronics-screwdriver-set-portable-115-in-1-mini-repair-tool-kit-electronics-repair-kit-precision-screwdriver-bits-for-mobile/18638443
Electronics Screwdriver Set 115 In 1 Small Screwdriver Electronics Tool Set Laptop Repair Tool Kit Magnetic Repair Tools With,$33.58,0.0,0,https://www.bestbuy.ca/en-ca/product/electronics-screwdriver-set-115-in-1-small-screwdriver-electronics-tool-set-laptop-repair-tool-kit-magnetic-repair-tools-with/18638131
6Pcs Electronics Repair Tool Prying Opening Repair Tool Kit Tablet Computer Opening Tool Small Metal Spudger For Opening,$24.06,0.0,0,https://www.bestbuy.ca/en-ca/product/6pcs-electronics-repair-tool-prying-opening-repair-tool-kit-tablet-computer-opening-tool-small-metal-spudger-for-opening/18637931
"Electronics Organizer Travel Universal Cable Organizer Bag Waterproof Electronics Accessories Storage Cases for Cable, Rechargeable Battery Batteries Replacement Ni-MH AAA for Pa",$22.99,0.0,0,https://www.bestbuy.ca/en-ca/product/electronics-organizer-travel-universal-cable-organizer-bag-waterproof-electronics-accessories-storage-cases-for-cable-rechargeable-battery-batteries-replacement-ni-mh-aaa-for-pa/18624701
"Upgraded Electronics Fun Kit featuring a power supply module, jumper wires, precision potentiometer, and an 830 tie-point breadboard, compatible with Arduino, and Raspberry Pi.",$52.99,0.0,0,https://www.bestbuy.ca/en-ca/product/upgraded-electronics-fun-kit-featuring-a-power-supply-module-jumper-wires-precision-potentiometer-and-an-830-tie-point-breadboard-compatible-with-arduino-and-raspberry-pi/18618974
"The Most Comprehensive Electronics Starter Kit by SunFounder, compatible with Arduino Mega 2560 R3, Mega328, and Nano, featuring 73 included tutorials.",$144.99,0.0,0,https://www.bestbuy.ca/en-ca/product/the-most-comprehensive-electronics-starter-kit-by-sunfounder-compatible-with-arduino-mega-2560-r3-mega328-and-nano-featuring-73-included-tutorials/18618778
"Moisture-Free Air Duster - 10 Oz, VOC-Free Canned Air for Electronics & Cleaning",$19.99,0.0,0,https://www.bestbuy.ca/en-ca/product/moisture-free-air-duster-10-oz-voc-free-canned-air-for-electronics-cleaning/18599208
19V AC Adapter Charger for LG Electronics 19 20 22 23 24 27 32 LED LCD Monitor Widescreen HDTV 24M47H-P 24MP55HQ Samsung 32 A4819-FDY UN32J400 UN32J4000AF Power Supply Cord,$19.80,0.0,0,https://www.bestbuy.ca/en-ca/product/19v-ac-adapter-charger-for-lg-electronics-19-20-22-23-24-27-32-led-lcd-monitor-widescreen-hdtv-24m47h-p-24mp55hq-samsung-32-a4819-fdy-un32j400-un32j4000af-power-supply-cord/18594266
"Desk Calculator, Standard Function Office Calculator, Standard Function Electronics Calculator, 12 Digit Large LCD Display With Two-Way Power",$34.99,0.0,0,https://www.bestbuy.ca/en-ca/product/desk-calculator-standard-function-office-calculator-standard-function-electronics-calculator-12-digit-large-lcd-display-with-two-way-power/18467464
"Travel Electronics Organizer Portable Cable Organizer Bag for Storage Electronic Accessories Case for Cord,Phone,Charger,Flash Drive",$27.87,0.0,0,https://www.bestbuy.ca/en-ca/product/travel-electronics-organizer-portable-cable-organizer-bag-for-storage-electronic-accessories-case-for-cord-phone-charger-flash-drive/18246810
"Electronics Organizer Travel Universal Cable Organizer Bag Waterproof Electronics Accessories Storage Cases for Cable, Charger, Phone, USB, SD Card, Hard Drives, Power Bank, Cords",$29.87,0.0,0,https://www.bestbuy.ca/en-ca/product/electronics-organizer-travel-universal-cable-organizer-bag-waterproof-electronics-accessories-storage-cases-for-cable-charger-phone-usb-sd-card-hard-drives-power-bank-cords/18246807
"Electronics Organizer Travel Universal Cable Organizer Bag Waterproof Electronics Accessories Storage Cases for Cable, Charger, Phone, USB, SD Card, Hard Drives, Power Bank, Cords",$29.87,0.0,0,https://www.bestbuy.ca/en-ca/product/electronics-organizer-travel-universal-cable-organizer-bag-waterproof-electronics-accessories-storage-cases-for-cable-charger-phone-usb-sd-card-hard-drives-power-bank-cords/18246804
"Travel Case Organizer for Small Electronics and Accessories,Tech Bag,Essentials for Mouse,Cord,Charger,Phone,Earphone,Power Bank,Hub,Toiletries,Cosmetics,Personal Items,Black",$19.87,0.0,0,https://www.bestbuy.ca/en-ca/product/travel-case-organizer-for-small-electronics-and-accessories-tech-bag-essentials-for-mouse-cord-charger-phone-earphone-power-bank-hub-toiletries-cosmetics-personal-items-black/18246803
"Travel Electronics Organizer Portable Cable Organizer Bag for Storage Electronic Accessories Case for Cord,Phone,Charger,Flash Drive",$25.87,0.0,0,https://www.bestbuy.ca/en-ca/product/travel-electronics-organizer-portable-cable-organizer-bag-for-storage-electronic-accessories-case-for-cord-phone-charger-flash-drive/18246793
"Travel Case-Electronics Cable Organizer,Hard EVA Carrying Case Tool Case, Protective Power Bank Case Storage Bag Dual Zipper Pouch for External Battery,Cables,Headphones,Charger",$16.87,0.0,0,https://www.bestbuy.ca/en-ca/product/travel-case-electronics-cable-organizer-hard-eva-carrying-case-tool-case-protective-power-bank-case-storage-bag-dual-zipper-pouch-for-external-battery-cables-headphones-charger/18246785
Universal Pouch Travel Power Bank Carrying Case Hard Shockproof Protective EVA Cover Battery Pack USB Cable Organizer Earbuds Sleeve Electronics Bag Smooth Coating Case Black,$19.87,0.0,0,https://www.bestbuy.ca/en-ca/product/universal-pouch-travel-power-bank-carrying-case-hard-shockproof-protective-eva-cover-battery-pack-usb-cable-organizer-earbuds-sleeve-electronics-bag-smooth-coating-case-black/18246784
"Travel Electronics Organizer Portable Cable Organizer Bag for Storage Electronic Accessories Case for Cord,Phone,Charger,Flash Drive",$27.87,0.0,0,https://www.bestbuy.ca/en-ca/product/travel-electronics-organizer-portable-cable-organizer-bag-for-storage-electronic-accessories-case-for-cord-phone-charger-flash-drive/18246782
"Electronic Organizer Travel Universal Cable Organizer Waterproof Electronics Accessories Storage Cases for Cable, Charger, Phone, USB, SD Card, Hard Drives, Power Bank, Cords",$29.87,0.0,0,https://www.bestbuy.ca/en-ca/product/electronic-organizer-travel-universal-cable-organizer-waterproof-electronics-accessories-storage-cases-for-cable-charger-phone-usb-sd-card-hard-drives-power-bank-cords/18246781
"Hard Electronics Organizer, Travel Cable Organizer Bag, Tech Organizer Case for Power Adapter Chargers Cables",$21.99,0.0,0,https://www.bestbuy.ca/en-ca/product/hard-electronics-organizer-travel-cable-organizer-bag-tech-organizer-case-for-power-adapter-chargers-cables/18213373
Hard Travel Tech Organizer Case Bag for Electronics Accessories Charger Cord Portable External Hard Drive USB,$19.99,0.0,0,https://www.bestbuy.ca/en-ca/product/hard-travel-tech-organizer-case-bag-for-electronics-accessories-charger-cord-portable-external-hard-drive-usb/18212504
"Portable Felt Storage Bag,Electronics Accessories Protective Case Pouch for MacBook Power Adapter,Mouse,Cellphone,Cables,SSD,HDD,Power Bank,Portable External Hard Drive,Dark Gray",$12.87,0.0,0,https://www.bestbuy.ca/en-ca/product/portable-felt-storage-bag-electronics-accessories-protective-case-pouch-for-macbook-power-adapter-mouse-cellphone-cables-ssd-hdd-power-bank-portable-external-hard-drive-dark-gray/18196595
"Hard Drive Case 2 Pack, 2.5 Inch Shockproof and Waterproof Hard Drive Bag, Multi-Function Storage Carrying Universal Travel Case for Small Electronics and Accessories Black",$18.87,0.0,0,https://www.bestbuy.ca/en-ca/product/hard-drive-case-2-pack-2-5-inch-shockproof-and-waterproof-hard-drive-bag-multi-function-storage-carrying-universal-travel-case-for-small-electronics-and-accessories-black/18196594
ProCaseHard Travel Tech Organizer Case Bag for Electronics Accessories Charger Cord Portable External Hard Drive USB Cables Power Bank SD Memory Cards Earphone Flash Drive,$28.87,0.0,0,https://www.bestbuy.ca/en-ca/product/procasehard-travel-tech-organizer-case-bag-for-electronics-accessories-charger-cord-portable-external-hard-drive-usb-cables-power-bank-sd-memory-cards-earphone-flash-drive/18196586
Hard Travel Tech Organizer Case Bag for Electronics Accessories Charger Cord Portable External Hard Drive USB Cables Power Bank SD Memory Cards Earphone Flash Drive,$28.87,0.0,0,https://www.bestbuy.ca/en-ca/product/hard-travel-tech-organizer-case-bag-for-electronics-accessories-charger-cord-portable-external-hard-drive-usb-cables-power-bank-sd-memory-cards-earphone-flash-drive/18196584
Hard Travel Tech Organizer Case Bag for Electronics Accessories Charger Cord Portable External Hard Drive USB Cables Power Bank SD Memory Cards Earphone Flash Drive,$27.87,0.0,0,https://www.bestbuy.ca/en-ca/product/hard-travel-tech-organizer-case-bag-for-electronics-accessories-charger-cord-portable-external-hard-drive-usb-cables-power-bank-sd-memory-cards-earphone-flash-drive/18196579
"Portable Felt Storage Bag,Electronics Accessories Protective Case Pouch for MacBook Power Adapter, Mouse, Cellphone, Cables, SSD, HDD, Power Bank,Portable External Hard Drive, Gray",$15.87,0.0,0,https://www.bestbuy.ca/en-ca/product/portable-felt-storage-bag-electronics-accessories-protective-case-pouch-for-macbook-power-adapter-mouse-cellphone-cables-ssd-hdd-power-bank-portable-external-hard-drive-gray/18196578
"Portable Felt Storage Bag,Electronics Accessories Protective Case Pouch for MacBook Power Adapter, Mouse, Cellphone, Cables, SSD, HDD, Power Bank,Portable External Hard Drive, Pink",$19.87,0.0,0,https://www.bestbuy.ca/en-ca/product/portable-felt-storage-bag-electronics-accessories-protective-case-pouch-for-macbook-power-adapter-mouse-cellphone-cables-ssd-hdd-power-bank-portable-external-hard-drive-pink/18196576
CircuitMess Wacky Robots Robby - Kids STEM Adventure Toys Electronics Kit - Science Kit & Robotics Kit - Engineering Kit with STEM Activity Kits for Ages 7+,$57.99,0.0,0,https://www.bestbuy.ca/en-ca/product/circuitmess-wacky-robots-robby-kids-stem-adventure-toys-electronics-kit-science-kit-robotics-kit-engineering-kit-with-stem-activity-kits-for-ages-7/18189670
99% Isopropyl Alcohol - USP Grade 1L - Made in Canada - 99.9% Isopropyl Rubbing Alcohol for Electronics and Surface Cleaning,$29.99,0.0,0,https://www.bestbuy.ca/en-ca/product/99-isopropyl-alcohol-usp-grade-1l-made-in-canada-99-9-isopropyl-rubbing-alcohol-for-electronics-and-surface-cleaning/18189583
CircuitMess ByteBoi - DIY Game Console That Teaches About Electronics and Coding I Educational DIY Gadget I Open-source I Learn How to Code Your Own Video Game,$186.30,0.0,0,https://www.bestbuy.ca/en-ca/product/circuitmess-byteboi-diy-game-console-that-teaches-about-electronics-and-coding-i-educational-diy-gadget-i-open-source-i-learn-how-to-code-your-own-video-game/18189055
"CircuitMess Jay-D - DJ Mixtable Kit, Learn Electronics and Coding STEM Building Toy, Music Education Kit, Solder kit, Science kit for Ages 11 Years and Up",$161.99,0.0,0,https://www.bestbuy.ca/en-ca/product/circuitmess-jay-d-dj-mixtable-kit-learn-electronics-and-coding-stem-building-toy-music-education-kit-solder-kit-science-kit-for-ages-11-years-and-up/18189053
"Keyboard Cleaner Kit, Electronics Cleaning Kit with Retractable Big Brush, Portable, 20 in 1 Multi-Tool Kit with 2.5ml Mist Spray",$22.87,0.0,0,https://www.bestbuy.ca/en-ca/product/keyboard-cleaner-kit-electronics-cleaning-kit-with-retractable-big-brush-portable-20-in-1-multi-tool-kit-with-2-5ml-mist-spray/18168751
"Laptop Screen Keyboard Cleaner Kit, Electronics Cleaning Tool, Brush Tool for Tablet, Computer, PC Monitor,TV Camera Lens New Compact with Patent",$25.87,0.0,0,https://www.bestbuy.ca/en-ca/product/laptop-screen-keyboard-cleaner-kit-electronics-cleaning-tool-brush-tool-for-tablet-computer-pc-monitor-tv-camera-lens-new-compact-with-patent/18168748
"Keyboard Cleaner Kit, Electronics Cleaning Kit with Retractable Big Brush, Portable, 20 in 1 Multi-Tool Kit with 2.5ml Mist Spray",$22.87,0.0,0,https://www.bestbuy.ca/en-ca/product/keyboard-cleaner-kit-electronics-cleaning-kit-with-retractable-big-brush-portable-20-in-1-multi-tool-kit-with-2-5ml-mist-spray/18168747
"Keyboard Cleaner Kit, Electronics Cleaning Kit with Retractable Big Brush, Portable, 20 in 1 Multi-Tool Kit with 2.5ml Mist Spray",$22.87,0.0,0,https://www.bestbuy.ca/en-ca/product/keyboard-cleaner-kit-electronics-cleaning-kit-with-retractable-big-brush-portable-20-in-1-multi-tool-kit-with-2-5ml-mist-spray/18168743
"Keyboard Cleaner Kit, Electronics Cleaning Kit with Retractable Big Brush, Portable, 20 in 1 Multi-Tool Kit with 2.5ml Mist Spray",$19.87,0.0,0,https://www.bestbuy.ca/en-ca/product/keyboard-cleaner-kit-electronics-cleaning-kit-with-retractable-big-brush-portable-20-in-1-multi-tool-kit-with-2-5ml-mist-spray/18168741
"Keyboard Cleaner Kit, Electronics Cleaning Kit with Retractable Big Brush, Portable, 20 in 1 Multi-Tool Kit with 2.5ml Mist Spray",$24.87,0.0,0,https://www.bestbuy.ca/en-ca/product/keyboard-cleaner-kit-electronics-cleaning-kit-with-retractable-big-brush-portable-20-in-1-multi-tool-kit-with-2-5ml-mist-spray/18168737
Wilson Electronics RG6 2-Feet Low Loss Coax Extention Cable (White),$18.50,0.0,0,https://www.bestbuy.ca/en-ca/product/wilson-electronics-rg6-2-feet-low-loss-coax-extention-cable-white/18144611
ElecFreaks Micro:bit Smart Health Kit - Educational DIY Coding STEM kit with Basic Programming Electronics Computer Science Modules for Kids and Adults (Without Micro:bit Board),$92.86,0.0,0,https://www.bestbuy.ca/en-ca/product/elecfreaks-micro-bit-smart-health-kit-educational-diy-coding-stem-kit-with-basic-programming-electronics-computer-science-modules-for-kids-and-adults-without-micro-bit-board/17975172
"Samsung Electronics Galaxy Book Odyssey Intel Laptop Computer 15.6"" LED Screen Intel Core i7 Processor 8GB Memory 512GB SSD Long-Lasting Battery, Mystic Black","$1,019.00",0.0,0,https://www.bestbuy.ca/en-ca/product/samsung-electronics-galaxy-book-odyssey-intel-laptop-computer-15-6-led-screen-intel-core-i7-processor-8gb-memory-512gb-ssd-long-lasting-battery-mystic-black/17974047
sE Electronics V7 MC2 Dynamic Capsule For Sennheiser Wireless Microphones - Silver,$169.00,0.0,0,https://www.bestbuy.ca/en-ca/product/se-electronics-v7-mc2-dynamic-capsule-for-sennheiser-wireless-microphones-silver/17956086
Brook Gaming: Wingman Converter XB 2 Support [Electronics],$72.44,0.0,0,https://www.bestbuy.ca/en-ca/product/brook-gaming-wingman-converter-xb-2-support-electronics/17942717
Crosley: Record Storage Crate - Black - AC1004A-BK [Electronics],$109.24,0.0,0,https://www.bestbuy.ca/en-ca/product/crosley-record-storage-crate-black-ac1004a-bk-electronics/17942715
"142-Piece Electronics Precision Screwdriver with 120 Bits Magnetic Repair Tool Kit for iPhone, MacBook, Coumputer, Laptop, Tablet, PS4, Xbox, Nintendo, Eyeglasses, Jewelers",$41.87,0.0,0,https://www.bestbuy.ca/en-ca/product/142-piece-electronics-precision-screwdriver-with-120-bits-magnetic-repair-tool-kit-for-iphone-macbook-coumputer-laptop-tablet-ps4-xbox-nintendo-eyeglasses-jewelers/17929571
130 in 1 Precision Screwdriver Set RARTOP DIY Repair Tools Kit Torx Screwdriver Sets for Game Console Tablet PC MacBook Watches and Other Electronics…,$34.87,0.0,0,https://www.bestbuy.ca/en-ca/product/130-in-1-precision-screwdriver-set-rartop-diy-repair-tools-kit-torx-screwdriver-sets-for-game-console-tablet-pc-macbook-watches-and-other-electronics/17929570
Screwdriver Set - BeiLan 145 in 1 Professional Electronics Screwdriver Set with Case Multi-Function Magnetic Torx Repair Tool Kit Compatible with iPhone Ipad Android Laptop PC etc,$39.87,0.0,0,https://www.bestbuy.ca/en-ca/product/screwdriver-set-beilan-145-in-1-professional-electronics-screwdriver-set-with-case-multi-function-magnetic-torx-repair-tool-kit-compatible-with-iphone-ipad-android-laptop-pc-etc/17929569
"132 in 1 Magnetic Screwdriver Set Kit, Electronics Repair Screwdrivers Tool Kit with 108 Magnetic Drill Bits for Repair Phone, Watch, Switch, Computer, Tablet, PC",$39.87,0.0,0,https://www.bestbuy.ca/en-ca/product/132-in-1-magnetic-screwdriver-set-kit-electronics-repair-screwdrivers-tool-kit-with-108-magnetic-drill-bits-for-repair-phone-watch-switch-computer-tablet-pc/17929568
130 in 1 Precision Screwdriver Set with 120 Bits Upgraded DIY Repair Tool Kit Magnetic Screwdriver Kit Mini Built-in Box for Electronics iPhone Jewelers Game Console…,$38.87,0.0,0,https://www.bestbuy.ca/en-ca/product/130-in-1-precision-screwdriver-set-with-120-bits-upgraded-diy-repair-tool-kit-magnetic-screwdriver-kit-mini-built-in-box-for-electronics-iphone-jewelers-game-console/17929566
"Small Screwdriver Set, 63 in 1 Precision Screwdriver Set, iPhone Repair Tool Kit with Case Screwdriver Set for Electronics, Gameconsole, Watch, Tablet, PC, MacBook",$34.87,0.0,0,https://www.bestbuy.ca/en-ca/product/small-screwdriver-set-63-in-1-precision-screwdriver-set-iphone-repair-tool-kit-with-case-screwdriver-set-for-electronics-gameconsole-watch-tablet-pc-macbook/17929565
"154 in 1 Small Screwdriver Set, Mini Screwdriver Magnetic Repair Tool Kit for Electronics Computer PC Laptop MacBook iPhone RC PS4 PS5 Nintendo Xbox?Blue?",$42.87,0.0,0,https://www.bestbuy.ca/en-ca/product/154-in-1-small-screwdriver-set-mini-screwdriver-magnetic-repair-tool-kit-for-electronics-computer-pc-laptop-macbook-iphone-rc-ps4-ps5-nintendo-xbox-blue/17929564
"154 in 1 Precision Screwdriver Set, Small Screwdriver Mini Magnetic Repair Tool Kit for Electronics Computer PC Laptop MacBook Phone iPhone RC PS4 PS5 Nintendo Xbox(Grey)",$41.87,0.0,0,https://www.bestbuy.ca/en-ca/product/154-in-1-precision-screwdriver-set-small-screwdriver-mini-magnetic-repair-tool-kit-for-electronics-computer-pc-laptop-macbook-phone-iphone-rc-ps4-ps5-nintendo-xbox-grey/17929563
"140 Pcs of Precision Computer Screwdriver Set Repair Tool Kit for Small Electronics Computers, PC, Laptop iPhone Phone MacBook",$36.97,0.0,0,https://www.bestbuy.ca/en-ca/product/140-pcs-of-precision-computer-screwdriver-set-repair-tool-kit-for-small-electronics-computers-pc-laptop-iphone-phone-macbook/17929562
sE Electronics V7 MC1 Wireless Capsule for Shure Handheld Transmitters - Black,$169.00,0.0,0,https://www.bestbuy.ca/en-ca/product/se-electronics-v7-mc1-wireless-capsule-for-shure-handheld-transmitters-black/17811373
sE Electronics DM3 Dynamite Active DI - Black,$139.00,0.0,0,https://www.bestbuy.ca/en-ca/product/se-electronics-dm3-dynamite-active-di-black/17811372
sE Electronics DM2 TNT Active Preamp - Black,$199.00,0.0,0,https://www.bestbuy.ca/en-ca/product/se-electronics-dm2-tnt-active-preamp-black/17811371
sE Electronics DM1 Dynamite Preamplifier - Black,$139.00,0.0,0,https://www.bestbuy.ca/en-ca/product/se-electronics-dm1-dynamite-preamplifier-black/17811370
sE Electronics V7 Handheld Dynamic Vocal Microphone - White,$139.00,0.0,0,https://www.bestbuy.ca/en-ca/product/se-electronics-v7-handheld-dynamic-vocal-microphone-white/17809965
EU US Direct KAIWEETS HT118E Digital AC/DC Multimeter TRMS 20000 Counts High Resolution with Flashlight True RMS CAT IV 600V Safety Rated Best for Electronics Testing,$127.16,0.0,0,https://www.bestbuy.ca/en-ca/product/eu-us-direct-kaiweets-ht118e-digital-ac-dc-multimeter-trms-20000-counts-high-resolution-with-flashlight-true-rms-cat-iv-600v-safety-rated-best-for-electronics-testing/17731441
Refurbished (Good) Samsung Electronics Tab A7 Bookcover - Grey (EF-BT500PJEGCA),$8.99,0.0,0,https://www.bestbuy.ca/en-ca/product/refurbished-good-samsung-electronics-tab-a7-bookcover-grey-ef-bt500pjegca/17700152
"Lens Cleaning Wipes - [100 Pack] Pre Moistened Cleansing Cloths and Eyeglass Cleaner Wipe Pads for Phones, Tablet Screens, Helps Clean Cameras, Electronics, Photo Lens and Optics",$24.99,0.0,0,https://www.bestbuy.ca/en-ca/product/lens-cleaning-wipes-100-pack-pre-moistened-cleansing-cloths-and-eyeglass-cleaner-wipe-pads-for-phones-tablet-screens-helps-clean-cameras-electronics-photo-lens-and-optics/17593358
Kala Gloss Mahogany Concert Ukulele with Electronics,$329.99,0.0,0,https://www.bestbuy.ca/en-ca/product/kala-gloss-mahogany-concert-ukulele-with-electronics/17553055
Kala Satin Mahogany Concert Ukulele with Electronics,$299.99,0.0,0,https://www.bestbuy.ca/en-ca/product/kala-satin-mahogany-concert-ukulele-with-electronics/17553047
S USB to DC Adapter USB 2.0 A Female to DC 5.5x2.1mm DC Female Connector Charge Barrel Jack Power Adapter for Small DC or USB Electronics Charging (F/F),$7.35,0.0,0,https://www.bestbuy.ca/en-ca/product/s-usb-to-dc-adapter-usb-2-0-a-female-to-dc-5-5x2-1mm-dc-female-connector-charge-barrel-jack-power-adapter-for-small-dc-or-usb-electronics-charging-f-f/17466404
sE Electronics V2 Handheld Dynamic Mic with Switch,$69.99,0.0,0,https://www.bestbuy.ca/en-ca/product/se-electronics-v2-handheld-dynamic-mic-with-switch/17260873
"22 Outlets + 6 USB Surge Protector - 15A 6.5Ft Long Cord - Protect Your Electronics Now! Power Strip with Multiple Outlets and USB Ports""",$89.98,0.0,0,https://www.bestbuy.ca/en-ca/product/22-outlets-6-usb-surge-protector-15a-6-5ft-long-cord-protect-your-electronics-now-power-strip-with-multiple-outlets-and-usb-ports/17254437
"LG Electronics 24BK430H-B 24-Inch Screen LCD Monitor, Black",$249.00,0.0,0,https://www.bestbuy.ca/en-ca/product/lg-electronics-24bk430h-b-24-inch-screen-lcd-monitor-black/17186310
Clarion Mobile Electronics WG2520D WG-Series Subwoofers,$119.95,0.0,0,https://www.bestbuy.ca/en-ca/product/clarion-mobile-electronics-wg2520d-wg-series-subwoofers/17180676
LG Electronics 24BK430H-B 24-Inch Screen LCD Monitor Full HD (Black),$188.99,0.0,0,https://www.bestbuy.ca/en-ca/product/lg-electronics-24bk430h-b-24-inch-screen-lcd-monitor-full-hd-black/17166157
TV Power Cord for Samsung LG TCL Sony LED LCD Insignia Sharp Toshiba JVC Hisense Electronics,$10.00,0.0,0,https://www.bestbuy.ca/en-ca/product/tv-power-cord-for-samsung-lg-tcl-sony-led-lcd-insignia-sharp-toshiba-jvc-hisense-electronics/17117811
sE Electronics Large DiaphragmCondenser w/Pop/RFF/Cable,$339.00,0.0,0,https://www.bestbuy.ca/en-ca/product/se-electronics-large-diaphragmcondenser-w-pop-rff-cable/17110379
"2pcs TNC Female to SMA Male RF Coaxial Adapter TNC to SMA Coax Jack Connector, Electronics RF Coaxial Coax Adapter Connector Adapter Converter",$12.46,0.0,0,https://www.bestbuy.ca/en-ca/product/2pcs-tnc-female-to-sma-male-rf-coaxial-adapter-tnc-to-sma-coax-jack-connector-electronics-rf-coaxial-coax-adapter-connector-adapter-converter/17077964
D Electronics RF coaxial coax assembly SMA female to SMA male rig angle 6'',$10.46,0.0,0,https://www.bestbuy.ca/en-ca/product/d-electronics-rf-coaxial-coax-assembly-sma-female-to-sma-male-rig-angle-6/17077778
DHT Electronics 2PCS RF Coax Coaxial Adapter RP-SMA to RP-TNC for WiFi Antenna,$13.04,0.0,0,https://www.bestbuy.ca/en-ca/product/dht-electronics-2pcs-rf-coax-coaxial-adapter-rp-sma-to-rp-tnc-for-wifi-antenna/17077548
D Electronics RF coaxial coax adapter TNC female to BNC male,$11.90,0.0,0,https://www.bestbuy.ca/en-ca/product/d-electronics-rf-coaxial-coax-adapter-tnc-female-to-bnc-male/17077508
Bitty Boomers Disney's Frozen 2 Wireless Bluetooth Speaker - Elsa [Electronics],$17.24,0.0,0,https://www.bestbuy.ca/en-ca/product/bitty-boomers-disney-s-frozen-2-wireless-bluetooth-speaker-elsa-electronics/16982369
Bitty Boomers Disney's Frozen 2 Wireless Bluetooth Speaker - Anna [Electronics],$17.24,0.0,0,https://www.bestbuy.ca/en-ca/product/bitty-boomers-disney-s-frozen-2-wireless-bluetooth-speaker-anna-electronics/16982366
Bitty Boomers Star Wars: The Mandalorian Wireless Bluetooth Speaker - The Mandalorian [Electronics],$22.99,0.0,0,https://www.bestbuy.ca/en-ca/product/bitty-boomers-star-wars-the-mandalorian-wireless-bluetooth-speaker-the-mandalorian-electronics/16982364
Kala Gloss Mahogany 8-String Tenor Ukulele with Electronics,$589.99,0.0,0,https://www.bestbuy.ca/en-ca/product/kala-gloss-mahogany-8-string-tenor-ukulele-with-electronics/16981286
Replacement 16-in-1 Electronics Repair Tool Kit With Carrying Pouch,$62.16,0.0,0,https://www.bestbuy.ca/en-ca/product/replacement-16-in-1-electronics-repair-tool-kit-with-carrying-pouch/16971535
LG Electronics 24BK430H-B 24-Inch Full HD (1080p) Screen LCD Monitor-Black,$162.90,0.0,0,https://www.bestbuy.ca/en-ca/product/lg-electronics-24bk430h-b-24-inch-full-hd-1080p-screen-lcd-monitor-black/16839861
Refurbished (Good) Interlink Electronics VP9805 Single Pack EPAD Ink/USB,$229.00,0.0,0,https://www.bestbuy.ca/en-ca/product/refurbished-good-interlink-electronics-vp9805-single-pack-epad-ink-usb/16691155
"Koolatron 12V AC/DC Cell Phone Charger w/ USB Adapter Set, Universal Charger w/ 12 Volt and 110 Volt Plugs for Older Mobile Devices and Electronics",$39.99,0.0,0,https://www.bestbuy.ca/en-ca/product/koolatron-12v-ac-dc-cell-phone-charger-w-usb-adapter-set-universal-charger-w-12-volt-and-110-volt-plugs-for-older-mobile-devices-and-electronics/16682829
sE Electronics X1 S Large-Diaphragm Condenser Microphone (Mic Only),$259.00,0.0,0,https://www.bestbuy.ca/en-ca/product/se-electronics-x1-s-large-diaphragm-condenser-microphone-mic-only/16666056
Modal Electronics ARGON8 37-Key Polyphonic Wavetable Synthesiser,$999.00,0.0,0,https://www.bestbuy.ca/en-ca/product/modal-electronics-argon8-37-key-polyphonic-wavetable-synthesiser/16661405
Modal Electronics ARGON8X 61-Key 8 voice Wavetable Synthesizer,"$1,099.00",0.0,0,https://www.bestbuy.ca/en-ca/product/modal-electronics-argon8x-61-key-8-voice-wavetable-synthesizer/16661404
Modal Electronics ARGON8M Polyphonic Wavetable Synthesizer Module,$899.00,0.0,0,https://www.bestbuy.ca/en-ca/product/modal-electronics-argon8m-polyphonic-wavetable-synthesizer-module/16661403
Modal Electronics Cobalt8 8-Voice Extended Virtual Analog Synthesizer,$999.00,0.0,0,https://www.bestbuy.ca/en-ca/product/modal-electronics-cobalt8-8-voice-extended-virtual-analog-synthesizer/16661402
Modal Electronics Cobalt8X 61-Key 8-Voice Extended Virtual-Analogue Synthesizer,"$1,099.00",0.0,0,https://www.bestbuy.ca/en-ca/product/modal-electronics-cobalt8x-61-key-8-voice-extended-virtual-analogue-synthesizer/16661401
Modal Electronics SKULPTsynth SE 4-Voice Synthesizer,$319.00,0.0,0,https://www.bestbuy.ca/en-ca/product/modal-electronics-skulptsynth-se-4-voice-synthesizer/16661399
Modal Electronics Cobalt8M Synthesizer Module,$899.00,0.0,0,https://www.bestbuy.ca/en-ca/product/modal-electronics-cobalt8m-synthesizer-module/16661398
Bitty Boomers Fortnite Wireless Bluetooth Speaker - Black Knight [Electronics],$20.69,0.0,0,https://www.bestbuy.ca/en-ca/product/bitty-boomers-fortnite-wireless-bluetooth-speaker-black-knight-electronics/16658574
Bitty Boomers Fortnite Wireless Bluetooth Speaker - Beef Boss [Electronics],$22.99,0.0,0,https://www.bestbuy.ca/en-ca/product/bitty-boomers-fortnite-wireless-bluetooth-speaker-beef-boss-electronics/16658573
Bitty Boomers Fortnite Wireless Bluetooth Speaker - Leviathan [Electronics],$32.19,3.0,1,https://www.bestbuy.ca/en-ca/product/bitty-boomers-fortnite-wireless-bluetooth-speaker-leviathan-electronics/16658571
Bitty Boomers Fortnite Wireless Bluetooth Speaker - Rex [Electronics],$25.29,0.0,0,https://www.bestbuy.ca/en-ca/product/bitty-boomers-fortnite-wireless-bluetooth-speaker-rex-electronics/16658570
Bitty Boomers Fortnite Wireless Bluetooth Speaker - Ghoul Trooper [Electronics],$19.54,0.0,0,https://www.bestbuy.ca/en-ca/product/bitty-boomers-fortnite-wireless-bluetooth-speaker-ghoul-trooper-electronics/16658569
sE Electronics V7 SWITCH Handheld Dynamic Vocal Microphone,$149.00,0.0,0,https://www.bestbuy.ca/en-ca/product/se-electronics-v7-switch-handheld-dynamic-vocal-microphone/16651070
New Genuine Delta Electronics V3-471G AC Adapter Charger 90W,$65.98,0.0,0,https://www.bestbuy.ca/en-ca/product/new-genuine-delta-electronics-v3-471g-ac-adapter-charger-90w/16648795
Universal Electronics Millennium Interactive Universal Remote,$69.95,0.0,0,https://www.bestbuy.ca/en-ca/product/universal-electronics-millennium-interactive-universal-remote/16618155
sE Electronics V PACK Venue Drum Mic Bundle,"$1,019.00",0.0,0,https://www.bestbuy.ca/en-ca/product/se-electronics-v-pack-venue-drum-mic-bundle/16616972
sE Electronics V PACK Arena Drum Mic Bundle,"$1,569.00",0.0,0,https://www.bestbuy.ca/en-ca/product/se-electronics-v-pack-arena-drum-mic-bundle/16616971
sE Electronics DM3 Dynamite Active DI,$139.00,0.0,0,https://www.bestbuy.ca/en-ca/product/se-electronics-dm3-dynamite-active-di/16612172
HP LaserJet Pro M501dn Monochrome Laser Printer (J8H61A) With Power Strip Surge Protector and Electronics Basket MicroFiber Cleaning Cloth,$814.95,0.0,0,https://www.bestbuy.ca/en-ca/product/hp-laserjet-pro-m501dn-monochrome-laser-printer-j8h61a-with-power-strip-surge-protector-and-electronics-basket-microfiber-cleaning-cloth/16591299
"Electronics Travel Organizer for iPad Mini, Kindle, Hard Drive, Cables, Chargers",$24.69,0.0,0,https://www.bestbuy.ca/en-ca/product/electronics-travel-organizer-for-ipad-mini-kindle-hard-drive-cables-chargers/16581114
"Startech 11x18in Anti Static Mat, ESD Mat for Electronics Repair - Suitable for Tables-(SM-ANTI-STATIC-MAT)",$38.99,0.0,0,https://www.bestbuy.ca/en-ca/product/startech-11x18in-anti-static-mat-esd-mat-for-electronics-repair-suitable-for-tables-sm-anti-static-mat/16499758
Universal Pouch Travel Power Bank Carrying Case Hard Shockproof Protective EVA Cover Battery Pack USB Cable Organizer Earbuds Sleeve Electronics Bag Smooth Coating Zipper W,$13.84,0.0,0,https://www.bestbuy.ca/en-ca/product/universal-pouch-travel-power-bank-carrying-case-hard-shockproof-protective-eva-cover-battery-pack-usb-cable-organizer-earbuds-sleeve-electronics-bag-smooth-coating-zipper-w/16490878
"Electronics Organizer, 2 Layer Electronic Accessories Organizer Travel Storage Bag for Charging Cable, Phone, Power Bank, Mini Tablet (Up to 7.9''), Make up Organizer Bag for Trave",$25.74,0.0,0,https://www.bestbuy.ca/en-ca/product/electronics-organizer-2-layer-electronic-accessories-organizer-travel-storage-bag-for-charging-cable-phone-power-bank-mini-tablet-up-to-7-9-make-up-organizer-bag-for-trave/16490859
"Hard Drive Case 2 Pack, 2.5 Inch Shockproof and Waterproof Hard Drive Bag, Multi-Function Storage Carrying Universal Travel Case for Small Electronics and Accessories Blac",$12.84,0.0,0,https://www.bestbuy.ca/en-ca/product/hard-drive-case-2-pack-2-5-inch-shockproof-and-waterproof-hard-drive-bag-multi-function-storage-carrying-universal-travel-case-for-small-electronics-and-accessories-blac/16490819
Universal Pouch Travel Power Bank Carrying Case Hard Shockproof Protective EVA Cover Battery Pack USB Cable Organizer Earbuds Sleeve Electronics Bag Smooth Coating Zipper W,$13.84,0.0,0,https://www.bestbuy.ca/en-ca/product/universal-pouch-travel-power-bank-carrying-case-hard-shockproof-protective-eva-cover-battery-pack-usb-cable-organizer-earbuds-sleeve-electronics-bag-smooth-coating-zipper-w/16490814
Universal Pouch Travel Power Bank Carrying Case Hard Shockproof Protective EVA Cover Battery Pack USB Cable Organizer Earbuds Sleeve Electronics Bag Smooth Coating Zipper W,$13.84,0.0,0,https://www.bestbuy.ca/en-ca/product/universal-pouch-travel-power-bank-carrying-case-hard-shockproof-protective-eva-cover-battery-pack-usb-cable-organizer-earbuds-sleeve-electronics-bag-smooth-coating-zipper-w/16490682
"Electronics Organizer, 2 Layer Electronic Accessories Organizer Travel Storage Bag for Charging Cable, Phone, Power Bank, Mini Tablet (Up to 7.9''), Make up Organizer Bag for Trave",$22.74,0.0,0,https://www.bestbuy.ca/en-ca/product/electronics-organizer-2-layer-electronic-accessories-organizer-travel-storage-bag-for-charging-cable-phone-power-bank-mini-tablet-up-to-7-9-make-up-organizer-bag-for-trave/16490664
"Travel Electronics Organizer, Cable Organizer Bag Electronics Accessories Carrying Case Doubel Layer Portable All-in-One Storage Bag for Cables, SD Cards, Chargers, Hard Di",$10.84,0.0,0,https://www.bestbuy.ca/en-ca/product/travel-electronics-organizer-cable-organizer-bag-electronics-accessories-carrying-case-doubel-layer-portable-all-in-one-storage-bag-for-cables-sd-cards-chargers-hard-di/16490603
"Travel Electronics Organizer Cable Organizer Bag Electronics Accessories Case for USB,Chargers,Power Bank etc. (Black)",$17.74,0.0,0,https://www.bestbuy.ca/en-ca/product/travel-electronics-organizer-cable-organizer-bag-electronics-accessories-case-for-usb-chargers-power-bank-etc-black/16490561
Universal Pouch Travel Power Bank Carrying Case Hard Shockproof Protective EVA Cover Battery Pack USB Cable Organizer Earbuds Sleeve Electronics Bag Smooth Coating Zipper W,$13.84,0.0,0,https://www.bestbuy.ca/en-ca/product/universal-pouch-travel-power-bank-carrying-case-hard-shockproof-protective-eva-cover-battery-pack-usb-cable-organizer-earbuds-sleeve-electronics-bag-smooth-coating-zipper-w/16490500
"Electronics Organizer, 2 Layer Electronic Accessories Organizer Travel Storage Bag for Charging Cable, Phone, Power Bank, Mini Tablet (Up to 7.9''), Make up Organizer Bag for Trave",$22.74,0.0,0,https://www.bestbuy.ca/en-ca/product/electronics-organizer-2-layer-electronic-accessories-organizer-travel-storage-bag-for-charging-cable-phone-power-bank-mini-tablet-up-to-7-9-make-up-organizer-bag-for-trave/16490497
Hard Travel Case for MacBook Power Adapter Apple Magic Mouse 2 Apple Pencil USB Flash Disk SD Card iPhone iPad Chargers Small Electronics and Accessories Organizer EVA Bag,$25.74,0.0,0,https://www.bestbuy.ca/en-ca/product/hard-travel-case-for-macbook-power-adapter-apple-magic-mouse-2-apple-pencil-usb-flash-disk-sd-card-iphone-ipad-chargers-small-electronics-and-accessories-organizer-eva-bag/16490457
sE Electronics Dual Pro Pop Shield,$69.99,0.0,0,https://www.bestbuy.ca/en-ca/product/se-electronics-dual-pro-pop-shield/16478627
sE Electronics Metal Pop Screen with 13'' Gooseneck,$54.99,0.0,0,https://www.bestbuy.ca/en-ca/product/se-electronics-metal-pop-screen-with-13-gooseneck/16478590
Leho Concert Ukulele - All-Solid Mahogany w/ Electronics,$469.99,0.0,0,https://www.bestbuy.ca/en-ca/product/leho-concert-ukulele-all-solid-mahogany-w-electronics/16474008
Leick Home 70006-CJGM Kona Desk with Recessed Lower Storage/Electronics Shelf,$496.33,0.0,0,https://www.bestbuy.ca/en-ca/product/leick-home-70006-cjgm-kona-desk-with-recessed-lower-storage-electronics-shelf/16458091
sE Electronics DM2 TNT Active Preamp,$199.00,0.0,0,https://www.bestbuy.ca/en-ca/product/se-electronics-dm2-tnt-active-preamp/16456108
sE Electronics V Beat Snare Tom Mic,$249.00,0.0,0,https://www.bestbuy.ca/en-ca/product/se-electronics-v-beat-snare-tom-mic/16455930
sE Electronics Myles Kennedy V7 Signature Edition Microphone,$209.00,0.0,0,https://www.bestbuy.ca/en-ca/product/se-electronics-myles-kennedy-v7-signature-edition-microphone/16455928
sE Electronics Matched Pair of SE4400A's w/Bar & Shockmounts,"$1,349.00",0.0,0,https://www.bestbuy.ca/en-ca/product/se-electronics-matched-pair-of-se4400a-s-w-bar-shockmounts/16455926
sE Electronics sE7 Small Diaphragm Condenser Microphone,$169.00,0.0,0,https://www.bestbuy.ca/en-ca/product/se-electronics-se7-small-diaphragm-condenser-microphone/16455925
sE Electronics V Kick Bass Drum Mic,$299.00,0.0,0,https://www.bestbuy.ca/en-ca/product/se-electronics-v-kick-bass-drum-mic/16455916
sE Electronics RNT Rupert Neve Tube Condenser Microphone,"$4,099.00",0.0,0,https://www.bestbuy.ca/en-ca/product/se-electronics-rnt-rupert-neve-tube-condenser-microphone/16455905
sE Electronics NEOM USB Cardioid Condenser Microphone,$249.00,0.0,0,https://www.bestbuy.ca/en-ca/product/se-electronics-neom-usb-cardioid-condenser-microphone/16455887
"sE Electronics sE7 SP Small Diaphragm Condenser Microphone, Matched Pair",$319.00,0.0,0,https://www.bestbuy.ca/en-ca/product/se-electronics-se7-sp-small-diaphragm-condenser-microphone-matched-pair/16455883
sE Electronics V7 Handheld Dynamic Vocal Microphone - Black,$139.00,0.0,0,https://www.bestbuy.ca/en-ca/product/se-electronics-v7-handheld-dynamic-vocal-microphone-black/16455870
"sE Electronics Matched Pair of SE8 Condenser Mics w/ Mounting Bar, Mic Clips, and Case",$749.00,0.0,0,https://www.bestbuy.ca/en-ca/product/se-electronics-matched-pair-of-se8-condenser-mics-w-mounting-bar-mic-clips-and-case/16455857
sE Electronics Entry Level Ribbon Microphone,$339.00,0.0,0,https://www.bestbuy.ca/en-ca/product/se-electronics-entry-level-ribbon-microphone/16455855
sE Electronics SE8 Small-Diaphragm Cardioid Condenser Mic,$379.00,0.0,0,https://www.bestbuy.ca/en-ca/product/se-electronics-se8-small-diaphragm-cardioid-condenser-mic/16455854
sE Electronics sE8 Cardioid Microphone Capsule - Pair,$299.00,0.0,0,https://www.bestbuy.ca/en-ca/product/se-electronics-se8-cardioid-microphone-capsule-pair/16455853
sE Electronics DynaCaster Dynamic Broadcast Microphone,$399.00,0.0,0,https://www.bestbuy.ca/en-ca/product/se-electronics-dynacaster-dynamic-broadcast-microphone/16455845
"Microfiber Cleaning Cloths (6'x7') 20 Pack in Individual Vinyl Pouch, CKANDAY Glasses Cleaning Cloth for Eyeglasses Phone Screens Electronics Camera Lens Delicate Surface, Large ,",$12.84,0.0,0,https://www.bestbuy.ca/en-ca/product/microfiber-cleaning-cloths-6-x7-20-pack-in-individual-vinyl-pouch-ckanday-glasses-cleaning-cloth-for-eyeglasses-phone-screens-electronics-camera-lens-delicate-surface-large/16397673
Electronics Cleaner 99.9% Isopropyl Alcohol 500ML,$11.99,0.0,0,https://www.bestbuy.ca/en-ca/product/electronics-cleaner-99-9-isopropyl-alcohol-500ml/16397486
"WILSON ELECTRONICS WSN905814, 3/8-Inch NMO Hole Mount with 14-Feet RG58U Cable and SMA Male Connector",$13.25,0.0,0,https://www.bestbuy.ca/en-ca/product/wilson-electronics-wsn905814-3-8-inch-nmo-hole-mount-with-14-feet-rg58u-cable-and-sma-male-connector/16377234
"4326546074 Headphones Wholesale 5 in-Ear Mic 3.5mm Electronics Wired Headphones (Earphones/Earbuds/Headset), MP3 Walkman(5 Colors)",$29.98,0.0,0,https://www.bestbuy.ca/en-ca/product/4326546074-headphones-wholesale-5-in-ear-mic-3-5mm-electronics-wired-headphones-earphones-earbuds-headset-mp3-walkman-5-colors/16375931
Wilson Electronics 971128 N Male/F Female Connector,$19.99,0.0,0,https://www.bestbuy.ca/en-ca/product/wilson-electronics-971128-n-male-f-female-connector/16341212
Holland Electronics 6203-1 Compact Video RF Modulator,$109.99,0.0,0,https://www.bestbuy.ca/en-ca/product/holland-electronics-6203-1-compact-video-rf-modulator/16286010
"Durable Compact Bamboo Storage Wooden Dock Box Perfect for Electronics and Makeup for Kitchen, Bathroom, Bedroom",$28.97,0.0,0,https://www.bestbuy.ca/en-ca/product/durable-compact-bamboo-storage-wooden-dock-box-perfect-for-electronics-and-makeup-for-kitchen-bathroom-bedroom/16282116
"Durable Compact Bamboo Storage Wooden Dock Box Perfect for Electronics and Makeup for Kitchen, Bathroom, Bedroom",$24.97,0.0,0,https://www.bestbuy.ca/en-ca/product/durable-compact-bamboo-storage-wooden-dock-box-perfect-for-electronics-and-makeup-for-kitchen-bathroom-bedroom/16282115
Clarion Mobile Electronics WF2520D WF-Series Subwoofers,$179.95,0.0,0,https://www.bestbuy.ca/en-ca/product/clarion-mobile-electronics-wf2520d-wf-series-subwoofers/16109809
"Upgraded Electronics Fun Kit w/Power Supply Module, JumCooper Wire, Precision Potentiometer, 830 tie-Points",$23.99,0.0,0,https://www.bestbuy.ca/en-ca/product/upgraded-electronics-fun-kit-w-power-supply-module-jumcooper-wire-precision-potentiometer-830-tie-points/16090491
45W 5V 6V 7.5V 9V 12V 13.5V 15V Universal AC Adapter for Household Electronics Routers CCTV IP Cameras Speaker,$23.99,0.0,0,https://www.bestbuy.ca/en-ca/product/45w-5v-6v-7-5v-9v-12v-13-5v-15v-universal-ac-adapter-for-household-electronics-routers-cctv-ip-cameras-speaker/16090241
"Universal Power Adapter 5V 3A Power Supply Multi-Voltage Adjustable Wall Charger Replacement for Home Electronics,",$15.33,0.0,0,https://www.bestbuy.ca/en-ca/product/universal-power-adapter-5v-3a-power-supply-multi-voltage-adjustable-wall-charger-replacement-for-home-electronics/16088553
"navor Waterproof Electronics & Beauty Organizer, Travel Storage Bag for Cosmetics, Cables, Adapter, Chargers, Cords, Mouse, and More Digital Accessories - Black",$19.95,0.0,0,https://www.bestbuy.ca/en-ca/product/navor-waterproof-electronics-beauty-organizer-travel-storage-bag-for-cosmetics-cables-adapter-chargers-cords-mouse-and-more-digital-accessories-black/16057645
"navor Waterproof Electronics & Beauty Organizer, Travel Storage Bag for Cosmetics, Cables, Adapter, Chargers, Cords, Mouse, and More Digital Accessories - Red",$19.95,0.0,0,https://www.bestbuy.ca/en-ca/product/navor-waterproof-electronics-beauty-organizer-travel-storage-bag-for-cosmetics-cables-adapter-chargers-cords-mouse-and-more-digital-accessories-red/16057644
"navor Waterproof Electronics & Beauty Organizer, Travel Storage Bag for Cosmetics, Cables, Adapter, Chargers, Cords, Mouse, and More Digital Accessories - Blue",$19.95,0.0,0,https://www.bestbuy.ca/en-ca/product/navor-waterproof-electronics-beauty-organizer-travel-storage-bag-for-cosmetics-cables-adapter-chargers-cords-mouse-and-more-digital-accessories-blue/16057643
"navor Waterproof Electronics & Beauty Organizer, Travel Storage Bag for Cosmetics, Cables, Adapter, Chargers, Cords, Mouse, and More Digital Accessories - Purple",$19.95,0.0,0,https://www.bestbuy.ca/en-ca/product/navor-waterproof-electronics-beauty-organizer-travel-storage-bag-for-cosmetics-cables-adapter-chargers-cords-mouse-and-more-digital-accessories-purple/16057642
"Wool Felt PU Leather Electronics Accessories Organizer Pouch Cable Storage Bag for cables, headphones, chargers, mice - PrimeCables®",$25.29,0.0,0,https://www.bestbuy.ca/en-ca/product/wool-felt-pu-leather-electronics-accessories-organizer-pouch-cable-storage-bag-for-cables-headphones-chargers-mice-primecables/15967440
3V 800mAh CR2 Lithium Batteries for Golf Rangefinder and Other Electronics 6pcs/pack - LIVINGbasics®,$16.99,0.0,0,https://www.bestbuy.ca/en-ca/product/3v-800mah-cr2-lithium-batteries-for-golf-rangefinder-and-other-electronics-6pcs-pack-livingbasics/15957724
Holland Electronics F-pin Push-On F Adapter 3Ghz,$20.99,0.0,0,https://www.bestbuy.ca/en-ca/product/holland-electronics-f-pin-push-on-f-adapter-3ghz/15937420
Holland Electronics G-PF-59 Push on F Adapter,$21.99,0.0,0,https://www.bestbuy.ca/en-ca/product/holland-electronics-g-pf-59-push-on-f-adapter/15937332
Holland Electronics Directional Coupler 5-1000 MHz DCG-9SB,$19.99,0.0,0,https://www.bestbuy.ca/en-ca/product/holland-electronics-directional-coupler-5-1000-mhz-dcg-9sb/15937200
Holland Electronics 8 DB Attenuator Pad FAM-8,$9.99,0.0,0,https://www.bestbuy.ca/en-ca/product/holland-electronics-8-db-attenuator-pad-fam-8/15937199
"Holland Electronics Isolator, Ground Loop W/Surge Protection 5-1000MHZ",$20.99,0.0,0,https://www.bestbuy.ca/en-ca/product/holland-electronics-isolator-ground-loop-w-surge-protection-5-1000mhz/15937183
Holland Electronics 2-Way Diode Steered Splitter HFS-2D 5-2150 MHz Performance,$9.99,0.0,0,https://www.bestbuy.ca/en-ca/product/holland-electronics-2-way-diode-steered-splitter-hfs-2d-5-2150-mhz-performance/15937174
Holland Electronics 10 DB Attenuator Pad FAM-10,$7.99,0.0,0,https://www.bestbuy.ca/en-ca/product/holland-electronics-10-db-attenuator-pad-fam-10/15937167
Holland Electronics 3 DB Attenuator Pad FAM-3,$7.99,0.0,0,https://www.bestbuy.ca/en-ca/product/holland-electronics-3-db-attenuator-pad-fam-3/15937164
Holland Electronics MSAT-4 MoCA 4-Way Splitter DIRECTV Approved - NEW MDU,$15.99,0.0,0,https://www.bestbuy.ca/en-ca/product/holland-electronics-msat-4-moca-4-way-splitter-directv-approved-new-mdu/15937155
Holland Electronics HMM-10H Commercial Grade RF TV Micro Modulator,$89.99,0.0,0,https://www.bestbuy.ca/en-ca/product/holland-electronics-hmm-10h-commercial-grade-rf-tv-micro-modulator/15937145
GHS-3BPRO-M CATV MoCA Rated 3-Way Balanced Splitter - Holland Electronics - NEW,$12.99,0.0,0,https://www.bestbuy.ca/en-ca/product/ghs-3bpro-m-catv-moca-rated-3-way-balanced-splitter-holland-electronics-new/15936522
Holland Electronics Inline 20 DB Attenuator Pad FAM-20,$7.99,0.0,0,https://www.bestbuy.ca/en-ca/product/holland-electronics-inline-20-db-attenuator-pad-fam-20/15936517
Holland Electronics 16 DB Attenuator Pad FAM-16,$7.99,0.0,0,https://www.bestbuy.ca/en-ca/product/holland-electronics-16-db-attenuator-pad-fam-16/15936516
Pack of 2 - Holland Electronics Satellite Diplexer - Approved 2 amp version,$13.99,0.0,0,https://www.bestbuy.ca/en-ca/product/pack-of-2-holland-electronics-satellite-diplexer-approved-2-amp-version/15936493
Holland Electronics SA-1F Spike Protector DC-2150MHz,$24.99,0.0,0,https://www.bestbuy.ca/en-ca/product/holland-electronics-sa-1f-spike-protector-dc-2150mhz/15936488
Holland Electronics SBD SUB-BAND CATV Seperator/Joiner,$19.99,0.0,0,https://www.bestbuy.ca/en-ca/product/holland-electronics-sbd-sub-band-catv-seperator-joiner/15936460
10FT USB printer cable cord A-B for Brother Lexmark 10 Feet [Electronics],$15.00,0.0,0,https://www.bestbuy.ca/en-ca/product/10ft-usb-printer-cable-cord-a-b-for-brother-lexmark-10-feet-electronics/15935758
"A-Z Electronics USB-C to HDMI Adapter (Supports 4K / 30Hz) - Type- C 3 IN 1 Converter Cable for 2017 / 2018 Macbook Pro, iMac, iPad",$49.99,0.0,0,https://www.bestbuy.ca/en-ca/product/a-z-electronics-usb-c-to-hdmi-adapter-supports-4k-30hz-type-c-3-in-1-converter-cable-for-2017-2018-macbook-pro-imac-ipad/15916657
"A-Z Electronics Gaming Headset for PS4/ Xbox one/Xbox One S/PC/Mac/Laptop/Cell Phone - Gaming Headphone with Mic, LED Light,",$28.22,0.0,0,https://www.bestbuy.ca/en-ca/product/a-z-electronics-gaming-headset-for-ps4-xbox-one-xbox-one-s-pc-mac-laptop-cell-phone-gaming-headphone-with-mic-led-light/15869234
"A-Z Electronics Ethernet to USB C Adapter, Aluminum Type C to RJ45 LAN 10/100/1000 Gigabit Internet Network Converter (Thunderbolt",$24.22,0.0,0,https://www.bestbuy.ca/en-ca/product/a-z-electronics-ethernet-to-usb-c-adapter-aluminum-type-c-to-rj45-lan-10-100-1000-gigabit-internet-network-converter-thunderbolt/15867742
Beam Electronics Car Phone Mount Holder Universal Phone Car Air Vent Mount Holder,$49.85,0.0,0,https://www.bestbuy.ca/en-ca/product/beam-electronics-car-phone-mount-holder-universal-phone-car-air-vent-mount-holder/15813279
"Super Clean Dust Remover Cleaning Gel for PC Keyboards, Car Vent, Home and Office Electronics, 160G - TRX-CG-02 - Yellow",$9.99,0.0,0,https://www.bestbuy.ca/en-ca/product/super-clean-dust-remover-cleaning-gel-for-pc-keyboards-car-vent-home-and-office-electronics-160g-trx-cg-02-yellow/15742917
"Super Clean Dust Remover Cleaning Gel for PC Keyboards, Car Vent, Home and Office Electronics, 160G - TRX-CG-01 - Blue",$9.99,0.0,0,https://www.bestbuy.ca/en-ca/product/super-clean-dust-remover-cleaning-gel-for-pc-keyboards-car-vent-home-and-office-electronics-160g-trx-cg-01-blue/15742916
TOA Electronics Pendant Speaker,$223.99,0.0,0,https://www.bestbuy.ca/en-ca/product/toa-electronics-pendant-speaker/15662989
sE Electronics sE2200 Cardioid Condenser Mic,$399.00,0.0,0,https://www.bestbuy.ca/en-ca/product/se-electronics-se2200-cardioid-condenser-mic/15622434
Dual Electronics Three Speed Manual Turntable,$899.98,0.0,0,https://www.bestbuy.ca/en-ca/product/dual-electronics-three-speed-manual-turntable/15547816
NiceTQ Replacement 6ft USB Power Charging Cable for LG Electronics Tone Ultra HBS-810 Bluetooth Wireless Stereo Headset Hea...,$10.00,0.0,0,https://www.bestbuy.ca/en-ca/product/nicetq-replacement-6ft-usb-power-charging-cable-for-lg-electronics-tone-ultra-hbs-810-bluetooth-wireless-stereo-headset-hea/15384389
sE Electronics X1 A Cardioid Condenser Microphone,$139.00,0.0,0,https://www.bestbuy.ca/en-ca/product/se-electronics-x1-a-cardioid-condenser-microphone/15349279
Metra Electronics 70-7903 Wiring Harness for 2001-Up Mazda Vehicles,$23.99,0.0,0,https://www.bestbuy.ca/en-ca/product/metra-electronics-70-7903-wiring-harness-for-2001-up-mazda-vehicles/15335796
Metra Electronics 40-UV41 AV Adapter Converter,$23.99,0.0,0,https://www.bestbuy.ca/en-ca/product/metra-electronics-40-uv41-av-adapter-converter/15335558
Metra Electronics 70-1861 Wiring Harness GM OEM Adapters,$41.99,0.0,0,https://www.bestbuy.ca/en-ca/product/metra-electronics-70-1861-wiring-harness-gm-oem-adapters/15335307
Metra Electronics 95-7877B Double-DIN Dash Kit for Honda Fit 2009-13,$47.99,0.0,0,https://www.bestbuy.ca/en-ca/product/metra-electronics-95-7877b-double-din-dash-kit-for-honda-fit-2009-13/15335209
Metra Electronics PR12-0001 Pioneer 12 PIN Universal,$35.99,0.0,0,https://www.bestbuy.ca/en-ca/product/metra-electronics-pr12-0001-pioneer-12-pin-universal/15334796
sE Electronics V7 MC2 Dynamic Capsule For Sennheiser Wireless Microphones - Black,$169.00,0.0,0,https://www.bestbuy.ca/en-ca/product/se-electronics-v7-mc2-dynamic-capsule-for-sennheiser-wireless-microphones-black/15303489
"TD Electronics TDWCAM1 1080P HD Web Camera with USB Cable, Gray",$236.04,0.0,0,https://www.bestbuy.ca/en-ca/product/td-electronics-tdwcam1-1080p-hd-web-camera-with-usb-cable-gray/15298702
NiceTQ New 6FT USB Charger Charging Cable Cord for LG Electronics Tone+ HBS-730 Bluetooth Headset,$10.00,0.0,0,https://www.bestbuy.ca/en-ca/product/nicetq-new-6ft-usb-charger-charging-cable-cord-for-lg-electronics-tone-hbs-730-bluetooth-headset/15220061
Lexmark OEM Toner X860H21G (1 Cartridge) (X860H21G) - [Electronics],$250.00,0.0,0,https://www.bestbuy.ca/en-ca/product/lexmark-oem-toner-x860h21g-1-cartridge-x860h21g-electronics/15113042
"Lexmark X651A11A OEM Toner Cartridge: Black Yields 7,000 Pages [Electronics]",$220.00,0.0,0,https://www.bestbuy.ca/en-ca/product/lexmark-x651a11a-oem-toner-cartridge-black-yields-7-000-pages-electronics/15110881
Original Lexmark 24035SA 2500 Yield Black Toner Cartridge - Retail [Electronics],$175.00,0.0,0,https://www.bestbuy.ca/en-ca/product/original-lexmark-24035sa-2500-yield-black-toner-cartridge-retail-electronics/15109982
Lexmark Unison 700H3 Toner Cartridge - Magenta (70C0H30) - [Electronics],$339.99,0.0,0,https://www.bestbuy.ca/en-ca/product/lexmark-unison-700h3-toner-cartridge-magenta-70c0h30-electronics/15109880
Off Beat: a Selection of Urban Electronics Derived from Blue Notes Leading Into Jazz Step [Audio CD] Various,$20.00,0.0,0,https://www.bestbuy.ca/en-ca/product/off-beat-a-selection-of-urban-electronics-derived-from-blue-notes-leading-into-jazz-step-audio-cd-various/15095595
Sprotek Electronics Tool Kit,$60.99,0.0,0,https://www.bestbuy.ca/en-ca/product/sprotek-electronics-tool-kit/15045797
NAXA Electronics NAA-350 High Powered Amplified Motorized Outdoor Antenna Suitable For HDTV and ATSC Digital Television,$49.99,0.0,0,https://www.bestbuy.ca/en-ca/product/naxa-electronics-naa-350-high-powered-amplified-motorized-outdoor-antenna-suitable-for-hdtv-and-atsc-digital-television/14950031
sE Electronics Active Ribbon Mic,$679.00,0.0,0,https://www.bestbuy.ca/en-ca/product/se-electronics-active-ribbon-mic/14880219
sE Electronics sE2300 Large Diaphragm Condenser Microphone w/ 3 Polar Patterns,$549.00,0.0,0,https://www.bestbuy.ca/en-ca/product/se-electronics-se2300-large-diaphragm-condenser-microphone-w-3-polar-patterns/14880182
Precision Anti-Static Stainless Steel 9 in 1 Tweezers Kit Set For Electronics/Jewelry-Making/Laboratory Work/Hobbies,$24.31,0.0,0,https://www.bestbuy.ca/en-ca/product/precision-anti-static-stainless-steel-9-in-1-tweezers-kit-set-for-electronics-jewelry-making-laboratory-work-hobbies/14810525
NAXA Electronics NRC-173 Projection Dual Alarm Clock,$39.99,0.0,0,https://www.bestbuy.ca/en-ca/product/naxa-electronics-nrc-173-projection-dual-alarm-clock/14705751
"NAXA Electronics MP3/WMA FM Modulator/Transmitter with LCD Screen, (Black)",$24.99,0.0,0,https://www.bestbuy.ca/en-ca/product/naxa-electronics-mp3-wma-fm-modulator-transmitter-with-lcd-screen-black/14648721
NAXA Electronics NRC-170 PLL Digital Dual Alarm Clock with AM/FM Radio and Snooze (Black Lacquer),$24.99,0.0,0,https://www.bestbuy.ca/en-ca/product/naxa-electronics-nrc-170-pll-digital-dual-alarm-clock-with-am-fm-radio-and-snooze-black-lacquer/14648705
NAXA Electronics NPB-251BU Portable CD Player with AM/FM Stereo Radio,$59.99,0.0,0,https://www.bestbuy.ca/en-ca/product/naxa-electronics-npb-251bu-portable-cd-player-with-am-fm-stereo-radio/14647737
NAXA Electronics NPB-251RD Portable CD Player with AM/FM Stereo Radio,$59.99,0.0,0,https://www.bestbuy.ca/en-ca/product/naxa-electronics-npb-251rd-portable-cd-player-with-am-fm-stereo-radio/14647718
"naxa Electronics NPB-251BK Portable CD Player with AM/FM Stereo Radio, Black",$69.99,0.0,0,https://www.bestbuy.ca/en-ca/product/naxa-electronics-npb-251bk-portable-cd-player-with-am-fm-stereo-radio-black/14629898
Darkglass Electronics Microtubes B7K V2 Bass Preamp Pedal,$479.95,0.0,0,https://www.bestbuy.ca/en-ca/product/darkglass-electronics-microtubes-b7k-v2-bass-preamp-pedal/14581268
NAXA Electronics NPB-300 Portable Cassette Recorder and Digital Converter,$99.99,0.0,0,https://www.bestbuy.ca/en-ca/product/naxa-electronics-npb-300-portable-cassette-recorder-and-digital-converter/14503981
Wilson Electronics Indoor 50 Ohm Wide Band Fabric Panel Antenna,$139.99,5.0,2,https://www.bestbuy.ca/en-ca/product/wilson-electronics-indoor-50-ohm-wide-band-fabric-panel-antenna/14417611
Metra Electronics 71-2104 Reverse Wiring Harness,$29.99,0.0,0,https://www.bestbuy.ca/en-ca/product/metra-electronics-71-2104-reverse-wiring-harness/14322922
Hamilton Electronics Replacement 12V AC Power Adapter for 900 Series Transmitter,$48.00,0.0,0,https://www.bestbuy.ca/en-ca/product/hamilton-electronics-replacement-12v-ac-power-adapter-for-900-series-transmitter/13890381
"Hamilton Electronics MPC-5050 Hamilton CD, Cassette and AM-FM Radio Boom Box",$174.43,0.0,0,https://www.bestbuy.ca/en-ca/product/hamilton-electronics-mpc-5050-hamilton-cd-cassette-and-am-fm-radio-boom-box/13890272
"WILSON ELECTRONICS WSN311155, Dual-Band 75Ohm Wall-Mount Panel Antenna",$178.33,0.0,0,https://www.bestbuy.ca/en-ca/product/wilson-electronics-wsn311155-dual-band-75ohm-wall-mount-panel-antenna/13842257
New Genuine Acer Delta Electronics V85 AC Adapter Charger 40W,$60.49,0.0,0,https://www.bestbuy.ca/en-ca/product/new-genuine-acer-delta-electronics-v85-ac-adapter-charger-40w/13832434
New Genuine Delta Electronics Ac Adapter Charger 40W,$60.49,0.0,0,https://www.bestbuy.ca/en-ca/product/new-genuine-delta-electronics-ac-adapter-charger-40w/13832401
sE Electronics DM1 Dynamite Preamplifier,$139.00,0.0,0,https://www.bestbuy.ca/en-ca/product/se-electronics-dm1-dynamite-preamplifier/13794549
"Calculator, Standard Function Electronics Desktop Calculators, Solar and Battery Dual Power, Big Button 12 Digit Large LCD Display, Handheld for Daily and Basic Office",$35.95,0.0,0,https://www.bestbuy.ca/en-ca/product/calculator-standard-function-electronics-desktop-calculators-solar-and-battery-dual-power-big-button-12-digit-large-lcd-display-handheld-for-daily-and-basic-office/13788326
Speck Products GemShell iPhone Case 6/6s/7/8/SE (2022) - Clear [Electronics],$12.64,0.0,0,https://www.bestbuy.ca/en-ca/product/speck-products-gemshell-iphone-case-6-6s-7-8-se-2022-clear-electronics/13633486
"Brand New Laptop AC Adapter for Delta Electronics ADP-65XB A, 0A36258, 0B47481, 45N0293, 45N0482, PA-1650-37LF",$19.99,0.0,0,https://www.bestbuy.ca/en-ca/product/brand-new-laptop-ac-adapter-for-delta-electronics-adp-65xb-a-0a36258-0b47481-45n0293-45n0482-pa-1650-37lf/13616266
BATTDEPOT New Laptop AC Adapter for Delta Electronics N17908 04G266010620 6500706 90-NAPAW2000 ADP-90YD B PA-11 QND1ACYZZZ0031,$19.99,0.0,0,https://www.bestbuy.ca/en-ca/product/battdepot-new-laptop-ac-adapter-for-delta-electronics-n17908-04g266010620-6500706-90-napaw2000-adp-90yd-b-pa-11-qnd1acyzzz0031/13581954
BATTDEPOT New Laptop AC Adapter for Delta Electronics ADP-90SB BB 04G266010620 6500706 90-NAPAW2000 ADP-90YD B PA11 QND1ACYZZZ0031,$19.99,0.0,0,https://www.bestbuy.ca/en-ca/product/battdepot-new-laptop-ac-adapter-for-delta-electronics-adp-90sb-bb-04g266010620-6500706-90-napaw2000-adp-90yd-b-pa11-qnd1acyzzz0031/13580322
BATTDEPOT New Laptop AC Adapter for Delta Electronics ADP-90FB BB 04G266010620 6500706 90-NAPAW2000 ADP-90YD B PA11 QND1ACYZZZ0031,$19.99,0.0,0,https://www.bestbuy.ca/en-ca/product/battdepot-new-laptop-ac-adapter-for-delta-electronics-adp-90fb-bb-04g266010620-6500706-90-napaw2000-adp-90yd-b-pa11-qnd1acyzzz0031/13580319
BATTDEPOT New Laptop AC Adapter for Delta Electronics ADP-90CDDB/BB 04G266010620 6500706 90-NAPAW2000 ADP-90YD B QND1ACYZZZ0031,$19.99,0.0,0,https://www.bestbuy.ca/en-ca/product/battdepot-new-laptop-ac-adapter-for-delta-electronics-adp-90cddb-bb-04g266010620-6500706-90-napaw2000-adp-90yd-b-qnd1acyzzz0031/13580316
BATTDEPOT New Laptop AC Adapter for Delta Electronics ADP-90CDDB 04G266010620 6500706 90-NAPAW2000 ADP-90YD B PA-11 QND1ACYZZZ0031,$19.99,0.0,0,https://www.bestbuy.ca/en-ca/product/battdepot-new-laptop-ac-adapter-for-delta-electronics-adp-90cddb-04g266010620-6500706-90-napaw2000-adp-90yd-b-pa-11-qnd1acyzzz0031/13580313
"New Laptop AC Adapter for Delta Electronics ADP-90CD, 04G266010620, 6500706, 90-NAPAW2000, ADP-90YD B, PA-11, QND1ACYZZZ0031",$17.99,0.0,0,https://www.bestbuy.ca/en-ca/product/new-laptop-ac-adapter-for-delta-electronics-adp-90cd-04g266010620-6500706-90-napaw2000-adp-90yd-b-pa-11-qnd1acyzzz0031/13579884
BATTDEPOT New Laptop AC Adapter for Delta Electronics SADP-60ZH D 0335A1960 AA-PA2N60W CPA09-004A PA-1600-66,$15.99,0.0,0,https://www.bestbuy.ca/en-ca/product/battdepot-new-laptop-ac-adapter-for-delta-electronics-sadp-60zh-d-0335a1960-aa-pa2n60w-cpa09-004a-pa-1600-66/13541593
BATTDEPOT New Laptop AC Adapter for Delta Electronics CPA09-004A 0335A1960 AA-PA2N60W AD-6019R SADP-60ZH D,$15.99,0.0,0,https://www.bestbuy.ca/en-ca/product/battdepot-new-laptop-ac-adapter-for-delta-electronics-cpa09-004a-0335a1960-aa-pa2n60w-ad-6019r-sadp-60zh-d/13541509
BATTDEPOT New Laptop AC Adapter for Delta Electronics 0335C1960 0335A1960 AA-PA2N60W CPA09-004A SADP-60ZH D,$15.99,0.0,0,https://www.bestbuy.ca/en-ca/product/battdepot-new-laptop-ac-adapter-for-delta-electronics-0335c1960-0335a1960-aa-pa2n60w-cpa09-004a-sadp-60zh-d/13541490
BATTDEPOT New Laptop AC Adapter for Delta Electronics 0335A1960 0335C1960 AA-PA2N60W CPA09-004A SADP-60ZH D,$15.99,0.0,0,https://www.bestbuy.ca/en-ca/product/battdepot-new-laptop-ac-adapter-for-delta-electronics-0335a1960-0335c1960-aa-pa2n60w-cpa09-004a-sadp-60zh-d/13541487
BATTDEPOT New Laptop AC Adapter for Delta Electronics ADP-65KB 04G2660047D0 2527712 6500519 ADP-65WH BB K000009230 PA3714U-1ACA,$15.99,0.0,0,https://www.bestbuy.ca/en-ca/product/battdepot-new-laptop-ac-adapter-for-delta-electronics-adp-65kb-04g2660047d0-2527712-6500519-adp-65wh-bb-k000009230-pa3714u-1aca/13540447
BATTDEPOT New Laptop AC Adapter for Delta Electronics ADP-65HB 04G2660047D0 2527712 6500519 ADP-65WH BB K000009230 PA3714U-1ACA,$15.99,0.0,0,https://www.bestbuy.ca/en-ca/product/battdepot-new-laptop-ac-adapter-for-delta-electronics-adp-65hb-04g2660047d0-2527712-6500519-adp-65wh-bb-k000009230-pa3714u-1aca/13540131
BATTDEPOT New Laptop AC Adapter for Delta Electronics ADP-65HB BBEF 04G2660047D0 2527712 6500519 ADP65WH BB K000009230 PA3714U1ACA,$15.99,0.0,0,https://www.bestbuy.ca/en-ca/product/battdepot-new-laptop-ac-adapter-for-delta-electronics-adp-65hb-bbef-04g2660047d0-2527712-6500519-adp65wh-bb-k000009230-pa3714u1aca/13540128
BATTDEPOT New Laptop AC Adapter for Delta Electronics ADP-65HB BB 04G2660047D0 2527712 6500519 ADP-65WH BB K000009230 PA3714U-1ACA,$15.99,0.0,0,https://www.bestbuy.ca/en-ca/product/battdepot-new-laptop-ac-adapter-for-delta-electronics-adp-65hb-bb-04g2660047d0-2527712-6500519-adp-65wh-bb-k000009230-pa3714u-1aca/13540124
150mm LCD Digital Vernier Caliper Electronics Caliber Carbon Fiber Micrometer,$13.85,0.0,0,https://www.bestbuy.ca/en-ca/product/150mm-lcd-digital-vernier-caliper-electronics-caliber-carbon-fiber-micrometer/13535838
"BattDepot: New Laptop AC Adapter for Delta Electronics ADP-40NH B, 31037975, 41R4445, 45K1746, 55Y9365, 57Y6365, LN-A0403A3C",$13.99,0.0,0,https://www.bestbuy.ca/en-ca/product/battdepot-new-laptop-ac-adapter-for-delta-electronics-adp-40nh-b-31037975-41r4445-45k1746-55y9365-57y6365-ln-a0403a3c/13529430
"BattDepot: New Laptop AC Adapter for Delta Electronics 0225A2040, 31036028, 31037975, 45K1746, 55Y9365, 57Y6365, LN-A0403A3C",$13.99,0.0,0,https://www.bestbuy.ca/en-ca/product/battdepot-new-laptop-ac-adapter-for-delta-electronics-0225a2040-31036028-31037975-45k1746-55y9365-57y6365-ln-a0403a3c/13529428
BATTDEPOT New Laptop AC Adapter for Delta Electronics PPP002D 147679-002 239704-291 371790-001 403810-001 PP1006,$15.99,0.0,0,https://www.bestbuy.ca/en-ca/product/battdepot-new-laptop-ac-adapter-for-delta-electronics-ppp002d-147679-002-239704-291-371790-001-403810-001-pp1006/13520444
BATTDEPOT New Laptop AC Adapter for Delta Electronics PP1006 147679-002 239704-291 371790-001 403810-001 PPP009D,$15.99,0.0,0,https://www.bestbuy.ca/en-ca/product/battdepot-new-laptop-ac-adapter-for-delta-electronics-pp1006-147679-002-239704-291-371790-001-403810-001-ppp009d/13520436
BATTDEPOT New Laptop AC Adapter for Delta Electronics PA-1650-02C 147679-002 239704-291 371790-001 403810-001 PP1006,$15.99,0.0,0,https://www.bestbuy.ca/en-ca/product/battdepot-new-laptop-ac-adapter-for-delta-electronics-pa-1650-02c-147679-002-239704-291-371790-001-403810-001-pp1006/13514933
BATTDEPOT New Laptop AC Adapter for Delta Electronics DC395A 147679-002 239704-291 371790-001 403810-001 PP1006,$15.99,0.0,0,https://www.bestbuy.ca/en-ca/product/battdepot-new-laptop-ac-adapter-for-delta-electronics-dc395a-147679-002-239704-291-371790-001-403810-001-pp1006/13514250
BATTDEPOT New Laptop AC Adapter for Delta Electronics 208190-001 147679-002 239704-291 371790-001 403810-001 PP1006,$15.99,0.0,0,https://www.bestbuy.ca/en-ca/product/battdepot-new-laptop-ac-adapter-for-delta-electronics-208190-001-147679-002-239704-291-371790-001-403810-001-pp1006/13513961
BATTDEPOT New Laptop AC Adapter for Delta Electronics 319860-001 147679-002 239704-291 371790-001 403810-001 PP1006,$15.99,0.0,0,https://www.bestbuy.ca/en-ca/product/battdepot-new-laptop-ac-adapter-for-delta-electronics-319860-001-147679-002-239704-291-371790-001-403810-001-pp1006/13513937
BATTDEPOT New Laptop AC Adapter for Delta Electronics 287694-001 147679-002 239704-291 371790-001 403810-001 PP1006,$15.99,0.0,0,https://www.bestbuy.ca/en-ca/product/battdepot-new-laptop-ac-adapter-for-delta-electronics-287694-001-147679-002-239704-291-371790-001-403810-001-pp1006/13513703
BATTDEPOT New Laptop AC Adapter for Delta Electronics 239704-291 147679-002 209124-001 371790-001 403810-001 PP1006,$15.99,0.0,0,https://www.bestbuy.ca/en-ca/product/battdepot-new-laptop-ac-adapter-for-delta-electronics-239704-291-147679-002-209124-001-371790-001-403810-001-pp1006/13513692
BATTDEPOT New Laptop AC Adapter for Delta Electronics 239427-003 147679-002 239704-291 371790-001 403810-001 PP1006,$15.99,0.0,0,https://www.bestbuy.ca/en-ca/product/battdepot-new-laptop-ac-adapter-for-delta-electronics-239427-003-147679-002-239704-291-371790-001-403810-001-pp1006/13513678
BATTDEPOT New Laptop AC Adapter for Delta Electronics 374473-001 147679-002 239704-291 371790-001 403810-001 PP1006,$15.99,0.0,0,https://www.bestbuy.ca/en-ca/product/battdepot-new-laptop-ac-adapter-for-delta-electronics-374473-001-147679-002-239704-291-371790-001-403810-001-pp1006/13513673
BATTDEPOT New Laptop AC Adapter for Delta Electronics A265 147679-002 239704-291 371790-001 403810-001 PP1006,$15.99,0.0,0,https://www.bestbuy.ca/en-ca/product/battdepot-new-laptop-ac-adapter-for-delta-electronics-a265-147679-002-239704-291-371790-001-403810-001-pp1006/13513632
"Universal 2-Prong Replacement Power Cord for Computer Electronics, 6ft",$10.00,0.0,0,https://www.bestbuy.ca/en-ca/product/universal-2-prong-replacement-power-cord-for-computer-electronics-6ft/13502631
NAXA Electronics Portable MP3/CD Player with AM/FM Stereo Radio Red,$74.99,0.0,0,https://www.bestbuy.ca/en-ca/product/naxa-electronics-portable-mp3-cd-player-with-am-fm-stereo-radio-red/13487290
NAXA Electronics Portable MP3/CD Player with AM/FM Stereo Radio Blue,$74.99,0.0,0,https://www.bestbuy.ca/en-ca/product/naxa-electronics-portable-mp3-cd-player-with-am-fm-stereo-radio-blue/13487289
NAXA Electronics NPB-251BK Portable CD Player with AM/FM Stereo Radio,$69.99,0.0,0,https://www.bestbuy.ca/en-ca/product/naxa-electronics-npb-251bk-portable-cd-player-with-am-fm-stereo-radio/13487286
NAXA Electronics NPB-251RD Portable CD Player with AM/FM Stereo Radio,$59.98,0.0,0,https://www.bestbuy.ca/en-ca/product/naxa-electronics-npb-251rd-portable-cd-player-with-am-fm-stereo-radio/13487285
NAXA Electronics NRC-173 Projection Dual Alarm Clock,$39.99,0.0,0,https://www.bestbuy.ca/en-ca/product/naxa-electronics-nrc-173-projection-dual-alarm-clock/13487260
NAXA Electronics NRC-170 PLL Digital Dual Alarm Clock with AM/FM Radio and Snooze Black Lacquer,$24.99,0.0,0,https://www.bestbuy.ca/en-ca/product/naxa-electronics-nrc-170-pll-digital-dual-alarm-clock-with-am-fm-radio-and-snooze-black-lacquer/13487259
Yamaha TransAcoustic Series Classical Acoustic with Electronics and FX Controls,$999.99,0.0,0,https://www.bestbuy.ca/en-ca/product/yamaha-transacoustic-series-classical-acoustic-with-electronics-and-fx-controls/13484549
BeaverCreek Mahogany Soprano Ukulele with Electronics,$109.99,0.0,0,https://www.bestbuy.ca/en-ca/product/beavercreek-mahogany-soprano-ukulele-with-electronics/13427319
sE Electronics V7 X Dynamic Instrument Microphone w/ Accessories,$139.00,0.0,0,https://www.bestbuy.ca/en-ca/product/se-electronics-v7-x-dynamic-instrument-microphone-w-accessories/13413570
New Genuine Delta Electronics AC Adapter Charger 90W,$65.98,0.0,0,https://www.bestbuy.ca/en-ca/product/new-genuine-delta-electronics-ac-adapter-charger-90w/13299372
3U Rack-Mount Configurable Storage Shelf for Personal Electronics,$398.43,0.0,0,https://www.bestbuy.ca/en-ca/product/3u-rack-mount-configurable-storage-shelf-for-personal-electronics/12994777
DataComm Electronics 50-6623-WH-KIT Flat Panel TV Cable Organizer Kit with Duplex Power Solution,$238.75,0.0,0,https://www.bestbuy.ca/en-ca/product/datacomm-electronics-50-6623-wh-kit-flat-panel-tv-cable-organizer-kit-with-duplex-power-solution/12930622
sE Electronics Reflexion Filter Pro - Black,$269.00,0.0,0,https://www.bestbuy.ca/en-ca/product/se-electronics-reflexion-filter-pro-black/12523006
sE Electronics V7 MC1 Shure Handheld Wireless Capsule,$169.00,0.0,0,https://www.bestbuy.ca/en-ca/product/se-electronics-v7-mc1-shure-handheld-wireless-capsule/12523005
sE Electronics V7 Handheld Dynamic Vocal Microphone,$139.00,0.0,0,https://www.bestbuy.ca/en-ca/product/se-electronics-v7-handheld-dynamic-vocal-microphone/12523004
axGear 38 in1 Bit Repair Tools Kit Set Torx ScrewDrivers For Electronics PC Laptop,$29.99,0.0,0,https://www.bestbuy.ca/en-ca/product/axgear-38-in1-bit-repair-tools-kit-set-torx-screwdrivers-for-electronics-pc-laptop/12317156
Buffalo Electronics IR-E1 IR Flasher,$9.99,0.0,0,https://www.bestbuy.ca/en-ca/product/buffalo-electronics-ir-e1-ir-flasher/11535348
Buffalo Electronics Structured Wiring Box for up to 8 Repeaters (IR-J8),$59.99,0.0,0,https://www.bestbuy.ca/en-ca/product/buffalo-electronics-structured-wiring-box-for-up-to-8-repeaters-ir-j8/11535347
Buffalo Electronics IR Connecting Block (IR-100),$59.99,0.0,0,https://www.bestbuy.ca/en-ca/product/buffalo-electronics-ir-connecting-block-ir-100/11535346
Hamilton Electronics Vcom HECHYGENX25 On Ear Covers For Headsets 2-halfIn 50 Pair,$39.32,0.0,0,https://www.bestbuy.ca/en-ca/product/hamilton-electronics-vcom-hechygenx25-on-ear-covers-for-headsets-2-halfin-50-pair/11399391
Hamilton Electronics LCP - CD385 - 6SV Val-U-Pak CD Listening Center- 6 station,$343.12,0.0,0,https://www.bestbuy.ca/en-ca/product/hamilton-electronics-lcp-cd385-6sv-val-u-pak-cd-listening-center-6-station/11360593
Hamilton Electronics PCD-CD4 Ultra Portable CD Listening Center- 4 station,$154.24,0.0,0,https://www.bestbuy.ca/en-ca/product/hamilton-electronics-pcd-cd4-ultra-portable-cd-listening-center-4-station/11331979
ACR ELECTRONICS 1927.3 ACR URC-102 MASTER CONTROLLER ONLY FOR RCL-50-100 SERIES,$611.91,0.0,0,https://www.bestbuy.ca/en-ca/product/acr-electronics-1927-3-acr-urc-102-master-controller-only-for-rcl-50-100-series/11247824
Navor Portable Hard Carrying Travel Case in Black - Waterproof Electronics Organizer Pouch for Charger Cables | Universal Cable & Accessories Storage Bag with Zippered Closure,$16.97,0.0,0,https://www.bestbuy.ca/en-ca/product/navor-portable-hard-carrying-travel-case-in-black-waterproof-electronics-organizer-pouch-for-charger-cables-universal-cable-accessories-storage-bag-with-zippered-closure/10757380
Navor Universal Travel Electronics accessories Storage Organizer Case Bag-Black,$22.97,0.0,0,https://www.bestbuy.ca/en-ca/product/navor-universal-travel-electronics-accessories-storage-organizer-case-bag-black/10757371
Crosley Electronics Diamond Stylus NP-7 Turntable Replacement Needle,$34.99,5.0,1,https://www.bestbuy.ca/en-ca/product/crosley-electronics-diamond-stylus-np-7-turntable-replacement-needle/10588521
sE Electronics Specialized Portable Acoustic Control Environment,$309.00,0.0,0,https://www.bestbuy.ca/en-ca/product/se-electronics-se-electronics-space-reflexion-filter-rf-space/10581467
sE Electronics RF-X Reflextion Filter - Gray,$139.00,0.0,0,https://www.bestbuy.ca/en-ca/product/se-electronics-se-electronics-reflexion-filter-x-portable-vocal-booth-rf-x/10581442
sE Electronics Reflexion Filter Pro,$269.00,0.0,0,https://www.bestbuy.ca/en-ca/product/se-electronics-se-electronics-reflexion-filter-pro-reflexion-filter-pro/10581401
Stanz Premium Helping Third Hand with LED Magnifying Lamp Electronics Repair Auxiliary Clip Stand,$32.99,5.0,1,https://www.bestbuy.ca/en-ca/product/stanz-stanz-premium-helping-third-hand-with-led-magnifying-lamp-electronics-repair-auxiliary-clip-stand-55-016/10561424
NAD Electronics PP 4 Phono to USB Preamplifier,$379.00,4.67,9,https://www.bestbuy.ca/en-ca/product/nad-nad-electronics-pp-4-phono-to-usb-preamplifier-pp4/10533144
Lg Electronics Blu-ray Dvd Writer (uh12ns40),$97.63,3.1,10,https://www.bestbuy.ca/en-ca/product/lg-electronics-lg-electronics-blu-ray-dvd-writer-uh12ns40-uh12ns40/10512804
Ernie Ball PO6181 VP JR 25K Volume Pedal for Active Electronics,$159.00,0.0,0,https://www.bestbuy.ca/en-ca/product/ernie-ball-pedal-volume-ernie-ball-eb-6181-ebp06181/10469162
Ernie Ball PO6180 VP JR 250K Volume Pedal for Passive Electronics,$159.00,0.0,0,https://www.bestbuy.ca/en-ca/product/ernie-ball-pedal-volume-ernie-ball-6180-vp-jr-250k-ebp06180/10430626
Factor Electronics Timer Controlled 8-Outlet Power Bar (FES-101W) - White,$142.99,0.0,0,https://www.bestbuy.ca/en-ca/product/factor-factor-electronics-timer-controlled-8-outlet-power-bar-fes-101w-white-fes-101w/10280633
Factor Electronics Timer Controlled 8-Outlet Power Bar (FES-101B) - Blue,$142.99,0.0,0,https://www.bestbuy.ca/en-ca/product/factor-factor-electronics-timer-controlled-8-outlet-power-bar-fes-101b-blue-fes-101b/10280632
LDAS Dash Cam for Cars Front and Rear and SD Card Included 1080P Full HD in Car Camera Dual Lens Dashcam for Cars 170 Wide Angle with Loop Recording and G-Sensor,$62.99,3.4,5,https://www.bestbuy.ca/en-ca/product/ldas-dash-cam-for-cars-front-and-rear-and-sd-card-included-1080p-full-hd-in-car-camera-dual-lens-dashcam-for-cars-170-wide-angle-with-loop-recording-and-g-sensor/17167295
"3 Channel Dash Cam Front and Rear Inside, LDAS FHD 1080P Dash Camera with SD Card, Rotatable cam for Cars with Super Night Vision, Loop Recording, G-Sensor, WDR Motion Detection",$99.99,2.0,1,https://www.bestbuy.ca/en-ca/product/3-channel-dash-cam-front-and-rear-inside-ldas-fhd-1080p-dash-camera-with-sd-card-rotatable-cam-for-cars-with-super-night-vision-loop-recording-g-sensor-wdr-motion-detection/17616362
"Rove R2-4K Dash Cam Built-in WiFi GPS Car Dashboard Camera Recorder with UHD 2160P, 2.4"" LCD, 150° Wide Angle, WDR, Night Vision",$199.99,0.0,0,https://www.bestbuy.ca/en-ca/product/rove-r2-4k-dash-cam-built-in-wifi-gps-car-dashboard-camera-recorder-with-uhd-2160p-2-4-lcd-150-wide-angle-wdr-night-vision/17167296
"KAPTURE BARREL 2K QHD , GPS ,WIFI DVR",$229.99,0.0,0,https://www.bestbuy.ca/en-ca/product/kapture-barrel-2k-qhd-gps-wifi-dvr/17687460
"DASHMATE 3.0"" IPS FHD WITH VGA REAR CAMERA DVR",$99.99,0.0,0,https://www.bestbuy.ca/en-ca/product/dashmate-3-0-ips-fhd-with-vga-rear-camera-dvr/17687459
"KAPTURE FULL HD 1080P ,3.2” IPS SCREEN DVR",$89.99,0.0,0,https://www.bestbuy.ca/en-ca/product/kapture-full-hd-1080p-3-2-ips-screen-dvr/17687457
"DASHMATE 3.0"" 1080P HD CAR DVR BLACK",$79.99,0.0,0,https://www.bestbuy.ca/en-ca/product/dashmate-3-0-1080p-hd-car-dvr-black/17687455
"Dash Cam, Dashcams for Cars Full HD 1080P Car Camera Front with 32G SD Card, Super Night Vision Dashcam, Dash Camera w/WDR Loop Recording G-Sensor Parking Monitor Motion Detection",$99.99,0.0,0,https://www.bestbuy.ca/en-ca/product/dash-cam-dashcams-for-cars-full-hd-1080p-car-camera-front-with-32g-sd-card-super-night-vision-dashcam-dash-camera-w-wdr-loop-recording-g-sensor-parking-monitor-motion-detection/17167294
"Dash Cam Front with 32G SD Card, LDAS 1080P FHD Car Driving Recorder 3'' IPS Screen 170°Wide Angle Dashboard Camera Aluminum Alloy Case, WDR G-Sensor Parking Monitor Loop Recording",$99.99,0.0,0,https://www.bestbuy.ca/en-ca/product/dash-cam-front-with-32g-sd-card-ldas-1080p-fhd-car-driving-recorder-3-ips-screen-170wide-angle-dashboard-camera-aluminum-alloy-case-wdr-g-sensor-parking-monitor-loop-recording/17167290
LDAS USB C Car Charger 54W Super Mini AINOPE All Metal Fast USB Car Charger Adapter PD&QC 3.0 Dual Port Compatible with cable for iPhone 14 Pro Max 13 12 11 X XR XS Samsung Galaxy,$27.99,0.0,0,https://www.bestbuy.ca/en-ca/product/ldas-usb-c-car-charger-54w-super-mini-ainope-all-metal-fast-usb-car-charger-adapter-pd-qc-3-0-dual-port-compatible-with-cable-for-iphone-14-pro-max-13-12-11-x-xr-xs-samsung-galaxy/17078143
"LDAS USB C Car Charger, 54W iPhone Car Charger Fast Charging [Mini Metal], Fast USB Car Charger Adapter PD30W&QC3.0 Compatible with iPhone 14 Pro Max Plus 13 12 11 Samsung S22/21",$29.99,0.0,0,https://www.bestbuy.ca/en-ca/product/ldas-usb-c-car-charger-54w-iphone-car-charger-fast-charging-mini-metal-fast-usb-car-charger-adapter-pd30w-qc3-0-compatible-with-iphone-14-pro-max-plus-13-12-11-samsung-s22-21/17078142
"LDAS Car Charger Adapter, 4 Ports USB Fast Car Charger QC3.0, Quick Car Phone Charger with LED Light Display, Compatible with iPhone 12 Pro Max/11 Pro/XS/XR, Galaxy S20 Ultra Black",$26.99,5.0,1,https://www.bestbuy.ca/en-ca/product/ldas-car-charger-adapter-4-ports-usb-fast-car-charger-qc3-0-quick-car-phone-charger-with-led-light-display-compatible-with-iphone-12-pro-max-11-pro-xs-xr-galaxy-s20-ultra-black/17078131
"LDAS 2-Pack USB C Car Charger Fast Charge, 48W Car Cigarette Lighter USB Charger[Mini&Metal], LISEN USBC Fast Car Charger Adapter Compatible with iPhone 14 Pro Max Plus 13 12, iPad",$26.99,5.0,1,https://www.bestbuy.ca/en-ca/product/ldas-2-pack-usb-c-car-charger-fast-charge-48w-car-cigarette-lighter-usb-charger-mini-metal-lisen-usbc-fast-car-charger-adapter-compatible-with-iphone-14-pro-max-plus-13-12-ipad/17078130
44-PW22 Universal Power Antenna,$99.99,0.0,0,https://www.bestbuy.ca/en-ca/product/44-pw22-universal-power-antenna/15858084
12V Auto Adapter by Lind,$238.32,0.0,0,https://www.bestbuy.ca/en-ca/product/12v-auto-adapter-by-lind/14339785
ACR HRMK1503 Planet Gear,$64.99,0.0,0,https://www.bestbuy.ca/en-ca/product/acr-hrmk1503-planet-gear/12543686
Garmin Mini 2 1080p HD Dash Cam with Wi-Fi,$149.99,4.21,730,https://www.bestbuy.ca/en-ca/product/garmin-mini-2-1080p-hd-dash-cam-with-wi-fi/15545203
"Dash Cam Front and Rear Camera WiFi/APP Control Dashcam W/ 64GB Card, 2.5K Dash Cam Front + 1080P Rear Car Camera W/Super Night Vision, Loop Recording, G-Sensor, Max Support 256GB",$89.99,5.0,1,https://www.bestbuy.ca/en-ca/product/dash-cam-front-and-rear-camera-wifi-app-control-dashcam-w-64gb-card-2-5k-dash-cam-front-1080p-rear-car-camera-w-super-night-vision-loop-recording-g-sensor-max-support-256gb/14292868
"GekoGear Orbit 110 Full HD 1080p Dashcam with 1.5"" LCD Screen",$49.99,4.05,133,https://www.bestbuy.ca/en-ca/product/gekogear-orbit-110-full-hd-1080p-dashcam-with-1-5-lcd-screen/13831947
"Thinkware Q1000 1440p Dash Cam with Wi-Fi, GPS & Rear Camera",$299.99,4.38,53,https://www.bestbuy.ca/en-ca/product/thinkware-q1000-1440p-dash-cam-with-wi-fi-gps-rear-camera/16336084
"Thinkware Q200 1440p Dash Cam with Wi-Fi, GPS, & Rear Camera",$299.99,4.51,102,https://www.bestbuy.ca/en-ca/product/thinkware-q200-1440p-dash-cam-with-wi-fi-gps-rear-camera/17729358
Thinkware U3000 4K UHD Dash Cam with GPS & Wi-Fi,$549.99,3.88,16,https://www.bestbuy.ca/en-ca/product/thinkware-u3000-4k-uhd-dash-cam-with-gps-wi-fi/17084750
Garmin 47 1080p HD Dash Cam with LCD Screen & Wi-Fi,$229.99,4.43,508,https://www.bestbuy.ca/en-ca/product/garmin-47-1080p-hd-dash-cam-with-lcd-screen-wi-fi/15545206
Thinkware F70 Pro Full HD 1080p Dash Cam with Wi-Fi,$129.99,3.5,36,https://www.bestbuy.ca/en-ca/product/thinkware-f70-pro-full-hd-1080p-dash-cam-with-wi-fi/17223053
Thinkware F200 Pro 1080p Wifi Dash Cam with Rear View Camera & GPS - Only at Best Buy,$299.99,4.28,554,https://www.bestbuy.ca/en-ca/product/thinkware-f200-pro-1080p-wifi-dash-cam-with-rear-view-camera-gps-only-at-best-buy/15325325
"JS Dash 4.0 (BLACK) - Plug & Play Dash Cam- Full HD 1080p Dashcam w/ Parking Monitor & 1.22"" LED Screen & GPS w/ MICRO SD CARD *NEW & IMPROVED*",$129.99,4.39,211,https://www.bestbuy.ca/en-ca/product/js-dash-4-0-black-plug-play-dash-cam-full-hd-1080p-dashcam-w-parking-monitor-1-22-led-screen-gps-w-micro-sd-card-new-improved/11986935
Garmin 67W 1440p HD Dash Cam with LCD Screen & Wi-Fi,$349.99,4.18,257,https://www.bestbuy.ca/en-ca/product/garmin-67w-1440p-hd-dash-cam-with-lcd-screen-wi-fi/15545204
"Rexing S1 Pro Front, Cabin and Rear 3-Channel Dash Cam",$159.99,4.09,22,https://www.bestbuy.ca/en-ca/product/rexing-s1-pro-front-cabin-and-rear-3-channel-dash-cam/15546831
"Thinkware U3000 4K UHD Dash Cam with Rear Camera, GPS & Wi-Fi",$699.99,4.04,26,https://www.bestbuy.ca/en-ca/product/thinkware-u3000-4k-uhd-dash-cam-with-rear-camera-gps-wi-fi/17084749
GekoGear Orbit D110 1080p Front & In-Cabin Dual Cam with 32GB microSD Card,$199.99,0.0,0,https://www.bestbuy.ca/en-ca/product/gekogear-orbit-d110-1080p-front-in-cabin-dual-cam-with-32gb-microsd-card/17920591
Garmin Mini 3 1080p HD Dash Cam with Wi-Fi,$199.99,3.71,7,https://www.bestbuy.ca/en-ca/product/garmin-mini-3-1080p-hd-dash-cam-with-wi-fi/18394663
Thinkware U1000 4K UHD Dash Cam with Rear Camera & Wi-Fi,$549.95,4.01,224,https://www.bestbuy.ca/en-ca/product/thinkware-u1000-4k-uhd-dash-cam-with-rear-camera-wi-fi/13864870
"JS Innovations Mini Dash Full HD 1080p Dash Cam with 1.5"" LED Screen - Only at Best Buy",$59.99,3.78,27,https://www.bestbuy.ca/en-ca/product/js-innovations-mini-dash-full-hd-1080p-dash-cam-with-1-5-led-screen-only-at-best-buy/17154034
"GekoGear Orbit 535 4K UHD Dash Cam with 2.35"" LCD Screen & Wi-Fi",$159.99,3.0,6,https://www.bestbuy.ca/en-ca/product/gekogear-orbit-535-4k-uhd-dash-cam-with-2-35-lcd-screen-wi-fi/16320707
Garmin Drive 53 & Traffic 5” GPS,$229.99,4.15,48,https://www.bestbuy.ca/en-ca/product/garmin-drive-53-traffic-5-gps/16948239
"Ottocast 10"" Wireless CarPlay & Android Auto Car Display Screen",$199.99,0.0,0,https://www.bestbuy.ca/en-ca/product/ottocast-10-wireless-carplay-android-auto-car-display-screen/17933877
"Garmin dezl OTR710 7"" Truck GPS",$499.99,4.53,185,https://www.bestbuy.ca/en-ca/product/garmin-dezl-otr710-7-truck-gps/16320710
Rexing V1GW-4K Ultra HD Car Dash Cam with Wi-Fi Built-in GPS Logger - Black,$129.99,4.19,149,https://www.bestbuy.ca/en-ca/product/rexing-v1gw-4k-ultra-hd-car-dash-cam-with-wi-fi-built-in-gps-logger-black/15741107
Escort Redline360C Radar Detector with MRCD,"$1,299.99",4.7,250,https://www.bestbuy.ca/en-ca/product/escort-redline360c-radar-detector-with-mrcd/15454795
Nextbase 522XR 1440p QHD Dash Cam with Rear View Camera - Only at Best Buy,$299.99,3.62,13,https://www.bestbuy.ca/en-ca/product/nextbase-522xr-1440p-qhd-dash-cam-with-rear-view-camera-only-at-best-buy/15617756
"Garmin dezl OTR610 6"" Truck GPS",$469.99,4.53,19,https://www.bestbuy.ca/en-ca/product/garmin-dezl-otr610-6-truck-gps/16320711
"Nextbase 320XR Full HD 1080p Dash Cam with 2.5"" IPS Panel Screen & Rear Camera - Only at Best Buy",$229.95,4.16,451,https://www.bestbuy.ca/en-ca/product/nextbase-320xr-full-hd-1080p-dash-cam-with-2-5-ips-panel-screen-rear-camera-only-at-best-buy/15611819
"Nextbase 222 Full HD 1080p Dash Cam with 2.5"" LED HD IPS Screen",$149.99,4.42,109,https://www.bestbuy.ca/en-ca/product/nextbase-222-full-hd-1080p-dash-cam-with-2-5-led-hd-ips-screen/13617026
"Garmin DriveSmart 66 6"" GPS",$339.99,4.25,507,https://www.bestbuy.ca/en-ca/product/garmin-drivesmart-66-6-gps/15759593
Garmin 57 1440p HD Dash Cam with LCD Screen & Wi-Fi - Only at Best Buy,$309.99,4.1,51,https://www.bestbuy.ca/en-ca/product/garmin-57-1440p-hd-dash-cam-with-lcd-screen-wi-fi-only-at-best-buy/15545205
Garmin InReach Mini 2 Outdoor GPS - Red,$399.99,4.15,554,https://www.bestbuy.ca/en-ca/product/garmin-inreach-mini-2-outdoor-gps-red/16007823
VIOFO A129 Pro Duo 4K Dual Dash Cam - 3840 x 2160P Ultra HD 4K Front Dashcam - 1080P Rear Camera,$234.95,0.0,0,https://www.bestbuy.ca/en-ca/product/viofo-a129-pro-duo-4k-dual-dash-cam-3840-x-2160p-ultra-hd-4k-front-dashcam-1080p-rear-camera/14340938
"Garmin DriveSmart 76 7"" GPS",$339.98,4.47,70,https://www.bestbuy.ca/en-ca/product/garmin-drivesmart-76-7-gps/15759592
SiriusXM Onyx Plus & Boombox Bundle (SXPL1V1-SXMB2C) - Only at Best Buy,$169.99,4.65,881,https://www.bestbuy.ca/en-ca/product/siriusxm-onyx-plus-boombox-bundle-sxpl1v1-sxmb2c-only-at-best-buy/13319915
VIOFO A229 Pro 4K UHD 2-Channel Dash Cam,$389.99,0.0,0,https://www.bestbuy.ca/en-ca/product/viofo-a229-pro-4k-uhd-2-channel-dash-cam/17540524
"GekoGear Orbit D400 4K Dash Cam with 1080p Rear Camera, 11.8"" LCD Screen & 32GB MicroSD Card",$299.99,5.0,2,https://www.bestbuy.ca/en-ca/product/gekogear-orbit-d400-4k-dash-cam-with-1080p-rear-camera-11-8-lcd-screen-32gb-microsd-card/17920595
Thinkware Q200 1440p Dash Cam with Wi-Fi,$189.99,0.0,0,https://www.bestbuy.ca/en-ca/product/thinkware-q200-1440p-dash-cam-with-wi-fi/17729359
Thinkware ARC 2K QHD Dash Cam with Rear View Camera & GPS,$349.99,5.0,4,https://www.bestbuy.ca/en-ca/product/thinkware-arc-2k-qhd-dash-cam-with-rear-view-camera-gps/18166388
GekoGear Scout Pro 2K 1080p Dash Cam,$259.99,5.0,1,https://www.bestbuy.ca/en-ca/product/gekogear-scout-pro-2k-1080p-dash-cam/17090102
Nextbase iQ 4K Smart Dash Cam with Wi-Fi & GPS,$799.99,3.84,63,https://www.bestbuy.ca/en-ca/product/nextbase-iq-4k-smart-dash-cam-with-wi-fi-gps/17109573
Nextbase Rear-Window Camera - Black,$49.99,4.48,176,https://www.bestbuy.ca/en-ca/product/nextbase-rear-window-camera-black/13617037
"Alpine iLX-W650 7"" Mech-Less Receiver with Apple CarPlay and Android Auto",$459.00,4.34,941,https://www.bestbuy.ca/en-ca/product/alpine-ilx-w650-7-mech-less-receiver-with-apple-carplay-and-android-auto/13483584
"Open Box - Ottocast 10"" Wireless CarPlay & Android Auto Car Display Screen",$159.99,0.0,0,https://www.bestbuy.ca/en-ca/product/open-box-ottocast-10-wireless-carplay-android-auto-car-display-screen/18388159
Dash Cam Front and Rear CHORTAU Dual Dash Cam 3 inch Dashboard Camera Full HD 170° Wide Angle,$49.99,0.0,0,https://www.bestbuy.ca/en-ca/product/dash-cam-front-and-rear-chortau-dual-dash-cam-3-inch-dashboard-camera-full-hd-170-wide-angle/17457676
Pioneer DMH-1770NEX 6.8″ Capacitive Glass Touchscreen Digital Media Receiver,$354.85,4.03,700,https://www.bestbuy.ca/en-ca/product/pioneer-dmh-1770nex-6-8-capacitive-glass-touchscreen-digital-media-receiver/15744738
"VTOMAN V1500 1500A Portable Car Jump Starter Power Bank, Suitable for 6.0L Petrol and 4L Diesel 12V Car Battery Booster",$69.99,0.0,0,https://www.bestbuy.ca/en-ca/product/vtoman-v1500-1500a-portable-car-jump-starter-power-bank-suitable-for-6-0l-petrol-and-4l-diesel-12v-car-battery-booster/17664328
VIOFO A129 Plus Duo 2K QHD 2-Channel Dash Cam with GPS,$206.99,4.67,3,https://www.bestbuy.ca/en-ca/product/viofo-a129-plus-duo-2k-qhd-2-channel-dash-cam-with-gps/14965253
"GekoGear Orbit 951 Full HD 1080p Dash Cam with 3"" TFT Screen & Rear Camera",$219.99,2.57,14,https://www.bestbuy.ca/en-ca/product/gekogear-orbit-951-full-hd-1080p-dash-cam-with-3-tft-screen-rear-camera/16320706
Garmin inReach Messenger GPS,$329.99,4.14,139,https://www.bestbuy.ca/en-ca/product/garmin-inreach-messenger-gps/16499468
Garmin Edge 530 GPS Cycling Computer,$399.99,3.87,560,https://www.bestbuy.ca/en-ca/product/garmin-edge-530-gps-cycling-computer/15622142
Cobra RAD 380 Radar Detector,$179.99,4.18,62,https://www.bestbuy.ca/en-ca/product/cobra-rad-380-radar-detector/15852554
Thinkware OBD-II Dash Cam Power Cable,$54.99,4.58,48,https://www.bestbuy.ca/en-ca/product/thinkware-obd-ii-dash-cam-power-cable/17049024
VIOFO A119 V3 2.5K Dash Cam 2560 X 1600P Quad HD+ Car DVR with GPS Logger (2020 Edition),$109.99,0.0,0,https://www.bestbuy.ca/en-ca/product/viofo-a119-v3-2-5k-dash-cam-2560-x-1600p-quad-hd-car-dvr-with-gps-logger-2020-edition/14340939
"Nextbase 622GW 4K Dash Cam with 3"" LED IPS Screen Wi-Fi & Amazon Alexa Built-In - Only at Best Buy",$499.99,4.08,543,https://www.bestbuy.ca/en-ca/product/nextbase-622gw-4k-dash-cam-with-3-led-ips-screen-wi-fi-amazon-alexa-built-in-only-at-best-buy/14716306
"GekoGear Orbit 956 4k UltraHD Dash Cam with 3"" LCD Screen & 1080p Rear Camera",$249.98,3.96,26,https://www.bestbuy.ca/en-ca/product/gekogear-orbit-956-4k-ultrahd-dash-cam-with-3-lcd-screen-1080p-rear-camera/15554555
"Thinkware X800 1440p Dash Cam with 2.7"" LCD Screen, GPS & Rear Camera - Exclusive Retail Partner",$329.99,3.97,29,https://www.bestbuy.ca/en-ca/product/thinkware-x800-1440p-dash-cam-with-2-7-lcd-screen-gps-rear-camera-exclusive-retail-partner/16206732
Garmin Edge 1040 GPS Cycling Computer,$809.99,4.47,253,https://www.bestbuy.ca/en-ca/product/garmin-edge-1040-gps-cycling-computer/16391337
"Nextbase 322GW Full HD 1080p Dash Cam with 2.5"" LED HD IPS Touch Screen & Wi-Fi",$249.99,3.98,584,https://www.bestbuy.ca/en-ca/product/nextbase-322gw-full-hd-1080p-dash-cam-with-2-5-led-hd-ips-touch-screen-wi-fi/13617027
Cobra RAD 480i Radar Detector,$249.99,4.3,696,https://www.bestbuy.ca/en-ca/product/cobra-rad-480i-radar-detector/15852553
"Garmin Drive 53 5"" GPS (010-02858-00)",$199.99,4.34,59,https://www.bestbuy.ca/en-ca/product/garmin-drive-53-5-gps-010-02858-00/16948241
"Nextbase 522GW 1440p Dash Cam w/ 3"" HD Touch Screen Wi-Fi & Amazon Alexa Built In",$349.99,4.05,700,https://www.bestbuy.ca/en-ca/product/nextbase-522gw-1440p-dash-cam-w-3-hd-touch-screen-wi-fi-amazon-alexa-built-in/13617030
"Open Box - Vantrue N5 4 Channel WiFi 360° All Sides Dash Cam, STARVIS 2 IR Night Vision, 2.7K+1080P*3 Front Rear Inside Dashcam, Voice Control",$374.99,0.0,0,https://www.bestbuy.ca/en-ca/product/open-box-vantrue-n5-4-channel-wifi-360-all-sides-dash-cam-starvis-2-ir-night-vision-2-7k1080p-3-front-rear-inside-dashcam-voice-control/18385245
NOCO Genius GB70 Boost HD Jump Starter - 2000A,$266.95,0.0,0,https://www.bestbuy.ca/en-ca/product/noco-genius-gb70-boost-hd-jump-starter-2000a/13605435
SiriusXM Onyx ERZ with Vehicle Kit (SXEZR1V1KC),$59.99,4.5,485,https://www.bestbuy.ca/en-ca/product/siriusxm-onyx-erz-with-vehicle-kit-sxezr1v1kc/13329778
Garmin BC 40 Backup Camera with License Plate Mount & Wi-Fi,$199.99,3.96,57,https://www.bestbuy.ca/en-ca/product/garmin-bc-40-backup-camera-with-license-plate-mount-wi-fi/15605402
"Open Box - Vantrue N4 Pro 3 Channel 4K Dash Cam with STARVIS 2 Night Vision, 4K+1080P+1080P Front Inside Rear Dash Camera, WiFi, Voice Control, GPS, 4K HDR",$349.99,0.0,0,https://www.bestbuy.ca/en-ca/product/open-box-vantrue-n4-pro-3-channel-4k-dash-cam-with-starvis-2-night-vision-4k1080p1080p-front-inside-rear-dash-camera-wifi-voice-control-gps-4k-hdr/18386906
"Rexing V1-4K 2.4"" LCD Ultra HD (2160p) Wi-Fi Dash Cam",$119.99,4.5,68,https://www.bestbuy.ca/en-ca/product/rexing-v1-4k-2-4-lcd-ultra-hd-2160p-wi-fi-dash-cam/14331663
Garmin Edge 840 GPS Touchscreen Cycling Computer (010-02695-00),$599.99,4.45,148,https://www.bestbuy.ca/en-ca/product/garmin-edge-840-gps-touchscreen-cycling-computer-010-02695-00/16998161
Tacklife T8 MAX 1000A Peak 20000mAh 12V Jump Starter Power Bank,$61.95,0.0,0,https://www.bestbuy.ca/en-ca/product/tacklife-t8-max-1000a-peak-20000mah-12v-jump-starter-power-bank/16496850
THINKWARE Hardwiring Cable for THINKWARE Dash Cams (TWA-SH),$39.99,4.6,255,https://www.bestbuy.ca/en-ca/product/thinkware-hardwiring-cable-for-thinkware-dash-cams-twa-sh/10298921
"THINKWARE X700 Dual Dash Cam Front and Rear Camera for Cars, 1080P FHD, Dashboard Camera Recorder with G-Sensor, Car Camera W/Sony Sensor, Night Vision, 32GB, Optional Parking Mode",$179.99,0.0,0,https://www.bestbuy.ca/en-ca/product/thinkware-x700-dual-dash-cam-front-and-rear-camera-for-cars-1080p-fhd-dashboard-camera-recorder-with-g-sensor-car-camera-w-sony-sensor-night-vision-32gb-optional-parking-mode/16648400
Cobra HHRT50 Hand-Held CB Radio with Antenna - Black,$158.98,4.0,12,https://www.bestbuy.ca/en-ca/product/cobra-hhrt50-hand-held-cb-radio-with-antenna-black/15996859
Brickhouse GPS Tracker for Vehicles - Spark Nano 7 Car Tracker Device w/Magnetic Waterproof Case - Hidden Real-Time 4G LTE Vehicle Finder for Kids assets - Subscription Required,$25.95,0.0,0,https://www.bestbuy.ca/en-ca/product/brickhouse-gps-tracker-for-vehicles-spark-nano-7-car-tracker-device-w-magnetic-waterproof-case-hidden-real-time-4g-lte-vehicle-finder-for-kids-assets-subscription-required/15654280
NOCO BoostX GBX155 4250A 12V UltraSafe Portable Lithium Jump Starter,$519.95,0.0,0,https://www.bestbuy.ca/en-ca/product/noco-boostx-gbx155-4250a-12v-ultrasafe-portable-lithium-jump-starter/17340364
Nextbase Dash Cam Hardwire Kit (NBDVRS2HK),$39.99,4.58,244,https://www.bestbuy.ca/en-ca/product/nextbase-dash-cam-hardwire-kit-nbdvrs2hk/13617034
70mai New 4K Dash Cam A810,$229.99,5.0,4,https://www.bestbuy.ca/en-ca/product/70mai-new-4k-dash-cam-a810/17224416
"Rexing R4 4 Channel Dash Cam W/ All Around 1080p Resolution, Wi-Fi, and GPS",$299.99,4.51,523,https://www.bestbuy.ca/en-ca/product/rexing-r4-4-channel-dash-cam-w-all-around-1080p-resolution-wi-fi-and-gps/16929006
"Garmin X110 1080p Dash Cam with 2.4"" LCD Screen & Wi-Fi",$269.99,0.0,0,https://www.bestbuy.ca/en-ca/product/garmin-x110-1080p-dash-cam-with-2-4-lcd-screen-wi-fi/18394664
Garmin InReach Mini 2 Outdoor GPS - Black,$399.99,4.11,532,https://www.bestbuy.ca/en-ca/product/garmin-inreach-mini-2-outdoor-gps-black/16007822
"Kenwood - Digital Multimedia Receiver with 6.8"" Touch Screen, For Car, Black",$398.00,0.0,0,https://www.bestbuy.ca/en-ca/product/kenwood-digital-multimedia-receiver-with-6-8-touch-screen-for-car-black/17983401
"Rexing V2 PRO AI Dash Cam, 3-Channel Front/Cabin/Rear 1080p Recording with Wi-Fi and GPS",$229.99,4.51,39,https://www.bestbuy.ca/en-ca/product/rexing-v2-pro-ai-dash-cam-3-channel-front-cabin-rear-1080p-recording-with-wi-fi-and-gps/15960056
Cobra RAD 700i Radar Detector,$399.99,4.41,68,https://www.bestbuy.ca/en-ca/product/cobra-rad-700i-radar-detector/17411068
"Garmin X310 4K Ultra HD Dash Cam with 2.4"" LCD Screen & Wi-Fi",$539.99,0.0,0,https://www.bestbuy.ca/en-ca/product/garmin-x310-4k-ultra-hd-dash-cam-with-2-4-lcd-screen-wi-fi/18394661
"Pioneer 10"" Active Sealed Enclosure Built In Amp 1100 Watts Max",$244.00,4.74,88,https://www.bestbuy.ca/en-ca/product/pioneer-10-active-sealed-enclosure-built-in-amp-1100-watts-max/13242811
Fortin EVO-ALL-441 1-Way Remote Starter,$189.00,0.0,0,https://www.bestbuy.ca/en-ca/product/fortin-evo-all-441-1-way-remote-starter/15375779
Garmin Edge Explore 2 GPS Cycling Computer,$399.99,5.0,1,https://www.bestbuy.ca/en-ca/product/garmin-edge-explore-2-gps-cycling-computer/16391340
Escort Max3 Radar Detector with MRCD,$699.99,4.5,331,https://www.bestbuy.ca/en-ca/product/escort-max3-radar-detector-with-mrcd/15081804
Rexing 1080P V1P 3rd Generation Front and Rear Dash Cam,$159.99,4.56,27,https://www.bestbuy.ca/en-ca/product/rexing-1080p-v1p-3rd-generation-front-and-rear-dash-cam/14320640
Rexing M2 Smart Dual Channel Mirror Dash Cam 12″ Touch Screen w/ BSD ADAS,$159.99,4.15,885,https://www.bestbuy.ca/en-ca/product/rexing-m2-smart-dual-channel-mirror-dash-cam-12-touch-screen-w-bsd-adas/15740451
Dash Cam Dash camera for car camera full HD 1080P 4.0-inch Front and Rear Dual Lens Car DVR IPS Touch Screen super night camera included SanDisk 32GB micro SD memory card.,$90.00,0.0,0,https://www.bestbuy.ca/en-ca/product/dash-cam-dash-camera-for-car-camera-full-hd-1080p-4-0-inch-front-and-rear-dual-lens-car-dvr-ips-touch-screen-super-night-camera-included-sandisk-32gb-micro-sd-memory-card/17943969
"GekoGear Orbit C110 Dash Camera with 7"" Touchscreen Display & 32GB MicroSD Card",$229.99,0.0,0,https://www.bestbuy.ca/en-ca/product/gekogear-orbit-c110-dash-camera-with-7-touchscreen-display-32gb-microsd-card/17977489
"Dash Cam,1080P Dash Cam Front and Inside, Dash Camera with 32GB Card, 3.0 'IPS Screen Dash cam,170° Wide Angle,3 Channel Dash Cam Built-in G-Sensor,Loop Recording,WDR,Night Vision",$79.99,0.0,0,https://www.bestbuy.ca/en-ca/product/dash-cam-1080p-dash-cam-front-and-inside-dash-camera-with-32gb-card-3-0-ips-screen-dash-cam-170-wide-angle-3-channel-dash-cam-built-in-g-sensor-loop-recording-wdr-night-vision/18486555
Costway 50''x29.5''Aluminum Cargo Carrier W/ Ramp Hitch-Mounted Mobility Carrier Hauler,$299.99,0.0,0,https://www.bestbuy.ca/en-ca/product/costway-50-x29-5-aluminum-cargo-carrier-w-ramp-hitch-mounted-mobility-carrier-hauler/15777377
"GekoGear Solarst Wireless Backup Cam with 4.3"" LCD",$168.98,3.82,11,https://www.bestbuy.ca/en-ca/product/gekogear-solarst-wireless-backup-cam-with-4-3-lcd/15795699
"VIOFO A229 Pro 3CH 4K, 2K, 1080p Dash Camera with Sony STARVIS 2 for Rideshare Drivers",$449.99,0.0,0,https://www.bestbuy.ca/en-ca/product/viofo-a229-pro-3ch-4k-2k-1080p-dash-camera-with-sony-starvis-2-for-rideshare-drivers/17630635
Escort Max360C Radar Detector & Dash Camera,"$1,297.98",3.76,96,https://www.bestbuy.ca/en-ca/product/escort-max360c-radar-detector-dash-camera/15996855
Rexing M3 1080p 3-Channel Mirror Dash Cam with Smart BSD GPS,$199.99,4.32,65,https://www.bestbuy.ca/en-ca/product/rexing-m3-1080p-3-channel-mirror-dash-cam-with-smart-bsd-gps/15950302
"Nextbase 122 720p Dash Cam with 2"" LED HD Screen",$129.99,4.16,697,https://www.bestbuy.ca/en-ca/product/nextbase-122-720p-dash-cam-with-2-led-hd-screen/13617025
"Garmin DriveSmart 86 8"" GPS",$411.98,4.53,277,https://www.bestbuy.ca/en-ca/product/garmin-drivesmart-86-8-gps/15759594
"4K Dash Cam Front and Rear, Free 64GB SD Card, Pelsee 4K+1080P Dual Dash Camera for Cars with Wi-Fi, GPS, ADAS, BSD, 3"" IPS Display, APP & Voice Control, Night Vision, 24H Parking",$209.99,0.0,0,https://www.bestbuy.ca/en-ca/product/4k-dash-cam-front-and-rear-free-64gb-sd-card-pelsee-4k1080p-dual-dash-camera-for-cars-with-wi-fi-gps-adas-bsd-3-ips-display-app-voice-control-night-vision-24h-parking/18168842
"Boost Pro GB150 3000 Amp 12-Volt UltraSafe Lithium Car Battery Booster Pack, Portable Power Bank Charger, and Jumper Cables.",$419.95,0.0,0,https://www.bestbuy.ca/en-ca/product/boost-pro-gb150-3000-amp-12-volt-ultrasafe-lithium-car-battery-booster-pack-portable-power-bank-charger-and-jumper-cables/13605439
Garmin BC 40 Backup Camera with Tube Mount & Wi-Fi,$199.99,4.0,1,https://www.bestbuy.ca/en-ca/product/garmin-bc-40-backup-camera-with-tube-mount-wi-fi/15605403
iDatastart TR1150A Replacement Remote,$39.99,0.0,0,https://www.bestbuy.ca/en-ca/product/idatastart-tr1150a-replacement-remote/17373396
idataSTART HC2352AC,$319.00,1.0,1,https://www.bestbuy.ca/en-ca/product/idatastart-hc2352ac/13199508
"JVC KD-X280BT - Radio/Digital Media Receiver with Bluetooth, For Car, Black",$128.00,4.64,97,https://www.bestbuy.ca/en-ca/product/jvc-kd-x280bt-radio-digital-media-receiver-with-bluetooth-for-car-black/17045259
Nextbase Click & Go Pro GPS Dash Cam Mount - Black,$34.99,4.55,31,https://www.bestbuy.ca/en-ca/product/nextbase-click-go-pro-gps-dash-cam-mount-black/13617033
SiriusXM PowerConnect Car Adapter,$14.99,3.33,3,https://www.bestbuy.ca/en-ca/product/siriusxm-powerconnect-car-adapter/10649187
"VIOFO A229 PRO 1CH 4K Front Dashcam with WiFi, GPS, and Sony STARVIS 2",$329.99,0.0,0,https://www.bestbuy.ca/en-ca/product/viofo-a229-pro-1ch-4k-front-dashcam-with-wifi-gps-and-sony-starvis-2/17543467
"VIOFO Type-C HK4 Hardwire Kit (for VIOFO T130, A229, A119 Mini)",$29.99,0.0,0,https://www.bestbuy.ca/en-ca/product/viofo-type-c-hk4-hardwire-kit-for-viofo-t130-a229-a119-mini/16703165
axGear AC To DC Car Cigarette Lighter Socket 100-240V Power Adapter Converter,$23.99,0.0,0,https://www.bestbuy.ca/en-ca/product/axgear-ac-to-dc-car-cigarette-lighter-socket-100-240v-power-adapter-converter/12308278
"Rexing V1 Basic 2.4"" LCD 1080P FHD Front Dash Cam w/ 32GB Memory Card Included",$79.99,4.35,124,https://www.bestbuy.ca/en-ca/product/rexing-v1-basic-2-4-lcd-1080p-fhd-front-dash-cam-w-32gb-memory-card-included/14374169
SiriusXM Replacement Home Antenna for Sirius & XM Satellite Radios (NGHA1C),$29.99,5.0,2,https://www.bestbuy.ca/en-ca/product/siriusxm-siriusxm-replacement-home-antenna-for-sirius-xm-satellite-radios-ngha1c-ngha1c/10363864
"Rexing V1P SE 4K Dual Channel Car Dash Cam w/ GPS, Wi-Fi & Bonus CPL Filters",$199.99,4.8,5,https://www.bestbuy.ca/en-ca/product/rexing-v1p-se-4k-dual-channel-car-dash-cam-w-gps-wi-fi-bonus-cpl-filters/17450215
"Garmin dēzl OTR725 7"" Truck GPS",$799.99,0.0,0,https://www.bestbuy.ca/en-ca/product/garmin-dezl-otr725-7-truck-gps/18170640
Refurbished Good - Garmin Drive 51 USA+CAN LM GPS Navigator System with Lifetime Maps,$159.99,0.0,0,https://www.bestbuy.ca/en-ca/product/refurbished-good-garmin-drive-51-usacan-lm-gps-navigator-system-with-lifetime-maps/17760287
SiriusXM Universal Vehicle Antenna,$29.99,3.25,4,https://www.bestbuy.ca/en-ca/product/siriusxm-universal-vehicle-antenna/10649188
Kenwood DPX504BT 2-Din CD Receiver with Bluetooth and Alexa,$208.84,4.55,271,https://www.bestbuy.ca/en-ca/product/kenwood-dpx504bt-2-din-cd-receiver-with-bluetooth-and-alexa/14420525
"Zone Tech Garage Parking Assist Dual Laser Guide - 360 Degree Adjustable to Wider Angles, Sensor With AC Adapter and Battery Backup for Car Gray",$27.49,0.0,0,https://www.bestbuy.ca/en-ca/product/zone-tech-garage-parking-assist-dual-laser-guide-360-degree-adjustable-to-wider-angles-sensor-with-ac-adapter-and-battery-backup-for-car-gray/17143827
OtterBox Wireless Charger Dash & Windshield Mount Black,$84.95,0.0,0,https://www.bestbuy.ca/en-ca/product/otterbox-wireless-charger-dash-windshield-mount-black/17942512
"JVC KD-T720BT In-Dash CD Receiver Featuring Bluetooth For Car, Black",$118.00,4.34,47,https://www.bestbuy.ca/en-ca/product/jvc-kd-t720bt-in-dash-cd-receiver-featuring-bluetooth-for-car-black/16452462
"Topdon TopScan Pro ""check Engine"" Light OBD2 Scanner Bluetooth, Bi-Directional Scanner Wireless All System Diagnostic Tool",$137.61,0.0,0,https://www.bestbuy.ca/en-ca/product/topdon-topscan-pro-check-engine-light-obd2-scanner-bluetooth-bi-directional-scanner-wireless-all-system-diagnostic-tool/18562104
Pioneer TS-A301D4 Champion Series 12″ 1600 W Dual 4 Ohm Component Subwoofer,$138.00,0.0,0,https://www.bestbuy.ca/en-ca/product/pioneer-ts-a301d4-champion-series-12-1600-w-dual-4-ohm-component-subwoofer/16365730
Kenwood DNR1008RVS 10.1″ Digital Multimedia Receiver with Built-in Navigation,"$2,198.00",0.0,0,https://www.bestbuy.ca/en-ca/product/kenwood-dnr1008rvs-10-1-digital-multimedia-receiver-with-built-in-navigation/17105029
"JBL Stage3 527F (Stage3527FAM) Series 5-1/4"" 2-Way Coaxial Car Speaker",$139.99,0.0,0,https://www.bestbuy.ca/en-ca/product/jbl-stage3-527f-stage3527fam-series-5-1-4-2-way-coaxial-car-speaker/15752913
BlackVue CM100 LTE | External 4G LTE Module | BlackVue Cloud Connectivity for DR900X/DR900X Plus and DR750X/DR750X Plus Dashcams (NA Version),$207.45,0.0,0,https://www.bestbuy.ca/en-ca/product/blackvue-cm100-lte-external-4g-lte-module-blackvue-cloud-connectivity-for-dr900x-dr900x-plus-and-dr750x-dr750x-plus-dashcams-na-version/16249882
Pioneer TS-A2000LD2 8” Shallow Mount Subwoofer,$147.97,0.0,0,https://www.bestbuy.ca/en-ca/product/pioneer-ts-a2000ld2-8-shallow-mount-subwoofer/14604948
Garmin GLO 2 GPS and GLONASS Receiver for Precise Position Information on Mobile Devices 010-02184-01,$159.99,0.0,0,https://www.bestbuy.ca/en-ca/product/garmin-glo-2-gps-and-glonass-receiver-for-precise-position-information-on-mobile-devices-010-02184-01/14775671
IROAD Power OBD-II Cable | Enables Parking Mode for IROAD X1 / X9 & Thinkware Dash Cams (For Non-Electric Vehicles),$65.99,0.0,0,https://www.bestbuy.ca/en-ca/product/iroad-power-obd-ii-cable-enables-parking-mode-for-iroad-x1-x9-thinkware-dash-cams-for-non-electric-vehicles/14344672
"Open Box - NOCO GENIUS2, 2A Car Battery Charger, 6V and 12V Automotive Battery Charger",$69.99,0.0,0,https://www.bestbuy.ca/en-ca/product/open-box-noco-genius2-2a-car-battery-charger-6v-and-12v-automotive-battery-charger/18196504
Cobra Marine Radio (MR HH350 FLT),$199.99,4.5,6,https://www.bestbuy.ca/en-ca/product/cobra-marine-radio-mr-hh350-flt/16206729
"Skar Audio VD-12 12"" 500W RMS Shallow Mount Car Subwoofer - Dual 4 Ohm",$158.99,0.0,0,https://www.bestbuy.ca/en-ca/product/skar-audio-vd-12-12-500w-rms-shallow-mount-car-subwoofer-dual-4-ohm/18389520
"Pioneer TS-A2500LS4 10"" Shallow-Mount 1200W Subwoofer",$158.00,0.0,0,https://www.bestbuy.ca/en-ca/product/pioneer-ts-a2500ls4-10-shallow-mount-1200w-subwoofer/15388046
MagSafe Wireless CD Phone Mount Car Charger (Version 2.0),$54.99,0.0,0,https://www.bestbuy.ca/en-ca/product/magsafe-wireless-cd-phone-mount-car-charger-version-2-0/18171242
"Pioneer TS-B351PRO 3.5"" 150W RMS Bullet Tweeter",$114.00,0.0,0,https://www.bestbuy.ca/en-ca/product/pioneer-ts-b351pro-3-5-150w-rms-bullet-tweeter/17554323
Technaxx Pro TX-168 Universal Car Alarm - Black,$99.99,0.0,0,https://www.bestbuy.ca/en-ca/product/technaxx-pro-tx-168-universal-car-alarm-black/16376712
Kenwood DMX1037S 10.1″ Digital Multimedia Receiver,"$1,698.00",4.56,59,https://www.bestbuy.ca/en-ca/product/kenwood-dmx1037s-10-1-digital-multimedia-receiver/16241280
"Memphis Audio PRX570C Power Reference 5""x7"" Component Speaker System",$279.95,0.0,0,https://www.bestbuy.ca/en-ca/product/memphis-audio-prx570c-power-reference-5-x7-component-speaker-system/17110442
Nextbase Piqo 2K 1440p Dash Cam with Wi-Fi & GPS,$199.99,0.0,0,https://www.bestbuy.ca/en-ca/product/nextbase-piqo-2k-1440p-dash-cam-with-wi-fi-gps/18470368
"GekoGear Orbit 122 Full HD 1080p Dash Cam with 2"" LCD Screen & Blind Spot Mirrors - Only at Best Buy",$89.99,3.22,9,https://www.bestbuy.ca/en-ca/product/gekogear-orbit-122-full-hd-1080p-dash-cam-with-2-lcd-screen-blind-spot-mirrors-only-at-best-buy/14543078
Nextbase iQ 1080p HD Smart Dash Cam with Wi-Fi & GPS,$699.99,4.1,40,https://www.bestbuy.ca/en-ca/product/nextbase-iq-1080p-hd-smart-dash-cam-with-wi-fi-gps/17109575
"GekoGear Orbit D200 2K Quad HD Wi-Fi Dash Camera with 1.5"" LCD Screen & 32GB MicroSD Card",$99.99,0.0,0,https://www.bestbuy.ca/en-ca/product/gekogear-orbit-d200-2k-quad-hd-wi-fi-dash-camera-with-1-5-lcd-screen-32gb-microsd-card/17920593
Thinkware U1000 4K UHD Dash Cam with Wi-Fi,$349.99,4.0,224,https://www.bestbuy.ca/en-ca/product/thinkware-u1000-4k-uhd-dash-cam-with-wi-fi/13864869
Nextbase Cabin-View Camera - Black,$49.99,4.44,70,https://www.bestbuy.ca/en-ca/product/nextbase-cabin-view-camera-black/13617039
Compustar 2-Way Remote Car Starter (CS4900-S) - Complete Starter Package,$399.99,0.0,0,https://www.bestbuy.ca/en-ca/product/compustar-2-way-remote-car-starter-cs4900-s-complete-starter-package/14282883
"Rexing V1P 4K 2.4"" LCD UHD 4K Dual Channel Wi-Fi Dash Cam",$159.99,4.06,933,https://www.bestbuy.ca/en-ca/product/rexing-v1p-4k-2-4-lcd-uhd-4k-dual-channel-wi-fi-dash-cam/14333543
Garmin GPSMAP 67i Handheld Outdoor GPS - Black,$659.99,4.86,7,https://www.bestbuy.ca/en-ca/product/garmin-gpsmap-67i-handheld-outdoor-gps-black/16703270
Compustar 2-Way Remote Car Starter (CS4900-S),$300.00,0.0,0,https://www.bestbuy.ca/en-ca/product/compustar-2-way-remote-car-starter-cs4900-s/14282882
SiriusXM Roady BT In-Vehicle Satellite Radio,$79.99,4.5,124,https://www.bestbuy.ca/en-ca/product/siriusxm-roady-bt-in-vehicle-satellite-radio/16502319
Lightning GPS GL300 GPS Tracker for Vehicles -Tracker Device for Vehicles - Fleet GPS Tracker Automotive Tracking Device - Cars Hidden GPS Tracking Device - Subscription Required!,$22.95,0.0,0,https://www.bestbuy.ca/en-ca/product/lightning-gps-gl300-gps-tracker-for-vehicles-tracker-device-for-vehicles-fleet-gps-tracker-automotive-tracking-device-cars-hidden-gps-tracking-device-subscription-required/15654614
"GekoGear Orbit D100 Full HD 1080p Dash Cam with 9.7"" Touchscreen Display & Rear Camera",$179.99,0.0,0,https://www.bestbuy.ca/en-ca/product/gekogear-orbit-d100-full-hd-1080p-dash-cam-with-9-7-touchscreen-display-rear-camera/17977487
"BlackboxMyCar S-Drive 10.26"" Android Auto and Apple CarPlay Display with 1080p Front Dashcam, 1080p Backup Camera for Car, Bluetooth, AUX, FM, Mirror Link, 64GB microSD Card",$179.99,5.0,3,https://www.bestbuy.ca/en-ca/product/blackboxmycar-s-drive-10-26-android-auto-and-apple-carplay-display-with-1080p-front-dashcam-1080p-backup-camera-for-car-bluetooth-aux-fm-mirror-link-64gb-microsd-card/17726082
Kenwood eXcelon DMX7709S 6.8″ Digital Multimedia Receiver with Bluetooth,$478.00,4.53,328,https://www.bestbuy.ca/en-ca/product/kenwood-excelon-dmx7709s-6-8-digital-multimedia-receiver-with-bluetooth/16622512
BlackVue DR900X-2CH Plus Dual-Channel Cloud Dash Cam 32GB,$559.00,0.0,0,https://www.bestbuy.ca/en-ca/product/blackvue-dr900x-2ch-plus-dual-channel-cloud-dash-cam-32gb/15795758
Nextbase Piqo 1K 1080p Dash Cam with Wi-Fi & GPS,$179.99,5.0,1,https://www.bestbuy.ca/en-ca/product/nextbase-piqo-1k-1080p-dash-cam-with-wi-fi-gps/18470369
"Pioneer DMH-1500NEX Digital Multimedia Video Receiver with 7"" Display, CarPlay, Android Auto",$448.99,4.56,1398,https://www.bestbuy.ca/en-ca/product/pioneer-dmh-1500nex-digital-multimedia-video-receiver-with-7-display-carplay-android-auto/13483532
"Garmin RV 1095 10"" GPS Navigator","$1,169.99",5.0,3,https://www.bestbuy.ca/en-ca/product/garmin-rv-1095-10-gps-navigator/16652054
"JVC KW-X850BTS 2-Din Digital Media Receiver featuring Bluetooth, Black",$128.00,4.21,34,https://www.bestbuy.ca/en-ca/product/jvc-kw-x850bts-2-din-digital-media-receiver-featuring-bluetooth-black/16613743
Garmin Live LTE 1440p HDR Dash Cam,$539.99,3.89,27,https://www.bestbuy.ca/en-ca/product/garmin-live-lte-1440p-hdr-dash-cam/16653559
2024 New Version 3 Channel Dash Cam for Cars 1080P Video Recorder Rear View Camera for Vehicle Car DVR Black Box WITH 16GB SD CARD,$174.88,5.0,1,https://www.bestbuy.ca/en-ca/product/2024-new-version-3-channel-dash-cam-for-cars-1080p-video-recorder-rear-view-camera-for-vehicle-car-dvr-black-box-with-16gb-sd-card/17187078
"GekoGear Orbit 960 4K Dashcam with 2.7"" LCD Screen & GPS",$269.99,3.41,17,https://www.bestbuy.ca/en-ca/product/gekogear-orbit-960-4k-dashcam-with-2-7-lcd-screen-gps/13597944
"Garmin zūmo XT2 6"" Motorcycle GPS",$799.99,4.25,12,https://www.bestbuy.ca/en-ca/product/garmin-zumo-xt2-6-motorcycle-gps/16998326
"VIOFO A119 Mini 2 Dash Cam - 2K 60fps/HDR 30fps, STARVIS 2 Sensor, Voice Control, 5GHz Wi-Fi GPS, Night Vision 2.0, Buffered Parking Mode, Supercapacitor, 512GB Max",$169.99,0.0,0,https://www.bestbuy.ca/en-ca/product/viofo-a119-mini-2-dash-cam-2k-60fps-hdr-30fps-starvis-2-sensor-voice-control-5ghz-wi-fi-gps-night-vision-2-0-buffered-parking-mode-supercapacitor-512gb-max/17183240
"Garmin Overlander All-Terrain 7"" Navigator",$925.98,3.71,7,https://www.bestbuy.ca/en-ca/product/garmin-overlander-all-terrain-7-navigator/15333382
"Garmin Tread XL Overland Edition 10"" GPS (010-02509-00)","$1,879.98",3.4,5,https://www.bestbuy.ca/en-ca/product/garmin-tread-xl-overland-edition-10-gps-010-02509-00/16658471
"Open Box - Vantrue N4 3 Channel 4K Dash Cam, 4K+1080P Front and Rear, 1440P+1440P Front and Inside, 1440P+1440P+1080P Three Way Triple Dashcam",$319.99,0.0,0,https://www.bestbuy.ca/en-ca/product/open-box-vantrue-n4-3-channel-4k-dash-cam-4k1080p-front-and-rear-1440p1440p-front-and-inside-1440p1440p1080p-three-way-triple-dashcam/18194518
GekoGear Moto Snap Full HD 1080p Motorcycle Dash Cam with Wi-Fi,$199.99,0.0,0,https://www.bestbuy.ca/en-ca/product/gekogear-moto-snap-full-hd-1080p-motorcycle-dash-cam-with-wi-fi/16320705
"Garmin dezl OTR1010 10"" Truck GPS","$1,169.99",4.9,21,https://www.bestbuy.ca/en-ca/product/garmin-dezl-otr1010-10-truck-gps/16320712
Viper DS4 Remote Start System With HCR - DS4VP,$249.00,0.0,0,https://www.bestbuy.ca/en-ca/product/viper-ds4-remote-start-system-with-hcr-ds4vp/13898826
"ULTREND Three-Way Car DVR Dashcam, 4"" Dashcam for Cars with Dual Lens HD DVR Rearview and 1080P Front, 720P Inside Cabin and Rear Dashboard Camera G Sensor 170°",$39.97,0.0,0,https://www.bestbuy.ca/en-ca/product/ultrend-three-way-car-dvr-dashcam-4-dashcam-for-cars-with-dual-lens-hd-dvr-rearview-and-1080p-front-720p-inside-cabin-and-rear-dashboard-camera-g-sensor-170/15984542
Rexing CPW-1 Wireless CarPlay Adapter - Black,$99.99,3.77,213,https://www.bestbuy.ca/en-ca/product/rexing-cpw-1-wireless-carplay-adapter-black/17119134
Cobra 19 Mini Recreational CB Radio - Black,$99.98,5.0,1,https://www.bestbuy.ca/en-ca/product/cobra-19-mini-recreational-cb-radio-black/15996858
Thinkware Q1000 1440p Dash Cam with Wi-Fi & GPS,$329.95,4.55,33,https://www.bestbuy.ca/en-ca/product/thinkware-q1000-1440p-dash-cam-with-wi-fi-gps/16336111
Cobra 75 AllRoad Bluetooth Wireless CB Radio - Black - English,$319.99,5.0,1,https://www.bestbuy.ca/en-ca/product/cobra-75-allroad-bluetooth-wireless-cb-radio-black-english/17922315
"Nakamichi NA6605 6.8"" Double-DIN DVD Receiver w/ Bluetooth & Apple CarPlay/Android Auto",$379.95,0.0,0,https://www.bestbuy.ca/en-ca/product/nakamichi-na6605-6-8-double-din-dvd-receiver-w-bluetooth-apple-carplay-android-auto/15745066
Rexing M1 Pro Front and Rear Mirror Dash Cam,$179.99,3.72,18,https://www.bestbuy.ca/en-ca/product/rexing-m1-pro-front-and-rear-mirror-dash-cam/14773595
"Pioneer AVH-241EX - DVD Receiver 6.2""- Resistive Glass Touchscreen, Amazon Alexa Bult-in when Paired with Pioneer Vozsis App, Bluetooth",$261.70,0.0,0,https://www.bestbuy.ca/en-ca/product/pioneer-avh-241ex-dvd-receiver-6-2-resistive-glass-touchscreen-amazon-alexa-bult-in-when-paired-with-pioneer-vozsis-app-bluetooth/15667255
iDataStart RF2352AC RF Kit 2-Way LED 5-Button 3000 ft Range,$159.99,0.0,0,https://www.bestbuy.ca/en-ca/product/idatastart-rf2352ac-rf-kit-2-way-led-5-button-3000-ft-range/15344906
"HD 1080P Backup Camera and Monitor Kit,7 inch Big Screen Rear View Camera Monitor,Back Up Camera for Car,Truck,Pickup",$55.00,0.0,0,https://www.bestbuy.ca/en-ca/product/hd-1080p-backup-camera-and-monitor-kit-7-inch-big-screen-rear-view-camera-monitor-back-up-camera-for-car-truck-pickup/15404118
"VIOFO A119 V3 Dash Cam 2K, GPS, True HDR, Buffered Parking Mode 24h, 2560x1660P Quad HD+ Car Dash Camera, Ultra Clear Night Vision, 140 Deg Wide Angle, Motion Detection -(Open Box)",$109.99,0.0,0,https://www.bestbuy.ca/en-ca/product/viofo-a119-v3-dash-cam-2k-gps-true-hdr-buffered-parking-mode-24h-2560x1660p-quad-hd-car-dash-camera-ultra-clear-night-vision-140-deg-wide-angle-motion-detection-open-box/18597565
"JVC KW-R950BTS - Radio/Multimedia Receiver with CD Player and Bluetooth, For Car, Black",$198.00,4.49,87,https://www.bestbuy.ca/en-ca/product/jvc-kw-r950bts-radio-multimedia-receiver-with-cd-player-and-bluetooth-for-car-black/17045260
Garmin Edge 540 GPS Cycling Computer (010-02694-00),$469.99,4.06,93,https://www.bestbuy.ca/en-ca/product/garmin-edge-540-gps-cycling-computer-010-02694-00/16998157
Sony DSX-B700 Double DIN In-Dash Bluetooth Digital Media Car Stereo Receiver (Does Not Play CDs),$208.00,4.53,488,https://www.bestbuy.ca/en-ca/product/sony-dsx-b700-double-din-in-dash-bluetooth-digital-media-car-stereo-receiver-does-not-play-cds/14493079
"DMH-241EX 6.2""- Resistive Touchscreen, Amazon Alexa Built-in when Paired with Pioneer Vozsis App, Bluetooth,Back Up Camera Ready Digital Media Receiver",$223.99,4.34,272,https://www.bestbuy.ca/en-ca/product/dmh-241ex-6-2-resistive-touchscreen-amazon-alexa-built-in-when-paired-with-pioneer-vozsis-app-bluetooth-back-up-camera-ready-digital-media-receiver/15744737
"JVC KW-M180BT 2-DIN Bluetooth Digital Multimedia Receiver w/ 6.8"" Touchscreen",$266.00,0.0,0,https://www.bestbuy.ca/en-ca/product/jvc-kw-m180bt-2-din-bluetooth-digital-multimedia-receiver-w-6-8-touchscreen/17741422
"Garmin X210 1440p HD Dash Cam with 2.4"" LCD Screen & Wi-Fi",$399.99,0.0,0,https://www.bestbuy.ca/en-ca/product/garmin-x210-1440p-hd-dash-cam-with-2-4-lcd-screen-wi-fi/18394662
"VIOFO A229 Plus 3CH 2K, 2K, 1080p WiFi Dashcam with Sony STARVIS 2 for Rideshare Drivers",$324.99,0.0,0,https://www.bestbuy.ca/en-ca/product/viofo-a229-plus-3ch-2k-2k-1080p-wifi-dashcam-with-sony-starvis-2-for-rideshare-drivers/17630649
"Garmin dēzl OTR720 7"" Truck GPS",$599.99,0.0,0,https://www.bestbuy.ca/en-ca/product/garmin-dezl-otr720-7-truck-gps/18170637
"Fortin EVO-FORT1 Plug & Play Remote Starter for Ford, Lincoln, Mercury, Mazda",$149.98,0.0,0,https://www.bestbuy.ca/en-ca/product/fortin-evo-fort1-plug-play-remote-starter-for-ford-lincoln-mercury-mazda/15344321
"BlackboxMyCar Star Tags, keychain GPS Tracker, works with Apple Find My Integration & Bluetooth, works Online and Offline, with Privacy and Location Protection",$49.99,0.0,0,https://www.bestbuy.ca/en-ca/product/blackboxmycar-star-tags-keychain-gps-tracker-works-with-apple-find-my-integration-bluetooth-works-online-and-offline-with-privacy-and-location-protection/17902816
"Pioneer DMH-342EX 6.8"" Touchscreen Bluetooth Amazon Alexa Digital Media Receiver",$295.00,4.18,204,https://www.bestbuy.ca/en-ca/product/pioneer-dmh-342ex-6-8-touchscreen-bluetooth-amazon-alexa-digital-media-receiver/17185436
"Garmin RVcam 795 7"" GPS with Dash Camera",$669.98,3.0,6,https://www.bestbuy.ca/en-ca/product/garmin-rvcam-795-7-gps-with-dash-camera/16373365
"Sony XAV-AX3200 6.95""(17.6cm) Media Receiver with CarPlay/ Android Auto/ WebLink Cast (does not play discs)",$428.00,3.33,6,https://www.bestbuy.ca/en-ca/product/sony-xav-ax3200-6-95-17-6cm-media-receiver-with-carplay-android-auto-weblink-cast-does-not-play-discs/15973591
Pioneer MVH-S622BS Double-Din Digital Media Receiver Built-in Bluetooth,$178.99,4.46,285,https://www.bestbuy.ca/en-ca/product/pioneer-mvh-s622bs-double-din-digital-media-receiver-built-in-bluetooth/14499900
"Cobra SC400D Dash Cam with 3"" OLED Touch Screen Screen & Rear Camera",$649.98,4.04,259,https://www.bestbuy.ca/en-ca/product/cobra-sc400d-dash-cam-with-3-oled-touch-screen-screen-rear-camera/15996185
Garmin inReach Messenger Plus GPS,$679.99,0.0,0,https://www.bestbuy.ca/en-ca/product/garmin-inreach-messenger-plus-gps/18467919
Boost XL GB50 1500 Amp 12-Volt UltraSafe Lithium Jump Starter,$204.95,0.0,0,https://www.bestbuy.ca/en-ca/product/boost-xl-gb50-1500-amp-12-volt-ultrasafe-lithium-jump-starter/16545181
"GekoGear Orbit C120 Dash Backup Camera with 10.3"" Touchscreen Display & 64GB MicroSD Card",$219.99,0.0,0,https://www.bestbuy.ca/en-ca/product/gekogear-orbit-c120-dash-backup-camera-with-10-3-touchscreen-display-64gb-microsd-card/17977490
BOSS Audio Systems Elite BV850ACP Car Multimedia Player,$379.95,0.0,0,https://www.bestbuy.ca/en-ca/product/boss-audio-systems-elite-bv850acp-car-multimedia-player/16109785
"Pioneer AVH-2550NEX Multimedia DVD Receiver with 6.8"" Display, Apple CarPlay, Android Auto",$597.00,4.56,1322,https://www.bestbuy.ca/en-ca/product/pioneer-avh-2550nex-multimedia-dvd-receiver-with-6-8-display-apple-carplay-android-auto/13483528
"SuperHandy Electric Power Trailer Dolly: 1270 kg Max Trailer Weight, 204 kg Max Tongue Weight, DC 24V 800W, 12V 7Ah Powered, Heavy Duty Commercial Jack Lever, 50.8mm Ball Mount","$1,079.99",0.0,0,https://www.bestbuy.ca/en-ca/product/superhandy-electric-power-trailer-dolly-1270-kg-max-trailer-weight-204-kg-max-tongue-weight-dc-24v-800w-12v-7ah-powered-heavy-duty-commercial-jack-lever-50-8mm-ball-mount/17209999
"PIONEER DMH-WT3800NEX 9"" - Android Auto™, Apple CarPlay®, Bluetooth® - Multimedia Digital Media Receiver",$988.00,4.47,254,https://www.bestbuy.ca/en-ca/product/pioneer-dmh-wt3800nex-9-android-auto-apple-carplay-bluetooth-multimedia-digital-media-receiver/17042113
AUKEY DR02 Wi-Fi 1080P Dash Cam,$84.99,0.0,0,https://www.bestbuy.ca/en-ca/product/aukey-dr02-wi-fi-1080p-dash-cam/17920877
"JBL BassPro SL2 Self Powered 8"" Low-Profile Underseat Vehicle Subwoofer System",$509.99,4.27,70,https://www.bestbuy.ca/en-ca/product/jbl-basspro-sl2-self-powered-8-low-profile-underseat-vehicle-subwoofer-system/15752915
"Thinkware X800 Dash Cam with 2.7"" LCD Screen - Exclusive Retail Partner",$229.95,5.0,3,https://www.bestbuy.ca/en-ca/product/thinkware-x800-dash-cam-with-2-7-lcd-screen-exclusive-retail-partner/16206731
"JBL Stage3 607CF 6.5"" 2-Way Component System Car Speaker without Grills",$199.99,0.0,0,https://www.bestbuy.ca/en-ca/product/jbl-stage3-607cf-6-5-2-way-component-system-car-speaker-without-grills/16108694
"Dash Camera Front and Inside - 3.16 Inch Dash Cam 1080P - G Sensor, HD Night Vision, Loop Recording, Wide Angle Car DVR (Blue Photodiode Position Is Random)",$79.98,0.0,0,https://www.bestbuy.ca/en-ca/product/dash-camera-front-and-inside-3-16-inch-dash-cam-1080p-g-sensor-hd-night-vision-loop-recording-wide-angle-car-dvr-blue-photodiode-position-is-random/17331580
"Open Box - VANTRUE N2S 4K Dual Dash Cam with GPS, Front and Cabin Dual 1440P or 4K 3840x2160P Single Front Car Dashboard Camera, Infrared Night Vision",$229.99,0.0,0,https://www.bestbuy.ca/en-ca/product/open-box-vantrue-n2s-4k-dual-dash-cam-with-gps-front-and-cabin-dual-1440p-or-4k-3840x2160p-single-front-car-dashboard-camera-infrared-night-vision/18386905
70mai Dash Cam A200 Set,$99.99,0.0,0,https://www.bestbuy.ca/en-ca/product/70mai-dash-cam-a200-set/18471785
Escort MAX 360c MKII Radar Detector,"$1,199.99",4.44,205,https://www.bestbuy.ca/en-ca/product/escort-max-360c-mkii-radar-detector/16673417
"Garmin DriveCam™ 76, Large, Easy-to-Read 7” GPS car Navigator, Built-in Dash Cam, Automatic Incident Detection",$599.00,0.0,0,https://www.bestbuy.ca/en-ca/product/garmin-drivecam-76-large-easy-to-read-7-gps-car-navigator-built-in-dash-cam-automatic-incident-detection/18597268
"ADC2-1011-BLK ArmorAll Dash & Backup CAM 4.3"" LCD Rearview",$69.99,4.38,8,https://www.bestbuy.ca/en-ca/product/adc2-1011-blk-armorall-dash-backup-cam-4-3-lcd-rearview/16612315
"GekoGear Orbit D410 4K Ultra HD Dash Cam with 1.5"" LCD Screen & 1080p Rear Camera",$229.99,0.0,0,https://www.bestbuy.ca/en-ca/product/gekogear-orbit-d410-4k-ultra-hd-dash-cam-with-1-5-lcd-screen-1080p-rear-camera/17977497
"Garmin Drive 53 GPS Navigator, High-Resolution Touchscreen, Simple On-Screen Menus and Easy-to-See Maps, Driver Alerts",$179.00,0.0,0,https://www.bestbuy.ca/en-ca/product/garmin-drive-53-gps-navigator-high-resolution-touchscreen-simple-on-screen-menus-and-easy-to-see-maps-driver-alerts/17920496
NOCO Boost X GBX45 1250A 12V UltraSafe Portable Lithium Jump Starter,$185.95,0.0,0,https://www.bestbuy.ca/en-ca/product/noco-boost-x-gbx45-1250a-12v-ultrasafe-portable-lithium-jump-starter/17340362
Kenwood DPX305MBT Dual Din Digital Media Receiver with Bluetooth,$178.00,4.73,49,https://www.bestbuy.ca/en-ca/product/kenwood-dpx305mbt-dual-din-digital-media-receiver-with-bluetooth/16469837
Viper 5706V LCD 2-Way Security + Remote Start System,$453.00,4.75,87,https://www.bestbuy.ca/en-ca/product/viper-5706v-lcd-2-way-security-remote-start-system/12055829
3 Channel Dash Cam VIOFO A139 Front+Interior+Rear 1440P+1080P+1080P Triple Car Dash Camera w/WiFi GPS Anti-Glare CPL Filter IR Night Vision 256GB Supported -(Open Box),$199.99,0.0,0,https://www.bestbuy.ca/en-ca/product/3-channel-dash-cam-viofo-a139-frontinteriorrear-1440p1080p1080p-triple-car-dash-camera-w-wifi-gps-anti-glare-cpl-filter-ir-night-vision-256gb-supported-open-box/18522259
"Open Box - Ottocast 10"" Wireless CarPlay & Android Auto Car Display Screen",$149.99,0.0,0,https://www.bestbuy.ca/en-ca/product/open-box-ottocast-10-wireless-carplay-android-auto-car-display-screen/18468856
"Faraday Box for Car Keys & 2 Pack Faraday Bag for Key Fob Protector, RFID Key Box Faraday Pouch Cage Car Key Signal",$26.99,0.0,0,https://www.bestbuy.ca/en-ca/product/faraday-box-for-car-keys-2-pack-faraday-bag-for-key-fob-protector-rfid-key-box-faraday-pouch-cage-car-key-signal/16700473
Viper 4105V 1-Way Remote Start System,$219.00,1.0,1,https://www.bestbuy.ca/en-ca/product/viper-4105v-1-way-remote-start-system/12057419
"Garmin dēzl OTR620 6"" Truck GPS",$469.99,0.0,0,https://www.bestbuy.ca/en-ca/product/garmin-dezl-otr620-6-truck-gps/18170636
Battery Tender 600A/6000mAh Jump Starter & Power Bank,$129.99,0.0,0,https://www.bestbuy.ca/en-ca/product/battery-tender-600a-6000mah-jump-starter-power-bank/17739312
Tire Pressure Tpms Relearn Tool EL-50448 Oec-T5 for gm Tire Pressure Sensors Activation Reset Tool,$42.00,0.0,0,https://www.bestbuy.ca/en-ca/product/tire-pressure-tpms-relearn-tool-el-50448-oec-t5-for-gm-tire-pressure-sensors-activation-reset-tool/16161991
"Dash Cam Front with 32G SD Card, 1080P FHD Car Driving Recorder 3'' IPS Screen 170°Wide Angle Dashboard Camera Aluminum Alloy Case, WDR G-Sensor Parking Monitor Loop Record",$95.95,0.0,0,https://www.bestbuy.ca/en-ca/product/dash-cam-front-with-32g-sd-card-1080p-fhd-car-driving-recorder-3-ips-screen-170wide-angle-dashboard-camera-aluminum-alloy-case-wdr-g-sensor-parking-monitor-loop-record/17977978
"CHORTAU Dash Cam for Cars 1080P FHD 3 inch Dashcam with Night Vision,170 Wide Angle, Parking Monitor, Loop Recording, G-Sensor",$49.99,0.0,0,https://www.bestbuy.ca/en-ca/product/chortau-dash-cam-for-cars-1080p-fhd-3-inch-dashcam-with-night-vision-170-wide-angle-parking-monitor-loop-recording-g-sensor/17977879
"Sony XAV-AX3700 6.95"" Digital Multimedia Receiver (does not play discs)",$448.00,0.0,0,https://www.bestbuy.ca/en-ca/product/sony-xav-ax3700-6-95-digital-multimedia-receiver-does-not-play-discs/17929786
Pioneer GM-A3702 - 2-Channel Bridgeable Amplifier 500 Watts Max Power,$112.10,0.0,0,https://www.bestbuy.ca/en-ca/product/pioneer-gm-a3702-2-channel-bridgeable-amplifier-500-watts-max-power/14517582
"Sony XAV-AX8500 10.1"" Floating Digital Multimedia Receiver","$1,098.00",3.33,3,https://www.bestbuy.ca/en-ca/product/sony-xav-ax8500-10-1-floating-digital-multimedia-receiver/17943585
Sony DSX-GS80 High-power Bluetooth Media Receiver (Does Not Play CDs),$328.00,4.75,16,https://www.bestbuy.ca/en-ca/product/sony-dsx-gs80-high-power-bluetooth-media-receiver-does-not-play-cds/14493076
"GekoGear Orbit T100 Full HD 1080p Dash Cam with 11"" LCD Screen",$499.99,0.0,0,https://www.bestbuy.ca/en-ca/product/gekogear-orbit-t100-full-hd-1080p-dash-cam-with-11-lcd-screen/17977493
"Mirror Dash Cam 4.8 Inches Touch Screen Full HD 1080P, Wide Angle Front Camera and Waterproof Rear Camera, Car camera with Emergency Recording, Parking Monitor",$120.95,0.0,0,https://www.bestbuy.ca/en-ca/product/mirror-dash-cam-4-8-inches-touch-screen-full-hd-1080p-wide-angle-front-camera-and-waterproof-rear-camera-car-camera-with-emergency-recording-parking-monitor/13591709
"Pioneer AVH-3500NEX 1-DIN Multimedia DVD Receiver with 6.8"" Display, CarPlay, Android Auto",$798.99,4.56,197,https://www.bestbuy.ca/en-ca/product/pioneer-avh-3500nex-1-din-multimedia-dvd-receiver-with-6-8-display-carplay-android-auto/13483527
Pioneer TS-WX1210A 12” 350W Sealed Enclosure Active Subwoofer with built-in Amplifier (Bonus Gadget Cleaner Included),$239.99,0.0,0,https://www.bestbuy.ca/en-ca/product/pioneer-ts-wx1210a-12-350w-sealed-enclosure-active-subwoofer-with-built-in-amplifier-bonus-gadget-cleaner-included/18387857
"Open Box - Vantrue E1 2.7K WiFi Mini Dash Cam with Voice Control, GPS Front Car Dash Camera, 24Hours Parking Mode, Super Night Vision, Wireless Control",$109.99,0.0,0,https://www.bestbuy.ca/en-ca/product/open-box-vantrue-e1-2-7k-wifi-mini-dash-cam-with-voice-control-gps-front-car-dash-camera-24hours-parking-mode-super-night-vision-wireless-control/18386900
"Pouch for Car Keys, Faraday Bag, Car RFID Signal Blocking Holder, Key Fob Protector, Key fob cage Block Signal Anti-Theft Fob Case (2 Pack)",$18.87,0.0,0,https://www.bestbuy.ca/en-ca/product/pouch-for-car-keys-faraday-bag-car-rfid-signal-blocking-holder-key-fob-protector-key-fob-cage-block-signal-anti-theft-fob-case-2-pack/17933799
Garmin BC 50 Backup Cam,$255.98,4.0,4,https://www.bestbuy.ca/en-ca/product/garmin-bc-50-backup-cam/16297345
Rexing V3 Basic Front and Cabin 1080P Wi-Fi Dash Cam,$159.99,4.29,17,https://www.bestbuy.ca/en-ca/product/rexing-v3-basic-front-and-cabin-1080p-wi-fi-dash-cam/14374910
"Garmin DriveSmart 66 6"" GPS - Open Box",$268.35,0.0,0,https://www.bestbuy.ca/en-ca/product/garmin-drivesmart-66-6-gps-open-box/17211758
"Cobra SC200D Dash Cam with 3"" LCD Screen & Rear Camera",$303.98,4.03,602,https://www.bestbuy.ca/en-ca/product/cobra-sc200d-dash-cam-with-3-lcd-screen-rear-camera/15996186
Sony XMGS6DSP GS Series 6/5 Channel Class-D Amplifier with DSP,$528.00,4.0,14,https://www.bestbuy.ca/en-ca/product/sony-xmgs6dsp-gs-series-6-5-channel-class-d-amplifier-with-dsp/12604556
Garmin eTrex 22x Rugged Handheld GPS,$279.99,4.67,3,https://www.bestbuy.ca/en-ca/product/garmin-etrex-22x-rugged-handheld-gps/14428799
Samsung SmartThings LTE/GPS Tracker - Open Box,$34.00,1.0,1,https://www.bestbuy.ca/en-ca/product/samsung-smartthings-lte-gps-tracker-open-box/14417373
"Garmin Drive 52 & Traffic: GPS Navigator with 5” Display Features Easy-to-Read menus and maps, Traffic alerts",$189.00,0.0,0,https://www.bestbuy.ca/en-ca/product/garmin-drive-52-traffic-gps-navigator-with-5-display-features-easy-to-read-menus-and-maps-traffic-alerts/17233981
Nextbase Rear-View Camera - Black,$49.99,4.48,88,https://www.bestbuy.ca/en-ca/product/nextbase-rear-view-camera-black/13617038
Pioneer MVH-1400NEX Apple CarPlay No CD,$429.99,4.5,6,https://www.bestbuy.ca/en-ca/product/pioneer-mvh-1400nex-apple-carplay-no-cd/12330283
"Compustar G15 2 way remote 3000ft, LED (RF Kit only)RF-2WG15-FM",$226.00,4.75,230,https://www.bestbuy.ca/en-ca/product/compustar-g15-2-way-remote-3000ft-led-rf-kit-only-rf-2wg15-fm/12656128
Dual Channel HD Driving Recorder Front & Rear Car Dash Camera With Display,$75.99,0.0,0,https://www.bestbuy.ca/en-ca/product/dual-channel-hd-driving-recorder-front-rear-car-dash-camera-with-display/17903787
"FLO Home X5 Smart Outdoor/Indoor Electric Vehicle charger (EV) Level 2 Charging Station, 3 Year Warranty, UL & Energy-Star Certified, 30 Amp, 240V, 7 Meter Cable, Hardwired","$1,449.99",0.0,0,https://www.bestbuy.ca/en-ca/product/flo-home-x5-smart-outdoor-indoor-electric-vehicle-charger-ev-level-2-charging-station-3-year-warranty-ul-energy-star-certified-30-amp-240v-7-meter-cable-hardwired/17203487
"NOCO Boost Plus GB40 1000 Amp 12-Volt UltraSafe Lithium Jump Starter Box - Car Battery Booster Pack, Portable Power Bank Charger, Jumper Cables - Up to 6-Liter Gasoline and 3-Liter",$149.99,0.0,0,https://www.bestbuy.ca/en-ca/product/noco-boost-plus-gb40-1000-amp-12-volt-ultrasafe-lithium-jump-starter-box-car-battery-booster-pack-portable-power-bank-charger-jumper-cables-up-to-6-liter-gasoline-and-3-liter/17743224
BOSS Audio Systems Elite BE920WCPA Car Stereo System,$449.95,0.0,0,https://www.bestbuy.ca/en-ca/product/boss-audio-systems-elite-be920wcpa-car-stereo-system/17186735
"Pioneer TS-A3000LB 12"" 1500 W Max Power/ 400 W RMS, Single 2W Voice Coil Pre-Loaded Enclosure Subwoofer",$287.90,0.0,0,https://www.bestbuy.ca/en-ca/product/pioneer-ts-a3000lb-12-1500-w-max-power-400-w-rms-single-2w-voice-coil-pre-loaded-enclosure-subwoofer/16246943
"Pioneer DMH-W3000NEX 6.8"" Digital Multimedia Receiver with Wireless/Wired Apple CarPlay & Android Auto",$568.99,0.0,0,https://www.bestbuy.ca/en-ca/product/pioneer-dmh-w3000nex-6-8-digital-multimedia-receiver-with-wireless-wired-apple-carplay-android-auto/18388101
JBL Stage A3001 Monoblock Subwoofer Amplifier,$249.99,0.0,0,https://www.bestbuy.ca/en-ca/product/jbl-stage-a3001-monoblock-subwoofer-amplifier/15752277
JBL SUBBP12AM - Amplified 12” Subwoofer with Sub Level Control,$549.99,0.0,0,https://www.bestbuy.ca/en-ca/product/jbl-subbp12am-amplified-12-subwoofer-with-sub-level-control/14968996
"BlackboxMyCar Star Tags, keychain GPS Tracker, works with Apple Find My Integration & Bluetooth, works Online and Offline, with Privacy and Location Protection",$19.99,0.0,0,https://www.bestbuy.ca/en-ca/product/blackboxmycar-star-tags-keychain-gps-tracker-works-with-apple-find-my-integration-bluetooth-works-online-and-offline-with-privacy-and-location-protection/17902817
Costway Jump Starter Air Compressor Power Bank Charger w/ LED Light & DC Outlet,$229.99,0.0,0,https://www.bestbuy.ca/en-ca/product/costway-jump-starter-air-compressor-power-bank-charger-w-led-light-dc-outlet/15469025
Pioneer DEH-S4220BT In-dash CD Receiver with Smart Sync app,$139.99,4.59,376,https://www.bestbuy.ca/en-ca/product/pioneer-deh-s4220bt-in-dash-cd-receiver-with-smart-sync-app/14181254
Nextbase iQ Rear Window Camera,$249.99,3.44,43,https://www.bestbuy.ca/en-ca/product/nextbase-iq-rear-window-camera/17109576
Fortin EVO-FORT3 Stand-Alone Add-On Remote Start Car Starter System for Ford Flip Key and Push-to-Start Vehicles,$149.89,0.0,0,https://www.bestbuy.ca/en-ca/product/fortin-evo-fort3-stand-alone-add-on-remote-start-car-starter-system-for-ford-flip-key-and-push-to-start-vehicles/15402843
"SuperHandy Electric Self-Propelled Super-Duty Trailer Dolly - 3402 kg Max Towing, 499 kg Max Tongue Weight, with 2 All-Terrain Wheels, 2 Front Support Castors, and 2 Rear Castors","$2,179.99",0.0,0,https://www.bestbuy.ca/en-ca/product/superhandy-electric-self-propelled-super-duty-trailer-dolly-3402-kg-max-towing-499-kg-max-tongue-weight-with-2-all-terrain-wheels-2-front-support-castors-and-2-rear-castors/17209993
"JVC KW-M650BT Digital Media Receiver/Radio Tuner Featuring 6.2"" Clear Resistive Touch Monitor, Bluetooth, For Car, Black",$393.79,4.34,77,https://www.bestbuy.ca/en-ca/product/jvc-kw-m650bt-digital-media-receiver-radio-tuner-featuring-6-2-clear-resistive-touch-monitor-bluetooth-for-car-black/14318931
Rexing V1P Max 4K Dual Channel Dash Cam,$199.99,4.04,164,https://www.bestbuy.ca/en-ca/product/rexing-v1p-max-4k-dual-channel-dash-cam/14922783
"7"" Retractable Touchscreen Car Stereo with Wireless CarPlay, Android Auto, and Backup Camera",$309.90,0.0,0,https://www.bestbuy.ca/en-ca/product/7-retractable-touchscreen-car-stereo-with-wireless-carplay-android-auto-and-backup-camera/18619582
Tripp Lite 375W Power Inverter,$63.99,0.0,0,https://www.bestbuy.ca/en-ca/product/tripplite-tripp-lite-375w-power-inverter-pv375-pv375/10171212
"THINKWARE F200 PRO Dash Cam Bundle with Rear Cam, 32GB Micro SD Card Included, Built-in WiFi, Timelapse",$269.00,4.3,104,https://www.bestbuy.ca/en-ca/product/thinkware-f200-pro-dash-cam-bundle-with-rear-cam-32gb-micro-sd-card-included-built-in-wifi-timelapse/15753691
Pioneer DMH-W2770NEX 6.8″ Shallow Depth Receiver,$518.99,4.44,440,https://www.bestbuy.ca/en-ca/product/pioneer-dmh-w2770nex-6-8-shallow-depth-receiver/16371662
"Kenwood KAC-9106D Mono Subwoofer Amplifier — 1,000 Watts RMS x 1 at 2 Ohms",$287.00,5.0,2,https://www.bestbuy.ca/en-ca/product/kenwood-kac-9106d-mono-subwoofer-amplifier-1-000-watts-rms-x-1-at-2-ohms/11471658
Alpine iLX-W670 Double-DIN 7″ Digital Multimedia Receiver (does not play discs),$529.00,4.35,52,https://www.bestbuy.ca/en-ca/product/alpine-ilx-w670-double-din-7-digital-multimedia-receiver-does-not-play-discs/17663155
"HOMCOM 2pc Roof Rack Car Roof Top Lockable Aluminum Cross Bars Adjustable Baggage Luggage Carrier, Silver (53"")",$79.99,0.0,0,https://www.bestbuy.ca/en-ca/product/homcom-2pc-roof-rack-car-roof-top-lockable-aluminum-cross-bars-adjustable-baggage-luggage-carrier-silver-53/10669888
Unilink (TM) CAN Diagnostic Scan Tool for OBDII OBD2 Vehicles Car Auto Diagnostic Scanner Tool,$12.99,5.0,2,https://www.bestbuy.ca/en-ca/product/unilink-unilink-tm-can-diagnostic-scan-tool-for-obdii-obd2-vehicles-car-auto-diagnostic-scanner-tool-55-03/10557544
"Open Box - VANTRUE E2 Dash Cam Front and Rear Camera with Voice Control, Dual 2.7K Dash Cam, Wi-Fi, GPS, Free APP, Buffered Motion Detection, Starvis Night Vision",$214.99,0.0,0,https://www.bestbuy.ca/en-ca/product/open-box-vantrue-e2-dash-cam-front-and-rear-camera-with-voice-control-dual-2-7k-dash-cam-wi-fi-gps-free-app-buffered-motion-detection-starvis-night-vision/18194531
"BOSS Audio Systems 460BRGB Multimedia Car Stereo - Single Din, MP3, USB Port, no CD DVD Player, AUX Input, AM FM Radio Receiver",$79.95,3.33,3,https://www.bestbuy.ca/en-ca/product/boss-audio-systems-460brgb-multimedia-car-stereo-single-din-mp3-usb-port-no-cd-dvd-player-aux-input-am-fm-radio-receiver/16109782
Compustar Prime G15 2-Way 3000-ft Range Remotes with Compustar DC3 Remote Starter Brain - COMPLETE STARTER PACKAGE,$508.00,0.0,0,https://www.bestbuy.ca/en-ca/product/compustar-prime-g15-2-way-3000-ft-range-remotes-with-compustar-dc3-remote-starter-brain-complete-starter-package/13029845
Escort Max 4 Radar And Laser Detector,$649.99,0.0,0,https://www.bestbuy.ca/en-ca/product/escort-max-4-radar-and-laser-detector/18391486
Sony XAV-AX6000 Digital Multimedia Receiver,$748.00,3.25,4,https://www.bestbuy.ca/en-ca/product/sony-xav-ax6000-digital-multimedia-receiver/16472733
Kenwood DPX505BT 2-DIN CD Receiver with Bluetooth,$228.00,4.64,181,https://www.bestbuy.ca/en-ca/product/kenwood-dpx505bt-2-din-cd-receiver-with-bluetooth/16469838
"Sony XAV-AX8100 8.95"" Single Din Android Auto / Apple Car Play Digital Media Receiver",$698.00,3.5,2,https://www.bestbuy.ca/en-ca/product/sony-xav-ax8100-8-95-single-din-android-auto-apple-car-play-digital-media-receiver/15657470
"Thinkware F790 Dual Channel Dash Cam with Full HD 1080p, Front and Rear Cam, Dual Band WiFi, Built-in GPS, Parking Mode, Night Vision, Thinkware Plugin Mount and Ambarella Quad-Core CPU",$399.99,5.0,7,https://www.bestbuy.ca/en-ca/product/thinkware-f790-dual-channel-dash-cam-with-full-hd-1080p-front-and-rear-cam-dual-band-wifi-built-in-gps-parking-mode-night-vision-thinkware-plugin-mount-and-ambarella-quad-core-cpu/16074791
idataStart HC1151A Remote Car Starter,$279.99,0.0,0,https://www.bestbuy.ca/en-ca/product/idatastart-hc1151a-remote-car-starter/13199507
Alpine UTE-73BT Mech-less Digital Media Receiver with Bluetooth® Wireless Technology,$169.00,4.6,307,https://www.bestbuy.ca/en-ca/product/alpine-ute-73bt-mech-less-digital-media-receiver-with-bluetooth-wireless-technology/12377575
"Garmin dēzl OTR710, Large, Easy-to-Read 7” GPS Truck Navigator, Custom Truck Routing, High-Resolution Birdseye Satellite Imagery, Directory of Truck and Trailer Services",$599.00,0.0,0,https://www.bestbuy.ca/en-ca/product/garmin-dezl-otr710-large-easy-to-read-7-gps-truck-navigator-custom-truck-routing-high-resolution-birdseye-satellite-imagery-directory-of-truck-and-trailer-services/18597239
Battery Tender 800A/7200mAh Portable Jump Starter and Tire Inflator,$199.99,0.0,0,https://www.bestbuy.ca/en-ca/product/battery-tender-800a-7200mah-portable-jump-starter-and-tire-inflator/17739311
Mini Car Camera video Recorder for 1080P WIFI DVR ADAS Dash Camera Car DVR Camera Recorder DashCam For Android Car Radio - Free Shipping,$35.80,0.0,0,https://www.bestbuy.ca/en-ca/product/mini-car-camera-video-recorder-for-1080p-wifi-dvr-adas-dash-camera-car-dvr-camera-recorder-dashcam-for-android-car-radio-free-shipping/16930141
"Sony XAV-AX4000 6.95""Digital Multimedia Receiver",$598.00,4.23,226,https://www.bestbuy.ca/en-ca/product/sony-xav-ax4000-6-95-digital-multimedia-receiver/16460973
"Thinkware Q200 2CH Dash Cam Front Rear 2K Car Dashboard Camera, WiFi, WDR, Speed Red Light Alerts, ADAS, 256GB Max, Parking Monitor, Night Vision (32GB, Hardwiring Cable, GPS)",$299.99,0.0,0,https://www.bestbuy.ca/en-ca/product/thinkware-q200-2ch-dash-cam-front-rear-2k-car-dashboard-camera-wifi-wdr-speed-red-light-alerts-adas-256gb-max-parking-monitor-night-vision-32gb-hardwiring-cable-gps/17856904
"Garmin 2.2"" eTrex Solar Handheld GPS (010-02782-00)",$339.99,5.0,1,https://www.bestbuy.ca/en-ca/product/garmin-2-2-etrex-solar-handheld-gps-010-02782-00/17462226
"VIOFO VS1 Mini Dash Cam, 1440P Hidden Design Dashcam, Free 32GB SD Card, 5GHz Wi-Fi Voice Control Front Car Dash Camera with GPS, HDR, Night Vision 2.0, Parking Mode",$159.99,0.0,0,https://www.bestbuy.ca/en-ca/product/viofo-vs1-mini-dash-cam-1440p-hidden-design-dashcam-free-32gb-sd-card-5ghz-wi-fi-voice-control-front-car-dash-camera-with-gps-hdr-night-vision-2-0-parking-mode/17856924
"Kenwood DNR876S Navigation Digital Multimedia Receiver with Bluetooth, HD Radio and Monitor 6.95'', For Car, Black",$798.00,0.0,0,https://www.bestbuy.ca/en-ca/product/kenwood-dnr876s-navigation-digital-multimedia-receiver-with-bluetooth-hd-radio-and-monitor-6-95-for-car-black/16241292
Cobra HighGear External Noise Canceling Speaker (HGS300),$34.99,5.0,1,https://www.bestbuy.ca/en-ca/product/cobra-cobra-highgear-external-noise-canceling-speaker-hgs300-hgs300/10241981
"JBL Stage 1200D Stage Series Dual 12"" Subwoofers with Ported Enclosure",$479.95,0.0,0,https://www.bestbuy.ca/en-ca/product/jbl-stage-1200d-stage-series-dual-12-subwoofers-with-ported-enclosure/16006959
Escort M2 Full HD 1080p Dash Cam with Wi-Fi & Radar Mount,$254.98,4.18,56,https://www.bestbuy.ca/en-ca/product/escort-m2-full-hd-1080p-dash-cam-with-wi-fi-radar-mount/15996184
Compustar RF-1WG15-AP G15 1-Way 1500' Max Range 4-Button RF Remote Upgrade Kit,$106.00,0.0,0,https://www.bestbuy.ca/en-ca/product/compustar-rf-1wg15-ap-g15-1-way-1500-max-range-4-button-rf-remote-upgrade-kit/17184764
"Android Auto Wireless Adapter, A2A Dongle for Cars & Stereo Systems with Wired Android Auto, Plug & Play, Easy Wireless Setup for Android Phones",$98.99,0.0,0,https://www.bestbuy.ca/en-ca/product/android-auto-wireless-adapter-a2a-dongle-for-cars-stereo-systems-with-wired-android-auto-plug-play-easy-wireless-setup-for-android-phones/17976615
Nextbase iQ 2K Smart Dash Cam with Wi-Fi & GPS,$849.99,3.71,31,https://www.bestbuy.ca/en-ca/product/nextbase-iq-2k-smart-dash-cam-with-wi-fi-gps/17109574
"Pioneer TS-A301S4 Champion Series 12"" 1600 W Single 4 Ohm Voice Coil Component Subwoofer",$117.99,0.0,0,https://www.bestbuy.ca/en-ca/product/pioneer-ts-a301s4-champion-series-12-1600-w-single-4-ohm-voice-coil-component-subwoofer/16365430
Cobra VHF Marine Radios (MRHH150FLT),$118.98,3.0,1,https://www.bestbuy.ca/en-ca/product/cobra-vhf-marine-radios-mrhh150flt/15860007
"Car Windshield Snow Cover, Waterproof with Mirror Cover All Weather Protection",$29.99,0.0,0,https://www.bestbuy.ca/en-ca/product/car-windshield-snow-cover-waterproof-with-mirror-cover-all-weather-protection/14447325
"Kenwood DDX6706S Multimedia Receiver/Radio Tuner Featuring 6.8"" Clear Resistive Touch Panel, CD/DVD Player, Bluetooth",$599.99,4.46,320,https://www.bestbuy.ca/en-ca/product/kenwood-ddx6706s-multimedia-receiver-radio-tuner-featuring-6-8-clear-resistive-touch-panel-cd-dvd-player-bluetooth/14316753
"Pioneer TS-G1620F G-Series 6.5"" 300-Watt 2-Way Coaxial Speakers",$97.00,4.57,7,https://www.bestbuy.ca/en-ca/product/pioneer-ts-g1620f-g-series-6-5-300-watt-2-way-coaxial-speakers/12219684
Monster Platinum XP 14AWG Speaker Wire 50ft,$24.99,0.0,0,https://www.bestbuy.ca/en-ca/product/monster-platinum-xp-14awg-speaker-wire-50ft/16237561
"Fortin EVO-RS Plug & Play Remote Starter for Toyota, Lexus",$189.00,0.0,0,https://www.bestbuy.ca/en-ca/product/fortin-evo-rs-plug-play-remote-starter-for-toyota-lexus/15344332
Cobra SC 100 Full HD 1080p Dash Cam with Wi-Fi & GPS,$186.98,3.6,10,https://www.bestbuy.ca/en-ca/product/cobra-sc-100-full-hd-1080p-dash-cam-with-wi-fi-gps/15865001
Pioneer GM-DX971 Class-D Mono Car Subwoofer Amplifier,$328.99,0.0,0,https://www.bestbuy.ca/en-ca/product/pioneer-gm-dx971-class-d-mono-car-subwoofer-amplifier/13506552
Garmin 010-02231-00 Dash Cam™ 46,$249.00,4.62,372,https://www.bestbuy.ca/en-ca/product/garmin-010-02231-00-dash-cam-46/17903445
Baseus CW01 Magsafe 15W Magnetic Wireless Charging Vent Mount Phone Holder - Black,$44.99,0.0,0,https://www.bestbuy.ca/en-ca/product/baseus-cw01-magsafe-15w-magnetic-wireless-charging-vent-mount-phone-holder-black/17811398
NOCO Boost X GBX55 1750A 12V UltraSafe Portable Lithium Jump Starter,$250.95,0.0,0,https://www.bestbuy.ca/en-ca/product/noco-boost-x-gbx55-1750a-12v-ultrasafe-portable-lithium-jump-starter/17340361
Directed Model DS4 Digital Remote Start System,$238.95,0.0,0,https://www.bestbuy.ca/en-ca/product/directed-model-ds4-digital-remote-start-system/18161644
"JS Dash 2K - Plug & Play Dash Cam- Full 2K QHD 1440p Dashcam w/ Parking Monitor & 1.54"" LED Screen",$169.99,4.17,12,https://www.bestbuy.ca/en-ca/product/js-dash-2k-plug-play-dash-cam-full-2k-qhd-1440p-dashcam-w-parking-monitor-1-54-led-screen/15667568
iDatastart HCX000A Universal All in One Factory Key Remote Car Starter,$249.93,0.0,0,https://www.bestbuy.ca/en-ca/product/idatastart-hcx000a-universal-all-in-one-factory-key-remote-car-starter/16582068
JVC KD-T92MBS Single DIN Marine MotorSports Bluetooth USB AUX AM/FM Radio Stereo SiriusXM Ready CD Player Receiver,$218.00,0.0,0,https://www.bestbuy.ca/en-ca/product/jvc-kd-t92mbs-single-din-marine-motorsports-bluetooth-usb-aux-am-fm-radio-stereo-siriusxm-ready-cd-player-receiver/16233209
"Garmin Drive™ 53 with Traffic, GPS Navigator, High-Resolution Touchscreen, Simple On-Screen Menus and Easy-to-See Map",$199.99,0.0,0,https://www.bestbuy.ca/en-ca/product/garmin-drive-53-with-traffic-gps-navigator-high-resolution-touchscreen-simple-on-screen-menus-and-easy-to-see-map/17969670
Fortin RFK442 2-way RF Kit with 2 4-Button Remotes,$178.99,0.0,0,https://www.bestbuy.ca/en-ca/product/fortin-rfk442-2-way-rf-kit-with-2-4-button-remotes/15348335
"Pioneer TS-G6930F G-Series 6"" x 9"" 400-Watt 3-Way Coaxial Speakers",$71.99,4.22,9,https://www.bestbuy.ca/en-ca/product/pioneer-ts-g6930f-g-series-6-x-9-400-watt-3-way-coaxial-speakers/12219468
Kenwood KAC-D3104 Class D 4-Channel Amplifier,$170.25,0.0,0,https://www.bestbuy.ca/en-ca/product/kenwood-kac-d3104-class-d-4-channel-amplifier/15749038
"SEALIGHT H11 H8 H9 LED Headlight Bulbs, 18000 Lumens Super Bright LED Conversion Kit Bulbs, 6000K White Halogen Replacement, Pack of 2",$59.99,0.0,0,https://www.bestbuy.ca/en-ca/product/sealight-h11-h8-h9-led-headlight-bulbs-18000-lumens-super-bright-led-conversion-kit-bulbs-6000k-white-halogen-replacement-pack-of-2/17742263
ISTAR Dash Cam for Cars Front and Rear 1080P Full HD in Car Camera Dual Lens Dashcam for Cars 170 Wide Angle with Loop Recording and G-Sensor,$44.99,1.0,1,https://www.bestbuy.ca/en-ca/product/istar-dash-cam-for-cars-front-and-rear-1080p-full-hd-in-car-camera-dual-lens-dashcam-for-cars-170-wide-angle-with-loop-recording-and-g-sensor/15400034
"Alpine PWE-S8 Compact Powered 8"" Subwoofer System",$429.00,4.46,125,https://www.bestbuy.ca/en-ca/product/alpine-pwe-s8-compact-powered-8-subwoofer-system/12314434
Pioneer DMH-T450EX 9″ Capacitive Touchscreen Digital Media Receiver,$548.99,3.9,78,https://www.bestbuy.ca/en-ca/product/pioneer-dmh-t450ex-9-capacitive-touchscreen-digital-media-receiver/17042136
Cobra 29 LTD Classic CB Radio - Chrome,$279.99,5.0,3,https://www.bestbuy.ca/en-ca/product/cobra-29-ltd-classic-cb-radio-chrome/17922319
Orbit 118 1080P HD Wi-Fi Dash Cam,$89.99,0.0,0,https://www.bestbuy.ca/en-ca/product/orbit-118-1080p-hd-wi-fi-dash-cam/17224306
"Kenwood KSC-PSW8 8'' Powered Subwoofer Enclosure, For Car, Black",$359.99,3.91,11,https://www.bestbuy.ca/en-ca/product/kenwood-ksc-psw8-8-powered-subwoofer-enclosure-for-car-black/14316746
"Tesla Phone Mount, MagSafe Car Mount for Model 3 Y, Foldable Hidden Magnetic Fit iPhone 14 13 12 Series and All Phone, Accessories, Y Black1",$47.88,0.0,0,https://www.bestbuy.ca/en-ca/product/tesla-phone-mount-magsafe-car-mount-for-model-3-y-foldable-hidden-magnetic-fit-iphone-14-13-12-series-and-all-phone-accessories-y-black1/17140656
Thinkware iVolt Mini External Dash Cam Battery BAB-50 | Up to 16 Hours of Parking Mode,$299.99,4.5,16,https://www.bestbuy.ca/en-ca/product/thinkware-ivolt-mini-external-dash-cam-battery-bab-50-up-to-16-hours-of-parking-mode/14344812
GekoGear OBD2 Smart Hardwire Kit,$39.99,0.0,0,https://www.bestbuy.ca/en-ca/product/gekogear-obd2-smart-hardwire-kit/17920592
"Tacklife A6 Car Tire Inflator 12V DC Portable Air Compressor, Blue",$38.99,0.0,0,https://www.bestbuy.ca/en-ca/product/tacklife-a6-car-tire-inflator-12v-dc-portable-air-compressor-blue/17732104
ChargePoint Home Flex Level 2 WiFi Enabled 240 Volt NEMA 6-50 Plug Electric Vehicle EV Charger for Plug in or Hardwired Indoor Outdoor Setup w/Cable,$929.00,0.0,0,https://www.bestbuy.ca/en-ca/product/chargepoint-home-flex-level-2-wifi-enabled-240-volt-nema-6-50-plug-electric-vehicle-ev-charger-for-plug-in-or-hardwired-indoor-outdoor-setup-w-cable/17552804
"Rexing V33 3 Channel 1440p+1440p+1440p Front, Cabin, and Rear Camera Dashcam with Built-in Wi-Fi & GPS",$319.99,4.28,473,https://www.bestbuy.ca/en-ca/product/rexing-v33-3-channel-1440p1440p1440p-front-cabin-and-rear-camera-dashcam-with-built-in-wi-fi-gps/16927777
Boss BE7ACP Audio Systems Elite,$329.95,4.13,364,https://www.bestbuy.ca/en-ca/product/boss-be7acp-audio-systems-elite/16109789
"Sony XAV-AX7000 6.95"" Apple Carplay/Android Auto High Power Mechless Media Receiver",$898.00,4.57,7,https://www.bestbuy.ca/en-ca/product/sony-xav-ax7000-6-95-apple-carplay-android-auto-high-power-mechless-media-receiver/14493077
Ultralink Auto Dashboard Display A1- ULADSA1,$249.00,0.0,0,https://www.bestbuy.ca/en-ca/product/ultralink-auto-dashboard-display-a1-uladsa1/18170093
Kenwood KDC-BT382U CD-Receiver with Bluetooth,$198.00,4.72,102,https://www.bestbuy.ca/en-ca/product/kenwood-kdc-bt382u-cd-receiver-with-bluetooth/16459254
Garmin BC 50 Backup Cam with Night Vision,$389.99,3.25,4,https://www.bestbuy.ca/en-ca/product/garmin-bc-50-backup-cam-with-night-vision/16297344
"Fortin EVO-ONE EVO-ONE All-In-One Remote Start, Security & Data Interface",$179.99,0.0,0,https://www.bestbuy.ca/en-ca/product/fortin-evo-one-evo-one-all-in-one-remote-start-security-data-interface/14364051
"Refurbished(Good)- Garmin Edge 1040, GPS Bike Computer, On and Off-Road, Spot-On Accuracy, Long-Lasting Battery, Device Only",$679.99,0.0,0,https://www.bestbuy.ca/en-ca/product/refurbished-good-garmin-edge-1040-gps-bike-computer-on-and-off-road-spot-on-accuracy-long-lasting-battery-device-only/18393763
Professional OBD2 Scanner with Live Data - Mechanic OBDII Diagnostic Code Reader Tool for Check Engine Light Issues,$89.96,0.0,0,https://www.bestbuy.ca/en-ca/product/professional-obd2-scanner-with-live-data-mechanic-obdii-diagnostic-code-reader-tool-for-check-engine-light-issues/17247771
Krator 2-Way Car Alarm Security Alarm with LCD Status Display and Remote Engine Start,$97.99,0.0,0,https://www.bestbuy.ca/en-ca/product/krator-2-way-car-alarm-security-alarm-with-lcd-status-display-and-remote-engine-start/16568543
"Open Box - VANTRUE OnDash N2 Pro 2.5K Front and Inside Dash Camera for Uber, 1440P Dual Dash Cam",$204.99,0.0,0,https://www.bestbuy.ca/en-ca/product/open-box-vantrue-ondash-n2-pro-2-5k-front-and-inside-dash-camera-for-uber-1440p-dual-dash-cam/18386907
JVC KW-M780BT 6.8″ Digital Media Receiver,$398.00,4.5,144,https://www.bestbuy.ca/en-ca/product/jvc-kw-m780bt-6-8-digital-media-receiver/16617723
"Arpha W03 GPS 12"" Touch Max Streaming Mirror with Front and Back1080P Cam",$129.99,0.0,0,https://www.bestbuy.ca/en-ca/product/arpha-w03-gps-12-touch-max-streaming-mirror-with-front-and-back1080p-cam/14679645
Viper 5806V LED 2-Way Security + Remote Start System,$449.89,4.59,37,https://www.bestbuy.ca/en-ca/product/viper-5806v-led-2-way-security-remote-start-system/12055828
Western Electric High Quality KS13385 Hookup/Speaker Wire 10 AWG Made in the USA (1 Unit = 1 Foot) Black,$13.88,0.0,0,https://www.bestbuy.ca/en-ca/product/western-electric-high-quality-ks13385-hookup-speaker-wire-10-awg-made-in-the-usa-1-unit-1-foot-black/18661743
"OceanAudio OAE-170.1 Car Audio Subwoofer Amplifier - Monoblock, Class A/B, 2/4 Ohm Stable, Mosfet Power Supply 340W - RMS Power @4Ω 1*110W @2Ω 1*170W Max Power @2Ω 1*340W",$79.99,0.0,0,https://www.bestbuy.ca/en-ca/product/oceanaudio-oae-170-1-car-audio-subwoofer-amplifier-monoblock-class-a-b-2-4-ohm-stable-mosfet-power-supply-340w-rms-power-4%25cf%2589-1-110w-2%25cf%2589-1-170w-max-power-2%25cf%2589-1-340w/17724307
Pioneer TS-A2500LB 10″ Shallow-Mount Loaded Enclosure,$234.95,0.0,0,https://www.bestbuy.ca/en-ca/product/pioneer-ts-a2500lb-10-shallow-mount-loaded-enclosure/14516201
Kicker 43DSC69304 D-Series 6x9 360 Watt 3-Way Car Audio Coaxial Speakers,$129.95,0.0,0,https://www.bestbuy.ca/en-ca/product/kicker-43dsc69304-d-series-6x9-360-watt-3-way-car-audio-coaxial-speakers/16109800
5.5 inches A8 OBD2 Windshield HUD Head Up Display with Display RPM MPH Speeding Warning Fuel Consumption Temperature,$57.63,0.0,0,https://www.bestbuy.ca/en-ca/product/5-5-inches-a8-obd2-windshield-hud-head-up-display-with-display-rpm-mph-speeding-warning-fuel-consumption-temperature/16403937
Veho Muvi KZ-2 Pro Drive Cam 4K Dashcam with 3in LCD Display & G-Sensor - Grey,$499.99,1.0,1,https://www.bestbuy.ca/en-ca/product/veho-muvi-kz-2-pro-drive-cam-4k-dashcam-with-3in-lcd-display-g-sensor-grey/16006831
"BOSS Audio Systems Elite BE10ACP - Apple CarPlay, Android Auto",$569.95,3.82,193,https://www.bestbuy.ca/en-ca/product/boss-audio-systems-elite-be10acp-apple-carplay-android-auto/16109783
"ECOFLOW 800W Alternator Charger, 3-in-1 Fast DC-DC Charger for Portable Power Stations, Vehicle Battery Charger & Jump Starter, Charges 1kWh in 1.3 hr - (Open Box)",$699.99,0.0,0,https://www.bestbuy.ca/en-ca/product/ecoflow-800w-alternator-charger-3-in-1-fast-dc-dc-charger-for-portable-power-stations-vehicle-battery-charger-jump-starter-charges-1kwh-in-1-3-hr-open-box/18616994
GekoGear Orbit A100 Wireless USB Dongle,$79.99,0.0,0,https://www.bestbuy.ca/en-ca/product/gekogear-orbit-a100-wireless-usb-dongle/17977491
"GekoGear Orbit D220 Full HD 1080p Dash Cam with 3"" Screen & Rear Camera",$199.99,0.0,0,https://www.bestbuy.ca/en-ca/product/gekogear-orbit-d220-full-hd-1080p-dash-cam-with-3-screen-rear-camera/17920594
Baseus Enjoyment Pro PD 60W Car Charger USB Type-C Retractable Cable Cluster Black,$29.99,0.0,0,https://www.bestbuy.ca/en-ca/product/baseus-enjoyment-pro-pd-60w-car-charger-usb-type-c-retractable-cable-cluster-black/17261445
Front Disc Brake Rotors Pair For Audi A4 Quattro A5 Sportback K8-102294,$107.79,0.0,0,https://www.bestbuy.ca/en-ca/product/front-disc-brake-rotors-pair-for-audi-a4-quattro-a5-sportback-k8-102294/17548351
FineVu GX1000 2K QHD Dual-Channel DashCam,$389.99,0.0,0,https://www.bestbuy.ca/en-ca/product/finevu-gx1000-2k-qhd-dual-channel-dashcam/18193750
Sony DSX-M55BT FM/AM DIGITAL MEDIA PLAYER,$198.00,4.77,26,https://www.bestbuy.ca/en-ca/product/sony-dsx-m55bt-fm-am-digital-media-player/13199505
Xantrex Freedom HF 1800 Inverter-Charger,"$1,273.89",0.0,0,https://www.bestbuy.ca/en-ca/product/xantrex-freedom-hf-1800-inverter-charger/12439025
KENWOOD KAC-D8105 5-Channel Amplifier Class D,$344.50,0.0,0,https://www.bestbuy.ca/en-ca/product/kenwood-kac-d8105-5-channel-amplifier-class-d/13501630
Clarion FX450 6.8” WVGA Apple Car Play/Android Auto Receiver,$399.95,0.0,0,https://www.bestbuy.ca/en-ca/product/clarion-fx450-6-8-wvga-apple-car-play-android-auto-receiver/18248030
"Open Box - VIOFO A129 Pro Duo Ultra 4K Dashcam Dual Channel, WI-FI & Bluetooth Dash Camera",$249.99,0.0,0,https://www.bestbuy.ca/en-ca/product/open-box-viofo-a129-pro-duo-ultra-4k-dashcam-dual-channel-wi-fi-bluetooth-dash-camera/17977333
"Garmin eTrex® SE GPS Handheld Navigator, Extra Battery Life, Wireless Connectivity, Multi-GNSS Support, Sunlight Readable Screen",$189.00,0.0,0,https://www.bestbuy.ca/en-ca/product/garmin-etrex-se-gps-handheld-navigator-extra-battery-life-wireless-connectivity-multi-gnss-support-sunlight-readable-screen/17188774
Pioneer TS-A2000LB 8″ Shallow Mount Enclosure,$213.99,0.0,0,https://www.bestbuy.ca/en-ca/product/pioneer-ts-a2000lb-8-shallow-mount-enclosure/14516205
Stanz (TM) CAN Diagnostic Scan Tool for OBDII OBD2 Vehicles Car Auto Diagnostic Scanner Tool,$14.99,5.0,1,https://www.bestbuy.ca/en-ca/product/stanz-tm-can-diagnostic-scan-tool-for-obdii-obd2-vehicles-car-auto-diagnostic-scanner-tool/12316415
Front Brake Rotors Pair For Toyota RAV4 Camry Corolla Cross Lexus C-HR Venza UX250h ES350 K8-101767,$107.01,0.0,0,https://www.bestbuy.ca/en-ca/product/front-brake-rotors-pair-for-toyota-rav4-camry-corolla-cross-lexus-c-hr-venza-ux250h-es350-k8-101767/17549035
Thinkware U3000 4K UHD Dual-Channel Dash Cam with 64GB Thinkware microSD card & OBD-II Power Cable,$699.99,0.0,0,https://www.bestbuy.ca/en-ca/product/thinkware-u3000-4k-uhd-dual-channel-dash-cam-with-64gb-thinkware-microsd-card-obd-ii-power-cable/17109370
Kenwood DNR476S Navigation Digital Multimedia Receiver with Bluetooth,$735.00,4.33,21,https://www.bestbuy.ca/en-ca/product/kenwood-dnr476s-navigation-digital-multimedia-receiver-with-bluetooth/16245062
Brickhouse Security GPS Tracker for Vehicles- TrackPort OBD II Tracking Device- Tracker for Car Location and Speed- Mini OBD GPS Tracker for Vehicles- Subscription Required,$22.95,0.0,0,https://www.bestbuy.ca/en-ca/product/brickhouse-security-gps-tracker-for-vehicles-trackport-obd-ii-tracking-device-tracker-for-car-location-and-speed-mini-obd-gps-tracker-for-vehicles-subscription-required/15654260
"Alpine iLX-W650 7"" Mechless Receiver | SiriusXM SXV300 Tuner | EchoMaster CAM551 Backup Camera – Bundle",$598.00,0.0,0,https://www.bestbuy.ca/en-ca/product/alpine-ilx-w650-7-mechless-receiver-siriusxm-sxv300-tuner-echomaster-cam551-backup-camera-bundle/15229495
Sony MEX-N5300BT CD receiver,$178.00,4.6,5,https://www.bestbuy.ca/en-ca/product/sony-mex-n5300bt-cd-receiver/13864915
"Nextbase 422GW Dash Cam with 2.5"" LED HD IPS Touch Screen & Amazon Alexa Built In",$299.95,4.36,180,https://www.bestbuy.ca/en-ca/product/nextbase-422gw-dash-cam-with-2-5-led-hd-ips-touch-screen-amazon-alexa-built-in/13617029
Cobra 25 LTD Classic Compact AM/FM CB radio,$199.99,0.0,0,https://www.bestbuy.ca/en-ca/product/cobra-25-ltd-classic-compact-am-fm-cb-radio/17922317
"Open Box - Vantrue S1 4K Front and Rear Dash Cam, 1080P Dual Dash Camera with GPS Live Speed",$249.99,0.0,0,https://www.bestbuy.ca/en-ca/product/open-box-vantrue-s1-4k-front-and-rear-dash-cam-1080p-dual-dash-camera-with-gps-live-speed/18386901
Front Disc Brake Rotors Pair For Ford F-350 Super Duty F-250 E-550 F-450 F-550 Econoline K8-100154,$195.68,0.0,0,https://www.bestbuy.ca/en-ca/product/front-disc-brake-rotors-pair-for-ford-f-350-super-duty-f-250-e-550-f-450-f-550-econoline-k8-100154/17548884
Front Disc Brake Rotors Pair For Toyota RAV4 Prius V Scion xB Lexus HS250h K8-100428,$82.03,0.0,0,https://www.bestbuy.ca/en-ca/product/front-disc-brake-rotors-pair-for-toyota-rav4-prius-v-scion-xb-lexus-hs250h-k8-100428/17546711
Alpine RS-SB12 Single 12” R-Series Shallow Preloaded Subwoofer Enclosure,$999.00,0.0,0,https://www.bestbuy.ca/en-ca/product/alpine-rs-sb12-single-12-r-series-shallow-preloaded-subwoofer-enclosure/16685109
Escort EZMag Radar Detector Mount,$52.99,4.63,57,https://www.bestbuy.ca/en-ca/product/escort-ezmag-radar-detector-mount/15996856
"BlackVue Dash Cam Front and Rear DR970X-2CH LTE Plus NA 64GB | 4K LTE Cloud Dashcam | STARVIS 2 CMOS Sensor | Easy Cloud connectivity with Built-in Nano SIM Card | WiFi, GPS",$782.99,0.0,0,https://www.bestbuy.ca/en-ca/product/blackvue-dash-cam-front-and-rear-dr970x-2ch-lte-plus-na-64gb-4k-lte-cloud-dashcam-starvis-2-cmos-sensor-easy-cloud-connectivity-with-built-in-nano-sim-card-wifi-gps/17759891
Front Rear Disc Brake Rotors Kit For 2009 Ford F-150 With 6 Lug Wheels K8-101137,$245.48,0.0,0,https://www.bestbuy.ca/en-ca/product/front-rear-disc-brake-rotors-kit-for-2009-ford-f-150-with-6-lug-wheels-k8-101137/17547937
Alpine iLX-407 7” Shallow-Chassis Mutimedia Receiver +Metra IBR-TLKT Tool kit for vehicle stereo install+SiriusXM SXV300V1C Connect vehicle tuner(Blck)-Bundle,$698.00,0.0,0,https://www.bestbuy.ca/en-ca/product/alpine-ilx-407-7-shallow-chassis-mutimedia-receiver-metra-ibr-tlkt-tool-kit-for-vehicle-stereo-installsiriusxm-sxv300v1c-connect-vehicle-tuner-blck-bundle/17491509
Front Semi-Metallic Rear Ceramic Disc Brake Pads Kit For Mini Cooper KNF-100686,$104.48,0.0,0,https://www.bestbuy.ca/en-ca/product/front-semi-metallic-rear-ceramic-disc-brake-pads-kit-for-mini-cooper-knf-100686/17406899
ISTAR AC to DC Converter 110V to 12V 8A 60W Car Cigarette Lighter Adapter - Wall Plug Outlet Cigarette Lighter Female Socket Converter,$19.23,0.0,0,https://www.bestbuy.ca/en-ca/product/istar-ac-to-dc-converter-110v-to-12v-8a-60w-car-cigarette-lighter-adapter-wall-plug-outlet-cigarette-lighter-female-socket-converter/17039034
"BlackVue Dash Cam Front and Inside DR970X-2CH Box IR Plus | 4K UHD Cloud Dashcam Front | Full HD 1080P Inside | Sony STARVIS 2 | Unbreakable Box Unit | Built-in Wi-Fi, GPS, Parking",$768.49,0.0,0,https://www.bestbuy.ca/en-ca/product/blackvue-dash-cam-front-and-inside-dr970x-2ch-box-ir-plus-4k-uhd-cloud-dashcam-front-full-hd-1080p-inside-sony-starvis-2-unbreakable-box-unit-built-in-wi-fi-gps-parking/17812521
"Kenwood - Digital Multimedia Receiver with 6.8"" Screen and Bluetooth 5.0, for Car, Black",$748.00,4.36,97,https://www.bestbuy.ca/en-ca/product/kenwood-digital-multimedia-receiver-with-6-8-screen-and-bluetooth-5-0-for-car-black/16709078
Metra 44-EC12 12-Inches Antenna Extension Cable,$23.99,0.0,0,https://www.bestbuy.ca/en-ca/product/metra-44-ec12-12-inches-antenna-extension-cable/15335882
Sony DXS-M5511BT MARINE Digital Media Receiver & Speakers,$238.00,4.76,29,https://www.bestbuy.ca/en-ca/product/sony-dxs-m5511bt-marine-digital-media-receiver-speakers/13864918
Sony XS-162GS XS Series 6.5″ 2-Way Component Speaker System,$248.00,0.0,0,https://www.bestbuy.ca/en-ca/product/sony-xs-162gs-xs-series-6-5-2-way-component-speaker-system/17660990
Front Disc Brake Rotors Pair For Audi Q5 A4 Quattro A5 allroad A7 S5 A6 K8-100517,$132.29,0.0,0,https://www.bestbuy.ca/en-ca/product/front-disc-brake-rotors-pair-for-audi-q5-a4-quattro-a5-allroad-a7-s5-a6-k8-100517/17550043
Multi-Functional Compact Cable Card with 22' USB-C Cable & USB-A/Micro-USB/Light/OTG USB Adapter Kit Cable Convertor Storage Box for Traveling Phone Pad Charging PC Computer Data T,$17.74,0.0,0,https://www.bestbuy.ca/en-ca/product/multi-functional-compact-cable-card-with-22-usb-c-cable-usb-a-micro-usb-light-otg-usb-adapter-kit-cable-convertor-storage-box-for-traveling-phone-pad-charging-pc-computer-data-t/16473214
"Pioneer DMH-W3050NEX 6.8"" Digital Multimedia Receiver with Wireless/Wired Apple CarPlay & Android Auto",$638.99,4.9,10,https://www.bestbuy.ca/en-ca/product/pioneer-dmh-w3050nex-6-8-digital-multimedia-receiver-with-wireless-wired-apple-carplay-android-auto/18388102
Sony XS-W124GS XS Series 12″ 4-ohm Component Subwoofer,$198.00,0.0,0,https://www.bestbuy.ca/en-ca/product/sony-xs-w124gs-xs-series-12-4-ohm-component-subwoofer/17660992
Front Disc Brake Rotors Pair For Hyundai Palisade Kia Telluride K8-102313,$150.46,0.0,0,https://www.bestbuy.ca/en-ca/product/front-disc-brake-rotors-pair-for-hyundai-palisade-kia-telluride-k8-102313/17549578
Front Disc Brake Rotors Pair For Volkswagen Jetta GTI Audi A3 Quattro K8-100514,$83.01,0.0,0,https://www.bestbuy.ca/en-ca/product/front-disc-brake-rotors-pair-for-volkswagen-jetta-gti-audi-a3-quattro-k8-100514/17547229
Front Disc Brake Rotors Pair For Honda Civic Accord Insight K8-100554,$76.47,0.0,0,https://www.bestbuy.ca/en-ca/product/front-disc-brake-rotors-pair-for-honda-civic-accord-insight-k8-100554/17546752
Front Brake Rotors Pair For Mercedes-Benz ML350 ML320 GL350 R350 GL320 GL450 GL550 ML550 K8-100414,$156.10,0.0,0,https://www.bestbuy.ca/en-ca/product/front-brake-rotors-pair-for-mercedes-benz-ml350-ml320-gl350-r350-gl320-gl450-gl550-ml550-k8-100414/17546645
"JVC KD-X380BTS - Radio/Digital Media Receiver, Bluetooth, For Car, Black",$158.00,4.36,22,https://www.bestbuy.ca/en-ca/product/jvc-kd-x380bts-radio-digital-media-receiver-bluetooth-for-car-black/16544410
"ISTAR Heated Seat Cushion with Heat Adjustable 2 Heat Levels, Seat Warmer, Seat Heater,Seat 12V Universal Fit Heating Seat Cover for Home, Car, Cold Weather and Winter Driving (Premium Quality Comfort",$27.99,5.0,1,https://www.bestbuy.ca/en-ca/product/istar-heated-seat-cushion-with-heat-adjustable-2-heat-levels-seat-warmer-seat-heater-seat-12v-universal-fit-heating-seat-cover-for-home-car-cold-weather-and-winter-driving-premium-quality-comfort/15427447
Fortin EVO-AUDT1 Plug & Play Remote Starter for Audi,$168.99,0.0,0,https://www.bestbuy.ca/en-ca/product/fortin-evo-audt1-plug-play-remote-starter-for-audi/15344317
Western Electric High Quality KS13385 Hookup/Speaker Wire 10 AWG Made in the USA (1 Unit = 1 Foot) Red,$13.88,0.0,0,https://www.bestbuy.ca/en-ca/product/western-electric-high-quality-ks13385-hookup-speaker-wire-10-awg-made-in-the-usa-1-unit-1-foot-red/18661742
Front Disc Brake Rotors Pair For Suzuki Grand Vitara XL-7 K8-100314,$71.00,0.0,0,https://www.bestbuy.ca/en-ca/product/front-disc-brake-rotors-pair-for-suzuki-grand-vitara-xl-7-k8-100314/17547782
Front Disc Brake Rotors Pair For Hyundai Accent Kia Rio Rio5 K8-100416,$68.17,0.0,0,https://www.bestbuy.ca/en-ca/product/front-disc-brake-rotors-pair-for-hyundai-accent-kia-rio-rio5-k8-100416/17546659
Baseus Super Energy Air Car Jump Starter 10000mAh Peak 1000A Power Pack -Black,$79.99,0.0,0,https://www.bestbuy.ca/en-ca/product/baseus-super-energy-air-car-jump-starter-10000mah-peak-1000a-power-pack-black/17261521
Stage A6002-2 Channel 60W x 2 Full Range Amplifier,$179.99,0.0,0,https://www.bestbuy.ca/en-ca/product/stage-a6002-2-channel-60w-x-2-full-range-amplifier/16176836
"JVC KW-Z1000W Floating 10"" Digital Media Receiver with Apple CarPlay and Android Auto( (does not play DVD/CD)","$1,598.00",4.69,62,https://www.bestbuy.ca/en-ca/product/jvc-kw-z1000w-floating-10-digital-media-receiver-with-apple-carplay-and-android-auto-does-not-play-dvd-cd/15745421
"JVC CS-DR6200M 6.5"" MARINE/MOTORSPORT SPEAKER - BLACK",$118.00,5.0,2,https://www.bestbuy.ca/en-ca/product/jvc-cs-dr6200m-6-5-marine-motorsport-speaker-black/12632571
"Kicker 40TCWRT122 Sealed truck enclosure with one 12"" CompRT subwoofer (Bonus Gadget Cleaner Included)",$239.00,0.0,0,https://www.bestbuy.ca/en-ca/product/kicker-40tcwrt122-sealed-truck-enclosure-with-one-12-comprt-subwoofer-bonus-gadget-cleaner-included/18584769
Front Disc Brake Rotors Pair For Land Rover Discovery Sport Range Evoque Jaguar E-Pace K8-101661,$134.76,0.0,0,https://www.bestbuy.ca/en-ca/product/front-disc-brake-rotors-pair-for-land-rover-discovery-sport-range-evoque-jaguar-e-pace-k8-101661/17549173
Front Disc Brake Rotors And Hub Assembly Pair For Ford F-150 E-150 Econoline K8-100018,$155.51,0.0,0,https://www.bestbuy.ca/en-ca/product/front-disc-brake-rotors-and-hub-assembly-pair-for-ford-f-150-e-150-econoline-k8-100018/17548329
"JVC KD-T925BTS - 1-DIN In-Dash CD Player, Bluetooth 4.2, For Car, Black",$218.00,0.0,0,https://www.bestbuy.ca/en-ca/product/jvc-kd-t925bts-1-din-in-dash-cd-player-bluetooth-4-2-for-car-black/16645817
"OBDII Scan Tool for iOS & Android, OBD2 Scanner allows you to read real-time engine sensor data Diagnostic Tool Scanner Code Reader Check Engine Light",$19.07,0.0,0,https://www.bestbuy.ca/en-ca/product/obdii-scan-tool-for-ios-android-obd2-scanner-allows-you-to-read-real-time-engine-sensor-data-diagnostic-tool-scanner-code-reader-check-engine-light/15618734
WhereSafe Plug-In GPS Tracker (OBDII),$189.95,0.0,0,https://www.bestbuy.ca/en-ca/product/wheresafe-plug-in-gps-tracker-obdii/15386754
"Pioneer GM-DX871 Class D Mono Amplifier with Gold-plated RCA Terminals, HQ Sound Parts and Bass Knob",$248.99,4.51,216,https://www.bestbuy.ca/en-ca/product/pioneer-gm-dx871-class-d-mono-amplifier-with-gold-plated-rca-terminals-hq-sound-parts-and-bass-knob/13493660
70mai Rearview Dash Cam S500 Set,$199.99,0.0,0,https://www.bestbuy.ca/en-ca/product/70mai-rearview-dash-cam-s500-set/18471943
SiriusXM SXV300v1 Connect Vehicle Tuner Kit for Satellite Radio,$70.99,0.0,0,https://www.bestbuy.ca/en-ca/product/siriusxm-sxv300v1-connect-vehicle-tuner-kit-for-satellite-radio/13877400
Refurbished Excellent - Garmin Drive 51 USA+CAN LM GPS Navigator System with Lifetime Maps,$169.99,0.0,0,https://www.bestbuy.ca/en-ca/product/refurbished-excellent-garmin-drive-51-usacan-lm-gps-navigator-system-with-lifetime-maps/17760286
Sony XS-W104GS XS Series 10″ 4-ohm Component Subwoofer,$198.00,0.0,0,https://www.bestbuy.ca/en-ca/product/sony-xs-w104gs-xs-series-10-4-ohm-component-subwoofer/17660994
"Pioneer GM-DX874 Class FD 4-Channel Bridgeable Amplifier with Gold-plated RCA Terminals, Hi-Res Audio",$328.99,4.71,158,https://www.bestbuy.ca/en-ca/product/pioneer-gm-dx874-class-fd-4-channel-bridgeable-amplifier-with-gold-plated-rca-terminals-hi-res-audio/13493661
"Kenwood KFC-415C 4"" x 10"" 2-Way Car Speakers",$119.95,0.0,0,https://www.bestbuy.ca/en-ca/product/kenwood-kfc-415c-4-x-10-2-way-car-speakers/12065862
Cobra 29 LTD Classic CB Radio - Black,$229.99,4.75,4,https://www.bestbuy.ca/en-ca/product/cobra-29-ltd-classic-cb-radio-black/17922318
Pioneer TS-WX010A Compact Powered Subwoofer,$329.99,0.0,0,https://www.bestbuy.ca/en-ca/product/pioneer-ts-wx010a-compact-powered-subwoofer/17475763
"Pioneer TS-A879 3-1/2” 2-Way, 450 W Max power, 25mm Tweeter Coaxial Car Speakers (Pair)",$94.99,0.0,0,https://www.bestbuy.ca/en-ca/product/pioneer-ts-a879-3-1-2-2-way-450-w-max-power-25mm-tweeter-coaxial-car-speakers-pair/16365386
Refurbished (Excellent)-Alpine MRV-M500 Mono-block subwoofer amplifier — 500 watts RMS x 1 at 2 ohms,$197.00,0.0,0,https://www.bestbuy.ca/en-ca/product/refurbished-excellent-alpine-mrv-m500-mono-block-subwoofer-amplifier-500-watts-rms-x-1-at-2-ohms/16025597
"Open Box - VANTRUE Element 1 Lite WiFi Mini Dash Cam with Voice Control, 1080P Front Dash Camera",$79.99,0.0,0,https://www.bestbuy.ca/en-ca/product/open-box-vantrue-element-1-lite-wifi-mini-dash-cam-with-voice-control-1080p-front-dash-camera/18386903
UltraLink Auto ULACPAAWA CarPlay AndroidAuto Wireless Adapter,$199.00,0.0,0,https://www.bestbuy.ca/en-ca/product/ultralink-auto-ulacpaawa-carplay-androidauto-wireless-adapter/17728615
"Vantrue N4 3 Channel 4K Dash Cam, 4K+1080P Front and Rear, 1440P+1440P Front and Inside, 1440P+1440P+1080P Three Way Triple Dashcam - (Refurbished- Excellent)",$314.99,0.0,0,https://www.bestbuy.ca/en-ca/product/vantrue-n4-3-channel-4k-dash-cam-4k1080p-front-and-rear-1440p1440p-front-and-inside-1440p1440p1080p-three-way-triple-dashcam-refurbished-excellent/18626087
"Skar Audio EVL-15 15"" 1250 Watts RMS Car Subwoofer - Dual 2 Ohm",$394.99,0.0,0,https://www.bestbuy.ca/en-ca/product/skar-audio-evl-15-15-1250-watts-rms-car-subwoofer-dual-2-ohm/18389568
"Kenwood DRV-A610WDP 2-Channel Compact 4K HD Dash Camera with 2"" Display, Wi-Fi, and GPS — includes Rear-View Cam",$398.00,0.0,0,https://www.bestbuy.ca/en-ca/product/kenwood-drv-a610wdp-2-channel-compact-4k-hd-dash-camera-with-2-display-wi-fi-and-gps-includes-rear-view-cam/17983403
Cobra 29 LTD NW Classic CB Radio - English,$249.99,5.0,6,https://www.bestbuy.ca/en-ca/product/cobra-29-ltd-nw-classic-cb-radio-english/17922316
Front Disc Brake Rotors Pair For 2009 Ford F-150 With 6 Lug Wheels K8-100183,$122.93,0.0,0,https://www.bestbuy.ca/en-ca/product/front-disc-brake-rotors-pair-for-2009-ford-f-150-with-6-lug-wheels-k8-100183/17550104
Front Disc Brake Rotors Pair For Volkswagen Jetta Golf Audi TT Quattro K8-100325,$112.91,0.0,0,https://www.bestbuy.ca/en-ca/product/front-disc-brake-rotors-pair-for-volkswagen-jetta-golf-audi-tt-quattro-k8-100325/17549522
Front Disc Brake Rotors Hub Pair For Ford F-350 Super Duty F-250 With Dual Rear Wheels RWD K8-100042,$462.59,0.0,0,https://www.bestbuy.ca/en-ca/product/front-disc-brake-rotors-hub-pair-for-ford-f-350-super-duty-f-250-with-dual-rear-wheels-rwd-k8-100042/17548924
Front Disc Brake Rotor Pair For Ford Ranger Explorer Mazda B4000 B3000 Mercury Mountaineer K8-100141,$83.91,0.0,0,https://www.bestbuy.ca/en-ca/product/front-disc-brake-rotor-pair-for-ford-ranger-explorer-mazda-b4000-b3000-mercury-mountaineer-k8-100141/17548820
Front Disc Brake Rotors Pair For 2006-2013 Suzuki Grand Vitara K8-100434,$82.72,0.0,0,https://www.bestbuy.ca/en-ca/product/front-disc-brake-rotors-pair-for-2006-2013-suzuki-grand-vitara-k8-100434/17548764
Front Rear Disc Brake Rotors Kit For Mercedes-Benz C230 SLK350 CLK350 C320 SLK280 SLK300 K8-101481,$175.48,0.0,0,https://www.bestbuy.ca/en-ca/product/front-rear-disc-brake-rotors-kit-for-mercedes-benz-c230-slk350-clk350-c320-slk280-slk300-k8-101481/17548462
Front Disc Brake Rotors Pair For BMW X3 X4 K8-100512,$133.86,0.0,0,https://www.bestbuy.ca/en-ca/product/front-disc-brake-rotors-pair-for-bmw-x3-x4-k8-100512/17548404
"Refurbished (Excellent) - VIOFO A229 Duo 2K QHD 2-Channel Dash Cam with GPS | WiFi, Parking Mode",$248.99,0.0,0,https://www.bestbuy.ca/en-ca/product/refurbished-excellent-viofo-a229-duo-2k-qhd-2-channel-dash-cam-with-gps-wifi-parking-mode/17539417
Heavy Duty Steering Wheel Brake Lock - Anti-Theft Locks Vehicle Security Device Keyless Car Lock 5 Password,$29.99,0.0,0,https://www.bestbuy.ca/en-ca/product/heavy-duty-steering-wheel-brake-lock-anti-theft-locks-vehicle-security-device-keyless-car-lock-5-password/16700502
"Kicker 43DSC460 DS Series 4x6"" 4-Ohm Coaxial Speaker",$79.95,0.0,0,https://www.bestbuy.ca/en-ca/product/kicker-43dsc460-ds-series-4x6-4-ohm-coaxial-speaker/16109798
"Fortin EVO-GMT7 Plug & Play Remote Starter for Buick, Cadillac, Chevrolet, GMC",$169.99,0.0,0,https://www.bestbuy.ca/en-ca/product/fortin-evo-gmt7-plug-play-remote-starter-for-buick-cadillac-chevrolet-gmc/15344326
Metra Dash Kit 95-8204 Radio Installation Kit for 2003 - 2008 Toyota Corolla,$26.39,0.0,0,https://www.bestbuy.ca/en-ca/product/metra-dash-kit-95-8204-radio-installation-kit-for-2003-2008-toyota-corolla/15336088
Arpha W01 Screenless 2K Wi-Fi/GPS Dash Cam with 1080P Rear Sony Sensor Cam,$229.99,1.0,1,https://www.bestbuy.ca/en-ca/product/arpha-w01-screenless-2k-wi-fi-gps-dash-cam-with-1080p-rear-sony-sensor-cam/14679640
"Kenwood KAC-9106D Class D Mono Power Amplifier, For Car, Black",$287.00,0.0,0,https://www.bestbuy.ca/en-ca/product/kenwood-kac-9106d-class-d-mono-power-amplifier-for-car-black/14316722
"Chortua Full HD 1080p Dual Lens Dashcam with 4.0"" Screen, Rear Camera, & 170 Degrees Wide Angle View",$69.98,0.0,0,https://www.bestbuy.ca/en-ca/product/chortua-full-hd-1080p-dual-lens-dashcam-with-4-0-screen-rear-camera-170-degrees-wide-angle-view/13695902
"KENWOOD - KFC-835C 3-1/2"" dash speaker for car",$68.00,5.0,1,https://www.bestbuy.ca/en-ca/product/kenwood-kfc-835c-3-1-2-dash-speaker-for-car/13202613
Polk Audio PA D4000.4 4-Channel Amplifier,$560.50,4.88,8,https://www.bestbuy.ca/en-ca/product/polk-audio-pa-d4000-4-4-channel-amplifier/12376104
"Rockford Fosgate Prime R165X3 6.5"" 3-Way Full-Range Speaker.",$79.00,0.0,0,https://www.bestbuy.ca/en-ca/product/rockford-fosgate-prime-r165x3-6-5-3-way-full-range-speaker/11557328
Shakespeare 5420-XT 4 AM/FM Antenna,$245.18,0.0,0,https://www.bestbuy.ca/en-ca/product/shakespeare-5420-xt-4-am-fm-antenna/11299476
Kenwood KMM-BT332U Digital Media Receiver with Bluetooth,$158.00,4.71,137,https://www.bestbuy.ca/en-ca/product/kenwood-kmm-bt332u-digital-media-receiver-with-bluetooth/16469835
"AudioControl LC2i PRO 2-Channel Line Output Converter with Impedance Matching, AccuBASS, GTO, Audio Signal Sense, 12V Turn-On and ACR-1 Dash Remote Subwoofer Control",$199.95,4.74,99,https://www.bestbuy.ca/en-ca/product/audiocontrol-lc2i-pro-2-channel-line-output-converter-with-impedance-matching-accubass-gto-audio-signal-sense-12v-turn-on-and-acr-1-dash-remote-subwoofer-control/16109812
GNET G-ON3 Taxi 3CH QHD Front SONY Starvis Infrared Smart Dashcam | 30FPS | 1080P | 128GB | GPS | WiFi | withCLOUD | HDR | H.265 | 180 angle | Night Vision | Parking Mode Hard Wire Power Cable,$499.99,0.0,0,https://www.bestbuy.ca/en-ca/product/gnet-g-on3-taxi-3ch-qhd-front-sony-starvis-infrared-smart-dashcam-30fps-1080p-128gb-gps-wifi-withcloud-hdr-h-265-180-angle-night-vision-parking-mode-hard-wire-power-cable/15612154
Cobra 1080p Dashcam with Bluetooth (CDR855BT),$127.98,0.0,0,https://www.bestbuy.ca/en-ca/product/cobra-cobra-1080p-dashcam-with-bluetooth-cdr855bt-cdr855bt/10404086
Front Disc Brake Rotors Pair For Dodge Chrysler 300 Charger Challenger Magnum K8-100229,$103.61,0.0,0,https://www.bestbuy.ca/en-ca/product/front-disc-brake-rotors-pair-for-dodge-chrysler-300-charger-challenger-magnum-k8-100229/17545640
Nakamichi NQ821B Single-DIN CD USB Bluetooth Receiver,$156.85,0.0,0,https://www.bestbuy.ca/en-ca/product/nakamichi-nq821b-single-din-cd-usb-bluetooth-receiver/17104757
Digital Yacht GV30 VHF/AIS/GPS Combo Antenna,$251.10,0.0,0,https://www.bestbuy.ca/en-ca/product/digital-yacht-gv30-vhf-ais-gps-combo-antenna/13605195
Alpine UTE-73BT Single-DIN Bluetooth Digital Media Receiver,$169.00,4.6,307,https://www.bestbuy.ca/en-ca/product/alpine-ute-73bt-single-din-bluetooth-digital-media-receiver/15984427
Pioneer MVH-S622BS Double DIN Digital Media Receiver With Built-In Bluetooth,$178.99,0.0,0,https://www.bestbuy.ca/en-ca/product/pioneer-mvh-s622bs-double-din-digital-media-receiver-with-built-in-bluetooth/15337676
"Arpha W02 3.0"" OLED Touch Screen with Wi-Fi/GPS 1080p Dash Cam",$169.99,0.0,0,https://www.bestbuy.ca/en-ca/product/arpha-w02-3-0-oled-touch-screen-with-wi-fi-gps-1080p-dash-cam/14679642
THINKWARE TWA-CPM Suction Cup Mount,$14.99,3.0,1,https://www.bestbuy.ca/en-ca/product/thinkware-twa-cpm-suction-cup-mount/12347241
"6pcs 12V 24V Add-a-Circuit Micro 2 Fuse Tap, Piggy Back Blade Fuse Holder with Wire Harness, 6pcs Micro 2 Fuse (5A 10A 15A) and Fuse Puller",$14.84,0.0,0,https://www.bestbuy.ca/en-ca/product/6pcs-12v-24v-add-a-circuit-micro-2-fuse-tap-piggy-back-blade-fuse-holder-with-wire-harness-6pcs-micro-2-fuse-5a-10a-15a-and-fuse-puller/16480761
"4K+1080P Dual Dash Cam for cars with WiFi and APP, 3” IPS screen, night vision, and a free 64GB card. This front and rear camera includes a 24/7 parking monitor and WDR.",$184.99,0.0,0,https://www.bestbuy.ca/en-ca/product/4k1080p-dual-dash-cam-for-cars-with-wifi-and-app-3-ips-screen-night-vision-and-a-free-64gb-card-this-front-and-rear-camera-includes-a-24-7-parking-monitor-and-wdr/18618898
"Refurbished (Excellent) - Garmin Drive 53 and Traffic 5"" GPS - Black",$199.35,0.0,0,https://www.bestbuy.ca/en-ca/product/refurbished-excellent-garmin-drive-53-and-traffic-5-gps-black/18594802
"Refurbished (Excellent) - Nextbase 522GW 1440p Dash Cam w/ 3"" HD Touch Screen Wi-Fi & Amazon Alexa Built In",$279.99,0.0,0,https://www.bestbuy.ca/en-ca/product/refurbished-excellent-nextbase-522gw-1440p-dash-cam-w-3-hd-touch-screen-wi-fi-amazon-alexa-built-in/18472871
"FineVu GX35 2K QHD Dual-Channel Dash Cam | Parking Mode, WiFi, GPS, ADAS",$349.99,0.0,0,https://www.bestbuy.ca/en-ca/product/finevu-gx35-2k-qhd-dual-channel-dash-cam-parking-mode-wifi-gps-adas/18394673
"Open Box - VANTRUE X4S Duo 4K+1080P Front and Back Car Dashboard Camera, 24H Parking Mode, G-Sensor, Superior Night Vision, WDR",$274.99,0.0,0,https://www.bestbuy.ca/en-ca/product/open-box-vantrue-x4s-duo-4k1080p-front-and-back-car-dashboard-camera-24h-parking-mode-g-sensor-superior-night-vision-wdr/18391030
Refurbished (Excellent) - Nextbase Rear-View Camera - Black,$69.99,0.0,0,https://www.bestbuy.ca/en-ca/product/refurbished-excellent-nextbase-rear-view-camera-black/18196197
iCarsoft US V2.0 Diagnostic Scan Tool for American Vehicles Ford/GM (Chevrolet/Buick/Cadillac/GMC)/Chrysler/Jeep/Holden +Oil Reset,$149.99,0.0,0,https://www.bestbuy.ca/en-ca/product/icarsoft-us-v2-0-diagnostic-scan-tool-for-american-vehicles-ford-gm-chevrolet-buick-cadillac-gmc-chrysler-jeep-holden-oil-reset/18194687
"Refurbished (Excellent)- Gramin Nuvi 1450LMT navigation system, Lifetime maps, and traffic edition (010-00810-25)",$174.50,0.0,0,https://www.bestbuy.ca/en-ca/product/refurbished-excellent-gramin-nuvi-1450lmt-navigation-system-lifetime-maps-and-traffic-edition-010-00810-25/18170746
Battery Tender 1000A/8000mAh Portable Jump Starter & Power Bank,$169.99,0.0,0,https://www.bestbuy.ca/en-ca/product/battery-tender-1000a-8000mah-portable-jump-starter-power-bank/17739313
HUMMINBIRD HELIX 9 CHIRP MSI GPS G3N CHO DISPLAY ONLY,"$1,979.00",0.0,0,https://www.bestbuy.ca/en-ca/product/humminbird-helix-9-chirp-msi-gps-g3n-cho-display-only/17698516
Rear Disc Brake Rotors Pair For Ford Crown Victoria Mercury Grand Marquis Marauder K8-100647,$76.04,0.0,0,https://www.bestbuy.ca/en-ca/product/rear-disc-brake-rotors-pair-for-ford-crown-victoria-mercury-grand-marquis-marauder-k8-100647/17549958
Front Brake Rotors Pair For Buick Lucerne Chevrolet Impala LaCrosse Cadillac DTS Allure K8-100096,$124.94,0.0,0,https://www.bestbuy.ca/en-ca/product/front-brake-rotors-pair-for-buick-lucerne-chevrolet-impala-lacrosse-cadillac-dts-allure-k8-100096/17549917
Front Disc Brake Rotors Pair For Chevrolet Traverse GMC Acadia Blazer Buick Enclave K8-100124,$130.05,0.0,0,https://www.bestbuy.ca/en-ca/product/front-disc-brake-rotors-pair-for-chevrolet-traverse-gmc-acadia-blazer-buick-enclave-k8-100124/17549866
Front Disc Brake Rotors Pair For Chevrolet Impala Buick Lucerne Monte Carlo Limited K8-100097,$102.58,0.0,0,https://www.bestbuy.ca/en-ca/product/front-disc-brake-rotors-pair-for-chevrolet-impala-buick-lucerne-monte-carlo-limited-k8-100097/17549643
Front Disc Brake Rotors Pair For BMW X1 335i xDrive 335xi 335is 335d K8-100474,$135.02,0.0,0,https://www.bestbuy.ca/en-ca/product/front-disc-brake-rotors-pair-for-bmw-x1-335i-xdrive-335xi-335is-335d-k8-100474/17549494
Front Disc Brake Rotors Pair For Kia Forte Soul Koup Forte5 K8-100495,$82.67,0.0,0,https://www.bestbuy.ca/en-ca/product/front-disc-brake-rotors-pair-for-kia-forte-soul-koup-forte5-k8-100495/17549253
Front Brake Rotor Pair For Mercedes-Benz GLA250 CLA250 B250 INFINITI QX30 B Electric Drive K8-100548,$126.43,0.0,0,https://www.bestbuy.ca/en-ca/product/front-brake-rotor-pair-for-mercedes-benz-gla250-cla250-b250-infiniti-qx30-b-electric-drive-k8-100548/17549214
Front Disc Brake Rotors Pair For BMW X1 Mini Cooper Countryman X2 228i xDrive Gran Coupe K8-100557,$127.79,0.0,0,https://www.bestbuy.ca/en-ca/product/front-disc-brake-rotors-pair-for-bmw-x1-mini-cooper-countryman-x2-228i-xdrive-gran-coupe-k8-100557/17549157
Front Disc Brake Rotors Pair For Mercedes-Benz C300 E300 Without Sport Package K8-102450,$153.56,0.0,0,https://www.bestbuy.ca/en-ca/product/front-disc-brake-rotors-pair-for-mercedes-benz-c300-e300-without-sport-package-k8-102450/17549152
Front Disc Brake Rotors Pair For Toyota Yaris K8-100527,$89.02,0.0,0,https://www.bestbuy.ca/en-ca/product/front-disc-brake-rotors-pair-for-toyota-yaris-k8-100527/17549052
Front Rear Disc Brake Rotors Kit For 2010-2013 Land Rover Range Sport Supercharged K8-101592,$335.08,0.0,0,https://www.bestbuy.ca/en-ca/product/front-rear-disc-brake-rotors-kit-for-2010-2013-land-rover-range-sport-supercharged-k8-101592/17548864
Front Disc Brake Rotors Pair For Volvo S60 XC70 V70 S80 K8-100333,$110.65,0.0,0,https://www.bestbuy.ca/en-ca/product/front-disc-brake-rotors-pair-for-volvo-s60-xc70-v70-s80-k8-100333/17548827
Front Disc Brake Rotors Pair For Honda Civic Acura RSX CR-Z K8-100335,$63.96,0.0,0,https://www.bestbuy.ca/en-ca/product/front-disc-brake-rotors-pair-for-honda-civic-acura-rsx-cr-z-k8-100335/17548790
Front Rear Disc Brake Rotors Kit For Chrysler PT Cruiser K8-101177,$128.09,0.0,0,https://www.bestbuy.ca/en-ca/product/front-rear-disc-brake-rotors-kit-for-chrysler-pt-cruiser-k8-101177/17548646
Front Disc Brake Rotors Kit For Volkswagen Touareg Porsche Cayenne K8-101840,$129.70,0.0,0,https://www.bestbuy.ca/en-ca/product/front-disc-brake-rotors-kit-for-volkswagen-touareg-porsche-cayenne-k8-101840/17548619
Front Rear Disc Brake Rotors Kit For 2011-2016 Scion tC K8-101457,$156.27,0.0,0,https://www.bestbuy.ca/en-ca/product/front-rear-disc-brake-rotors-kit-for-2011-2016-scion-tc-k8-101457/17548520
Front Rear Disc Brake Rotors Kit For Volvo S40 V50 C70 With 320mm Diameter Rotor K8-101490,$181.24,0.0,0,https://www.bestbuy.ca/en-ca/product/front-rear-disc-brake-rotors-kit-for-volvo-s40-v50-c70-with-320mm-diameter-rotor-k8-101490/17548260
Front Rear Disc Brake Rotors Drums Kit For Ford F-150 4WD K8-102142,$230.34,0.0,0,https://www.bestbuy.ca/en-ca/product/front-rear-disc-brake-rotors-drums-kit-for-ford-f-150-4wd-k8-102142/17548046
Front Rear Brake Rotors Kit For Mercedes-Benz E350 E400 With 322mm Diameter Rotor K8-101578,$220.24,0.0,0,https://www.bestbuy.ca/en-ca/product/front-rear-brake-rotors-kit-for-mercedes-benz-e350-e400-with-322mm-diameter-rotor-k8-101578/17548043
Front Disc Brake Rotor And Hub Assembly Pair For Ford F-350 Super Duty F-250 Excursion RWD K8-100039,$321.35,0.0,0,https://www.bestbuy.ca/en-ca/product/front-disc-brake-rotor-and-hub-assembly-pair-for-ford-f-350-super-duty-f-250-excursion-rwd-k8-100039/17547979
Front Disc Brake Rotors Kit For Lexus IS250 GS300 K8-101842,$115.09,0.0,0,https://www.bestbuy.ca/en-ca/product/front-disc-brake-rotors-kit-for-lexus-is250-gs300-k8-101842/17547972
Front Rear Disc Brake Rotors Drums Kit For Chevrolet Trax Sonic K8-101971,$192.08,0.0,0,https://www.bestbuy.ca/en-ca/product/front-rear-disc-brake-rotors-drums-kit-for-chevrolet-trax-sonic-k8-101971/17547701
Front Disc Brake Rotors Pair For Nissan Sentra Juke K8-100470,$118.66,0.0,0,https://www.bestbuy.ca/en-ca/product/front-disc-brake-rotors-pair-for-nissan-sentra-juke-k8-100470/17547058
Front Disc Brake Rotors Pair For 2008-2011 Ford Focus K8-100179,$84.79,0.0,0,https://www.bestbuy.ca/en-ca/product/front-disc-brake-rotors-pair-for-2008-2011-ford-focus-k8-100179/17546849
Front Brake Rotors Pair For Dodge Grand Caravan Journey Chrysler Town & Country Ram C/V K8-100241,$94.60,0.0,0,https://www.bestbuy.ca/en-ca/product/front-brake-rotors-pair-for-dodge-grand-caravan-journey-chrysler-town-country-ram-c-v-k8-100241/17546820
Front Disc Brake Rotors Pair For Nissan Kicks Versa K8-101770,$77.35,0.0,0,https://www.bestbuy.ca/en-ca/product/front-disc-brake-rotors-pair-for-nissan-kicks-versa-k8-101770/17546776
Front Brake Rotors Pair For Ford Taurus Mercury Sable Windstar Thunderbird Cougar Lincoln K8-100138,$78.28,0.0,0,https://www.bestbuy.ca/en-ca/product/front-brake-rotors-pair-for-ford-taurus-mercury-sable-windstar-thunderbird-cougar-lincoln-k8-100138/17546707
Front Disc Brake Rotors Pair For Volkswagen Jetta Golf Beetle City K8-100302,$76.27,0.0,0,https://www.bestbuy.ca/en-ca/product/front-disc-brake-rotors-pair-for-volkswagen-jetta-golf-beetle-city-k8-100302/17546647
Front Rear Brake Rotors Kit For Mazda Protege 2.0L with Disc rear brakes With 4 Lug Wheels K8-101293,$113.17,0.0,0,https://www.bestbuy.ca/en-ca/product/front-rear-brake-rotors-kit-for-mazda-protege-2-0l-with-disc-rear-brakes-with-4-lug-wheels-k8-101293/17546627
Front Disc Brake Rotors Pair For Suzuki SX4 Crossover K8-100463,$72.05,0.0,0,https://www.bestbuy.ca/en-ca/product/front-disc-brake-rotors-pair-for-suzuki-sx4-crossover-k8-100463/17546359
Front Drill Slot Brake Rotor Pair For BMW 328i xDrive 320i 335i 428i 330i 435i 440i 228i 3 KD-100564,$256.88,0.0,0,https://www.bestbuy.ca/en-ca/product/front-drill-slot-brake-rotor-pair-for-bmw-328i-xdrive-320i-335i-428i-330i-435i-440i-228i-3-kd-100564/17546219
Front Rear Disc Brake Rotors Kit For Honda CR-V Acura RDX K8-101478,$163.99,0.0,0,https://www.bestbuy.ca/en-ca/product/front-rear-disc-brake-rotors-kit-for-honda-cr-v-acura-rdx-k8-101478/17546139
Front Semi-Metallic Rear Ceramic Disc Brake Pads Kit For Ford F-150 Expedition Lincoln KNF-101168,$133.61,0.0,0,https://www.bestbuy.ca/en-ca/product/front-semi-metallic-rear-ceramic-disc-brake-pads-kit-for-ford-f-150-expedition-lincoln-knf-101168/17408996
Front Semi-Metallic Rear Ceramic Disc Brake Pads Kit For Chevrolet GMC Silverado 1500 KNF-101613,$124.84,0.0,0,https://www.bestbuy.ca/en-ca/product/front-semi-metallic-rear-ceramic-disc-brake-pads-kit-for-chevrolet-gmc-silverado-1500-knf-101613/17408982
Front Rear Ceramic Brake Pads Kit For 2012 Volvo S40 KCX-100360,$69.36,0.0,0,https://www.bestbuy.ca/en-ca/product/front-rear-ceramic-brake-pads-kit-for-2012-volvo-s40-kcx-100360/17408386
Front Rear Semi-Metallic Disc Brake Pads Kit For 2019-2022 Ram 3500 With Dual Wheels KNF-101080,$182.86,0.0,0,https://www.bestbuy.ca/en-ca/product/front-rear-semi-metallic-disc-brake-pads-kit-for-2019-2022-ram-3500-with-dual-wheels-knf-101080/17407694
Front Rear Semi-Metallic Brake Pads Kit For Honda Civic Accord Acura EL KPF-100303,$64.61,0.0,0,https://www.bestbuy.ca/en-ca/product/front-rear-semi-metallic-brake-pads-kit-for-honda-civic-accord-acura-el-kpf-100303/17407179
"Kicker 48TRTP122 TRTP 12-inch (30cm) Thin Down Firing Subwoofer and Passive Radiator Enclosure, 2-Ohm, RoHS Compliant",$429.95,4.32,69,https://www.bestbuy.ca/en-ca/product/kicker-48trtp122-trtp-12-inch-30cm-thin-down-firing-subwoofer-and-passive-radiator-enclosure-2-ohm-rohs-compliant/17186556
"BlackboxMyCar PowerCell 8 Dash Cam Battery Pack | 7,500 mAh, 96Wh, Bluetooth | Compatible with Thinkware and FineVu Dashcams",$513.89,5.0,3,https://www.bestbuy.ca/en-ca/product/blackboxmycar-powercell-8-dash-cam-battery-pack-7-500-mah-96wh-bluetooth-compatible-with-thinkware-and-finevu-dashcams/16703148
"Boss Audio BRT26RGB 26"" Riot Sound Bar with RGB",$335.95,3.5,6,https://www.bestbuy.ca/en-ca/product/boss-audio-brt26rgb-26-riot-sound-bar-with-rgb/16702713
Rexing W1 Multimedia Receiver W/ Backup Camera,$129.99,3.0,2,https://www.bestbuy.ca/en-ca/product/rexing-w1-multimedia-receiver-w-backup-camera/16550810
Qihoo 360 Dash Cam HK30 1080P HD WiFi Smart Car DVR Night Vision Parking Monitor 59g Super Mini Body Camera Video Recorder,$69.99,0.0,0,https://www.bestbuy.ca/en-ca/product/qihoo-360-dash-cam-hk30-1080p-hd-wifi-smart-car-dvr-night-vision-parking-monitor-59g-super-mini-body-camera-video-recorder/16249847
Cobra Marine Radio (MR HH600FLT GPS BT),$349.99,0.0,0,https://www.bestbuy.ca/en-ca/product/cobra-marine-radio-mr-hh600flt-gps-bt/16206730
"Kicker 43DSC44 D-Series 4-Inch 120 Watt 2-Way Coaxial Speakers (Pair), Black",$79.95,0.0,0,https://www.bestbuy.ca/en-ca/product/kicker-43dsc44-d-series-4-inch-120-watt-2-way-coaxial-speakers-pair-black/16109802
"BOSS Audio Elite 480BRGB Double Din, Bluetooth, MP3 USB AM/FM Receiver, Multi Color RGB Illumination, Wireless Remote (No CD/DVD Player)",$109.95,4.12,17,https://www.bestbuy.ca/en-ca/product/boss-audio-elite-480brgb-double-din-bluetooth-mp3-usb-am-fm-receiver-multi-color-rgb-illumination-wireless-remote-no-cd-dvd-player/16109781
"JBL Stage3 627F (Stage3627FAM) Stage3 Series 6-1/2"" 2-Way Coaxial Car Speaker",$139.99,0.0,0,https://www.bestbuy.ca/en-ca/product/jbl-stage3-627f-stage3627fam-stage3-series-6-1-2-2-way-coaxial-car-speaker/16032765
"BlackVue DR900X-1CH Plus - 4K UHD Cloud Dashcam with Wi-Fi, GPS, Parking Mode (32GB)",$479.00,0.0,0,https://www.bestbuy.ca/en-ca/product/blackvue-dr900x-1ch-plus-4k-uhd-cloud-dashcam-with-wi-fi-gps-parking-mode-32gb/15890890
Cobra 2.5A Micro USB Hardwire Kit (CA-MICROUSB-003),$44.99,4.15,33,https://www.bestbuy.ca/en-ca/product/cobra-2-5a-micro-usb-hardwire-kit-ca-microusb-003/15778074
Escort Direct Wire SmartCord (0010057-2),$42.99,0.0,0,https://www.bestbuy.ca/en-ca/product/escort-direct-wire-smartcord-0010057-2/15454797
Fortin EVO-ONE-912 2-Way Long Range Remote Starter,$369.00,0.0,0,https://www.bestbuy.ca/en-ca/product/fortin-evo-one-912-2-way-long-range-remote-starter/15348337
Metra 95-9000 Universal Double DIN Housing Installation Dash Kit,$29.99,0.0,0,https://www.bestbuy.ca/en-ca/product/metra-95-9000-universal-double-din-housing-installation-dash-kit/15335970
Metra 40-NI11 Aftermarket Radio to Nissan Antenna,$21.59,0.0,0,https://www.bestbuy.ca/en-ca/product/metra-40-ni11-aftermarket-radio-to-nissan-antenna/15335429
Tracki 12-24-volt to Micro USB Vehicle/Marine Power Stabilizer and Wiring Kit for Tracki 3G GPS Tracker - Black,$32.99,0.0,0,https://www.bestbuy.ca/en-ca/product/tracki-12-24-volt-to-micro-usb-vehicle-marine-power-stabilizer-and-wiring-kit-for-tracki-3g-gps-tracker-black/15153295
"Kicker 46CSC674 6-3/4"" CS Series 2-Way Coaxial Speakers",$119.95,4.66,254,https://www.bestbuy.ca/en-ca/product/kicker-46csc674-6-3-4-cs-series-2-way-coaxial-speakers/14429083
"Cerwin Vega H7653 6.5"" HED Series 3-Way Speakers - Pair",$84.99,0.0,0,https://www.bestbuy.ca/en-ca/product/cerwin-vega-h7653-6-5-hed-series-3-way-speakers-pair/13799900
Pioneer SPH-10BT Smart Sync with Alexa Receiver Featuring Built-In Cradle for Smartphone,$177.99,4.35,65,https://www.bestbuy.ca/en-ca/product/pioneer-sph-10bt-smart-sync-with-alexa-receiver-featuring-built-in-cradle-for-smartphone/13493663
Blue Sea 7548 C-Series Flat Rocker Circuit Breaker - Single Pole - 80A,$68.40,0.0,0,https://www.bestbuy.ca/en-ca/product/blue-sea-7548-c-series-flat-rocker-circuit-breaker-single-pole-80a/12541668
Tekonsha Primus IQ Electronic Brake Control f-1-3 Axle Trailers - Proportional,$224.42,0.0,0,https://www.bestbuy.ca/en-ca/product/tekonsha-primus-iq-electronic-brake-control-f-1-3-axle-trailers-proportional/12541553
Standard Horizon SCU-31 GPS Smart Antenna,$159.91,0.0,0,https://www.bestbuy.ca/en-ca/product/standard-horizon-scu-31-gps-smart-antenna/12438291
"Auto-Trac 232805 Series 2300 Pickup Truck/SUV Traction Snow Tire Chains, Pair",$204.99,0.0,0,https://www.bestbuy.ca/en-ca/product/auto-trac-232805-series-2300-pickup-truck-suv-traction-snow-tire-chains-pair/18191425
Speed Sensor SEN-2VSS0051 For Chevrolet Pontiac Cobalt Malibu G5 Cavalier Sunfire G6 HHR Grand Am LS,$35.52,0.0,0,https://www.bestbuy.ca/en-ca/product/speed-sensor-sen-2vss0051-for-chevrolet-pontiac-cobalt-malibu-g5-cavalier-sunfire-g6-hhr-grand-am-ls/18708566
Front Rear Brake Pads Wear Sensor (4 Pack) For 2004-2010 BMW X3 KSE-100116,$61.30,0.0,0,https://www.bestbuy.ca/en-ca/product/front-rear-brake-pads-wear-sensor-4-pack-for-2004-2010-bmw-x3-kse-100116/18708565
Front Rear Disc Brake Caliper Rotors And Ceramic Pads Kit (10Pc) For Honda Accord KC8-103043N,$613.56,0.0,0,https://www.bestbuy.ca/en-ca/product/front-rear-disc-brake-caliper-rotors-and-ceramic-pads-kit-10pc-for-honda-accord-kc8-103043n/18708564
Engine Oil Filter (8 Pack) For Chevrolet GMC Equinox Buick Terrain Cruze Malibu Colorado KLO-100312,$45.16,0.0,0,https://www.bestbuy.ca/en-ca/product/engine-oil-filter-8-pack-for-chevrolet-gmc-equinox-buick-terrain-cruze-malibu-colorado-klo-100312/18708563
Engine Oil Filter (4 Pack) For Ram Dodge 2500 3500 W250 D250 D350 W350 Sterling Truck 45 KLO-100294,$39.15,0.0,0,https://www.bestbuy.ca/en-ca/product/engine-oil-filter-4-pack-for-ram-dodge-2500-3500-w250-d250-d350-w350-sterling-truck-45-klo-100294/18708562
Front Semi-Metallic Disc Brake Pads And Wear Sensors Kit For 2017 Porsche Macan 2.0L KPW-100644,$67.07,0.0,0,https://www.bestbuy.ca/en-ca/product/front-semi-metallic-disc-brake-pads-and-wear-sensors-kit-for-2017-porsche-macan-2-0l-kpw-100644/18708561
Front Rear Ceramic Brake Pads And Parking Shoes Kit For Ford Escape Mercury Mariner KCN-100192,$100.74,0.0,0,https://www.bestbuy.ca/en-ca/product/front-rear-ceramic-brake-pads-and-parking-shoes-kit-for-ford-escape-mercury-mariner-kcn-100192/18708558
Front Brake Caliper Coat Rotor And Ceramic Pad Kit For 2016 Hyundai Tucson From 05 08 15 KCG-100756C,$373.11,0.0,0,https://www.bestbuy.ca/en-ca/product/front-brake-caliper-coat-rotor-and-ceramic-pad-kit-for-2016-hyundai-tucson-from-05-08-15-kcg-100756c/18708556
Front Rear Semi-Metallic Brake Pad & Wear Sensor Kit For Mercedes-Benz Sprinter 2500 1500 KPW-100210,$105.85,0.0,0,https://www.bestbuy.ca/en-ca/product/front-rear-semi-metallic-brake-pad-wear-sensor-kit-for-mercedes-benz-sprinter-2500-1500-kpw-100210/18708555
Front Ceramic Rear Semi-Metallic Disc Brake Pads Kit For 2010-2011 Ford F-150 KNN-101247,$172.00,0.0,0,https://www.bestbuy.ca/en-ca/product/front-ceramic-rear-semi-metallic-disc-brake-pads-kit-for-2010-2011-ford-f-150-knn-101247/18708554
Front Rear Semi-Metallic Brake Pads & Parking Shoe Kit For 2015 Cadillac CTS V with Coupe KFN-100885,$133.28,0.0,0,https://www.bestbuy.ca/en-ca/product/front-rear-semi-metallic-brake-pads-parking-shoe-kit-for-2015-cadillac-cts-v-with-coupe-kfn-100885/18708553
Front Suspension Strut And Mount Kit For Honda Accord Acura TL TSX KSH-100255,$50.14,0.0,0,https://www.bestbuy.ca/en-ca/product/front-suspension-strut-and-mount-kit-for-honda-accord-acura-tl-tsx-ksh-100255/18708552
Front Right Shock Assembly & TQ Link Kit For Acura MDX ZDX Excludes Electronic Suspension KSS-104914,$205.93,0.0,0,https://www.bestbuy.ca/en-ca/product/front-right-shock-assembly-tq-link-kit-for-acura-mdx-zdx-excludes-electronic-suspension-kss-104914/18708551
Front Rear Disc Brake Caliper Rotors And Ceramic Pads Kit (10Pc) For Subaru Legacy KC8-101996N,$622.82,0.0,0,https://www.bestbuy.ca/en-ca/product/front-rear-disc-brake-caliper-rotors-and-ceramic-pads-kit-10pc-for-subaru-legacy-kc8-101996n/18708548
Rear Brake Caliper Drill Slot Rotors Semi-Metallic Pad Kit For Kia Hyundai Forte Elantra KCD-100569P,$340.41,0.0,0,https://www.bestbuy.ca/en-ca/product/rear-brake-caliper-drill-slot-rotors-semi-metallic-pad-kit-for-kia-hyundai-forte-elantra-kcd-100569p/18708546
Front Shock Assembly And TQ Link Kit For Nissan TITAN Armada INFINITI QX56 Pathfinder 4WD KSS-100831,$313.41,0.0,0,https://www.bestbuy.ca/en-ca/product/front-shock-assembly-and-tq-link-kit-for-nissan-titan-armada-infiniti-qx56-pathfinder-4wd-kss-100831/18708545
Front Coated Disc Brake Rotors And Ceramic Pads Kit For 2019-2020 Hyundai Santa Fe KGC-102224,$184.08,0.0,0,https://www.bestbuy.ca/en-ca/product/front-coated-disc-brake-rotors-and-ceramic-pads-kit-for-2019-2020-hyundai-santa-fe-kgc-102224/18708543
Front Rear Ceramic Brake Pads & Wear Sensor Kit (5Pc) For 2013 BMW X1 xDrive35i with 3.0L KNW-101442,$190.34,0.0,0,https://www.bestbuy.ca/en-ca/product/front-rear-ceramic-brake-pads-wear-sensor-kit-5pc-for-2013-bmw-x1-xdrive35i-with-3-0l-knw-101442/18708542
Front Rear Ceramic Brake Pads And Parking Shoes Kit For Honda CR-V Acura RDX KTN-100677,$121.86,0.0,0,https://www.bestbuy.ca/en-ca/product/front-rear-ceramic-brake-pads-and-parking-shoes-kit-for-honda-cr-v-acura-rdx-ktn-100677/18708540
Front Rear Ceramic Brake Pad Wear Sensor Kit For Mercedes-Benz ML350 R350 GL450 ML500 G55 KNW-100300,$165.01,0.0,0,https://www.bestbuy.ca/en-ca/product/front-rear-ceramic-brake-pad-wear-sensor-kit-for-mercedes-benz-ml350-r350-gl450-ml500-g55-knw-100300/18708537
Front Strut And 72 Link Kit For Chevrolet Equinox Pontiac Torrent KSS-105937,$180.71,0.0,0,https://www.bestbuy.ca/en-ca/product/front-strut-and-72-link-kit-for-chevrolet-equinox-pontiac-torrent-kss-105937/18708536
Front Rear Semi-Metallic Brake Pads And Parking Shoes Kit For Cadillac STS KSN-100624,$118.73,0.0,0,https://www.bestbuy.ca/en-ca/product/front-rear-semi-metallic-brake-pads-and-parking-shoes-kit-for-cadillac-sts-ksn-100624/18708535
Front Rear Ceramic Disc Brake Pads Kit For 1992-1999 Toyota Camry 2.2L KNN-101222,$132.92,0.0,0,https://www.bestbuy.ca/en-ca/product/front-rear-ceramic-disc-brake-pads-kit-for-1992-1999-toyota-camry-2-2l-knn-101222/18708534
Front Semi-Metallic Disc Brake Pads And Wear Sensors Kit For Land Rover Range KSW-100299,$60.36,0.0,0,https://www.bestbuy.ca/en-ca/product/front-semi-metallic-disc-brake-pads-and-wear-sensors-kit-for-land-rover-range-ksw-100299/18708533
Front Left Lower Suspension Control Arm Ball Joint Assembly TOR-CK622907 For Ford Focus Transit,$136.22,0.0,0,https://www.bestbuy.ca/en-ca/product/front-left-lower-suspension-control-arm-ball-joint-assembly-tor-ck622907-for-ford-focus-transit/18708532
Front Rear Semi-Metallic Brake Pads Parking Shoes Kit For Nissan Rogue Sentra Juke Select KSN-100823,$88.60,0.0,0,https://www.bestbuy.ca/en-ca/product/front-rear-semi-metallic-brake-pads-parking-shoes-kit-for-nissan-rogue-sentra-juke-select-ksn-100823/18708531
Rear Left Suspension Strut And Mount Kit For Toyota Corolla Prizm Chevrolet Geo KSH-100403,$84.02,0.0,0,https://www.bestbuy.ca/en-ca/product/rear-left-suspension-strut-and-mount-kit-for-toyota-corolla-prizm-chevrolet-geo-ksh-100403/18708530
Rear Right ABS Wheel Speed Sensor SEN-2ABS0237 For Lexus Toyota Highlander RX350 RX330 RX400h,$119.36,0.0,0,https://www.bestbuy.ca/en-ca/product/rear-right-abs-wheel-speed-sensor-sen-2abs0237-for-lexus-toyota-highlander-rx350-rx330-rx400h/18708529
Engine Variable Valve Timing (VVT) Solenoid SEN-2VTS0064 For Nissan TITAN Pathfinder INFINITI Q50,$189.57,0.0,0,https://www.bestbuy.ca/en-ca/product/engine-variable-valve-timing-vvt-solenoid-sen-2vts0064-for-nissan-titan-pathfinder-infiniti-q50/18708528
Front Ceramic Brake Pads Wear Sensor Kit For Mercedes-Benz G63 AMG C63 SLS E63 SL63 CLS63 KNW-100642,$137.61,0.0,0,https://www.bestbuy.ca/en-ca/product/front-ceramic-brake-pads-wear-sensor-kit-for-mercedes-benz-g63-amg-c63-sls-e63-sl63-cls63-knw-100642/18708527
Rear Strut And TOR Link Kit For Toyota Corolla Prizm Chevrolet Geo KSS-106675,$138.55,0.0,0,https://www.bestbuy.ca/en-ca/product/rear-strut-and-tor-link-kit-for-toyota-corolla-prizm-chevrolet-geo-kss-106675/18708526
Front Ball Joint And Tie Rod End Kit For 1993-2002 Chevrolet Camaro Pontiac Firebird KTR-102350,$70.09,0.0,0,https://www.bestbuy.ca/en-ca/product/front-ball-joint-and-tie-rod-end-kit-for-1993-2002-chevrolet-camaro-pontiac-firebird-ktr-102350/18708525
Front Semi-Metallic Disc Brake Pads And Wear Sensors Kit For BMW X3 X4 KSW-100796,$55.43,0.0,0,https://www.bestbuy.ca/en-ca/product/front-semi-metallic-disc-brake-pads-and-wear-sensors-kit-for-bmw-x3-x4-ksw-100796/18708524
Front Ceramic Disc Brake Pads And Wear Sensors Kit For Porsche Panamera w Rotors KTW-100046,$76.58,0.0,0,https://www.bestbuy.ca/en-ca/product/front-ceramic-disc-brake-pads-and-wear-sensors-kit-for-porsche-panamera-w-rotors-ktw-100046/18708523
Front Lower Ball Joint Pair For Toyota Camry Sienna Lexus RX300 Solara Avalon ES300 KTR-101266,$44.59,0.0,0,https://www.bestbuy.ca/en-ca/product/front-lower-ball-joint-pair-for-toyota-camry-sienna-lexus-rx300-solara-avalon-es300-ktr-101266/18708522
Engine Variable Valve Timing (VVT) SEN-2VTS0049 For Ford F-150 F-350 Super Duty F-250 Mustang E-350,$106.33,0.0,0,https://www.bestbuy.ca/en-ca/product/engine-variable-valve-timing-vvt-sen-2vts0049-for-ford-f-150-f-350-super-duty-f-250-mustang-e-350/18708521
Front Ball Joint Tie Rod End Kit For K1500 Chevrolet GMC K2500 K3500 Tahoe Suburban Yukon KTR-102357,$68.35,0.0,0,https://www.bestbuy.ca/en-ca/product/front-ball-joint-tie-rod-end-kit-for-k1500-chevrolet-gmc-k2500-k3500-tahoe-suburban-yukon-ktr-102357/18708520
Front Semi-Metallic Disc Brake Pads And Wear Sensors Kit For 2012 BMW X1 xDrive28i KSW-100416,$69.59,0.0,0,https://www.bestbuy.ca/en-ca/product/front-semi-metallic-disc-brake-pads-and-wear-sensors-kit-for-2012-bmw-x1-xdrive28i-ksw-100416/18708519
Front Right ABS Wheel Speed Sensor SEN-2ABS0638 For 2008-2012 Hyundai Elantra 2.0L with 4-Wheel,$90.10,0.0,0,https://www.bestbuy.ca/en-ca/product/front-right-abs-wheel-speed-sensor-sen-2abs0638-for-2008-2012-hyundai-elantra-2-0l-with-4-wheel/18708518
Front Right Complete Shock Assembly And TQ Link Kit For Honda Accord Excludes Hybrid KSS-104990,$129.15,0.0,0,https://www.bestbuy.ca/en-ca/product/front-right-complete-shock-assembly-and-tq-link-kit-for-honda-accord-excludes-hybrid-kss-104990/18708517
Front Suspension Control Arm With Tie Rod End Ball Joint Kit (6Pc) For Volvo S60 V70 FWD KTR-104014,$402.09,0.0,0,https://www.bestbuy.ca/en-ca/product/front-suspension-control-arm-with-tie-rod-end-ball-joint-kit-6pc-for-volvo-s60-v70-fwd-ktr-104014/18708516
Rear Strut TQ Link Kit And Mount For 2002-2006 Honda CR-V KSS-107584,$145.51,0.0,0,https://www.bestbuy.ca/en-ca/product/rear-strut-tq-link-kit-and-mount-for-2002-2006-honda-cr-v-kss-107584/18708515
Engine Camshaft Position Sensor SEN-2CAM0510 For Volvo S60 XC70 XC90 V70 S80 C70,$80.99,0.0,0,https://www.bestbuy.ca/en-ca/product/engine-camshaft-position-sensor-sen-2cam0510-for-volvo-s60-xc70-xc90-v70-s80-c70/18708514
Front Ceramic Disc Brake Pad Extra Wear Sensor Kit For Porsche Cayenne Volkswagen Touareg KTW-100937,$83.82,0.0,0,https://www.bestbuy.ca/en-ca/product/front-ceramic-disc-brake-pad-extra-wear-sensor-kit-for-porsche-cayenne-volkswagen-touareg-ktw-100937/18708513
Front HVAC Blower Motor Resistor SEN-2BMR1012 For Dodge Grand Caravan Chrysler Town & Country Routan,$44.84,0.0,0,https://www.bestbuy.ca/en-ca/product/front-hvac-blower-motor-resistor-sen-2bmr1012-for-dodge-grand-caravan-chrysler-town-country-routan/18708512
Rear Ceramic Disc Brake Pads And Wear Sensors Kit For Land Rover Range KNW-101108,$94.52,0.0,0,https://www.bestbuy.ca/en-ca/product/rear-ceramic-disc-brake-pads-and-wear-sensors-kit-for-land-rover-range-knw-101108/18708511
Front Suspension Ball Joint & Tie Rod End Kit For 2010-2017 Chevrolet Equinox GMC Terrain KTR-102326,$106.98,0.0,0,https://www.bestbuy.ca/en-ca/product/front-suspension-ball-joint-tie-rod-end-kit-for-2010-2017-chevrolet-equinox-gmc-terrain-ktr-102326/18708510
Front Lower & Upper Suspension Ball Joints Kit For Honda Civic Acura Integra CRX KTR-101780,$63.46,0.0,0,https://www.bestbuy.ca/en-ca/product/front-lower-upper-suspension-ball-joints-kit-for-honda-civic-acura-integra-crx-ktr-101780/18708509
Front Inner Steering Tie Rod End Kit For 2018-2019 Ford F-350 Super Duty RWD KTR-105132,$93.05,0.0,0,https://www.bestbuy.ca/en-ca/product/front-inner-steering-tie-rod-end-kit-for-2018-2019-ford-f-350-super-duty-rwd-ktr-105132/18708508
Rear Right Disc Brake Caliper SLC-184858 For Ford F-150 Lincoln Mark LT,$76.94,0.0,0,https://www.bestbuy.ca/en-ca/product/rear-right-disc-brake-caliper-slc-184858-for-ford-f-150-lincoln-mark-lt/18708507
Front Rear Semi-Metallic Disc Brake Pads Kit For Chevrolet GMC Sierra 2500 HD Silverado KNN-100641,$212.15,0.0,0,https://www.bestbuy.ca/en-ca/product/front-rear-semi-metallic-disc-brake-pads-kit-for-chevrolet-gmc-sierra-2500-hd-silverado-knn-100641/18708506
Front Left Strut And TOR Link Kit For 2009-2015 Toyota Venza KSS-105778,$107.42,0.0,0,https://www.bestbuy.ca/en-ca/product/front-left-strut-and-tor-link-kit-for-2009-2015-toyota-venza-kss-105778/18708505
Front Rear Semi-Metallic Brake Pads & Parking Shoes Kit For Nissan TITAN XD NV2500 NV3500 KSN-100653,$134.39,0.0,0,https://www.bestbuy.ca/en-ca/product/front-rear-semi-metallic-brake-pads-parking-shoes-kit-for-nissan-titan-xd-nv2500-nv3500-ksn-100653/18708504
Front Rear Ceramic Disc Brake Pads And Wear Sensors Kit For BMW 128i 3.0L KTW-100343,$119.05,0.0,0,https://www.bestbuy.ca/en-ca/product/front-rear-ceramic-disc-brake-pads-and-wear-sensors-kit-for-bmw-128i-3-0l-ktw-100343/18708503
Front Suspension Control Arm And Ball Joint Assembly Kit For INFINITI G35 Nissan 350Z KTR-101564,$186.76,0.0,0,https://www.bestbuy.ca/en-ca/product/front-suspension-control-arm-and-ball-joint-assembly-kit-for-infiniti-g35-nissan-350z-ktr-101564/18708502
Front Suspension Control Arm & Ball Joint Kit For Audi Volkswagen Passat A4 Quattro A6 S4 KTR-101584,$81.75,0.0,0,https://www.bestbuy.ca/en-ca/product/front-suspension-control-arm-ball-joint-kit-for-audi-volkswagen-passat-a4-quattro-a6-s4-ktr-101584/18708501
Rear Semi-Metallic Disc Brake Pads And Wear Sensors Kit For Mercedes-Benz SL63 AMG SL65 KSW-100613,$67.31,0.0,0,https://www.bestbuy.ca/en-ca/product/rear-semi-metallic-disc-brake-pads-and-wear-sensors-kit-for-mercedes-benz-sl63-amg-sl65-ksw-100613/18708498
Front Shock Absorber And TOR Link Kit For GMC Chevrolet Silverado 2500 HD Sierra 3500 KSS-108248,$142.74,0.0,0,https://www.bestbuy.ca/en-ca/product/front-shock-absorber-and-tor-link-kit-for-gmc-chevrolet-silverado-2500-hd-sierra-3500-kss-108248/18708497
Rear ABS Wheel Speed Sensor SEN-2ABS1283 For Mazda 3 5 Sport without Harness,$50.98,0.0,0,https://www.bestbuy.ca/en-ca/product/rear-abs-wheel-speed-sensor-sen-2abs1283-for-mazda-3-5-sport-without-harness/18708496
Front Rear Ceramic Brake Pads And Parking Shoes Kit For Cadillac STS KTN-100697,$140.84,0.0,0,https://www.bestbuy.ca/en-ca/product/front-rear-ceramic-brake-pads-and-parking-shoes-kit-for-cadillac-sts-ktn-100697/18708495
Front Rear Ceramic Disc Brake Pads And Wear Sensors Kit For 2006 Mini Cooper 1.6L KNW-100295,$158.33,0.0,0,https://www.bestbuy.ca/en-ca/product/front-rear-ceramic-disc-brake-pads-and-wear-sensors-kit-for-2006-mini-cooper-1-6l-knw-100295/18708494
"Front Rear Ceramic Disc Brake Pads Kit For 2000-2002 Toyota Tundra 5.3"" Plate Length KNN-100211",$107.37,0.0,0,https://www.bestbuy.ca/en-ca/product/front-rear-ceramic-disc-brake-pads-kit-for-2000-2002-toyota-tundra-5-3-plate-length-knn-100211/18708493
Rear Right ABS Wheel Speed Sensor SEN-2ABS0857 For Nissan Micra Versa Note,$82.55,0.0,0,https://www.bestbuy.ca/en-ca/product/rear-right-abs-wheel-speed-sensor-sen-2abs0857-for-nissan-micra-versa-note/18708492
Front Left Complete Shock Assembly And TOR Link Kit For Toyota Sienna FWD KSS-104700,$172.39,0.0,0,https://www.bestbuy.ca/en-ca/product/front-left-complete-shock-assembly-and-tor-link-kit-for-toyota-sienna-fwd-kss-104700/18708491
Front Left Strut And TOR Link Kit Mount For 2013-2014 Hyundai Sonata GAS engine KSS-106801,$144.18,0.0,0,https://www.bestbuy.ca/en-ca/product/front-left-strut-and-tor-link-kit-mount-for-2013-2014-hyundai-sonata-gas-engine-kss-106801/18708489
Front Rear Semi-Metallic Disc Brake Pads Kit For Ford E-450 Super Duty KNN-100331,$204.73,0.0,0,https://www.bestbuy.ca/en-ca/product/front-rear-semi-metallic-disc-brake-pads-kit-for-ford-e-450-super-duty-knn-100331/18708488
Front Rear Semi-Metallic Brake Pads And Parking Shoes Kit For BMW 330i 330xi 335xi KSN-100743,$97.76,0.0,0,https://www.bestbuy.ca/en-ca/product/front-rear-semi-metallic-brake-pads-and-parking-shoes-kit-for-bmw-330i-330xi-335xi-ksn-100743/18708487
Rear Left ABS Wheel Speed Sensor SEN-2ABS0067 For Volvo S60 XC70 V70 S80 with Harness,$88.11,0.0,0,https://www.bestbuy.ca/en-ca/product/rear-left-abs-wheel-speed-sensor-sen-2abs0067-for-volvo-s60-xc70-v70-s80-with-harness/18708486
Front Suspension Control Arm & Ball Joint Tie Rod End Link Kit (8Pc) For 2007 Dodge Nitro KTR-100522,$295.48,0.0,0,https://www.bestbuy.ca/en-ca/product/front-suspension-control-arm-ball-joint-tie-rod-end-link-kit-8pc-for-2007-dodge-nitro-ktr-100522/18708484
HVAC Blower Motor Control Module SEN-2BMR0007 For Honda Civic Odyssey CR-V Fit Element Insight CR-Z,$59.71,0.0,0,https://www.bestbuy.ca/en-ca/product/hvac-blower-motor-control-module-sen-2bmr0007-for-honda-civic-odyssey-cr-v-fit-element-insight-cr-z/18708483
Front Rear Semi-Metallic Disc Brake Pads Kit For Ford F-150 Lincoln Mark LT KNN-101031,$152.81,0.0,0,https://www.bestbuy.ca/en-ca/product/front-rear-semi-metallic-disc-brake-pads-kit-for-ford-f-150-lincoln-mark-lt-knn-101031/18708482
Front Rear Ceramic Disc Brake Pads Kit For Ford Edge Mazda CX-7 CX-9 Lincoln MKX KNN-101001,$176.96,0.0,0,https://www.bestbuy.ca/en-ca/product/front-rear-ceramic-disc-brake-pads-kit-for-ford-edge-mazda-cx-7-cx-9-lincoln-mkx-knn-101001/18708481
Rear Left ABS Wheel Speed Sensor SEN-2ABS2520 For Acura RDX Base with 2.3L 4-Wheel Harness,$86.57,0.0,0,https://www.bestbuy.ca/en-ca/product/rear-left-abs-wheel-speed-sensor-sen-2abs2520-for-acura-rdx-base-with-2-3l-4-wheel-harness/18708480
Engine Oil Filter (4 Pack) For Ford F-150 Mustang Ranger E-350 Econoline F-250 F-350 Land KLO-100065,$21.23,0.0,0,https://www.bestbuy.ca/en-ca/product/engine-oil-filter-4-pack-for-ford-f-150-mustang-ranger-e-350-econoline-f-250-f-350-land-klo-100065/18708478
Front Left Shock Assembly And TQ Link Kit For Chevrolet Equinox GMC Terrain Captiva Sport KSS-104635,$190.39,0.0,0,https://www.bestbuy.ca/en-ca/product/front-left-shock-assembly-and-tq-link-kit-for-chevrolet-equinox-gmc-terrain-captiva-sport-kss-104635/18708477
Front Rotor Brake Pad Bearing Arm Suspension Kit (15Pc) For Buick Rendezvous Pontiac Aztek KM-100005,$912.52,0.0,0,https://www.bestbuy.ca/en-ca/product/front-rotor-brake-pad-bearing-arm-suspension-kit-15pc-for-buick-rendezvous-pontiac-aztek-km-100005/18708476
Front Rear Semi-Metallic Disc Brake Pads And Wear Sensor Kit For 2001-2005 BMW 325xi 2.5L KSW-100136,$110.81,0.0,0,https://www.bestbuy.ca/en-ca/product/front-rear-semi-metallic-disc-brake-pads-and-wear-sensor-kit-for-2001-2005-bmw-325xi-2-5l-ksw-100136/18708475
Front Suspension Stabilizer Bar Link Kit For Chevrolet Cruze Volt KTR-101664,$57.86,0.0,0,https://www.bestbuy.ca/en-ca/product/front-suspension-stabilizer-bar-link-kit-for-chevrolet-cruze-volt-ktr-101664/18708474
Front Rear Semi-Metallic Disc Brake Pads Wear Sensor Kit For 2010 BMW 535i Base with 3.0L KSW-100150,$132.54,0.0,0,https://www.bestbuy.ca/en-ca/product/front-rear-semi-metallic-disc-brake-pads-wear-sensor-kit-for-2010-bmw-535i-base-with-3-0l-ksw-100150/18708472
Front Suspension Control Arm Assembly And Tie Rod End Kit For 2013-2019 Ford Escape KTR-102683,$298.70,0.0,0,https://www.bestbuy.ca/en-ca/product/front-suspension-control-arm-assembly-and-tie-rod-end-kit-for-2013-2019-ford-escape-ktr-102683/18708471
Front Lower Ball Joint Pair For Chevrolet Pontiac Impala Buick Montana Equinox Prix KTR-101186,$46.61,0.0,0,https://www.bestbuy.ca/en-ca/product/front-lower-ball-joint-pair-for-chevrolet-pontiac-impala-buick-montana-equinox-prix-ktr-101186/18708470
Front Strut TQ Link Kit And Mount For 2003-2008 Toyota Corolla KSS-107017,$278.63,0.0,0,https://www.bestbuy.ca/en-ca/product/front-strut-tq-link-kit-and-mount-for-2003-2008-toyota-corolla-kss-107017/18708469
Front Rear Ceramic Disc Brake Pads And Wear Sensor Kit For Mercedes-Benz SLK230 C230 2.3L KNW-100284,$111.21,0.0,0,https://www.bestbuy.ca/en-ca/product/front-rear-ceramic-disc-brake-pads-and-wear-sensor-kit-for-mercedes-benz-slk230-c230-2-3l-knw-100284/18708467
Front Rear Ceramic Disc Brake Pad Wear Sensor Kit For 2017 Audi A6 Quattro w/400mm Rotors KTW-100418,$126.43,0.0,0,https://www.bestbuy.ca/en-ca/product/front-rear-ceramic-disc-brake-pad-wear-sensor-kit-for-2017-audi-a6-quattro-w-400mm-rotors-ktw-100418/18708465
Rear Right Brake Caliper SLC-18B4645 For Chevrolet Impala Buick LaCrosse Monte Carlo Pontiac Grand,$83.30,0.0,0,https://www.bestbuy.ca/en-ca/product/rear-right-brake-caliper-slc-18b4645-for-chevrolet-impala-buick-lacrosse-monte-carlo-pontiac-grand/18708464
Front Rear Ceramic Disc Brake Pads And Wear Sensors Kit For Mercedes-Benz G63 AMG KNW-100066,$188.94,0.0,0,https://www.bestbuy.ca/en-ca/product/front-rear-ceramic-disc-brake-pads-and-wear-sensors-kit-for-mercedes-benz-g63-amg-knw-100066/18708463
Front Suspension Control Arm Tie Rod End Link Ball Joint Kit (8Pc) For Volkswagen Jetta R KTR-101100,$400.93,0.0,0,https://www.bestbuy.ca/en-ca/product/front-suspension-control-arm-tie-rod-end-link-ball-joint-kit-8pc-for-volkswagen-jetta-r-ktr-101100/18708462
Rear Right ABS Wheel Speed Sensor Wiring Harness SEN-2ABS0953 For Lexus RX350 RX330 Toyota RX400h,$70.38,0.0,0,https://www.bestbuy.ca/en-ca/product/rear-right-abs-wheel-speed-sensor-wiring-harness-sen-2abs0953-for-lexus-rx350-rx330-toyota-rx400h/18708461
Rear Brake Caliper Coat Rotor Ceramic Pad Kit For Kia Optima With Electric Parking KCG-101184N,$283.46,0.0,0,https://www.bestbuy.ca/en-ca/product/rear-brake-caliper-coat-rotor-ceramic-pad-kit-for-kia-optima-with-electric-parking-kcg-101184n/18708460
Front Rear Brake Caliper Coated Rotors Drum Ceramic Pad Kit (8Pc) For Chevrolet GMC 1500 KCG-100429T,$603.64,0.0,0,https://www.bestbuy.ca/en-ca/product/front-rear-brake-caliper-coated-rotors-drum-ceramic-pad-kit-8pc-for-chevrolet-gmc-1500-kcg-100429t/18708459
Front Rear Semi-Metallic Brake Pads And Parking Shoes Kit For 2010-2013 Kia Forte Koup KFN-100697,$100.28,0.0,0,https://www.bestbuy.ca/en-ca/product/front-rear-semi-metallic-brake-pads-and-parking-shoes-kit-for-2010-2013-kia-forte-koup-kfn-100697/18708456
Rear Shock Assembly And TOR Link Kit For 2017 Jeep Compass AWD Excludes Offroad Package KSS-105233,$261.20,0.0,0,https://www.bestbuy.ca/en-ca/product/rear-shock-assembly-and-tor-link-kit-for-2017-jeep-compass-awd-excludes-offroad-package-kss-105233/18708455
Rear ABS Wheel Speed Sensor SEN-2ABS2862 For Ford Explorer Flex Taurus Police Interceptor Utility,$41.52,0.0,0,https://www.bestbuy.ca/en-ca/product/rear-abs-wheel-speed-sensor-sen-2abs2862-for-ford-explorer-flex-taurus-police-interceptor-utility/18708454
Engine Camshaft Position Sensor SEN-2CAM0336 For Subaru Outback Legacy Tribeca 3.6L,$154.59,0.0,0,https://www.bestbuy.ca/en-ca/product/engine-camshaft-position-sensor-sen-2cam0336-for-subaru-outback-legacy-tribeca-3-6l/18708452
Front Rear Semi-Metallic Brake Pads And Drum Shoes Kit For Hyundai Elantra KSN-100847,$75.07,0.0,0,https://www.bestbuy.ca/en-ca/product/front-rear-semi-metallic-brake-pads-and-drum-shoes-kit-for-hyundai-elantra-ksn-100847/18708451
Front Rear Ceramic Disc Brake Pads Kit For 2006-2009 Hyundai Azera KNN-100664,$145.89,0.0,0,https://www.bestbuy.ca/en-ca/product/front-rear-ceramic-disc-brake-pads-kit-for-2006-2009-hyundai-azera-knn-100664/18708450
Front Rear Semi-Metallic Disc Brake Pads And Wear Sensors Kit For 2012 BMW X1 xDrive28i KPW-100187,$102.70,0.0,0,https://www.bestbuy.ca/en-ca/product/front-rear-semi-metallic-disc-brake-pads-and-wear-sensors-kit-for-2012-bmw-x1-xdrive28i-kpw-100187/18708449
Front Outer & Inner Steering Tie Rod End Kit For 2014-2019 Acura MDX KTR-105070,$104.80,0.0,0,https://www.bestbuy.ca/en-ca/product/front-outer-inner-steering-tie-rod-end-kit-for-2014-2019-acura-mdx-ktr-105070/18708448
Front ABS Wheel Speed Sensor SEN-2ABS0680 For Ford Ranger Mazda B4000 B3000 Explorer Sport Trac,$63.34,0.0,0,https://www.bestbuy.ca/en-ca/product/front-abs-wheel-speed-sensor-sen-2abs0680-for-ford-ranger-mazda-b4000-b3000-explorer-sport-trac/18708447
Front Rear Brake Caliper Coat Rotor And Semi-Metallic Pad Kit (10Pc) For Hyundai Elantra KCG-100987S,$534.12,0.0,0,https://www.bestbuy.ca/en-ca/product/front-rear-brake-caliper-coat-rotor-and-semi-metallic-pad-kit-10pc-for-hyundai-elantra-kcg-100987s/18708446
Front Outer & Inner Steering Tie Rod End Kit For Nissan Altima KTR-105034,$102.93,0.0,0,https://www.bestbuy.ca/en-ca/product/front-outer-inner-steering-tie-rod-end-kit-for-nissan-altima-ktr-105034/18708444
Front Left Strut And TOR Link Kit Mount For Mitsubishi Lancer KSS-106876,$134.93,0.0,0,https://www.bestbuy.ca/en-ca/product/front-left-strut-and-tor-link-kit-mount-for-mitsubishi-lancer-kss-106876/18708443
Front Right ABS Wheel Speed Sensor SEN-2ABS0885 For Honda Accord Crosstour with Harness,$52.54,0.0,0,https://www.bestbuy.ca/en-ca/product/front-right-abs-wheel-speed-sensor-sen-2abs0885-for-honda-accord-crosstour-with-harness/18708442
Rear Left ABS Wheel Speed Sensor SEN-2ABS0884 For Nissan Murano,$110.53,0.0,0,https://www.bestbuy.ca/en-ca/product/rear-left-abs-wheel-speed-sensor-sen-2abs0884-for-nissan-murano/18708441
Rear Right ABS Wheel Speed Sensor Wiring Harness SEN-2ABS0666 For Kia Rio Rio5,$65.17,0.0,0,https://www.bestbuy.ca/en-ca/product/rear-right-abs-wheel-speed-sensor-wiring-harness-sen-2abs0666-for-kia-rio-rio5/18708440
Front Rear Ceramic Disc Brake Pads & Wear Sensor Kit For 2007 Mercedes-Benz ML63 AMG 6.3L KNW-101402,$161.23,0.0,0,https://www.bestbuy.ca/en-ca/product/front-rear-ceramic-disc-brake-pads-wear-sensor-kit-for-2007-mercedes-benz-ml63-amg-6-3l-knw-101402/18708439
Rear Disc Rotor Brake Pad Bearing Suspension Kit (11Pc) For 2007-2009 Hyundai Santa Fe FWD KM-100340,$771.18,0.0,0,https://www.bestbuy.ca/en-ca/product/rear-disc-rotor-brake-pad-bearing-suspension-kit-11pc-for-2007-2009-hyundai-santa-fe-fwd-km-100340/18708438
Front Disc Brake Caliper Coated Rotors And Ceramic Pads Kit For Honda Civic KCG-100406N,$281.91,0.0,0,https://www.bestbuy.ca/en-ca/product/front-disc-brake-caliper-coated-rotors-and-ceramic-pads-kit-for-honda-civic-kcg-100406n/18708437
Engine Oil Filter (12 Pack) For Chevrolet Impala Pontiac Malibu Buick GMC Colorado Canyon KLO-100150,$44.45,0.0,0,https://www.bestbuy.ca/en-ca/product/engine-oil-filter-12-pack-for-chevrolet-impala-pontiac-malibu-buick-gmc-colorado-canyon-klo-100150/18708436
Rear Left ABS Wheel Speed Sensor SEN-2ABS1108 For Subaru Forester,$222.87,0.0,0,https://www.bestbuy.ca/en-ca/product/rear-left-abs-wheel-speed-sensor-sen-2abs1108-for-subaru-forester/18708435
Front Rear Semi-Metallic Brake Pads And Parking Shoe Kit For Hyundai Santa Fe Kia Sorento KFN-100852,$115.19,0.0,0,https://www.bestbuy.ca/en-ca/product/front-rear-semi-metallic-brake-pads-and-parking-shoe-kit-for-hyundai-santa-fe-kia-sorento-kfn-100852/18708433
Rear Right ABS Wheel Speed Sensor SEN-2ABS0719 For Mitsubishi Lancer Outlander,$123.07,0.0,0,https://www.bestbuy.ca/en-ca/product/rear-right-abs-wheel-speed-sensor-sen-2abs0719-for-mitsubishi-lancer-outlander/18708432
Front Rear Ceramic Disc Brake Pads Kit For Cadillac CTS Without Heavy Duty Brakes KNN-101486,$157.88,0.0,0,https://www.bestbuy.ca/en-ca/product/front-rear-ceramic-disc-brake-pads-kit-for-cadillac-cts-without-heavy-duty-brakes-knn-101486/18708431
Front Left Strut And TOR Link Kit For 2009-2018 Dodge Journey KSS-105843,$100.85,0.0,0,https://www.bestbuy.ca/en-ca/product/front-left-strut-and-tor-link-kit-for-2009-2018-dodge-journey-kss-105843/18708430
Front Suspension Shock Absorber And TOR Link Kit For Ford F-150 Expedition Heritage F-250 KSS-100020,$80.61,0.0,0,https://www.bestbuy.ca/en-ca/product/front-suspension-shock-absorber-and-tor-link-kit-for-ford-f-150-expedition-heritage-f-250-kss-100020/18708429
Front Rear Semi-Metallic Brake Pads And Parking Shoes Kit For 2008-2013 Toyota Highlander KSN-100892,$104.67,0.0,0,https://www.bestbuy.ca/en-ca/product/front-rear-semi-metallic-brake-pads-and-parking-shoes-kit-for-2008-2013-toyota-highlander-ksn-100892/18708428
Front Rear Semi-Metallic Disc Brake Pads Kit For Ram 1500 Classic Dodge Chrysler Aspen KNN-101278,$176.81,0.0,0,https://www.bestbuy.ca/en-ca/product/front-rear-semi-metallic-disc-brake-pads-kit-for-ram-1500-classic-dodge-chrysler-aspen-knn-101278/18708427
Front Brake Caliper Coat Rotors & Semi-Metallic Pad Kit For Chevrolet Cruze Buick Verano KCG-100713P,$351.73,0.0,0,https://www.bestbuy.ca/en-ca/product/front-brake-caliper-coat-rotors-semi-metallic-pad-kit-for-chevrolet-cruze-buick-verano-kcg-100713p/18708426
Rear Ceramic Disc Brake Pads And Wear Sensors Kit For 2003-2006 Audi TT 1.8L KTW-101181,$55.48,0.0,0,https://www.bestbuy.ca/en-ca/product/rear-ceramic-disc-brake-pads-and-wear-sensors-kit-for-2003-2006-audi-tt-1-8l-ktw-101181/18708425
Front Left Lower Suspension Control Arm Ball Joint Assembly TOR-CK621361 For 04-08 Chrysler Pacifica,$152.98,0.0,0,https://www.bestbuy.ca/en-ca/product/front-left-lower-suspension-control-arm-ball-joint-assembly-tor-ck621361-for-04-08-chrysler-pacifica/18708424
Rear ABS Wheel Speed Sensor SEN-2ABS2878 For Mazda CX-5 AWD with 2.5L 2.0L 4-Wheel Harness,$92.49,0.0,0,https://www.bestbuy.ca/en-ca/product/rear-abs-wheel-speed-sensor-sen-2abs2878-for-mazda-cx-5-awd-with-2-5l-2-0l-4-wheel-harness/18708423
Front Rear Ceramic Disc Brake Pads Kit For Jeep Grand Cherokee Dodge Durango KNN-100749,$172.98,0.0,0,https://www.bestbuy.ca/en-ca/product/front-rear-ceramic-disc-brake-pads-kit-for-jeep-grand-cherokee-dodge-durango-knn-100749/18708422
Front Strut & 72 Link Kit For Volkswagen Jetta Tiguan GTI Audi Passat Golf A3 Quattro KSS-106457,$180.16,0.0,0,https://www.bestbuy.ca/en-ca/product/front-strut-72-link-kit-for-volkswagen-jetta-tiguan-gti-audi-passat-golf-a3-quattro-kss-106457/18708421
Front Right Lower Forward Suspension Control Arm TOR-CK620112 For 2004-2010 BMW X3,$96.81,0.0,0,https://www.bestbuy.ca/en-ca/product/front-right-lower-forward-suspension-control-arm-tor-ck620112-for-2004-2010-bmw-x3/18708420
Front Rear Ceramic Brake Pad & Extra Wear Sensor Kit For 10-18 Freightliner Sprinter 2500 KNW-101158,$191.38,0.0,0,https://www.bestbuy.ca/en-ca/product/front-rear-ceramic-brake-pad-extra-wear-sensor-kit-for-10-18-freightliner-sprinter-2500-knw-101158/18708418
Front Disc Brake Caliper Coat Rotors & Ceramic Pad Kit For 2008 Nissan Versa 4-Wheel ABS KCG-100728C,$292.27,0.0,0,https://www.bestbuy.ca/en-ca/product/front-disc-brake-caliper-coat-rotors-ceramic-pad-kit-for-2008-nissan-versa-4-wheel-abs-kcg-100728c/18708417
Engine Camshaft Position Sensor SEN-2CAM0586 For Honda Civic CR-V Accord Acura RDX TLX Clarity,$143.42,0.0,0,https://www.bestbuy.ca/en-ca/product/engine-camshaft-position-sensor-sen-2cam0586-for-honda-civic-cr-v-accord-acura-rdx-tlx-clarity/18708416
Front Disc Brake Coated Caliper Drilled Slotted Rotor & Ceramic Pad Kit For Nissan Rogue KCD-100220N,$471.68,0.0,0,https://www.bestbuy.ca/en-ca/product/front-disc-brake-coated-caliper-drilled-slotted-rotor-ceramic-pad-kit-for-nissan-rogue-kcd-100220n/18708415
Front Rear Semi-Metallic Brake Pads And Parking Shoes Kit For Nissan Rogue KSN-100957,$101.57,0.0,0,https://www.bestbuy.ca/en-ca/product/front-rear-semi-metallic-brake-pads-and-parking-shoes-kit-for-nissan-rogue-ksn-100957/18708414
Front Rear Ceramic Disc Brake Pads Kit For 2020-2021 Kia Sedona With Manual Parking KNN-101428,$189.98,0.0,0,https://www.bestbuy.ca/en-ca/product/front-rear-ceramic-disc-brake-pads-kit-for-2020-2021-kia-sedona-with-manual-parking-knn-101428/18708412
Front Strut And 72 Link Kit For Ford F-150 KSS-106443,$168.25,0.0,0,https://www.bestbuy.ca/en-ca/product/front-strut-and-72-link-kit-for-ford-f-150-kss-106443/18708411
Front Complete Shock Assembly And TOR Link Kit For Hyundai Accent Kia Rio Rio5 KSS-100567,$362.81,0.0,0,https://www.bestbuy.ca/en-ca/product/front-complete-shock-assembly-and-tor-link-kit-for-hyundai-accent-kia-rio-rio5-kss-100567/18708410
Front Rear Complete Strut & TOR Bar Link Kit (8Pc) For Toyota Camry Solara Lexus ES330 KSS-107849,$613.46,0.0,0,https://www.bestbuy.ca/en-ca/product/front-rear-complete-strut-tor-bar-link-kit-8pc-for-toyota-camry-solara-lexus-es330-kss-107849/18708409
Front Rear Brake Caliper Coat Rotor & Ceramic Pad Kit (10Pc) For Subaru Forester Impreza KCG-102610N,$627.49,0.0,0,https://www.bestbuy.ca/en-ca/product/front-rear-brake-caliper-coat-rotor-ceramic-pad-kit-10pc-for-subaru-forester-impreza-kcg-102610n/18708408
Rear Left ABS Wheel Speed Sensor SEN-2ABS2832 For Ram 2500 3500,$98.75,0.0,0,https://www.bestbuy.ca/en-ca/product/rear-left-abs-wheel-speed-sensor-sen-2abs2832-for-ram-2500-3500/18708406
Front Left Strut And 72 Link Kit For Honda Accord Acura TSX KSS-106343,$56.16,0.0,0,https://www.bestbuy.ca/en-ca/product/front-left-strut-and-72-link-kit-for-honda-accord-acura-tsx-kss-106343/18708405
Front Rear Disc Brake Coated Caliper Drill Slotted Rotors Ameribrakes Pad Kit (10Pc) For KCD-100569N,$780.18,0.0,0,https://www.bestbuy.ca/en-ca/product/front-rear-disc-brake-coated-caliper-drill-slotted-rotors-ameribrakes-pad-kit-10pc-for-kcd-100569n/18708404
Front Rear Ceramic Brake Pads & Parking Shoes Kit For BMW 320i xDrive 230i 228i 328i 428i KTN-100556,$122.85,0.0,0,https://www.bestbuy.ca/en-ca/product/front-rear-ceramic-brake-pads-parking-shoes-kit-for-bmw-320i-xdrive-230i-228i-328i-428i-ktn-100556/18708402
Front Right Lower Suspension Control Arm Ball Joint Assembly TOR-CK622361 For Hyundai Sonata,$92.87,0.0,0,https://www.bestbuy.ca/en-ca/product/front-right-lower-suspension-control-arm-ball-joint-assembly-tor-ck622361-for-hyundai-sonata/18708401
Rear Ceramic Disc Brake Pads And Wear Sensors Kit For 2004-2010 BMW X3 KCW-100886,$60.00,0.0,0,https://www.bestbuy.ca/en-ca/product/rear-ceramic-disc-brake-pads-and-wear-sensors-kit-for-2004-2010-bmw-x3-kcw-100886/18708400
Front Rear Brake Pads Wear Sensor (4 Pack) For Porsche 911 KSE-100150,$61.72,0.0,0,https://www.bestbuy.ca/en-ca/product/front-rear-brake-pads-wear-sensor-4-pack-for-porsche-911-kse-100150/18708399
Engine Crankshaft Position Sensor SEN-2CRK0050 For Hyundai Accent Kia Rio Rio5,$71.41,0.0,0,https://www.bestbuy.ca/en-ca/product/engine-crankshaft-position-sensor-sen-2crk0050-for-hyundai-accent-kia-rio-rio5/18708398
Front Ceramic Disc Brake Pads And Wear Sensor Pairs Kit For Mini Cooper KCW-100614,$65.94,0.0,0,https://www.bestbuy.ca/en-ca/product/front-ceramic-disc-brake-pads-and-wear-sensor-pairs-kit-for-mini-cooper-kcw-100614/18708396
Front Rear Brake Caliper Rotor And Ceramic Pad Kit (10Pc) For 2007-2009 Hyundai Santa Fe KC8-102339N,$666.58,0.0,0,https://www.bestbuy.ca/en-ca/product/front-rear-brake-caliper-rotor-and-ceramic-pad-kit-10pc-for-2007-2009-hyundai-santa-fe-kc8-102339n/18708394
Front Ceramic Brake Pad & Wear Sensor Kit For Mini Cooper With 294mm Diameter Rotor KNW-100561,$82.56,0.0,0,https://www.bestbuy.ca/en-ca/product/front-ceramic-brake-pad-wear-sensor-kit-for-mini-cooper-with-294mm-diameter-rotor-knw-100561/18708392
Front Rear Semi-Metallic Disc Brake Pads Kit For Cadillac DTS DeVille With 8 Lug Wheels KNN-101330,$200.26,0.0,0,https://www.bestbuy.ca/en-ca/product/front-rear-semi-metallic-disc-brake-pads-kit-for-cadillac-dts-deville-with-8-lug-wheels-knn-101330/18708391
Front Rear Disc Brake Caliper Rotors And Ceramic Pads Kit (10Pc) For Subaru Legacy KC8-101994N,$626.31,0.0,0,https://www.bestbuy.ca/en-ca/product/front-rear-disc-brake-caliper-rotors-and-ceramic-pads-kit-10pc-for-subaru-legacy-kc8-101994n/18708390
Front Rear Ceramic Disc Brake Pads Kit For Kia Sedona Hyundai Entourage KNN-100818,$156.58,0.0,0,https://www.bestbuy.ca/en-ca/product/front-rear-ceramic-disc-brake-pads-kit-for-kia-sedona-hyundai-entourage-knn-100818/18708389
Front Rear Brake Caliper Coat Rotors Ceramic Pad Kit (10Pc) For BMW 328i Coupe with 3.0L KCG-100997T,$710.92,0.0,0,https://www.bestbuy.ca/en-ca/product/front-rear-brake-caliper-coat-rotors-ceramic-pad-kit-10pc-for-bmw-328i-coupe-with-3-0l-kcg-100997t/18708388
Front Suspension Control Arm Ball Joint Kit For Chevrolet Impala Buick Pontiac Grand Prix KTR-101492,$162.58,0.0,0,https://www.bestbuy.ca/en-ca/product/front-suspension-control-arm-ball-joint-kit-for-chevrolet-impala-buick-pontiac-grand-prix-ktr-101492/18708387
Front Rear Ceramic Disc Brake Pads Kit For 2013-2019 Nissan Sentra KNN-101079,$135.77,0.0,0,https://www.bestbuy.ca/en-ca/product/front-rear-ceramic-disc-brake-pads-kit-for-2013-2019-nissan-sentra-knn-101079/18708385
Front Rear Brake Caliper Rotors Ceramic Pad Kit (10Pc) For Jeep Patriot Compass Chrysler KC8-102004N,$546.46,0.0,0,https://www.bestbuy.ca/en-ca/product/front-rear-brake-caliper-rotors-ceramic-pad-kit-10pc-for-jeep-patriot-compass-chrysler-kc8-102004n/18708384
Rear Semi-Metallic Disc Brake Pads And Wear Sensors Kit For Mini Cooper 1.6L KPW-101115,$67.60,0.0,0,https://www.bestbuy.ca/en-ca/product/rear-semi-metallic-disc-brake-pads-and-wear-sensors-kit-for-mini-cooper-1-6l-kpw-101115/18708383
Front Left Lower Suspension Control Arm Ball Joint Assembly TOR-CK621545 For 06-14 Honda Ridgeline,$126.01,0.0,0,https://www.bestbuy.ca/en-ca/product/front-left-lower-suspension-control-arm-ball-joint-assembly-tor-ck621545-for-06-14-honda-ridgeline/18708382
Front Rear Ceramic Brake Pads Extra Wear Sensor Kit For 13 BMW X1 xDrive35i with AWD 3.0L KTW-100512,$162.72,0.0,0,https://www.bestbuy.ca/en-ca/product/front-rear-ceramic-brake-pads-extra-wear-sensor-kit-for-13-bmw-x1-xdrive35i-with-awd-3-0l-ktw-100512/18708319
Front Brake Caliper Coat Rotor And Semi-Metallic Pad Kit For Ford F-350 Super Duty F-250 KCG-100717S,$477.68,0.0,0,https://www.bestbuy.ca/en-ca/product/front-brake-caliper-coat-rotor-and-semi-metallic-pad-kit-for-ford-f-350-super-duty-f-250-kcg-100717s/18708317
Rear Shock And TOR Link Kit For Chevrolet Colorado GMC Canyon Isuzu i-280 i-290 KSS-107490,$131.53,0.0,0,https://www.bestbuy.ca/en-ca/product/rear-shock-and-tor-link-kit-for-chevrolet-colorado-gmc-canyon-isuzu-i-280-i-290-kss-107490/18708316
Front Rear Brake Caliper Coat Rotor Ceramic Pad Kit (10Pc) For Chevrolet Equinox Pontiac KCG-101697N,$681.69,0.0,0,https://www.bestbuy.ca/en-ca/product/front-rear-brake-caliper-coat-rotor-ceramic-pad-kit-10pc-for-chevrolet-equinox-pontiac-kcg-101697n/18708315
Rear Brake Caliper Drill Slot Rotors Ceramic Pad Kit For Chevrolet Silverado 1500 LD GMC KCD-100495T,$428.59,0.0,0,https://www.bestbuy.ca/en-ca/product/rear-brake-caliper-drill-slot-rotors-ceramic-pad-kit-for-chevrolet-silverado-1500-ld-gmc-kcd-100495t/18708314
Front Rear Ceramic Brake Pads And Parking Shoes Kit For 2001-2002 Dodge Ram 2500 3500 KTN-100795,$129.57,0.0,0,https://www.bestbuy.ca/en-ca/product/front-rear-ceramic-brake-pads-and-parking-shoes-kit-for-2001-2002-dodge-ram-2500-3500-ktn-100795/18708313
Rear Brake Caliper Coat Rotor Ceramic Pad Kit For Nissan Murano Pathfinder INFINITI JX35 KCG-101037N,$288.10,0.0,0,https://www.bestbuy.ca/en-ca/product/rear-brake-caliper-coat-rotor-ceramic-pad-kit-for-nissan-murano-pathfinder-infiniti-jx35-kcg-101037n/18708312
Front Rear Ceramic Brake Pads Parking Shoe Kit For Chevrolet Avalanche GMC Cadillac Tahoe KTN-100829,$147.85,0.0,0,https://www.bestbuy.ca/en-ca/product/front-rear-ceramic-brake-pads-parking-shoe-kit-for-chevrolet-avalanche-gmc-cadillac-tahoe-ktn-100829/18708311
Front Rear Semi-Metallic Brake Pads Drum Shoe Kit For Chevrolet S10 GMC Camaro Sonoma S15 KSN-100047,$58.87,0.0,0,https://www.bestbuy.ca/en-ca/product/front-rear-semi-metallic-brake-pads-drum-shoe-kit-for-chevrolet-s10-gmc-camaro-sonoma-s15-ksn-100047/18708310
Front Rear Brake Coated Caliper Drilled Slot Rotor Ceramic Pad Kit (10Pc) For Kia Optima KCD-100727N,$807.46,0.0,0,https://www.bestbuy.ca/en-ca/product/front-rear-brake-coated-caliper-drilled-slot-rotor-ceramic-pad-kit-10pc-for-kia-optima-kcd-100727n/18708309
Speed Sensor SEN-2VSS0048 For Chevrolet Buick Impala Pontiac Camaro LaCrosse Cadillac CTS Montana G6,$42.77,0.0,0,https://www.bestbuy.ca/en-ca/product/speed-sensor-sen-2vss0048-for-chevrolet-buick-impala-pontiac-camaro-lacrosse-cadillac-cts-montana-g6/18708308
Front Right Strut TQ Link Kit And Mount For Honda CR-V Acura RDX KSS-107125,$142.57,0.0,0,https://www.bestbuy.ca/en-ca/product/front-right-strut-tq-link-kit-and-mount-for-honda-cr-v-acura-rdx-kss-107125/18708307
Front Rear Ceramic Disc Brake Pads & Wear Sensor Kit (5Pc) For Freightliner Sprinter 3500 KNW-101381,$223.29,0.0,0,https://www.bestbuy.ca/en-ca/product/front-rear-ceramic-disc-brake-pads-wear-sensor-kit-5pc-for-freightliner-sprinter-3500-knw-101381/18708306
Front Rear Ceramic Disc Brake Pads Kit For Nissan Juke KNN-101069,$146.96,0.0,0,https://www.bestbuy.ca/en-ca/product/front-rear-ceramic-disc-brake-pads-kit-for-nissan-juke-knn-101069/18708304
Front Brake Caliper Coat Rotors Ceramic Pad Kit For Dodge Grand Caravan Drum rear brakes KCG-100511C,$321.99,0.0,0,https://www.bestbuy.ca/en-ca/product/front-brake-caliper-coat-rotors-ceramic-pad-kit-for-dodge-grand-caravan-drum-rear-brakes-kcg-100511c/18708302
Front Brake Pads Wear Sensor SEN-2BWS0444 For BMW X3 X4 iX3,$23.23,0.0,0,https://www.bestbuy.ca/en-ca/product/front-brake-pads-wear-sensor-sen-2bws0444-for-bmw-x3-x4-ix3/18708301
Front Ceramic Brake Pad & Extra Wear Sensor Kit For Volkswagen Tiguan Jetta Audi Q3 GTI R KCW-100598,$68.02,0.0,0,https://www.bestbuy.ca/en-ca/product/front-ceramic-brake-pad-extra-wear-sensor-kit-for-volkswagen-tiguan-jetta-audi-q3-gti-r-kcw-100598/18708300
Rear Ceramic Brake Pad & Wear Sensor Kit For Chevrolet Silverado 1500 2.7L/5.3L/6.2L/4.3L KNW-101011,$113.08,0.0,0,https://www.bestbuy.ca/en-ca/product/rear-ceramic-brake-pad-wear-sensor-kit-for-chevrolet-silverado-1500-2-7l-5-3l-6-2l-4-3l-knw-101011/18708299
Front Semi-Metallic Brake Pad Wear Sensor Kit For Audi A4 Quattro A5 Sportback allroad A6 KPW-100902,$98.10,0.0,0,https://www.bestbuy.ca/en-ca/product/front-semi-metallic-brake-pad-wear-sensor-kit-for-audi-a4-quattro-a5-sportback-allroad-a6-kpw-100902/18708298
Front Rear Semi-Metallic Brake Pads And Parking Shoes Kit For Mercedes-Benz GLK350 GLK250 KFN-100945,$107.90,0.0,0,https://www.bestbuy.ca/en-ca/product/front-rear-semi-metallic-brake-pads-and-parking-shoes-kit-for-mercedes-benz-glk350-glk250-kfn-100945/18708297
Front Left ABS Wheel Speed Sensor SEN-2ABS0709 For Mitsubishi Lancer Outlander RVR Sport,$115.60,0.0,0,https://www.bestbuy.ca/en-ca/product/front-left-abs-wheel-speed-sensor-sen-2abs0709-for-mitsubishi-lancer-outlander-rvr-sport/18708296
Front Rear Disc Brake Caliper Coated Rotor And Ceramic Pad Kit (10Pc) For Toyota RAV4 LE KCG-101604N,$616.43,0.0,0,https://www.bestbuy.ca/en-ca/product/front-rear-disc-brake-caliper-coated-rotor-and-ceramic-pad-kit-10pc-for-toyota-rav4-le-kcg-101604n/18708295
Front Semi-Metallic Disc Brake Pads And Extra Wear Sensor Kit For BMW 335i 323i 328i 335d KPW-100684,$71.61,0.0,0,https://www.bestbuy.ca/en-ca/product/front-semi-metallic-disc-brake-pads-and-extra-wear-sensor-kit-for-bmw-335i-323i-328i-335d-kpw-100684/18708294
Rear Left Disc Brake Caliper SLC-19B2911A For Honda CR-V Acura RDX Accord Crosstour,$81.67,0.0,0,https://www.bestbuy.ca/en-ca/product/rear-left-disc-brake-caliper-slc-19b2911a-for-honda-cr-v-acura-rdx-accord-crosstour/18708293
Engine Camshaft Position Sensor SEN-2CAM0005 For Audi A4 Quattro S4 Volkswagen Touareg A6 Allroad,$76.00,0.0,0,https://www.bestbuy.ca/en-ca/product/engine-camshaft-position-sensor-sen-2cam0005-for-audi-a4-quattro-s4-volkswagen-touareg-a6-allroad/18708290
Engine Oil Filter (8 Pack) For GMC Chevrolet Sierra 2500 HD Silverado 3500 4500 5500 6500 KLO-100313,$65.29,0.0,0,https://www.bestbuy.ca/en-ca/product/engine-oil-filter-8-pack-for-gmc-chevrolet-sierra-2500-hd-silverado-3500-4500-5500-6500-klo-100313/18708288
Front Rear Semi-Metallic Brake Pads And Parking Shoes Kit For Lincoln MKT KFN-100846,$114.39,0.0,0,https://www.bestbuy.ca/en-ca/product/front-rear-semi-metallic-brake-pads-and-parking-shoes-kit-for-lincoln-mkt-kfn-100846/18708287
Front ABS Wheel Speed Sensor SEN-2ABS0679 For Land Rover Range Sport with Harness,$77.61,0.0,0,https://www.bestbuy.ca/en-ca/product/front-abs-wheel-speed-sensor-sen-2abs0679-for-land-rover-range-sport-with-harness/18708285
Front Rear Ceramic Brake Pads & Parking Shoes Kit For Hyundai Tucson Kia Sportage Cadenza KCN-100146,$114.47,0.0,0,https://www.bestbuy.ca/en-ca/product/front-rear-ceramic-brake-pads-parking-shoes-kit-for-hyundai-tucson-kia-sportage-cadenza-kcn-100146/18708284
Front Right Strut And TOR Link Kit Mount For Nissan Sentra KSS-107119,$145.77,0.0,0,https://www.bestbuy.ca/en-ca/product/front-right-strut-and-tor-link-kit-mount-for-nissan-sentra-kss-107119/18708283
Front Rear Ceramic Disc Brake Pads And Wear Sensors Kit For Mini Cooper KCW-101308,$123.02,0.0,0,https://www.bestbuy.ca/en-ca/product/front-rear-ceramic-disc-brake-pads-and-wear-sensors-kit-for-mini-cooper-kcw-101308/18708282
Front Semi-Metallic Brake Pad & Extra Wear Sensor Kit For Audi Q7 Porsche Cayenne Touareg KPW-100631,$75.65,0.0,0,https://www.bestbuy.ca/en-ca/product/front-semi-metallic-brake-pad-extra-wear-sensor-kit-for-audi-q7-porsche-cayenne-touareg-kpw-100631/18708281
Front Suspension Control Arm Assembly And Tie Rod End Kit For 2000-2005 Hyundai Accent KTR-102839,$149.94,0.0,0,https://www.bestbuy.ca/en-ca/product/front-suspension-control-arm-assembly-and-tie-rod-end-kit-for-2000-2005-hyundai-accent-ktr-102839/18708278
Front Coated Disc Brake Rotors And Ceramic Pads Kit For Hyundai Elantra KGT-103246,$147.68,0.0,0,https://www.bestbuy.ca/en-ca/product/front-coated-disc-brake-rotors-and-ceramic-pads-kit-for-hyundai-elantra-kgt-103246/18708277
Rear Left Shock Assembly & TOR Link Kit For Mini Cooper 2007-2008 Convertible Models Only KSS-105444,$131.58,0.0,0,https://www.bestbuy.ca/en-ca/product/rear-left-shock-assembly-tor-link-kit-for-mini-cooper-2007-2008-convertible-models-only-kss-105444/18708276
Engine Oil Filter (11 Pack) For Volkswagen Jetta Golf City Beetle Vanagon Audi BMW Cabrio KLO-100138,$42.17,0.0,0,https://www.bestbuy.ca/en-ca/product/engine-oil-filter-11-pack-for-volkswagen-jetta-golf-city-beetle-vanagon-audi-bmw-cabrio-klo-100138/18708275
Rear Shock And TOR Link Kit For Jeep Liberty Dodge Nitro KSS-107479,$130.06,0.0,0,https://www.bestbuy.ca/en-ca/product/rear-shock-and-tor-link-kit-for-jeep-liberty-dodge-nitro-kss-107479/18708274
Engine Position Sensor SEN-2CAM0307 For Ram Dodge 3500 2500 4500 5500,$52.06,0.0,0,https://www.bestbuy.ca/en-ca/product/engine-position-sensor-sen-2cam0307-for-ram-dodge-3500-2500-4500-5500/18708273
Front Rear Disc Brake Caliper Coat Rotor Semi-Metallic Pad Kit (10Pc) For Chevrolet Trax KCG-100900P,$641.86,0.0,0,https://www.bestbuy.ca/en-ca/product/front-rear-disc-brake-caliper-coat-rotor-semi-metallic-pad-kit-10pc-for-chevrolet-trax-kcg-100900p/18708272
Front Rear Semi-Metallic Disc Brake Pads Kit For 2001-2002 Dodge Ram 2500 3500 KNN-100555,$188.02,0.0,0,https://www.bestbuy.ca/en-ca/product/front-rear-semi-metallic-disc-brake-pads-kit-for-2001-2002-dodge-ram-2500-3500-knn-100555/18708271
Front Suspension Strut Mount Kit For Volkswagen Jetta Passat Golf Beetle Rabbit Eos KSH-100243,$129.24,0.0,0,https://www.bestbuy.ca/en-ca/product/front-suspension-strut-mount-kit-for-volkswagen-jetta-passat-golf-beetle-rabbit-eos-ksh-100243/18708270
Front Rear Ceramic Disc Brake Pads And Wear Sensors Kit For Mini Cooper KNW-101406,$135.06,0.0,0,https://www.bestbuy.ca/en-ca/product/front-rear-ceramic-disc-brake-pads-and-wear-sensors-kit-for-mini-cooper-knw-101406/18708269
Front Rear Suspension Bar Link Kit For Mercedes-Benz C230 C240 C280 CLK350 CLK320 C320 KTR-102214,$87.05,0.0,0,https://www.bestbuy.ca/en-ca/product/front-rear-suspension-bar-link-kit-for-mercedes-benz-c230-c240-c280-clk350-clk320-c320-ktr-102214/18708268
Front Rear Semi-Metallic Brake Pads & Parking Shoe Kit For GMC Savana 3500 Chevrolet 4500 KSN-100607,$124.07,0.0,0,https://www.bestbuy.ca/en-ca/product/front-rear-semi-metallic-brake-pads-parking-shoe-kit-for-gmc-savana-3500-chevrolet-4500-ksn-100607/18708267
Front Rear Semi-Metallic Brake Pads And Drum Shoes Kit For Hyundai Elantra Tiburon KSN-100171,$61.06,0.0,0,https://www.bestbuy.ca/en-ca/product/front-rear-semi-metallic-brake-pads-and-drum-shoes-kit-for-hyundai-elantra-tiburon-ksn-100171/18708266
