Name,Product Link,Price,Rating,Number of Reviews
laptop,Acer Chromebook 315 15.6 inch Laptop Intel Processor N4500 4GB RAM 64GB eMMC Pure Silver,https://www.walmart.com/sp/track?bt=1&eventST=click&plmt=sp-search-middle~desktop~&pos=1&tax=1085632_1071204_5186082_4126170_5681475&rdf=1&rd=https%3A%2F%2Fwww.walmart.com%2Fip%2FAcer-Chromebook-315-15-6-inch-Laptop-Intel-Processor-N4500-4GB-RAM-64GB-eMMC-Pure-Silver%2F3193557250%3FclassType%3DVARIANT%26athbdg%3DL1102%26adsRedirect%3Dtrue&adUid=2eb39831-24fd-47d9-8ebb-acca8e567122&mloc=sp-search-middle&pltfm=desktop&pgId=laptop&pt=search&spQs=KhmMUJ7LZFwOTYtKUcpHBA8hEP3gwCceFo0b2cpQOyFZsq6946ZpvNiNyz4U3SdUThZWz9XmmmrKUEPO10_ARv97C-bKj_NcM0qTFhrbL5SFgoUJ6stmxoYwbaCyT_OAYZ4KtiBPCx4yjAN4mn2ColaGogX-ZZD7p-QTyylw69_lXrZrCTDvYjvjRlczJPLEzaYMyT9EyjIpGo_ZSgWaWhY0FNE2CneeVJIISH22b2rfFA-PE1RJSg3wUgXXZ_EmZOVKVN7iZqSiPWzY2i5thOqeUkuzemiGjAkJEVPvpWU&storeId=3081&couponState=na&bkt=ace1_default%7Cace2_default%7Cace3_default%7Ccoldstart_off%7Csearch_default&classType=VARIANT&athbdg=L1102,$139.00,4.4,3857
laptop,ASUS Chromebook Plus CX34 14 inch Touch Laptop with Google AI Intel Core i3-1215U 8GB RAM 128GB UFS Gray,https://www.walmart.com/sp/track?bt=1&eventST=click&plmt=sp-search-middle~desktop~&pos=2&tax=1085632_1071204_5186082_4126170_5681475&rdf=1&rd=https%3A%2F%2Fwww.walmart.com%2Fip%2FASUS-Chromebook-Plus-CX34-14-inch-Touch-Laptop-with-Google-AI-Intel-Core-i3-1215U-8GB-RAM-128GB-UFS-Gray%2F5098188355%3FclassType%3DREGULAR%26adsRedirect%3Dtrue&adUid=2eb39831-24fd-47d9-8ebb-acca8e567122&mloc=sp-search-middle&pltfm=desktop&pgId=laptop&pt=search&spQs=HU2G_1p-1zcDHRrB49pHGYH-P_qh9iiJU4nteXE1_y1gJa0A2XyT8t3wKZ8luJ_BTAeFFA8hiGymLi7TwdciDMG398MV4UM0mFsMdg5gSZXg2e4WO02Ii9J-wEDrON_S6rxkBuvclEdyvdmax0wrfW0LIA3kTLmAkpPMjMfSvgnRrz9Mxz1Hw7nUq4SyxoFLfonZ6ccMlO0nfiQHy97_ApRwUdSU9qPYECfxDgfwp5gBqVE9gNL48ee4bsVY9WeZkWp_6oFq82PTlPU2rak16G7PsNtvbRQ5MfQ0hp5k7Gs&storeId=3081&couponState=na&bkt=ace1_default%7Cace2_default%7Cace3_default%7Ccoldstart_off%7Csearch_default&classType=REGULAR,$329.00,4.5,71
laptop,HP Chromebook x360 14 inch FHD IPS Touch 2-in-1 Laptop Intel Processor N100 4GB RAM 64GB eMMC Sky Blue,https://www.walmart.com/sp/track?bt=1&eventST=click&plmt=sp-search-middle~desktop~&pos=3&tax=1085632_1071204_5186082_4126170_5681475&rdf=1&rd=https%3A%2F%2Fwww.walmart.com%2Fip%2FHP-Chromebook-X360-14-inch-FHD-IPS-Touch-2-in-1-Laptop-Intel-Processor-N100-4GB-RAM-64GB-eMMC-Sky-Blue%2F5123764557%3FclassType%3DREGULAR%26athbdg%3DL1102%26adsRedirect%3Dtrue&adUid=2eb39831-24fd-47d9-8ebb-acca8e567122&mloc=sp-search-middle&pltfm=desktop&pgId=laptop&pt=search&spQs=9J0Na0lqq3LXzC4SMNSY7CzcW1Ey4xZNTLTEW8CTin6KrEFkQxOlrB6nXmpL3WwDKwhC0PwHUjpNG2TR1E_iUv97C-bKj_NcM0qTFhrbL5QQXFv1Lbsd3MMcG7V7_G4a3Qj_a6g5U4WnCQRPqL1wPLCTwzQ21r4umYfVPIq7otY3Plo8uiLQATrl-NYKsj5Zyns0CyoRJPkJNdPQeNwysjdlExP4MQThgq7cAs-u7-3bvxMmAAh3bi-1De1rHI-A&storeId=3081&couponState=na&bkt=ace1_default%7Cace2_default%7Cace3_default%7Ccoldstart_off%7Csearch_default&classType=REGULAR&athbdg=L1102,$199.00,4.5,539
laptop,Lenovo IdeaPad Slim 3 15.6 inch FHD Touch Windows Laptop AMD Ryzen 7-7730U 16GB RAM 512GB SSD Abyss Blue,https://www.walmart.com/sp/track?bt=1&eventST=click&plmt=sp-search-middle~desktop~&pos=4&tax=1085632_1071204_5186082_4126170_5681475&rdf=1&rd=https%3A%2F%2Fwww.walmart.com%2Fip%2FLenovo-Ideapad-Slim-3-15-6-inch-FHD-IPS-Touch-Laptop-AMD-Ryzen-7-7730U-16GB-RAM-512GB-SSD-Abyss-Blue%2F5098188190%3FclassType%3DREGULAR%26athbdg%3DL1102%26adsRedirect%3Dtrue&adUid=2eb39831-24fd-47d9-8ebb-acca8e567122&mloc=sp-search-middle&pltfm=desktop&pgId=laptop&pt=search&spQs=XkWjrDz8ODLO495J71dgaR8NUYi4zqxwDfuj33WgKWhggWzDgIMdhkkiVDcYbWvXh4SMnhzwDSqJsm4P8ZDwiMG398MV4UM0mFsMdg5gSZVZxTCo8z5SevUm4mJQr8B1zENKgnIxf3_JRCAkaSuZRQEhNOivEskjU_pbBzsHM1MVK3wh0oMD-mHd4nFqavccJDemNBHZGQ16aUYc3PhOmXaqxpJCmlU6WH7lsUGUVnVxZLBu6uFISO-lPV1eUOhYrFStnDFmE4yvL64KqG5JvtjoH7Fkas0-NjJ6XSfDXVk&storeId=3081&couponState=na&bkt=ace1_default%7Cace2_default%7Cace3_default%7Ccoldstart_off%7Csearch_default&classType=REGULAR&athbdg=L1102,$429.00,4.6,137
laptop,Lenovo IdeaPad 1i 15.6 inch Windows Laptop Intel Core i5-1235U 8GB RAM 256GB SSD Abyss Blue,https://www.walmart.com/ip/Lenovo-IdeaPad-1i-15-6-Intel-Core-i5-1235U-8GB-RAM-256-GB-SSD-Abyss-Blue-Windows-11-in-S-Mode-82QD00GNUS/5698519717?classType=REGULAR&athbdg=L1102&from=/search,$299.00,4.4,59
laptop,Lenovo IdeaPad Slim 3 15.6 inch FHD Touch Windows Laptop AMD Ryzen 7-7730U 16GB RAM 512GB SSD Abyss Blue,https://www.walmart.com/ip/Lenovo-Ideapad-Slim-3-15-6-inch-FHD-IPS-Touch-Laptop-AMD-Ryzen-7-7730U-16GB-RAM-512GB-SSD-Abyss-Blue/5098188190?classType=REGULAR&athbdg=L1102&from=/search,$429.00,4.6,137
laptop,HP 15.6 inch Windows Laptop Intel Processor N200 4GB RAM 128GB UFS Scarlet Red (12-mo. Microsoft 365 included),https://www.walmart.com/ip/HP-15-6-inch-Laptop-Intel-Processor-N200-4GB-RAM-128GB-UFS-Scarlet-Red-12-mo-Microsoft-365-included/2706605807?classType=VARIANT&athbdg=L1102&from=/search,$199.00,4.2,4512
laptop,HP 15.6 inch Windows Laptop Intel Core i3-N305 8GB RAM 256GB SSD Natural Silver,https://www.walmart.com/ip/HP-15-6-inch-Laptop-Intel-Core-i3-N305-8GB-RAM-256GB-SSD-Natural-Silver/5098188131?classType=VARIANT&from=/search,$279.90,4.5,969
laptop,HP Chromebook 14 inch Laptop Intel Processor N200 4GB RAM 128GB UFS Glacier Silver,https://www.walmart.com/ip/HP-Chromebook-14-inch-Laptop-Intel-Processor-N200-4GB-RAM-128GB-UFS-Glacier-Silver/5098188136?classType=REGULAR&from=/search,$183.94,4.5,641
laptop,Acer Chromebook 315 15.6 inch Laptop Intel Processor N4500 4GB RAM 64GB eMMC Pure Silver,https://www.walmart.com/sp/track?bt=1&eventST=click&plmt=sp-search-middle~desktop~&pos=1&tax=1085632_1071204_5186082_4126170_5681475&rdf=1&rd=https%3A%2F%2Fwww.walmart.com%2Fip%2FAcer-Chromebook-315-15-6-inch-Laptop-Intel-Processor-N4500-4GB-RAM-64GB-eMMC-Pure-Silver%2F3193557250%3FclassType%3DVARIANT%26athbdg%3DL1102%26adsRedirect%3Dtrue&adUid=414f3bfe-c6ce-4f0c-a433-79b77b1c6a5e&mloc=sp-search-middle&pltfm=desktop&pgId=laptop&pt=search&spQs=KhmMUJ7LZFwOTYtKUcpHBA8hEP3gwCceFo0b2cpQOyFZsq6946ZpvNiNyz4U3SdUySjoXGrLre4gnfS4cz4PkCrWWW6_ZoVNULgpv0LbAYDSmx65OOizKAI_yuQWYkvq1grGHdNx-9S083_kIsuHomvos_axd0MjwUE74gN95W5jiGfwy2h5T7ULBWNJUAT07KGUds3yGS69iWqUxnACQyilxRPgG2f8Hs92mIEV4EdnCcq2CLbcqedix_C2YFKGb6fOI22j5pRBlbcoqeNDeP9CW0sfUJZnqA0mzTgxc4I&storeId=3081&couponState=na&bkt=ace1_default%7Cace2_default%7Cace3_default%7Ccoldstart_on%7Csearch_default&classType=VARIANT&athbdg=L1102,$139.00,4.4,3857
laptop,ASUS Chromebook Plus CX34 14 inch Touch Laptop with Google AI Intel Core i3-1215U 8GB RAM 128GB UFS Gray,https://www.walmart.com/sp/track?bt=1&eventST=click&plmt=sp-search-middle~desktop~&pos=2&tax=1085632_1071204_5186082_4126170_5681475&rdf=1&rd=https%3A%2F%2Fwww.walmart.com%2Fip%2FASUS-Chromebook-Plus-CX34-14-inch-Touch-Laptop-with-Google-AI-Intel-Core-i3-1215U-8GB-RAM-128GB-UFS-Gray%2F5098188355%3FclassType%3DREGULAR%26adsRedirect%3Dtrue&adUid=414f3bfe-c6ce-4f0c-a433-79b77b1c6a5e&mloc=sp-search-middle&pltfm=desktop&pgId=laptop&pt=search&spQs=HU2G_1p-1zcDHRrB49pHGYH-P_qh9iiJU4nteXE1_y1gJa0A2XyT8t3wKZ8luJ_BIuB--grZihCDTDENnAqu8iqOFmEer5BiGvL5XaE19asbAA4w_hiDLhwi8FU2GycVPjYaYesfA7QMG9SpWpVT5tatfc31VziazThGHSS7f_0IxEubB68onHyabmE0OnAgii_Q6N2maG-DC9bVm5sL6Am4ujES3nBcldtxJkDTKRF6OnwqYSrVQCZBFN8Q7XIrVou3_w1O7zcNkYR_bljlY5J3mITg_xivqsJYeFpsNJI&storeId=3081&couponState=na&bkt=ace1_default%7Cace2_default%7Cace3_default%7Ccoldstart_on%7Csearch_default&classType=REGULAR,$329.00,4.5,71
laptop,HP Chromebook x360 14 inch FHD IPS Touch 2-in-1 Laptop Intel Processor N100 4GB RAM 64GB eMMC Sky Blue,https://www.walmart.com/sp/track?bt=1&eventST=click&plmt=sp-search-middle~desktop~&pos=3&tax=1085632_1071204_5186082_4126170_5681475&rdf=1&rd=https%3A%2F%2Fwww.walmart.com%2Fip%2FHP-Chromebook-X360-14-inch-FHD-IPS-Touch-2-in-1-Laptop-Intel-Processor-N100-4GB-RAM-64GB-eMMC-Sky-Blue%2F5123764557%3FclassType%3DREGULAR%26athbdg%3DL1102%26adsRedirect%3Dtrue&adUid=414f3bfe-c6ce-4f0c-a433-79b77b1c6a5e&mloc=sp-search-middle&pltfm=desktop&pgId=laptop&pt=search&spQs=9J0Na0lqq3LXzC4SMNSY7CzcW1Ey4xZNTLTEW8CTin6KrEFkQxOlrB6nXmpL3WwDKwhC0PwHUjpNG2TR1E_iUiqOFmEer5BiGvL5XaE19asNgSGQh6-v_MJyBaOCn4ON3Qj_a6g5U4WnCQRPqL1wPCemafpbRlqNHg0Jx_ZLpr643zKiT2V-D-Gx6fkO6zjpyns0CyoRJPkJNdPQeNwysjdlExP4MQThgq7cAs-u7-3bvxMmAAh3bi-1De1rHI-A&storeId=3081&couponState=na&bkt=ace1_default%7Cace2_default%7Cace3_default%7Ccoldstart_on%7Csearch_default&classType=REGULAR&athbdg=L1102,$199.00,4.5,539
laptop,Lenovo IdeaPad Slim 3 15.6 inch FHD Touch Windows Laptop AMD Ryzen 7-7730U 16GB RAM 512GB SSD Abyss Blue,https://www.walmart.com/sp/track?bt=1&eventST=click&plmt=sp-search-middle~desktop~&pos=4&tax=1085632_1071204_5186082_4126170_5681475&rdf=1&rd=https%3A%2F%2Fwww.walmart.com%2Fip%2FLenovo-Ideapad-Slim-3-15-6-inch-FHD-IPS-Touch-Laptop-AMD-Ryzen-7-7730U-16GB-RAM-512GB-SSD-Abyss-Blue%2F5098188190%3FclassType%3DREGULAR%26athbdg%3DL1102%26adsRedirect%3Dtrue&adUid=414f3bfe-c6ce-4f0c-a433-79b77b1c6a5e&mloc=sp-search-middle&pltfm=desktop&pgId=laptop&pt=search&spQs=XkWjrDz8ODLO495J71dgaR8NUYi4zqxwDfuj33WgKWhggWzDgIMdhkkiVDcYbWvXh4SMnhzwDSqJsm4P8ZDwiCrWWW6_ZoVNULgpv0LbAYB1UI8ueM_1KM9zt0FqeNZOzENKgnIxf3_JRCAkaSuZRaeXVSLcNwcz81R6YllDlLtqW56K-O8A7XGcixAl9ZeVDTbdwd81pTPK68HxnvwxjBPvuRp2wemmOfD_auk3Y1KXlpXC5SMKiFDMmgD104a2OYiE3NKa97Br6PAAE_hswsNTl62ubbhc8wQo7uHqEp0&storeId=3081&couponState=na&bkt=ace1_default%7Cace2_default%7Cace3_default%7Ccoldstart_on%7Csearch_default&classType=REGULAR&athbdg=L1102,$429.00,4.6,137
laptop,"Auusda 15.6"" Laptop Intel Alder N95, 16GB RAM, 512GB SSD, Windows 11 Pro Work Computer, Fingerprint Reader, Backlit Keyboard, Silver",https://www.walmart.com/ip/Auusda-15-6-Laptop-Intel-Alder-N95-16GB-RAM-512GB-SSD-Windows-11-Pro-Work-Computer-Fingerprint-Reader-Backlit-Keyboard-Silver/1846202250?classType=VARIANT&athbdg=L1600&from=/search,$289.99,3.8,896
laptop,"ASUS TUF Gaming A16 Gaming/Entertainment Laptop (AMD Ryzen 7 7735HS 8-Core, 64GB DDR5 4800MHz RAM, 2TB PCIe SSD, Radeon RX 7700S, 16.0in 165 Hz Wide UXGA (1920x1200), Wifi, Win 11 Home)",https://www.walmart.com/ip/ASUS-TUF-Gaming-A16-Gaming-Entertainment-Laptop-AMD-Ryzen-7-7735HS-8-Core-64GB-DDR5-4800MHz-RAM-2TB-PCIe-SSD-Radeon-RX-7700S-16-0in-165-Hz-Wide-UXGA/6471613525?classType=REGULAR&from=/search,"$1,979.99",N/A,N/A
laptop,HP Victus 15.6 inch FHD IPS 144Hz Gaming Laptop AMD Ryzen 5-8645HS NVIDIA GeForce RTX 4050 8GB DDR5 512GB SSD Mica Silver (2024),https://www.walmart.com/ip/HP-Victus-15-6-inch-FHD-144Hz-Gaming-Laptop-AMD-Ryzen-5-8645HS-NVIDIA-GeForce-RTX-4050-8GB-DDR4-512GB-SSD-Mica-Silver-2024/5395277312?classType=REGULAR&athbdg=L1600&from=/search,$651.00,4.5,412
laptop,"ASUS 15.6"" FHD Laptop, Intel Pentium, 4GB RAM, 128GB eMMC, Windows 11 Home in S mode with One Year of Microsoft 365 included,  L510MA-WS21",https://www.walmart.com/ip/ASUS-15-6-FHD-Laptop-Intel-Pentium-4GB-RAM-128GB-eMMC-Windows-11-Home-in-S-mode-with-One-Year-of-Microsoft-365-included-L510MA-WS21/297174175?classType=VARIANT&from=/search,$236.90,3.9,2019
laptop,HP 15.6 inch Intel Processor N200 4GB RAM 128GB UFS Black (12-mo. Microsoft 365 included),https://www.walmart.com/ip/HP-15-6-HD-Laptop-Intel-N200-4GB-RAM-128GB-UFS-Windows-11-Home-in-S-Mode-15-fd0079wm/5536083697?classType=VARIANT&from=/search,$191.00,4.2,160
laptop,HP 15.6 inch Windows Laptop Intel Core i7-1355U 16GB RAM 1TB SSD Natural Silver,https://www.walmart.com/ip/HP-15-6-inch-Laptop-Intel-Core-i7-1355U-16GB-RAM-1TB-SSD-Natural-Silver/5098188130?classType=REGULAR&athbdg=L2000&from=/search,$699.00,4.2,216
laptop,Acer Chromebook 315 15.6 inch Laptop Intel Processor N4500 4GB RAM 64GB eMMC Pure Silver,https://www.walmart.com/sp/track?bt=1&eventST=click&plmt=sp-search-middle~desktop~&pos=1&tax=1085632_1071204_5186082_4126170_5681475&rdf=1&rd=https%3A%2F%2Fwww.walmart.com%2Fip%2FAcer-Chromebook-315-15-6-inch-Laptop-Intel-Processor-N4500-4GB-RAM-64GB-eMMC-Pure-Silver%2F3193557250%3FclassType%3DVARIANT%26athbdg%3DL1102%26adsRedirect%3Dtrue&adUid=9df17808-f601-469b-a6ba-35e495299aa7&mloc=sp-search-middle&pltfm=desktop&pgId=laptop&pt=search&spQs=KhmMUJ7LZFwOTYtKUcpHBA8hEP3gwCceFo0b2cpQOyFZsq6946ZpvNiNyz4U3SdUySjoXGrLre4gnfS4cz4PkMjCV1nkhH_XI4b-4lkaBmbSmx65OOizKAI_yuQWYkvq1grGHdNx-9S083_kIsuHomvos_axd0MjwUE74gN95W5jiGfwy2h5T7ULBWNJUAT07KGUds3yGS69iWqUxnACQyilxRPgG2f8Hs92mIEV4EdnCcq2CLbcqedix_C2YFKGb6fOI22j5pRBlbcoqeNDeP9CW0sfUJZnqA0mzTgxc4I&storeId=3081&couponState=na&bkt=ace1_default%7Cace2_default%7Cace3_default%7Ccoldstart_off%7Csearch_default&classType=VARIANT&athbdg=L1102,$139.00,4.4,3857
laptop,ASUS Chromebook Plus CX34 14 inch Touch Laptop with Google AI Intel Core i3-1215U 8GB RAM 128GB UFS Gray,https://www.walmart.com/sp/track?bt=1&eventST=click&plmt=sp-search-middle~desktop~&pos=2&tax=1085632_1071204_5186082_4126170_5681475&rdf=1&rd=https%3A%2F%2Fwww.walmart.com%2Fip%2FASUS-Chromebook-Plus-CX34-14-inch-Touch-Laptop-with-Google-AI-Intel-Core-i3-1215U-8GB-RAM-128GB-UFS-Gray%2F5098188355%3FclassType%3DREGULAR%26athbdg%3DL1300%26adsRedirect%3Dtrue&adUid=9df17808-f601-469b-a6ba-35e495299aa7&mloc=sp-search-middle&pltfm=desktop&pgId=laptop&pt=search&spQs=HU2G_1p-1zcDHRrB49pHGYH-P_qh9iiJU4nteXE1_y1gJa0A2XyT8t3wKZ8luJ_BIuB--grZihCDTDENnAqu8mek4aMliE9DLztN9BfJ29MbAA4w_hiDLhwi8FU2GycVPjYaYesfA7QMG9SpWpVT5tatfc31VziazThGHSS7f_0IxEubB68onHyabmE0OnAgii_Q6N2maG-DC9bVm5sL6Am4ujES3nBcldtxJkDTKRF6OnwqYSrVQCZBFN8Q7XIrVou3_w1O7zcNkYR_bljlY5J3mITg_xivqsJYeFpsNJI&storeId=3081&couponState=na&bkt=ace1_default%7Cace2_default%7Cace3_default%7Ccoldstart_off%7Csearch_default&classType=REGULAR&athbdg=L1300,$329.00,4.5,71
laptop,HP Chromebook x360 14 inch FHD IPS Touch 2-in-1 Laptop Intel Processor N100 4GB RAM 64GB eMMC Sky Blue,https://www.walmart.com/sp/track?bt=1&eventST=click&plmt=sp-search-middle~desktop~&pos=3&tax=1085632_1071204_5186082_4126170_5681475&rdf=1&rd=https%3A%2F%2Fwww.walmart.com%2Fip%2FHP-Chromebook-X360-14-inch-FHD-IPS-Touch-2-in-1-Laptop-Intel-Processor-N100-4GB-RAM-64GB-eMMC-Sky-Blue%2F5123764557%3FclassType%3DREGULAR%26athbdg%3DL1102%26adsRedirect%3Dtrue&adUid=9df17808-f601-469b-a6ba-35e495299aa7&mloc=sp-search-middle&pltfm=desktop&pgId=laptop&pt=search&spQs=9J0Na0lqq3LXzC4SMNSY7CzcW1Ey4xZNTLTEW8CTin6KrEFkQxOlrB6nXmpL3WwDKwhC0PwHUjpNG2TR1E_iUmek4aMliE9DLztN9BfJ29MNgSGQh6-v_MJyBaOCn4ON3Qj_a6g5U4WnCQRPqL1wPCemafpbRlqNHg0Jx_ZLpr643zKiT2V-D-Gx6fkO6zjpyns0CyoRJPkJNdPQeNwysjdlExP4MQThgq7cAs-u7-3bvxMmAAh3bi-1De1rHI-A&storeId=3081&couponState=na&bkt=ace1_default%7Cace2_default%7Cace3_default%7Ccoldstart_off%7Csearch_default&classType=REGULAR&athbdg=L1102,$199.00,4.5,539
laptop,Lenovo IdeaPad Slim 3 15.6 inch FHD Touch Windows Laptop AMD Ryzen 7-7730U 16GB RAM 512GB SSD Abyss Blue,https://www.walmart.com/sp/track?bt=1&eventST=click&plmt=sp-search-middle~desktop~&pos=4&tax=1085632_1071204_5186082_4126170_5681475&rdf=1&rd=https%3A%2F%2Fwww.walmart.com%2Fip%2FLenovo-Ideapad-Slim-3-15-6-inch-FHD-IPS-Touch-Laptop-AMD-Ryzen-7-7730U-16GB-RAM-512GB-SSD-Abyss-Blue%2F5098188190%3FclassType%3DREGULAR%26athbdg%3DL1102%26adsRedirect%3Dtrue&adUid=9df17808-f601-469b-a6ba-35e495299aa7&mloc=sp-search-middle&pltfm=desktop&pgId=laptop&pt=search&spQs=XkWjrDz8ODLO495J71dgaR8NUYi4zqxwDfuj33WgKWhggWzDgIMdhkkiVDcYbWvXh4SMnhzwDSqJsm4P8ZDwiMjCV1nkhH_XI4b-4lkaBmZ1UI8ueM_1KM9zt0FqeNZOzENKgnIxf3_JRCAkaSuZRaeXVSLcNwcz81R6YllDlLtqW56K-O8A7XGcixAl9ZeVDTbdwd81pTPK68HxnvwxjBPvuRp2wemmOfD_auk3Y1KXlpXC5SMKiFDMmgD104a2OYiE3NKa97Br6PAAE_hswsNTl62ubbhc8wQo7uHqEp0&storeId=3081&couponState=na&bkt=ace1_default%7Cace2_default%7Cace3_default%7Ccoldstart_off%7Csearch_default&classType=REGULAR&athbdg=L1102,$429.00,4.6,137
laptop,"ASUS ROG Strix G17 (2023) 17.3 QHD 240Hz Gaming Laptop, AMD Ryzen 9-7845HX, NVIDIA GeForce RTX 4060, 16GB DDR5 RAM, 1TB SSD, Windows 11, G713PV-WS94",https://www.walmart.com/ip/ASUS-ROG-Strix-G17-17-3-inch-WQHD-240Hz-Gaming-Laptop-AMD-Ryzen-9-7845HX-NVIDIA-GeForce-RTX-4060-16GB-DDR5-1TB-SSD-Eclipse-Gray-2023/2103957626?classType=REGULAR&from=/search,"$1,389.99",4.5,299
laptop,"KUU 15.6in 1080p FHD Laptop, Intel Celeron, 16GB RAM 512GB SSD, Windows 11 Pro",https://www.walmart.com/ip/15-6-KUU-Laptop-Intel-Celeron-N5095-16GB-RAM-512GB-SSD-Win-11-Pro-Backlit-Keyboard-Wifi-Bluetooth/1057434650?classType=REGULAR&from=/search,$295.00,3.2,354
laptop,"HP Stream 14 Laptop, Intel Celeron N4000, 4GB SDRAM, 32GB eMMC, Office 365 1-yr, Brilliant Black",https://www.walmart.com/ip/HP-Stream-14-Laptop-Intel-Celeron-N4000-4GB-SDRAM-32GB-eMMC-Office-365-1-yr-Brilliant-Black/470907822?classType=VARIANT&from=/search,$236.00,3.6,697
laptop,HP Pavilion 16 inch Laptop AMD Ryzen 7-8840U AI PC 8GB RAM 512GB SSD Meteor Silver,https://www.walmart.com/ip/HP-Pavilion-16-inch-Laptop-AMD-Ryzen-7-8840U-8GB-RAM-512GB-SSD-Meteor-Silver/5144705567?classType=REGULAR&from=/search,$649.00,4.2,22
laptop,"Acer Nitro V - 15.6"" - Intel Core i9-13900H - GeForce RTX 4060 Laptop GPU - 16 GB DDR5 - 512 GB PCIe SSD - Windows 11 Home 64-bit - Gaming Laptop (ANV15-51-98N0 )",https://www.walmart.com/ip/Acer-Nitro-V-15-6-144-Hz-IPS-Intel-Core-i9-13900H-GeForce-RTX-4060-Laptop-GPU-16-GB-DDR5-512-PCIe-SSD-Windows-11-Home-64-bit-Gaming-ANV15-51-98N0/5609511391?classType=REGULAR&from=/search,$999.99,5.0,3
laptop,"HP Chromebook X360 14"" HD Touchscreen 2-in-1 Laptop, Intel Celeron N4020, 4GB RAM, 64GB eMMC, Teal, 14a-ca0130wm",https://www.walmart.com/ip/HP-Chromebook-X360-14-HD-Touchscreen-2-in-1-Laptop-Intel-Celeron-N4020-4GB-RAM-64GB-eMMC-Teal-14a-ca0130wm/518977383?classType=REGULAR&from=/search,$289.00,4.4,1305
laptop,Acer Chromebook 315 15.6 inch Laptop Intel Processor N4500 4GB RAM 64GB eMMC Pure Silver,https://www.walmart.com/sp/track?bt=1&eventST=click&plmt=sp-search-middle~desktop~&pos=1&tax=1085632_1071204_5186082_4126170_5681475&rdf=1&rd=https%3A%2F%2Fwww.walmart.com%2Fip%2FAcer-Chromebook-315-15-6-inch-Laptop-Intel-Processor-N4500-4GB-RAM-64GB-eMMC-Pure-Silver%2F3193557250%3FclassType%3DVARIANT%26athbdg%3DL1102%26adsRedirect%3Dtrue&adUid=55777e33-32a6-4e61-8a71-060712099528&mloc=sp-search-middle&pltfm=desktop&pgId=laptop&pt=search&spQs=KhmMUJ7LZFwOTYtKUcpHBA8hEP3gwCceFo0b2cpQOyFZsq6946ZpvNiNyz4U3SdUThZWz9XmmmrKUEPO10_ARuS6DcvNTwYv8vv9ujyOnK63YNB7FYh0OGCShaDkZj-6YZ4KtiBPCx4yjAN4mn2CoilMPEF0IyepRaLMuO4xQja7xFPR22hZjxn57aCBWK49zaYMyT9EyjIpGo_ZSgWaWhY0FNE2CneeVJIISH22b2rfFA-PE1RJSg3wUgXXZ_EmZOVKVN7iZqSiPWzY2i5thOqeUkuzemiGjAkJEVPvpWU&storeId=3081&couponState=na&bkt=ace1_default%7Cace2_default%7Cace3_default%7Ccoldstart_on%7Csearch_default&classType=VARIANT&athbdg=L1102,$139.00,4.4,3857
laptop,ASUS Chromebook Plus CX34 14 inch Touch Laptop with Google AI Intel Core i3-1215U 8GB RAM 128GB UFS Gray,https://www.walmart.com/sp/track?bt=1&eventST=click&plmt=sp-search-middle~desktop~&pos=2&tax=1085632_1071204_5186082_4126170_5681475&rdf=1&rd=https%3A%2F%2Fwww.walmart.com%2Fip%2FASUS-Chromebook-Plus-CX34-14-inch-Touch-Laptop-with-Google-AI-Intel-Core-i3-1215U-8GB-RAM-128GB-UFS-Gray%2F5098188355%3FclassType%3DREGULAR%26adsRedirect%3Dtrue&adUid=55777e33-32a6-4e61-8a71-060712099528&mloc=sp-search-middle&pltfm=desktop&pgId=laptop&pt=search&spQs=HU2G_1p-1zcDHRrB49pHGYH-P_qh9iiJU4nteXE1_y1gJa0A2XyT8t3wKZ8luJ_Bwu6X08QsJfDTyXxAIOuxAeS6DcvNTwYv8vv9ujyOnK4bAA4w_hiDLhwi8FU2GycVjeMDXFpkSubCdSn9ucJNQAWhaxqBNAQc9PUfjAiZrHXDRS-s_LeAcDFCw3Uahud6ii_Q6N2maG-DC9bVm5sL6Am4ujES3nBcldtxJkDTKRF6OnwqYSrVQCZBFN8Q7XIrVou3_w1O7zcNkYR_bljlY5J3mITg_xivqsJYeFpsNJI&storeId=3081&couponState=na&bkt=ace1_default%7Cace2_default%7Cace3_default%7Ccoldstart_on%7Csearch_default&classType=REGULAR,$329.00,4.5,71
laptop,HP Chromebook x360 14 inch FHD IPS Touch 2-in-1 Laptop Intel Processor N100 4GB RAM 64GB eMMC Sky Blue,https://www.walmart.com/sp/track?bt=1&eventST=click&plmt=sp-search-middle~desktop~&pos=3&tax=1085632_1071204_5186082_4126170_5681475&rdf=1&rd=https%3A%2F%2Fwww.walmart.com%2Fip%2FHP-Chromebook-X360-14-inch-FHD-IPS-Touch-2-in-1-Laptop-Intel-Processor-N100-4GB-RAM-64GB-eMMC-Sky-Blue%2F5123764557%3FclassType%3DREGULAR%26athbdg%3DL1102%26adsRedirect%3Dtrue&adUid=55777e33-32a6-4e61-8a71-060712099528&mloc=sp-search-middle&pltfm=desktop&pgId=laptop&pt=search&spQs=9J0Na0lqq3LXzC4SMNSY7CzcW1Ey4xZNTLTEW8CTin6KrEFkQxOlrB6nXmpL3WwDKwhC0PwHUjpNG2TR1E_iUuS6DcvNTwYv8vv9ujyOnK4NgSGQh6-v_MJyBaOCn4ON3Qj_a6g5U4WnCQRPqL1wPCemafpbRlqNHg0Jx_ZLpr643zKiT2V-D-Gx6fkO6zjpyns0CyoRJPkJNdPQeNwysjdlExP4MQThgq7cAs-u7-3bvxMmAAh3bi-1De1rHI-A&storeId=3081&couponState=na&bkt=ace1_default%7Cace2_default%7Cace3_default%7Ccoldstart_on%7Csearch_default&classType=REGULAR&athbdg=L1102,$199.00,4.5,539
laptop,Lenovo IdeaPad Slim 3 15.6 inch FHD Touch Windows Laptop AMD Ryzen 7-7730U 16GB RAM 512GB SSD Abyss Blue,https://www.walmart.com/sp/track?bt=1&eventST=click&plmt=sp-search-middle~desktop~&pos=4&tax=1085632_1071204_5186082_4126170_5681475&rdf=1&rd=https%3A%2F%2Fwww.walmart.com%2Fip%2FLenovo-Ideapad-Slim-3-15-6-inch-FHD-IPS-Touch-Laptop-AMD-Ryzen-7-7730U-16GB-RAM-512GB-SSD-Abyss-Blue%2F5098188190%3FclassType%3DREGULAR%26athbdg%3DL1102%26adsRedirect%3Dtrue&adUid=55777e33-32a6-4e61-8a71-060712099528&mloc=sp-search-middle&pltfm=desktop&pgId=laptop&pt=search&spQs=XkWjrDz8ODLO495J71dgaR8NUYi4zqxwDfuj33WgKWhggWzDgIMdhkkiVDcYbWvXh4SMnhzwDSqJsm4P8ZDwiNv12-C81acWvirq957Y6vN1UI8ueM_1KM9zt0FqeNZOzENKgnIxf3_JRCAkaSuZRaeXVSLcNwcz81R6YllDlLtqW56K-O8A7XGcixAl9ZeVDTbdwd81pTPK68HxnvwxjBPvuRp2wemmOfD_auk3Y1KXlpXC5SMKiFDMmgD104a2OYiE3NKa97Br6PAAE_hswsNTl62ubbhc8wQo7uHqEp0&storeId=3081&couponState=na&bkt=ace1_default%7Cace2_default%7Cace3_default%7Ccoldstart_on%7Csearch_default&classType=REGULAR&athbdg=L1102,$429.00,4.6,137
laptop,"HP 15.6"" FHD Notebook Intel Core i5-1235U 8GB RAM 512GB SSD Natural Silver 15-fd0999nr - Intel Core i5-1235U Deca-core - 15.6"" FHD (1920x1080) Anti-glare Display - 8GB DDR4 Memory - 512GB SSD Stora...",https://www.walmart.com/ip/HP-15-6-FHD-Notebook-Intel-Core-i5-1235U-8GB-RAM-512GB-SSD-Natural-Silver-15-fd0999nr/5499636733?classType=REGULAR&athbdg=L1600&from=/search,$349.99,4.4,30
laptop,HP Windows Desktop Intel Core i5-13400 12GB RAM 512GB SSD Dark Black,https://www.walmart.com/ip/HP-Desktop-Intel-Core-i5-13400-12GB-RAM-512GB-SSD-Dark-Black/5096127127?classType=REGULAR&athbdg=L1300&from=/search,$539.00,4.5,92
laptop,"MSI Cyborg Gaming Laptop - 15.6"" IPS FHD -13th Gen Intel Core i7-13620H - GeForce RTX 4050 - 144HZ 1080p - 16GB RAM - 512GB SSD - A13VE-218US Notebook PC",https://www.walmart.com/ip/MSI-CYBORG1513218-Cyborg-15-A13ve-218us/5037134698?classType=REGULAR&from=/search,$799.00,4.3,14
laptop,"Restored Apple MacBook Air 13.3"" Laptop (2017) MQD32LL/A Intel Core i5 - 8GB Memory, 128GB SSD - Silver (Refurbished)",https://www.walmart.com/ip/Restored-Apple-MacBook-Air-13-3-Laptop-2017-MQD32LL-A-Intel-Core-i5-8GB-Memory-128GB-SSD-Silver-Refurbished/275341764?classType=REGULAR&athbdg=L1600&from=/search,$176.37,3.8,93
laptop,"Restored Apple 13.3"" MacBook Air (Intel Core i5, Silver, 8GB RAM, 128GB SSD, Mid 2017) (Refurbished)",https://www.walmart.com/ip/Restored-Apple-13-3-MacBook-Air-Intel-Core-i5-Silver-8GB-RAM-128GB-SSD-Mid-2017-Refurbished/446815488?classType=VARIANT&athbdg=L1600&from=/search,$164.99,3.5,61
laptop,"Lenovo LOQ 15.6 FHD 144Hz Gaming Laptop, Intel Core i5-13420H, NVIDIA GeForce GTX 3050 6GB, 16GB RAM, 512GB SSD, Storm Grey, Windows 11, 82XV0094US",https://www.walmart.com/ip/Lenovo-LOQ-15-6-FHD-144Hz-Gaming-Laptop-Intel-Core-i5-13420H-NVIDIA-GeForce-GTX-3050-6GB-16GB-RAM-512GB-SSD-Storm-Grey-Windows-11-82XV0094US/3685906294?classType=REGULAR&from=/search,$848.80,4.7,22
laptop,Acer Chromebook 315 15.6 inch Laptop Intel Processor N4500 4GB RAM 64GB eMMC Pure Silver,https://www.walmart.com/sp/track?bt=1&eventST=click&plmt=sp-search-middle~desktop~&pos=1&tax=1085632_1071204_5186082_4126170_5681475&rdf=1&rd=https%3A%2F%2Fwww.walmart.com%2Fip%2FAcer-Chromebook-315-15-6-inch-Laptop-Intel-Processor-N4500-4GB-RAM-64GB-eMMC-Pure-Silver%2F3193557250%3FclassType%3DVARIANT%26athbdg%3DL1102%26adsRedirect%3Dtrue&adUid=4a621201-6817-4805-abef-fddc6790496f&mloc=sp-search-middle&pltfm=desktop&pgId=laptop&pt=search&spQs=KhmMUJ7LZFwOTYtKUcpHBA8hEP3gwCceFo0b2cpQOyFZsq6946ZpvNiNyz4U3SdUThZWz9XmmmrKUEPO10_ARnMkQ2WDl8l5K-F2mhLj5Sm3YNB7FYh0OGCShaDkZj-6YZ4KtiBPCx4yjAN4mn2CoilMPEF0IyepRaLMuO4xQja7xFPR22hZjxn57aCBWK49zaYMyT9EyjIpGo_ZSgWaWhY0FNE2CneeVJIISH22b2rfFA-PE1RJSg3wUgXXZ_EmZOVKVN7iZqSiPWzY2i5thOqeUkuzemiGjAkJEVPvpWU&storeId=3081&couponState=na&bkt=ace1_default%7Cace2_default%7Cace3_default%7Ccoldstart_off%7Csearch_default&classType=VARIANT&athbdg=L1102,$139.00,4.4,3857
laptop,ASUS Chromebook Plus CX34 14 inch Touch Laptop with Google AI Intel Core i3-1215U 8GB RAM 128GB UFS Gray,https://www.walmart.com/sp/track?bt=1&eventST=click&plmt=sp-search-middle~desktop~&pos=2&tax=1085632_1071204_5186082_4126170_5681475&rdf=1&rd=https%3A%2F%2Fwww.walmart.com%2Fip%2FASUS-Chromebook-Plus-CX34-14-inch-Touch-Laptop-with-Google-AI-Intel-Core-i3-1215U-8GB-RAM-128GB-UFS-Gray%2F5098188355%3FclassType%3DREGULAR%26adsRedirect%3Dtrue&adUid=4a621201-6817-4805-abef-fddc6790496f&mloc=sp-search-middle&pltfm=desktop&pgId=laptop&pt=search&spQs=HU2G_1p-1zcDHRrB49pHGYH-P_qh9iiJU4nteXE1_y1gJa0A2XyT8t3wKZ8luJ_Bwu6X08QsJfDTyXxAIOuxAXMkQ2WDl8l5K-F2mhLj5SkbAA4w_hiDLhwi8FU2GycVjeMDXFpkSubCdSn9ucJNQAWhaxqBNAQc9PUfjAiZrHXDRS-s_LeAcDFCw3Uahud6ii_Q6N2maG-DC9bVm5sL6Am4ujES3nBcldtxJkDTKRF6OnwqYSrVQCZBFN8Q7XIrVou3_w1O7zcNkYR_bljlY5J3mITg_xivqsJYeFpsNJI&storeId=3081&couponState=na&bkt=ace1_default%7Cace2_default%7Cace3_default%7Ccoldstart_off%7Csearch_default&classType=REGULAR,$329.00,4.5,71
laptop,HP Chromebook x360 14 inch FHD IPS Touch 2-in-1 Laptop Intel Processor N100 4GB RAM 64GB eMMC Sky Blue,https://www.walmart.com/sp/track?bt=1&eventST=click&plmt=sp-search-middle~desktop~&pos=3&tax=1085632_1071204_5186082_4126170_5681475&rdf=1&rd=https%3A%2F%2Fwww.walmart.com%2Fip%2FHP-Chromebook-X360-14-inch-FHD-IPS-Touch-2-in-1-Laptop-Intel-Processor-N100-4GB-RAM-64GB-eMMC-Sky-Blue%2F5123764557%3FclassType%3DREGULAR%26athbdg%3DL1102%26adsRedirect%3Dtrue&adUid=4a621201-6817-4805-abef-fddc6790496f&mloc=sp-search-middle&pltfm=desktop&pgId=laptop&pt=search&spQs=9J0Na0lqq3LXzC4SMNSY7CzcW1Ey4xZNTLTEW8CTin6KrEFkQxOlrB6nXmpL3WwDKwhC0PwHUjpNG2TR1E_iUnMkQ2WDl8l5K-F2mhLj5SkNgSGQh6-v_MJyBaOCn4ON3Qj_a6g5U4WnCQRPqL1wPCemafpbRlqNHg0Jx_ZLpr643zKiT2V-D-Gx6fkO6zjpyns0CyoRJPkJNdPQeNwysjdlExP4MQThgq7cAs-u7-3bvxMmAAh3bi-1De1rHI-A&storeId=3081&couponState=na&bkt=ace1_default%7Cace2_default%7Cace3_default%7Ccoldstart_off%7Csearch_default&classType=REGULAR&athbdg=L1102,$199.00,4.5,539
laptop,Lenovo IdeaPad Slim 3 15.6 inch FHD Touch Windows Laptop AMD Ryzen 7-7730U 16GB RAM 512GB SSD Abyss Blue,https://www.walmart.com/sp/track?bt=1&eventST=click&plmt=sp-search-middle~desktop~&pos=4&tax=1085632_1071204_5186082_4126170_5681475&rdf=1&rd=https%3A%2F%2Fwww.walmart.com%2Fip%2FLenovo-Ideapad-Slim-3-15-6-inch-FHD-IPS-Touch-Laptop-AMD-Ryzen-7-7730U-16GB-RAM-512GB-SSD-Abyss-Blue%2F5098188190%3FclassType%3DREGULAR%26athbdg%3DL1102%26adsRedirect%3Dtrue&adUid=4a621201-6817-4805-abef-fddc6790496f&mloc=sp-search-middle&pltfm=desktop&pgId=laptop&pt=search&spQs=XkWjrDz8ODLO495J71dgaR8NUYi4zqxwDfuj33WgKWhggWzDgIMdhkkiVDcYbWvXh4SMnhzwDSqJsm4P8ZDwiGkhD4INlqO1ldIo232S0_F1UI8ueM_1KM9zt0FqeNZOzENKgnIxf3_JRCAkaSuZRaeXVSLcNwcz81R6YllDlLtqW56K-O8A7XGcixAl9ZeVDTbdwd81pTPK68HxnvwxjBPvuRp2wemmOfD_auk3Y1KXlpXC5SMKiFDMmgD104a2OYiE3NKa97Br6PAAE_hswsNTl62ubbhc8wQo7uHqEp0&storeId=3081&couponState=na&bkt=ace1_default%7Cace2_default%7Cace3_default%7Ccoldstart_off%7Csearch_default&classType=REGULAR&athbdg=L1102,$429.00,4.6,137
laptop,"HP 14"" FHD Pavilion x360 Laptop, Intel Core i5-1235U, 8GB, 256GB, Silver, Windows 11, 14-dy2050wm",https://www.walmart.com/ip/HP-14-FHD-Pavilion-x360-Laptop-Intel-Core-i5-1235U-8GB-256GB-Silver-Windows-11-14-dy2050wm/753966076?classType=REGULAR&from=/search,$478.90,4.2,267
laptop,"ASUS Vivobook 15.6” FHD Touch PC Laptop, Intel Core i5-1135G7, 8GB, 512GB, Win 11 Home, F515EA-WH52",https://www.walmart.com/ip/ASUS-Vivobook-15-6-FHD-Touch-PC-Laptop-Intel-Core-i5-1135G7-8GB-512GB-Win-11-Home-F515EA-WH52/2340855991?classType=VARIANT&from=/search,$369.00,4.5,343
laptop,"Lenovo IdeaPad Flex 5i 14"" FHD 2-in-1 Touchscreen Laptop, Intel Core i3-1115G4, 4GB RAM, 128GB SSD, Graphite Gray, Windows 11 in S Mode, 82HS00R9US",https://www.walmart.com/ip/Lenovo-Flex-5i-14-0-FHD-Touch-Core-i3-1115G4-4GB-128GB-Graphite-Grey-Windows-11-S-82HS00R9US/866819117?classType=VARIANT&from=/search,$309.00,3.7,276
laptop,"ASUS Vivobook 15 laptop, 15.6” Touch, Intel Core i7-1255U, 16GB RAM, 512GB SSD, Quiet Blue, Windows 11 Home",https://www.walmart.com/ip/ASUS-Vivobook-15-laptop-15-6-Touch-Intel-Core-i7-1255U-16GB-RAM-512GB-SSD-Quiet-Blue-Windows-11-Home/2471038977?classType=VARIANT&from=/search,$569.98,4.6,590
laptop,"HP 15.6"" Pentium 4GB/128GB Laptop-Scarlet Red",https://www.walmart.com/ip/HP-15-dw0083wm-15-6-HD-Pentium-Silver-N5000-1-1GHz-Intel-UHD-Graphics-605-4GB-RAM-128GB-SSD-Windows-10-Scarlet-red/363405465?classType=VARIANT&from=/search,$275.00,3.8,4321
laptop,"HP 15.6"" HD Business Laptop Touchscreen, Intel Core i3-1215U, 16GB RAM, 1TB SSD, Intel UHD Graphics, Wi-Fi, Bluetooth, Webcam, Media Card Reader, Numeric Keypad, Windows 11 Home, Cefesfy LaptopStand",https://www.walmart.com/ip/HP-15-6-HD-Business-Laptop-Touchscreen-Intel-Core-i3-1215U-16GB-RAM-1TB-SSD-UHD-Graphics-Wi-Fi-Bluetooth-Webcam-Media-Card-Reader-Numeric-Keypad-Wind/5310462760?classType=VARIANT&from=/search,$495.90,4.7,104
smartphone,Acer Chromebook 315 15.6 inch Laptop Intel Processor N4500 4GB RAM 64GB eMMC Pure Silver,https://www.walmart.com/sp/track?bt=1&eventST=click&plmt=sp-search-middle~desktop~&pos=1&tax=1085632_1071204_5186082_4126170_5681475&rdf=1&rd=https%3A%2F%2Fwww.walmart.com%2Fip%2FAcer-Chromebook-315-15-6-inch-Laptop-Intel-Processor-N4500-4GB-RAM-64GB-eMMC-Pure-Silver%2F3193557250%3FclassType%3DVARIANT%26athbdg%3DL1102%26adsRedirect%3Dtrue&adUid=8864af7a-c0bb-4e60-91bb-99a00d56341e&mloc=sp-search-middle&pltfm=desktop&pgId=laptop&pt=search&spQs=KhmMUJ7LZFwOTYtKUcpHBA8hEP3gwCceFo0b2cpQOyFZsq6946ZpvNiNyz4U3SdUThZWz9XmmmrKUEPO10_ARsebe7WgHAgGiSQc_W64A_GFgoUJ6stmxoYwbaCyT_OAYZ4KtiBPCx4yjAN4mn2ColaGogX-ZZD7p-QTyylw69_lXrZrCTDvYjvjRlczJPLEzaYMyT9EyjIpGo_ZSgWaWhY0FNE2CneeVJIISH22b2rfFA-PE1RJSg3wUgXXZ_EmZOVKVN7iZqSiPWzY2i5thOqeUkuzemiGjAkJEVPvpWU&storeId=3081&couponState=na&bkt=ace1_default%7Cace2_default%7Cace3_default%7Ccoldstart_on%7Csearch_default&classType=VARIANT&athbdg=L1102,$139.00,4.4,3857
smartphone,ASUS Chromebook Plus CX34 14 inch Touch Laptop with Google AI Intel Core i3-1215U 8GB RAM 128GB UFS Gray,https://www.walmart.com/sp/track?bt=1&eventST=click&plmt=sp-search-middle~desktop~&pos=2&tax=1085632_1071204_5186082_4126170_5681475&rdf=1&rd=https%3A%2F%2Fwww.walmart.com%2Fip%2FASUS-Chromebook-Plus-CX34-14-inch-Touch-Laptop-with-Google-AI-Intel-Core-i3-1215U-8GB-RAM-128GB-UFS-Gray%2F5098188355%3FclassType%3DREGULAR%26adsRedirect%3Dtrue&adUid=8864af7a-c0bb-4e60-91bb-99a00d56341e&mloc=sp-search-middle&pltfm=desktop&pgId=laptop&pt=search&spQs=HU2G_1p-1zcDHRrB49pHGYH-P_qh9iiJU4nteXE1_y1gJa0A2XyT8t3wKZ8luJ_BTAeFFA8hiGymLi7TwdciDPdvgzJ2cat2cuzZNs1q14zg2e4WO02Ii9J-wEDrON_S6rxkBuvclEdyvdmax0wrfW0LIA3kTLmAkpPMjMfSvgnRrz9Mxz1Hw7nUq4SyxoFLfonZ6ccMlO0nfiQHy97_ApRwUdSU9qPYECfxDgfwp5gBqVE9gNL48ee4bsVY9WeZkWp_6oFq82PTlPU2rak16G7PsNtvbRQ5MfQ0hp5k7Gs&storeId=3081&couponState=na&bkt=ace1_default%7Cace2_default%7Cace3_default%7Ccoldstart_on%7Csearch_default&classType=REGULAR,$329.00,4.5,71
smartphone,HP Chromebook x360 14 inch FHD IPS Touch 2-in-1 Laptop Intel Processor N100 4GB RAM 64GB eMMC Sky Blue,https://www.walmart.com/sp/track?bt=1&eventST=click&plmt=sp-search-middle~desktop~&pos=3&tax=1085632_1071204_5186082_4126170_5681475&rdf=1&rd=https%3A%2F%2Fwww.walmart.com%2Fip%2FHP-Chromebook-X360-14-inch-FHD-IPS-Touch-2-in-1-Laptop-Intel-Processor-N100-4GB-RAM-64GB-eMMC-Sky-Blue%2F5123764557%3FclassType%3DREGULAR%26athbdg%3DL1102%26adsRedirect%3Dtrue&adUid=8864af7a-c0bb-4e60-91bb-99a00d56341e&mloc=sp-search-middle&pltfm=desktop&pgId=laptop&pt=search&spQs=9J0Na0lqq3LXzC4SMNSY7CzcW1Ey4xZNTLTEW8CTin6KrEFkQxOlrB6nXmpL3WwDKwhC0PwHUjpNG2TR1E_iUsebe7WgHAgGiSQc_W64A_EQXFv1Lbsd3MMcG7V7_G4a3Qj_a6g5U4WnCQRPqL1wPLCTwzQ21r4umYfVPIq7otY3Plo8uiLQATrl-NYKsj5Zyns0CyoRJPkJNdPQeNwysjdlExP4MQThgq7cAs-u7-3bvxMmAAh3bi-1De1rHI-A&storeId=3081&couponState=na&bkt=ace1_default%7Cace2_default%7Cace3_default%7Ccoldstart_on%7Csearch_default&classType=REGULAR&athbdg=L1102,$199.00,4.5,539
smartphone,Lenovo IdeaPad Slim 3 15.6 inch FHD Touch Windows Laptop AMD Ryzen 7-7730U 16GB RAM 512GB SSD Abyss Blue,https://www.walmart.com/sp/track?bt=1&eventST=click&plmt=sp-search-middle~desktop~&pos=4&tax=1085632_1071204_5186082_4126170_5681475&rdf=1&rd=https%3A%2F%2Fwww.walmart.com%2Fip%2FLenovo-Ideapad-Slim-3-15-6-inch-FHD-IPS-Touch-Laptop-AMD-Ryzen-7-7730U-16GB-RAM-512GB-SSD-Abyss-Blue%2F5098188190%3FclassType%3DREGULAR%26athbdg%3DL1102%26adsRedirect%3Dtrue&adUid=8864af7a-c0bb-4e60-91bb-99a00d56341e&mloc=sp-search-middle&pltfm=desktop&pgId=laptop&pt=search&spQs=XkWjrDz8ODLO495J71dgaR8NUYi4zqxwDfuj33WgKWhggWzDgIMdhkkiVDcYbWvXh4SMnhzwDSqJsm4P8ZDwiPdvgzJ2cat2cuzZNs1q14xZxTCo8z5SevUm4mJQr8B1zENKgnIxf3_JRCAkaSuZRQEhNOivEskjU_pbBzsHM1MVK3wh0oMD-mHd4nFqavccJDemNBHZGQ16aUYc3PhOmXaqxpJCmlU6WH7lsUGUVnVxZLBu6uFISO-lPV1eUOhYrFStnDFmE4yvL64KqG5JvtjoH7Fkas0-NjJ6XSfDXVk&storeId=3081&couponState=na&bkt=ace1_default%7Cace2_default%7Cace3_default%7Ccoldstart_on%7Csearch_default&classType=REGULAR&athbdg=L1102,$429.00,4.6,137
smartphone,Lenovo IdeaPad 1i 15.6 inch Windows Laptop Intel Core i5-1235U 8GB RAM 256GB SSD Abyss Blue,https://www.walmart.com/ip/Lenovo-IdeaPad-1i-15-6-Intel-Core-i5-1235U-8GB-RAM-256-GB-SSD-Abyss-Blue-Windows-11-in-S-Mode-82QD00GNUS/5698519717?classType=REGULAR&athbdg=L1102&from=/search,$299.00,4.4,59
smartphone,Lenovo IdeaPad Slim 3 15.6 inch FHD Touch Windows Laptop AMD Ryzen 7-7730U 16GB RAM 512GB SSD Abyss Blue,https://www.walmart.com/ip/Lenovo-Ideapad-Slim-3-15-6-inch-FHD-IPS-Touch-Laptop-AMD-Ryzen-7-7730U-16GB-RAM-512GB-SSD-Abyss-Blue/5098188190?classType=REGULAR&athbdg=L1102&from=/search,$429.00,4.6,137
smartphone,HP 15.6 inch Windows Laptop Intel Processor N200 4GB RAM 128GB UFS Scarlet Red (12-mo. Microsoft 365 included),https://www.walmart.com/ip/HP-15-6-inch-Laptop-Intel-Processor-N200-4GB-RAM-128GB-UFS-Scarlet-Red-12-mo-Microsoft-365-included/2706605807?classType=VARIANT&athbdg=L1102&from=/search,$199.00,4.2,4512
smartphone,HP 15.6 inch Windows Laptop Intel Core i3-N305 8GB RAM 256GB SSD Natural Silver,https://www.walmart.com/ip/HP-15-6-inch-Laptop-Intel-Core-i3-N305-8GB-RAM-256GB-SSD-Natural-Silver/5098188131?classType=VARIANT&from=/search,$279.90,4.5,969
smartphone,HP Chromebook 14 inch Laptop Intel Processor N200 4GB RAM 128GB UFS Glacier Silver,https://www.walmart.com/ip/HP-Chromebook-14-inch-Laptop-Intel-Processor-N200-4GB-RAM-128GB-UFS-Glacier-Silver/5098188136?classType=REGULAR&from=/search,$183.94,4.5,641
smartphone,Acer Chromebook 315 15.6 inch Laptop Intel Processor N4500 4GB RAM 64GB eMMC Pure Silver,https://www.walmart.com/sp/track?bt=1&eventST=click&plmt=sp-search-middle~desktop~&pos=1&tax=1085632_1071204_5186082_4126170_5681475&rdf=1&rd=https%3A%2F%2Fwww.walmart.com%2Fip%2FAcer-Chromebook-315-15-6-inch-Laptop-Intel-Processor-N4500-4GB-RAM-64GB-eMMC-Pure-Silver%2F3193557250%3FclassType%3DVARIANT%26athbdg%3DL1102%26adsRedirect%3Dtrue&adUid=bd3f3050-7e82-4197-a275-4c5a5bd8ba04&mloc=sp-search-middle&pltfm=desktop&pgId=laptop&pt=search&spQs=KhmMUJ7LZFwOTYtKUcpHBA8hEP3gwCceFo0b2cpQOyFZsq6946ZpvNiNyz4U3SdUThZWz9XmmmrKUEPO10_ARlQgHHGWHIfo_vtZmjamVgm3YNB7FYh0OGCShaDkZj-6YZ4KtiBPCx4yjAN4mn2CoilMPEF0IyepRaLMuO4xQja7xFPR22hZjxn57aCBWK49zaYMyT9EyjIpGo_ZSgWaWhY0FNE2CneeVJIISH22b2rfFA-PE1RJSg3wUgXXZ_EmZOVKVN7iZqSiPWzY2i5thOqeUkuzemiGjAkJEVPvpWU&storeId=3081&couponState=na&bkt=ace1_default%7Cace2_default%7Cace3_default%7Ccoldstart_on%7Csearch_default&classType=VARIANT&athbdg=L1102,$139.00,4.4,3857
smartphone,ASUS Chromebook Plus CX34 14 inch Touch Laptop with Google AI Intel Core i3-1215U 8GB RAM 128GB UFS Gray,https://www.walmart.com/sp/track?bt=1&eventST=click&plmt=sp-search-middle~desktop~&pos=2&tax=1085632_1071204_5186082_4126170_5681475&rdf=1&rd=https%3A%2F%2Fwww.walmart.com%2Fip%2FASUS-Chromebook-Plus-CX34-14-inch-Touch-Laptop-with-Google-AI-Intel-Core-i3-1215U-8GB-RAM-128GB-UFS-Gray%2F5098188355%3FclassType%3DREGULAR%26adsRedirect%3Dtrue&adUid=bd3f3050-7e82-4197-a275-4c5a5bd8ba04&mloc=sp-search-middle&pltfm=desktop&pgId=laptop&pt=search&spQs=HU2G_1p-1zcDHRrB49pHGYH-P_qh9iiJU4nteXE1_y1gJa0A2XyT8t3wKZ8luJ_Bwu6X08QsJfDTyXxAIOuxAVQgHHGWHIfo_vtZmjamVgkbAA4w_hiDLhwi8FU2GycVjeMDXFpkSubCdSn9ucJNQAWhaxqBNAQc9PUfjAiZrHXDRS-s_LeAcDFCw3Uahud6ii_Q6N2maG-DC9bVm5sL6Am4ujES3nBcldtxJkDTKRF6OnwqYSrVQCZBFN8Q7XIrVou3_w1O7zcNkYR_bljlY5J3mITg_xivqsJYeFpsNJI&storeId=3081&couponState=na&bkt=ace1_default%7Cace2_default%7Cace3_default%7Ccoldstart_on%7Csearch_default&classType=REGULAR,$329.00,4.5,71
smartphone,HP Chromebook x360 14 inch FHD IPS Touch 2-in-1 Laptop Intel Processor N100 4GB RAM 64GB eMMC Sky Blue,https://www.walmart.com/sp/track?bt=1&eventST=click&plmt=sp-search-middle~desktop~&pos=3&tax=1085632_1071204_5186082_4126170_5681475&rdf=1&rd=https%3A%2F%2Fwww.walmart.com%2Fip%2FHP-Chromebook-X360-14-inch-FHD-IPS-Touch-2-in-1-Laptop-Intel-Processor-N100-4GB-RAM-64GB-eMMC-Sky-Blue%2F5123764557%3FclassType%3DREGULAR%26athbdg%3DL1102%26adsRedirect%3Dtrue&adUid=bd3f3050-7e82-4197-a275-4c5a5bd8ba04&mloc=sp-search-middle&pltfm=desktop&pgId=laptop&pt=search&spQs=9J0Na0lqq3LXzC4SMNSY7CzcW1Ey4xZNTLTEW8CTin6KrEFkQxOlrB6nXmpL3WwDKwhC0PwHUjpNG2TR1E_iUlQgHHGWHIfo_vtZmjamVgkNgSGQh6-v_MJyBaOCn4ON3Qj_a6g5U4WnCQRPqL1wPCemafpbRlqNHg0Jx_ZLpr643zKiT2V-D-Gx6fkO6zjpyns0CyoRJPkJNdPQeNwysjdlExP4MQThgq7cAs-u7-3bvxMmAAh3bi-1De1rHI-A&storeId=3081&couponState=na&bkt=ace1_default%7Cace2_default%7Cace3_default%7Ccoldstart_on%7Csearch_default&classType=REGULAR&athbdg=L1102,$199.00,4.5,539
smartphone,Lenovo IdeaPad Slim 3 15.6 inch FHD Touch Windows Laptop AMD Ryzen 7-7730U 16GB RAM 512GB SSD Abyss Blue,https://www.walmart.com/sp/track?bt=1&eventST=click&plmt=sp-search-middle~desktop~&pos=4&tax=1085632_1071204_5186082_4126170_5681475&rdf=1&rd=https%3A%2F%2Fwww.walmart.com%2Fip%2FLenovo-Ideapad-Slim-3-15-6-inch-FHD-IPS-Touch-Laptop-AMD-Ryzen-7-7730U-16GB-RAM-512GB-SSD-Abyss-Blue%2F5098188190%3FclassType%3DREGULAR%26athbdg%3DL1102%26adsRedirect%3Dtrue&adUid=bd3f3050-7e82-4197-a275-4c5a5bd8ba04&mloc=sp-search-middle&pltfm=desktop&pgId=laptop&pt=search&spQs=XkWjrDz8ODLO495J71dgaR8NUYi4zqxwDfuj33WgKWhggWzDgIMdhkkiVDcYbWvXh4SMnhzwDSqJsm4P8ZDwiJhfxIdwuqsu97OVnq4YxwF1UI8ueM_1KM9zt0FqeNZOzENKgnIxf3_JRCAkaSuZRaeXVSLcNwcz81R6YllDlLtqW56K-O8A7XGcixAl9ZeVDTbdwd81pTPK68HxnvwxjBPvuRp2wemmOfD_auk3Y1KXlpXC5SMKiFDMmgD104a2OYiE3NKa97Br6PAAE_hswsNTl62ubbhc8wQo7uHqEp0&storeId=3081&couponState=na&bkt=ace1_default%7Cace2_default%7Cace3_default%7Ccoldstart_on%7Csearch_default&classType=REGULAR&athbdg=L1102,$429.00,4.6,137
smartphone,"Auusda 15.6"" Laptop Intel Alder N95, 16GB RAM, 512GB SSD, Windows 11 Pro Work Computer, Fingerprint Reader, Backlit Keyboard, Silver",https://www.walmart.com/ip/Auusda-15-6-Laptop-Intel-Alder-N95-16GB-RAM-512GB-SSD-Windows-11-Pro-Work-Computer-Fingerprint-Reader-Backlit-Keyboard-Silver/1846202250?classType=VARIANT&athbdg=L1600&from=/search,$289.99,3.8,896
smartphone,"ASUS TUF Gaming A16 Gaming/Entertainment Laptop (AMD Ryzen 7 7735HS 8-Core, 64GB DDR5 4800MHz RAM, 2TB PCIe SSD, Radeon RX 7700S, 16.0in 165 Hz Wide UXGA (1920x1200), Wifi, Win 11 Home)",https://www.walmart.com/ip/ASUS-TUF-Gaming-A16-Gaming-Entertainment-Laptop-AMD-Ryzen-7-7735HS-8-Core-64GB-DDR5-4800MHz-RAM-2TB-PCIe-SSD-Radeon-RX-7700S-16-0in-165-Hz-Wide-UXGA/6471613525?classType=REGULAR&from=/search,"$1,979.99",N/A,N/A
smartphone,HP Victus 15.6 inch FHD IPS 144Hz Gaming Laptop AMD Ryzen 5-8645HS NVIDIA GeForce RTX 4050 8GB DDR5 512GB SSD Mica Silver (2024),https://www.walmart.com/ip/HP-Victus-15-6-inch-FHD-144Hz-Gaming-Laptop-AMD-Ryzen-5-8645HS-NVIDIA-GeForce-RTX-4050-8GB-DDR4-512GB-SSD-Mica-Silver-2024/5395277312?classType=REGULAR&athbdg=L1600&from=/search,$651.00,4.5,412
smartphone,"ASUS 15.6"" FHD Laptop, Intel Pentium, 4GB RAM, 128GB eMMC, Windows 11 Home in S mode with One Year of Microsoft 365 included,  L510MA-WS21",https://www.walmart.com/ip/ASUS-15-6-FHD-Laptop-Intel-Pentium-4GB-RAM-128GB-eMMC-Windows-11-Home-in-S-mode-with-One-Year-of-Microsoft-365-included-L510MA-WS21/297174175?classType=VARIANT&from=/search,$236.90,3.9,2019
smartphone,HP 15.6 inch Intel Processor N200 4GB RAM 128GB UFS Black (12-mo. Microsoft 365 included),https://www.walmart.com/ip/HP-15-6-HD-Laptop-Intel-N200-4GB-RAM-128GB-UFS-Windows-11-Home-in-S-Mode-15-fd0079wm/5536083697?classType=VARIANT&from=/search,$191.00,4.2,160
smartphone,HP 15.6 inch Windows Laptop Intel Core i7-1355U 16GB RAM 1TB SSD Natural Silver,https://www.walmart.com/ip/HP-15-6-inch-Laptop-Intel-Core-i7-1355U-16GB-RAM-1TB-SSD-Natural-Silver/5098188130?classType=REGULAR&athbdg=L2000&from=/search,$699.00,4.2,216
smartphone,Acer Chromebook 315 15.6 inch Laptop Intel Processor N4500 4GB RAM 64GB eMMC Pure Silver,https://www.walmart.com/sp/track?bt=1&eventST=click&plmt=sp-search-middle~desktop~&pos=1&tax=1085632_1071204_5186082_4126170_5681475&rdf=1&rd=https%3A%2F%2Fwww.walmart.com%2Fip%2FAcer-Chromebook-315-15-6-inch-Laptop-Intel-Processor-N4500-4GB-RAM-64GB-eMMC-Pure-Silver%2F3193557250%3FclassType%3DVARIANT%26athbdg%3DL1102%26adsRedirect%3Dtrue&adUid=f54b225d-3edc-4109-8b87-a7313ab01a22&mloc=sp-search-middle&pltfm=desktop&pgId=laptop&pt=search&spQs=KhmMUJ7LZFwOTYtKUcpHBA8hEP3gwCceFo0b2cpQOyFZsq6946ZpvNiNyz4U3SdUySjoXGrLre4gnfS4cz4PkA07kfe4sQFE6Ffv6msFRD7Smx65OOizKAI_yuQWYkvq1grGHdNx-9S083_kIsuHomvos_axd0MjwUE74gN95W5jiGfwy2h5T7ULBWNJUAT07KGUds3yGS69iWqUxnACQyilxRPgG2f8Hs92mIEV4EdnCcq2CLbcqedix_C2YFKGb6fOI22j5pRBlbcoqeNDeP9CW0sfUJZnqA0mzTgxc4I&storeId=3081&couponState=na&bkt=ace1_default%7Cace2_default%7Cace3_default%7Ccoldstart_off%7Csearch_default&classType=VARIANT&athbdg=L1102,$139.00,4.4,3857
smartphone,ASUS Chromebook Plus CX34 14 inch Touch Laptop with Google AI Intel Core i3-1215U 8GB RAM 128GB UFS Gray,https://www.walmart.com/sp/track?bt=1&eventST=click&plmt=sp-search-middle~desktop~&pos=2&tax=1085632_1071204_5186082_4126170_5681475&rdf=1&rd=https%3A%2F%2Fwww.walmart.com%2Fip%2FASUS-Chromebook-Plus-CX34-14-inch-Touch-Laptop-with-Google-AI-Intel-Core-i3-1215U-8GB-RAM-128GB-UFS-Gray%2F5098188355%3FclassType%3DREGULAR%26athbdg%3DL1300%26adsRedirect%3Dtrue&adUid=f54b225d-3edc-4109-8b87-a7313ab01a22&mloc=sp-search-middle&pltfm=desktop&pgId=laptop&pt=search&spQs=HU2G_1p-1zcDHRrB49pHGYH-P_qh9iiJU4nteXE1_y1gJa0A2XyT8t3wKZ8luJ_BIuB--grZihCDTDENnAqu8isLct2R3hiA93s48Xd7K3MbAA4w_hiDLhwi8FU2GycVPjYaYesfA7QMG9SpWpVT5tatfc31VziazThGHSS7f_0IxEubB68onHyabmE0OnAgii_Q6N2maG-DC9bVm5sL6Am4ujES3nBcldtxJkDTKRF6OnwqYSrVQCZBFN8Q7XIrVou3_w1O7zcNkYR_bljlY5J3mITg_xivqsJYeFpsNJI&storeId=3081&couponState=na&bkt=ace1_default%7Cace2_default%7Cace3_default%7Ccoldstart_off%7Csearch_default&classType=REGULAR&athbdg=L1300,$329.00,4.5,71
smartphone,HP Chromebook x360 14 inch FHD IPS Touch 2-in-1 Laptop Intel Processor N100 4GB RAM 64GB eMMC Sky Blue,https://www.walmart.com/sp/track?bt=1&eventST=click&plmt=sp-search-middle~desktop~&pos=3&tax=1085632_1071204_5186082_4126170_5681475&rdf=1&rd=https%3A%2F%2Fwww.walmart.com%2Fip%2FHP-Chromebook-X360-14-inch-FHD-IPS-Touch-2-in-1-Laptop-Intel-Processor-N100-4GB-RAM-64GB-eMMC-Sky-Blue%2F5123764557%3FclassType%3DREGULAR%26athbdg%3DL1102%26adsRedirect%3Dtrue&adUid=f54b225d-3edc-4109-8b87-a7313ab01a22&mloc=sp-search-middle&pltfm=desktop&pgId=laptop&pt=search&spQs=9J0Na0lqq3LXzC4SMNSY7CzcW1Ey4xZNTLTEW8CTin6KrEFkQxOlrB6nXmpL3WwDKwhC0PwHUjpNG2TR1E_iUisLct2R3hiA93s48Xd7K3MNgSGQh6-v_MJyBaOCn4ON3Qj_a6g5U4WnCQRPqL1wPCemafpbRlqNHg0Jx_ZLpr643zKiT2V-D-Gx6fkO6zjpyns0CyoRJPkJNdPQeNwysjdlExP4MQThgq7cAs-u7-3bvxMmAAh3bi-1De1rHI-A&storeId=3081&couponState=na&bkt=ace1_default%7Cace2_default%7Cace3_default%7Ccoldstart_off%7Csearch_default&classType=REGULAR&athbdg=L1102,$199.00,4.5,539
smartphone,Lenovo IdeaPad Slim 3 15.6 inch FHD Touch Windows Laptop AMD Ryzen 7-7730U 16GB RAM 512GB SSD Abyss Blue,https://www.walmart.com/sp/track?bt=1&eventST=click&plmt=sp-search-middle~desktop~&pos=4&tax=1085632_1071204_5186082_4126170_5681475&rdf=1&rd=https%3A%2F%2Fwww.walmart.com%2Fip%2FLenovo-Ideapad-Slim-3-15-6-inch-FHD-IPS-Touch-Laptop-AMD-Ryzen-7-7730U-16GB-RAM-512GB-SSD-Abyss-Blue%2F5098188190%3FclassType%3DREGULAR%26athbdg%3DL1102%26adsRedirect%3Dtrue&adUid=f54b225d-3edc-4109-8b87-a7313ab01a22&mloc=sp-search-middle&pltfm=desktop&pgId=laptop&pt=search&spQs=XkWjrDz8ODLO495J71dgaR8NUYi4zqxwDfuj33WgKWhggWzDgIMdhkkiVDcYbWvXh4SMnhzwDSqJsm4P8ZDwiA07kfe4sQFE6Ffv6msFRD51UI8ueM_1KM9zt0FqeNZOzENKgnIxf3_JRCAkaSuZRaeXVSLcNwcz81R6YllDlLtqW56K-O8A7XGcixAl9ZeVDTbdwd81pTPK68HxnvwxjBPvuRp2wemmOfD_auk3Y1KXlpXC5SMKiFDMmgD104a2OYiE3NKa97Br6PAAE_hswsNTl62ubbhc8wQo7uHqEp0&storeId=3081&couponState=na&bkt=ace1_default%7Cace2_default%7Cace3_default%7Ccoldstart_off%7Csearch_default&classType=REGULAR&athbdg=L1102,$429.00,4.6,137
smartphone,"ASUS ROG Strix G17 (2023) 17.3 QHD 240Hz Gaming Laptop, AMD Ryzen 9-7845HX, NVIDIA GeForce RTX 4060, 16GB DDR5 RAM, 1TB SSD, Windows 11, G713PV-WS94",https://www.walmart.com/ip/ASUS-ROG-Strix-G17-17-3-inch-WQHD-240Hz-Gaming-Laptop-AMD-Ryzen-9-7845HX-NVIDIA-GeForce-RTX-4060-16GB-DDR5-1TB-SSD-Eclipse-Gray-2023/2103957626?classType=REGULAR&from=/search,"$1,389.99",4.5,299
smartphone,"KUU 15.6in 1080p FHD Laptop, Intel Celeron, 16GB RAM 512GB SSD, Windows 11 Pro",https://www.walmart.com/ip/15-6-KUU-Laptop-Intel-Celeron-N5095-16GB-RAM-512GB-SSD-Win-11-Pro-Backlit-Keyboard-Wifi-Bluetooth/1057434650?classType=REGULAR&from=/search,$295.00,3.2,354
smartphone,"HP Stream 14 Laptop, Intel Celeron N4000, 4GB SDRAM, 32GB eMMC, Office 365 1-yr, Brilliant Black",https://www.walmart.com/ip/HP-Stream-14-Laptop-Intel-Celeron-N4000-4GB-SDRAM-32GB-eMMC-Office-365-1-yr-Brilliant-Black/470907822?classType=VARIANT&from=/search,$236.00,3.6,697
smartphone,HP Pavilion 16 inch Laptop AMD Ryzen 7-8840U AI PC 8GB RAM 512GB SSD Meteor Silver,https://www.walmart.com/ip/HP-Pavilion-16-inch-Laptop-AMD-Ryzen-7-8840U-8GB-RAM-512GB-SSD-Meteor-Silver/5144705567?classType=REGULAR&from=/search,$649.00,4.2,22
smartphone,"Acer Nitro V - 15.6"" - Intel Core i9-13900H - GeForce RTX 4060 Laptop GPU - 16 GB DDR5 - 512 GB PCIe SSD - Windows 11 Home 64-bit - Gaming Laptop (ANV15-51-98N0 )",https://www.walmart.com/ip/Acer-Nitro-V-15-6-144-Hz-IPS-Intel-Core-i9-13900H-GeForce-RTX-4060-Laptop-GPU-16-GB-DDR5-512-PCIe-SSD-Windows-11-Home-64-bit-Gaming-ANV15-51-98N0/5609511391?classType=REGULAR&from=/search,$999.99,5.0,3
smartphone,"HP Chromebook X360 14"" HD Touchscreen 2-in-1 Laptop, Intel Celeron N4020, 4GB RAM, 64GB eMMC, Teal, 14a-ca0130wm",https://www.walmart.com/ip/HP-Chromebook-X360-14-HD-Touchscreen-2-in-1-Laptop-Intel-Celeron-N4020-4GB-RAM-64GB-eMMC-Teal-14a-ca0130wm/518977383?classType=REGULAR&from=/search,$289.00,4.4,1305
smartphone,Acer Chromebook 315 15.6 inch Laptop Intel Processor N4500 4GB RAM 64GB eMMC Pure Silver,https://www.walmart.com/sp/track?bt=1&eventST=click&plmt=sp-search-middle~desktop~&pos=1&tax=1085632_1071204_5186082_4126170_5681475&rdf=1&rd=https%3A%2F%2Fwww.walmart.com%2Fip%2FAcer-Chromebook-315-15-6-inch-Laptop-Intel-Processor-N4500-4GB-RAM-64GB-eMMC-Pure-Silver%2F3193557250%3FclassType%3DVARIANT%26athbdg%3DL1102%26adsRedirect%3Dtrue&adUid=0bff47bc-2f89-4049-95c4-ca659c0458cc&mloc=sp-search-middle&pltfm=desktop&pgId=laptop&pt=search&spQs=KhmMUJ7LZFwOTYtKUcpHBA8hEP3gwCceFo0b2cpQOyFZsq6946ZpvNiNyz4U3SdUThZWz9XmmmrKUEPO10_ARt2a8Ls-Lp7ZKk1ud3HBE9iFgoUJ6stmxoYwbaCyT_OAYZ4KtiBPCx4yjAN4mn2ColaGogX-ZZD7p-QTyylw69_lXrZrCTDvYjvjRlczJPLEzaYMyT9EyjIpGo_ZSgWaWhY0FNE2CneeVJIISH22b2rfFA-PE1RJSg3wUgXXZ_EmZOVKVN7iZqSiPWzY2i5thOqeUkuzemiGjAkJEVPvpWU&storeId=3081&couponState=na&bkt=ace1_default%7Cace2_default%7Cace3_default%7Ccoldstart_off%7Csearch_default&classType=VARIANT&athbdg=L1102,$139.00,4.4,3857
smartphone,ASUS Chromebook Plus CX34 14 inch Touch Laptop with Google AI Intel Core i3-1215U 8GB RAM 128GB UFS Gray,https://www.walmart.com/sp/track?bt=1&eventST=click&plmt=sp-search-middle~desktop~&pos=2&tax=1085632_1071204_5186082_4126170_5681475&rdf=1&rd=https%3A%2F%2Fwww.walmart.com%2Fip%2FASUS-Chromebook-Plus-CX34-14-inch-Touch-Laptop-with-Google-AI-Intel-Core-i3-1215U-8GB-RAM-128GB-UFS-Gray%2F5098188355%3FclassType%3DREGULAR%26adsRedirect%3Dtrue&adUid=0bff47bc-2f89-4049-95c4-ca659c0458cc&mloc=sp-search-middle&pltfm=desktop&pgId=laptop&pt=search&spQs=HU2G_1p-1zcDHRrB49pHGYH-P_qh9iiJU4nteXE1_y1gJa0A2XyT8t3wKZ8luJ_BTAeFFA8hiGymLi7TwdciDKVtzSRU1e7dk8-fjearo5Hg2e4WO02Ii9J-wEDrON_S6rxkBuvclEdyvdmax0wrfW0LIA3kTLmAkpPMjMfSvgnRrz9Mxz1Hw7nUq4SyxoFLfonZ6ccMlO0nfiQHy97_ApRwUdSU9qPYECfxDgfwp5gBqVE9gNL48ee4bsVY9WeZkWp_6oFq82PTlPU2rak16G7PsNtvbRQ5MfQ0hp5k7Gs&storeId=3081&couponState=na&bkt=ace1_default%7Cace2_default%7Cace3_default%7Ccoldstart_off%7Csearch_default&classType=REGULAR,$329.00,4.5,71
smartphone,HP Chromebook x360 14 inch FHD IPS Touch 2-in-1 Laptop Intel Processor N100 4GB RAM 64GB eMMC Sky Blue,https://www.walmart.com/sp/track?bt=1&eventST=click&plmt=sp-search-middle~desktop~&pos=3&tax=1085632_1071204_5186082_4126170_5681475&rdf=1&rd=https%3A%2F%2Fwww.walmart.com%2Fip%2FHP-Chromebook-X360-14-inch-FHD-IPS-Touch-2-in-1-Laptop-Intel-Processor-N100-4GB-RAM-64GB-eMMC-Sky-Blue%2F5123764557%3FclassType%3DREGULAR%26athbdg%3DL1102%26adsRedirect%3Dtrue&adUid=0bff47bc-2f89-4049-95c4-ca659c0458cc&mloc=sp-search-middle&pltfm=desktop&pgId=laptop&pt=search&spQs=9J0Na0lqq3LXzC4SMNSY7CzcW1Ey4xZNTLTEW8CTin6KrEFkQxOlrB6nXmpL3WwDKwhC0PwHUjpNG2TR1E_iUt2a8Ls-Lp7ZKk1ud3HBE9gQXFv1Lbsd3MMcG7V7_G4a3Qj_a6g5U4WnCQRPqL1wPLCTwzQ21r4umYfVPIq7otY3Plo8uiLQATrl-NYKsj5Zyns0CyoRJPkJNdPQeNwysjdlExP4MQThgq7cAs-u7-3bvxMmAAh3bi-1De1rHI-A&storeId=3081&couponState=na&bkt=ace1_default%7Cace2_default%7Cace3_default%7Ccoldstart_off%7Csearch_default&classType=REGULAR&athbdg=L1102,$199.00,4.5,539
smartphone,Lenovo IdeaPad Slim 3 15.6 inch FHD Touch Windows Laptop AMD Ryzen 7-7730U 16GB RAM 512GB SSD Abyss Blue,https://www.walmart.com/sp/track?bt=1&eventST=click&plmt=sp-search-middle~desktop~&pos=4&tax=1085632_1071204_5186082_4126170_5681475&rdf=1&rd=https%3A%2F%2Fwww.walmart.com%2Fip%2FLenovo-Ideapad-Slim-3-15-6-inch-FHD-IPS-Touch-Laptop-AMD-Ryzen-7-7730U-16GB-RAM-512GB-SSD-Abyss-Blue%2F5098188190%3FclassType%3DREGULAR%26athbdg%3DL1102%26adsRedirect%3Dtrue&adUid=0bff47bc-2f89-4049-95c4-ca659c0458cc&mloc=sp-search-middle&pltfm=desktop&pgId=laptop&pt=search&spQs=XkWjrDz8ODLO495J71dgaR8NUYi4zqxwDfuj33WgKWhggWzDgIMdhkkiVDcYbWvXh4SMnhzwDSqJsm4P8ZDwiKVtzSRU1e7dk8-fjearo5FZxTCo8z5SevUm4mJQr8B1zENKgnIxf3_JRCAkaSuZRQEhNOivEskjU_pbBzsHM1MVK3wh0oMD-mHd4nFqavccJDemNBHZGQ16aUYc3PhOmXaqxpJCmlU6WH7lsUGUVnVxZLBu6uFISO-lPV1eUOhYrFStnDFmE4yvL64KqG5JvtjoH7Fkas0-NjJ6XSfDXVk&storeId=3081&couponState=na&bkt=ace1_default%7Cace2_default%7Cace3_default%7Ccoldstart_off%7Csearch_default&classType=REGULAR&athbdg=L1102,$429.00,4.6,137
smartphone,"HP 15.6"" FHD Notebook Intel Core i5-1235U 8GB RAM 512GB SSD Natural Silver 15-fd0999nr - Intel Core i5-1235U Deca-core - 15.6"" FHD (1920x1080) Anti-glare Display - 8GB DDR4 Memory - 512GB SSD Stora...",https://www.walmart.com/ip/HP-15-6-FHD-Notebook-Intel-Core-i5-1235U-8GB-RAM-512GB-SSD-Natural-Silver-15-fd0999nr/5499636733?classType=REGULAR&athbdg=L1600&from=/search,$349.99,4.4,30
smartphone,HP Windows Desktop Intel Core i5-13400 12GB RAM 512GB SSD Dark Black,https://www.walmart.com/ip/HP-Desktop-Intel-Core-i5-13400-12GB-RAM-512GB-SSD-Dark-Black/5096127127?classType=REGULAR&athbdg=L1300&from=/search,$539.00,4.5,92
smartphone,"MSI Cyborg Gaming Laptop - 15.6"" IPS FHD -13th Gen Intel Core i7-13620H - GeForce RTX 4050 - 144HZ 1080p - 16GB RAM - 512GB SSD - A13VE-218US Notebook PC",https://www.walmart.com/ip/MSI-CYBORG1513218-Cyborg-15-A13ve-218us/5037134698?classType=REGULAR&from=/search,$799.00,4.3,14
smartphone,"Restored Apple MacBook Air 13.3"" Laptop (2017) MQD32LL/A Intel Core i5 - 8GB Memory, 128GB SSD - Silver (Refurbished)",https://www.walmart.com/ip/Restored-Apple-MacBook-Air-13-3-Laptop-2017-MQD32LL-A-Intel-Core-i5-8GB-Memory-128GB-SSD-Silver-Refurbished/275341764?classType=REGULAR&athbdg=L1600&from=/search,$176.37,3.8,93
smartphone,"Restored Apple 13.3"" MacBook Air (Intel Core i5, Silver, 8GB RAM, 128GB SSD, Mid 2017) (Refurbished)",https://www.walmart.com/ip/Restored-Apple-13-3-MacBook-Air-Intel-Core-i5-Silver-8GB-RAM-128GB-SSD-Mid-2017-Refurbished/446815488?classType=VARIANT&athbdg=L1600&from=/search,$164.99,3.5,61
smartphone,"Lenovo LOQ 15.6 FHD 144Hz Gaming Laptop, Intel Core i5-13420H, NVIDIA GeForce GTX 3050 6GB, 16GB RAM, 512GB SSD, Storm Grey, Windows 11, 82XV0094US",https://www.walmart.com/ip/Lenovo-LOQ-15-6-FHD-144Hz-Gaming-Laptop-Intel-Core-i5-13420H-NVIDIA-GeForce-GTX-3050-6GB-16GB-RAM-512GB-SSD-Storm-Grey-Windows-11-82XV0094US/3685906294?classType=REGULAR&from=/search,$848.80,4.7,22
smartphone,Acer Chromebook 315 15.6 inch Laptop Intel Processor N4500 4GB RAM 64GB eMMC Pure Silver,https://www.walmart.com/sp/track?bt=1&eventST=click&plmt=sp-search-middle~desktop~&pos=1&tax=1085632_1071204_5186082_4126170_5681475&rdf=1&rd=https%3A%2F%2Fwww.walmart.com%2Fip%2FAcer-Chromebook-315-15-6-inch-Laptop-Intel-Processor-N4500-4GB-RAM-64GB-eMMC-Pure-Silver%2F3193557250%3FclassType%3DVARIANT%26athbdg%3DL1102%26adsRedirect%3Dtrue&adUid=7eeb9c21-8e7a-4372-b969-0eb6feda1d93&mloc=sp-search-middle&pltfm=desktop&pgId=laptop&pt=search&spQs=KhmMUJ7LZFwOTYtKUcpHBA8hEP3gwCceFo0b2cpQOyFZsq6946ZpvNiNyz4U3SdUP4aZhgo_bLlueIDBcxd_lcwQI0ZIGstfRdbNUysxW4WFgoUJ6stmxoYwbaCyT_OAaW7qyEAOBuOsL7V5nUtUGrv8G1JTPE0x6yGjbMYVGCS_BpAMhDupixEy1GH8xN0mzaYMyT9EyjIpGo_ZSgWaWhY0FNE2CneeVJIISH22b2rfFA-PE1RJSg3wUgXXZ_EmZOVKVN7iZqSiPWzY2i5thOqeUkuzemiGjAkJEVPvpWU&storeId=3081&couponState=na&bkt=ace1_default%7Cace2_default%7Cace3_default%7Ccoldstart_on%7Csearch_default&classType=VARIANT&athbdg=L1102,$139.00,4.4,3857
smartphone,ASUS Chromebook Plus CX34 14 inch Touch Laptop with Google AI Intel Core i3-1215U 8GB RAM 128GB UFS Gray,https://www.walmart.com/sp/track?bt=1&eventST=click&plmt=sp-search-middle~desktop~&pos=2&tax=1085632_1071204_5186082_4126170_5681475&rdf=1&rd=https%3A%2F%2Fwww.walmart.com%2Fip%2FASUS-Chromebook-Plus-CX34-14-inch-Touch-Laptop-with-Google-AI-Intel-Core-i3-1215U-8GB-RAM-128GB-UFS-Gray%2F5098188355%3FclassType%3DREGULAR%26adsRedirect%3Dtrue&adUid=7eeb9c21-8e7a-4372-b969-0eb6feda1d93&mloc=sp-search-middle&pltfm=desktop&pgId=laptop&pt=search&spQs=HU2G_1p-1zcDHRrB49pHGYH-P_qh9iiJU4nteXE1_y1gJa0A2XyT8t3wKZ8luJ_BTAeFFA8hiGymLi7TwdciDC8hKkhtg6ZKpDsALxRMaJ7g2e4WO02Ii9J-wEDrON_S6rxkBuvclEdyvdmax0wrfW0LIA3kTLmAkpPMjMfSvgnRrz9Mxz1Hw7nUq4SyxoFLfonZ6ccMlO0nfiQHy97_ApRwUdSU9qPYECfxDgfwp5gBqVE9gNL48ee4bsVY9WeZkWp_6oFq82PTlPU2rak16G7PsNtvbRQ5MfQ0hp5k7Gs&storeId=3081&couponState=na&bkt=ace1_default%7Cace2_default%7Cace3_default%7Ccoldstart_on%7Csearch_default&classType=REGULAR,$329.00,4.5,71
smartphone,HP Chromebook x360 14 inch FHD IPS Touch 2-in-1 Laptop Intel Processor N100 4GB RAM 64GB eMMC Sky Blue,https://www.walmart.com/sp/track?bt=1&eventST=click&plmt=sp-search-middle~desktop~&pos=3&tax=1085632_1071204_5186082_4126170_5681475&rdf=1&rd=https%3A%2F%2Fwww.walmart.com%2Fip%2FHP-Chromebook-X360-14-inch-FHD-IPS-Touch-2-in-1-Laptop-Intel-Processor-N100-4GB-RAM-64GB-eMMC-Sky-Blue%2F5123764557%3FclassType%3DREGULAR%26athbdg%3DL1102%26adsRedirect%3Dtrue&adUid=7eeb9c21-8e7a-4372-b969-0eb6feda1d93&mloc=sp-search-middle&pltfm=desktop&pgId=laptop&pt=search&spQs=9J0Na0lqq3LXzC4SMNSY7CzcW1Ey4xZNTLTEW8CTin6KrEFkQxOlrB6nXmpL3WwDKwhC0PwHUjpNG2TR1E_iUswQI0ZIGstfRdbNUysxW4UQXFv1Lbsd3MMcG7V7_G4a3Qj_a6g5U4WnCQRPqL1wPLCTwzQ21r4umYfVPIq7otY3Plo8uiLQATrl-NYKsj5Zyns0CyoRJPkJNdPQeNwysjdlExP4MQThgq7cAs-u7-3bvxMmAAh3bi-1De1rHI-A&storeId=3081&couponState=na&bkt=ace1_default%7Cace2_default%7Cace3_default%7Ccoldstart_on%7Csearch_default&classType=REGULAR&athbdg=L1102,$199.00,4.5,539
smartphone,Lenovo IdeaPad Slim 3 15.6 inch FHD Touch Windows Laptop AMD Ryzen 7-7730U 16GB RAM 512GB SSD Abyss Blue,https://www.walmart.com/sp/track?bt=1&eventST=click&plmt=sp-search-middle~desktop~&pos=4&tax=1085632_1071204_5186082_4126170_5681475&rdf=1&rd=https%3A%2F%2Fwww.walmart.com%2Fip%2FLenovo-Ideapad-Slim-3-15-6-inch-FHD-IPS-Touch-Laptop-AMD-Ryzen-7-7730U-16GB-RAM-512GB-SSD-Abyss-Blue%2F5098188190%3FclassType%3DREGULAR%26athbdg%3DL1102%26adsRedirect%3Dtrue&adUid=7eeb9c21-8e7a-4372-b969-0eb6feda1d93&mloc=sp-search-middle&pltfm=desktop&pgId=laptop&pt=search&spQs=XkWjrDz8ODLO495J71dgaR8NUYi4zqxwDfuj33WgKWhggWzDgIMdhkkiVDcYbWvXh4SMnhzwDSqJsm4P8ZDwiC8hKkhtg6ZKpDsALxRMaJ5ZxTCo8z5SevUm4mJQr8B1zENKgnIxf3_JRCAkaSuZRQEhNOivEskjU_pbBzsHM1MVK3wh0oMD-mHd4nFqavccJDemNBHZGQ16aUYc3PhOmXaqxpJCmlU6WH7lsUGUVnVxZLBu6uFISO-lPV1eUOhYrFStnDFmE4yvL64KqG5JvtjoH7Fkas0-NjJ6XSfDXVk&storeId=3081&couponState=na&bkt=ace1_default%7Cace2_default%7Cace3_default%7Ccoldstart_on%7Csearch_default&classType=REGULAR&athbdg=L1102,$429.00,4.6,137
smartphone,"HP 14"" FHD Pavilion x360 Laptop, Intel Core i5-1235U, 8GB, 256GB, Silver, Windows 11, 14-dy2050wm",https://www.walmart.com/ip/HP-14-FHD-Pavilion-x360-Laptop-Intel-Core-i5-1235U-8GB-256GB-Silver-Windows-11-14-dy2050wm/753966076?classType=REGULAR&from=/search,$478.90,4.2,267
smartphone,"ASUS Vivobook 15.6” FHD Touch PC Laptop, Intel Core i5-1135G7, 8GB, 512GB, Win 11 Home, F515EA-WH52",https://www.walmart.com/ip/ASUS-Vivobook-15-6-FHD-Touch-PC-Laptop-Intel-Core-i5-1135G7-8GB-512GB-Win-11-Home-F515EA-WH52/2340855991?classType=VARIANT&from=/search,$369.00,4.5,343
smartphone,"Lenovo IdeaPad Flex 5i 14"" FHD 2-in-1 Touchscreen Laptop, Intel Core i3-1115G4, 4GB RAM, 128GB SSD, Graphite Gray, Windows 11 in S Mode, 82HS00R9US",https://www.walmart.com/ip/Lenovo-Flex-5i-14-0-FHD-Touch-Core-i3-1115G4-4GB-128GB-Graphite-Grey-Windows-11-S-82HS00R9US/866819117?classType=VARIANT&from=/search,$309.00,3.7,276
smartphone,"ASUS Vivobook 15 laptop, 15.6” Touch, Intel Core i7-1255U, 16GB RAM, 512GB SSD, Quiet Blue, Windows 11 Home",https://www.walmart.com/ip/ASUS-Vivobook-15-laptop-15-6-Touch-Intel-Core-i7-1255U-16GB-RAM-512GB-SSD-Quiet-Blue-Windows-11-Home/2471038977?classType=VARIANT&from=/search,$569.98,4.6,590
smartphone,"HP 15.6"" Pentium 4GB/128GB Laptop-Scarlet Red",https://www.walmart.com/ip/HP-15-dw0083wm-15-6-HD-Pentium-Silver-N5000-1-1GHz-Intel-UHD-Graphics-605-4GB-RAM-128GB-SSD-Windows-10-Scarlet-red/363405465?classType=VARIANT&from=/search,$275.00,3.8,4321
smartphone,"HP 15.6"" HD Business Laptop Touchscreen, Intel Core i3-1215U, 16GB RAM, 1TB SSD, Intel UHD Graphics, Wi-Fi, Bluetooth, Webcam, Media Card Reader, Numeric Keypad, Windows 11 Home, Cefesfy LaptopStand",https://www.walmart.com/ip/HP-15-6-HD-Business-Laptop-Touchscreen-Intel-Core-i3-1215U-16GB-RAM-1TB-SSD-UHD-Graphics-Wi-Fi-Bluetooth-Webcam-Media-Card-Reader-Numeric-Keypad-Wind/5310462760?classType=VARIANT&from=/search,$495.90,4.7,104
headphones,Acer Chromebook 315 15.6 inch Laptop Intel Processor N4500 4GB RAM 64GB eMMC Pure Silver,https://www.walmart.com/sp/track?bt=1&eventST=click&plmt=sp-search-middle~desktop~&pos=1&tax=1085632_1071204_5186082_4126170_5681475&rdf=1&rd=https%3A%2F%2Fwww.walmart.com%2Fip%2FAcer-Chromebook-315-15-6-inch-Laptop-Intel-Processor-N4500-4GB-RAM-64GB-eMMC-Pure-Silver%2F3193557250%3FclassType%3DVARIANT%26athbdg%3DL1102%26adsRedirect%3Dtrue&adUid=481e7195-84f4-4391-bd68-4c04365b2f00&mloc=sp-search-middle&pltfm=desktop&pgId=laptop&pt=search&spQs=KhmMUJ7LZFwOTYtKUcpHBA8hEP3gwCceFo0b2cpQOyFZsq6946ZpvNiNyz4U3SdUThZWz9XmmmrKUEPO10_ARjixaRjxd6ZpQX1bnBjR8OOFgoUJ6stmxoYwbaCyT_OAYZ4KtiBPCx4yjAN4mn2ColaGogX-ZZD7p-QTyylw69_lXrZrCTDvYjvjRlczJPLEzaYMyT9EyjIpGo_ZSgWaWhY0FNE2CneeVJIISH22b2rfFA-PE1RJSg3wUgXXZ_EmZOVKVN7iZqSiPWzY2i5thOqeUkuzemiGjAkJEVPvpWU&storeId=3081&couponState=na&bkt=ace1_default%7Cace2_default%7Cace3_default%7Ccoldstart_off%7Csearch_default&classType=VARIANT&athbdg=L1102,$139.00,4.4,3857
headphones,ASUS Chromebook Plus CX34 14 inch Touch Laptop with Google AI Intel Core i3-1215U 8GB RAM 128GB UFS Gray,https://www.walmart.com/sp/track?bt=1&eventST=click&plmt=sp-search-middle~desktop~&pos=2&tax=1085632_1071204_5186082_4126170_5681475&rdf=1&rd=https%3A%2F%2Fwww.walmart.com%2Fip%2FASUS-Chromebook-Plus-CX34-14-inch-Touch-Laptop-with-Google-AI-Intel-Core-i3-1215U-8GB-RAM-128GB-UFS-Gray%2F5098188355%3FclassType%3DREGULAR%26adsRedirect%3Dtrue&adUid=481e7195-84f4-4391-bd68-4c04365b2f00&mloc=sp-search-middle&pltfm=desktop&pgId=laptop&pt=search&spQs=HU2G_1p-1zcDHRrB49pHGYH-P_qh9iiJU4nteXE1_y1gJa0A2XyT8t3wKZ8luJ_BTAeFFA8hiGymLi7TwdciDJY5d2G9dj6oJgfVgOXgtEfg2e4WO02Ii9J-wEDrON_S6rxkBuvclEdyvdmax0wrfW0LIA3kTLmAkpPMjMfSvgnRrz9Mxz1Hw7nUq4SyxoFLfonZ6ccMlO0nfiQHy97_ApRwUdSU9qPYECfxDgfwp5gBqVE9gNL48ee4bsVY9WeZkWp_6oFq82PTlPU2rak16G7PsNtvbRQ5MfQ0hp5k7Gs&storeId=3081&couponState=na&bkt=ace1_default%7Cace2_default%7Cace3_default%7Ccoldstart_off%7Csearch_default&classType=REGULAR,$329.00,4.5,71
headphones,HP Chromebook x360 14 inch FHD IPS Touch 2-in-1 Laptop Intel Processor N100 4GB RAM 64GB eMMC Sky Blue,https://www.walmart.com/sp/track?bt=1&eventST=click&plmt=sp-search-middle~desktop~&pos=3&tax=1085632_1071204_5186082_4126170_5681475&rdf=1&rd=https%3A%2F%2Fwww.walmart.com%2Fip%2FHP-Chromebook-X360-14-inch-FHD-IPS-Touch-2-in-1-Laptop-Intel-Processor-N100-4GB-RAM-64GB-eMMC-Sky-Blue%2F5123764557%3FclassType%3DREGULAR%26athbdg%3DL1102%26adsRedirect%3Dtrue&adUid=481e7195-84f4-4391-bd68-4c04365b2f00&mloc=sp-search-middle&pltfm=desktop&pgId=laptop&pt=search&spQs=9J0Na0lqq3LXzC4SMNSY7CzcW1Ey4xZNTLTEW8CTin6KrEFkQxOlrB6nXmpL3WwDKwhC0PwHUjpNG2TR1E_iUjixaRjxd6ZpQX1bnBjR8OMQXFv1Lbsd3MMcG7V7_G4a3Qj_a6g5U4WnCQRPqL1wPLCTwzQ21r4umYfVPIq7otY3Plo8uiLQATrl-NYKsj5Zyns0CyoRJPkJNdPQeNwysjdlExP4MQThgq7cAs-u7-3bvxMmAAh3bi-1De1rHI-A&storeId=3081&couponState=na&bkt=ace1_default%7Cace2_default%7Cace3_default%7Ccoldstart_off%7Csearch_default&classType=REGULAR&athbdg=L1102,$199.00,4.5,539
headphones,Lenovo IdeaPad Slim 3 15.6 inch FHD Touch Windows Laptop AMD Ryzen 7-7730U 16GB RAM 512GB SSD Abyss Blue,https://www.walmart.com/sp/track?bt=1&eventST=click&plmt=sp-search-middle~desktop~&pos=4&tax=1085632_1071204_5186082_4126170_5681475&rdf=1&rd=https%3A%2F%2Fwww.walmart.com%2Fip%2FLenovo-Ideapad-Slim-3-15-6-inch-FHD-IPS-Touch-Laptop-AMD-Ryzen-7-7730U-16GB-RAM-512GB-SSD-Abyss-Blue%2F5098188190%3FclassType%3DREGULAR%26athbdg%3DL1102%26adsRedirect%3Dtrue&adUid=481e7195-84f4-4391-bd68-4c04365b2f00&mloc=sp-search-middle&pltfm=desktop&pgId=laptop&pt=search&spQs=XkWjrDz8ODLO495J71dgaR8NUYi4zqxwDfuj33WgKWhggWzDgIMdhkkiVDcYbWvXh4SMnhzwDSqJsm4P8ZDwiJY5d2G9dj6oJgfVgOXgtEdZxTCo8z5SevUm4mJQr8B1zENKgnIxf3_JRCAkaSuZRQEhNOivEskjU_pbBzsHM1MVK3wh0oMD-mHd4nFqavccJDemNBHZGQ16aUYc3PhOmXaqxpJCmlU6WH7lsUGUVnVxZLBu6uFISO-lPV1eUOhYrFStnDFmE4yvL64KqG5JvtjoH7Fkas0-NjJ6XSfDXVk&storeId=3081&couponState=na&bkt=ace1_default%7Cace2_default%7Cace3_default%7Ccoldstart_off%7Csearch_default&classType=REGULAR&athbdg=L1102,$429.00,4.6,137
headphones,Lenovo IdeaPad 1i 15.6 inch Windows Laptop Intel Core i5-1235U 8GB RAM 256GB SSD Abyss Blue,https://www.walmart.com/ip/Lenovo-IdeaPad-1i-15-6-Intel-Core-i5-1235U-8GB-RAM-256-GB-SSD-Abyss-Blue-Windows-11-in-S-Mode-82QD00GNUS/5698519717?classType=REGULAR&athbdg=L1102&from=/search,$299.00,4.4,59
headphones,Lenovo IdeaPad Slim 3 15.6 inch FHD Touch Windows Laptop AMD Ryzen 7-7730U 16GB RAM 512GB SSD Abyss Blue,https://www.walmart.com/ip/Lenovo-Ideapad-Slim-3-15-6-inch-FHD-IPS-Touch-Laptop-AMD-Ryzen-7-7730U-16GB-RAM-512GB-SSD-Abyss-Blue/5098188190?classType=REGULAR&athbdg=L1102&from=/search,$429.00,4.6,137
headphones,HP 15.6 inch Windows Laptop Intel Processor N200 4GB RAM 128GB UFS Scarlet Red (12-mo. Microsoft 365 included),https://www.walmart.com/ip/HP-15-6-inch-Laptop-Intel-Processor-N200-4GB-RAM-128GB-UFS-Scarlet-Red-12-mo-Microsoft-365-included/2706605807?classType=VARIANT&athbdg=L1102&from=/search,$199.00,4.2,4512
headphones,HP 15.6 inch Windows Laptop Intel Core i3-N305 8GB RAM 256GB SSD Natural Silver,https://www.walmart.com/ip/HP-15-6-inch-Laptop-Intel-Core-i3-N305-8GB-RAM-256GB-SSD-Natural-Silver/5098188131?classType=VARIANT&from=/search,$279.90,4.5,969
headphones,HP Chromebook 14 inch Laptop Intel Processor N200 4GB RAM 128GB UFS Glacier Silver,https://www.walmart.com/ip/HP-Chromebook-14-inch-Laptop-Intel-Processor-N200-4GB-RAM-128GB-UFS-Glacier-Silver/5098188136?classType=REGULAR&from=/search,$183.94,4.5,641
headphones,Acer Chromebook 315 15.6 inch Laptop Intel Processor N4500 4GB RAM 64GB eMMC Pure Silver,https://www.walmart.com/sp/track?bt=1&eventST=click&plmt=sp-search-middle~desktop~&pos=1&tax=1085632_1071204_5186082_4126170_5681475&rdf=1&rd=https%3A%2F%2Fwww.walmart.com%2Fip%2FAcer-Chromebook-315-15-6-inch-Laptop-Intel-Processor-N4500-4GB-RAM-64GB-eMMC-Pure-Silver%2F3193557250%3FclassType%3DVARIANT%26athbdg%3DL1102%26adsRedirect%3Dtrue&adUid=40723026-5731-405d-9004-4acd3a49ebce&mloc=sp-search-middle&pltfm=desktop&pgId=laptop&pt=search&spQs=KhmMUJ7LZFwOTYtKUcpHBA8hEP3gwCceFo0b2cpQOyFZsq6946ZpvNiNyz4U3SdUThZWz9XmmmrKUEPO10_ARv_bB35lrFTwxXjaMw2308qFgoUJ6stmxoYwbaCyT_OAYZ4KtiBPCx4yjAN4mn2ColaGogX-ZZD7p-QTyylw69_lXrZrCTDvYjvjRlczJPLEzaYMyT9EyjIpGo_ZSgWaWhY0FNE2CneeVJIISH22b2rfFA-PE1RJSg3wUgXXZ_EmZOVKVN7iZqSiPWzY2i5thOqeUkuzemiGjAkJEVPvpWU&storeId=3081&couponState=na&bkt=ace1_default%7Cace2_default%7Cace3_default%7Ccoldstart_off%7Csearch_default&classType=VARIANT&athbdg=L1102,$139.00,4.4,3857
headphones,ASUS Chromebook Plus CX34 14 inch Touch Laptop with Google AI Intel Core i3-1215U 8GB RAM 128GB UFS Gray,https://www.walmart.com/sp/track?bt=1&eventST=click&plmt=sp-search-middle~desktop~&pos=2&tax=1085632_1071204_5186082_4126170_5681475&rdf=1&rd=https%3A%2F%2Fwww.walmart.com%2Fip%2FASUS-Chromebook-Plus-CX34-14-inch-Touch-Laptop-with-Google-AI-Intel-Core-i3-1215U-8GB-RAM-128GB-UFS-Gray%2F5098188355%3FclassType%3DREGULAR%26adsRedirect%3Dtrue&adUid=40723026-5731-405d-9004-4acd3a49ebce&mloc=sp-search-middle&pltfm=desktop&pgId=laptop&pt=search&spQs=HU2G_1p-1zcDHRrB49pHGYH-P_qh9iiJU4nteXE1_y1gJa0A2XyT8t3wKZ8luJ_BTAeFFA8hiGymLi7TwdciDLQSwKTz47mTd0QIZXrcVijg2e4WO02Ii9J-wEDrON_S6rxkBuvclEdyvdmax0wrfW0LIA3kTLmAkpPMjMfSvgnRrz9Mxz1Hw7nUq4SyxoFLfonZ6ccMlO0nfiQHy97_ApRwUdSU9qPYECfxDgfwp5gBqVE9gNL48ee4bsVY9WeZkWp_6oFq82PTlPU2rak16G7PsNtvbRQ5MfQ0hp5k7Gs&storeId=3081&couponState=na&bkt=ace1_default%7Cace2_default%7Cace3_default%7Ccoldstart_off%7Csearch_default&classType=REGULAR,$329.00,4.5,71
headphones,HP Chromebook x360 14 inch FHD IPS Touch 2-in-1 Laptop Intel Processor N100 4GB RAM 64GB eMMC Sky Blue,https://www.walmart.com/sp/track?bt=1&eventST=click&plmt=sp-search-middle~desktop~&pos=3&tax=1085632_1071204_5186082_4126170_5681475&rdf=1&rd=https%3A%2F%2Fwww.walmart.com%2Fip%2FHP-Chromebook-X360-14-inch-FHD-IPS-Touch-2-in-1-Laptop-Intel-Processor-N100-4GB-RAM-64GB-eMMC-Sky-Blue%2F5123764557%3FclassType%3DREGULAR%26athbdg%3DL1102%26adsRedirect%3Dtrue&adUid=40723026-5731-405d-9004-4acd3a49ebce&mloc=sp-search-middle&pltfm=desktop&pgId=laptop&pt=search&spQs=9J0Na0lqq3LXzC4SMNSY7CzcW1Ey4xZNTLTEW8CTin6KrEFkQxOlrB6nXmpL3WwDKwhC0PwHUjpNG2TR1E_iUv_bB35lrFTwxXjaMw2308oQXFv1Lbsd3MMcG7V7_G4a3Qj_a6g5U4WnCQRPqL1wPLCTwzQ21r4umYfVPIq7otY3Plo8uiLQATrl-NYKsj5Zyns0CyoRJPkJNdPQeNwysjdlExP4MQThgq7cAs-u7-3bvxMmAAh3bi-1De1rHI-A&storeId=3081&couponState=na&bkt=ace1_default%7Cace2_default%7Cace3_default%7Ccoldstart_off%7Csearch_default&classType=REGULAR&athbdg=L1102,$199.00,4.5,539
headphones,Lenovo IdeaPad Slim 3 15.6 inch FHD Touch Windows Laptop AMD Ryzen 7-7730U 16GB RAM 512GB SSD Abyss Blue,https://www.walmart.com/sp/track?bt=1&eventST=click&plmt=sp-search-middle~desktop~&pos=4&tax=1085632_1071204_5186082_4126170_5681475&rdf=1&rd=https%3A%2F%2Fwww.walmart.com%2Fip%2FLenovo-Ideapad-Slim-3-15-6-inch-FHD-IPS-Touch-Laptop-AMD-Ryzen-7-7730U-16GB-RAM-512GB-SSD-Abyss-Blue%2F5098188190%3FclassType%3DREGULAR%26athbdg%3DL1102%26adsRedirect%3Dtrue&adUid=40723026-5731-405d-9004-4acd3a49ebce&mloc=sp-search-middle&pltfm=desktop&pgId=laptop&pt=search&spQs=XkWjrDz8ODLO495J71dgaR8NUYi4zqxwDfuj33WgKWhggWzDgIMdhkkiVDcYbWvXh4SMnhzwDSqJsm4P8ZDwiLQSwKTz47mTd0QIZXrcVihZxTCo8z5SevUm4mJQr8B1zENKgnIxf3_JRCAkaSuZRQEhNOivEskjU_pbBzsHM1MVK3wh0oMD-mHd4nFqavccJDemNBHZGQ16aUYc3PhOmXaqxpJCmlU6WH7lsUGUVnVxZLBu6uFISO-lPV1eUOhYrFStnDFmE4yvL64KqG5JvtjoH7Fkas0-NjJ6XSfDXVk&storeId=3081&couponState=na&bkt=ace1_default%7Cace2_default%7Cace3_default%7Ccoldstart_off%7Csearch_default&classType=REGULAR&athbdg=L1102,$429.00,4.6,137
headphones,"Auusda 15.6"" Laptop Intel Alder N95, 16GB RAM, 512GB SSD, Windows 11 Pro Work Computer, Fingerprint Reader, Backlit Keyboard, Silver",https://www.walmart.com/ip/Auusda-15-6-Laptop-Intel-Alder-N95-16GB-RAM-512GB-SSD-Windows-11-Pro-Work-Computer-Fingerprint-Reader-Backlit-Keyboard-Silver/1846202250?classType=VARIANT&athbdg=L1600&from=/search,$289.99,3.8,896
headphones,"ASUS TUF Gaming A16 Gaming/Entertainment Laptop (AMD Ryzen 7 7735HS 8-Core, 64GB DDR5 4800MHz RAM, 2TB PCIe SSD, Radeon RX 7700S, 16.0in 165 Hz Wide UXGA (1920x1200), Wifi, Win 11 Home)",https://www.walmart.com/ip/ASUS-TUF-Gaming-A16-Gaming-Entertainment-Laptop-AMD-Ryzen-7-7735HS-8-Core-64GB-DDR5-4800MHz-RAM-2TB-PCIe-SSD-Radeon-RX-7700S-16-0in-165-Hz-Wide-UXGA/6471613525?classType=REGULAR&from=/search,"$1,979.99",N/A,N/A
headphones,HP Victus 15.6 inch FHD IPS 144Hz Gaming Laptop AMD Ryzen 5-8645HS NVIDIA GeForce RTX 4050 8GB DDR5 512GB SSD Mica Silver (2024),https://www.walmart.com/ip/HP-Victus-15-6-inch-FHD-144Hz-Gaming-Laptop-AMD-Ryzen-5-8645HS-NVIDIA-GeForce-RTX-4050-8GB-DDR4-512GB-SSD-Mica-Silver-2024/5395277312?classType=REGULAR&athbdg=L1600&from=/search,$651.00,4.5,412
headphones,"ASUS 15.6"" FHD Laptop, Intel Pentium, 4GB RAM, 128GB eMMC, Windows 11 Home in S mode with One Year of Microsoft 365 included,  L510MA-WS21",https://www.walmart.com/ip/ASUS-15-6-FHD-Laptop-Intel-Pentium-4GB-RAM-128GB-eMMC-Windows-11-Home-in-S-mode-with-One-Year-of-Microsoft-365-included-L510MA-WS21/297174175?classType=VARIANT&from=/search,$236.90,3.9,2019
headphones,HP 15.6 inch Intel Processor N200 4GB RAM 128GB UFS Black (12-mo. Microsoft 365 included),https://www.walmart.com/ip/HP-15-6-HD-Laptop-Intel-N200-4GB-RAM-128GB-UFS-Windows-11-Home-in-S-Mode-15-fd0079wm/5536083697?classType=VARIANT&from=/search,$191.00,4.2,160
headphones,HP 15.6 inch Windows Laptop Intel Core i7-1355U 16GB RAM 1TB SSD Natural Silver,https://www.walmart.com/ip/HP-15-6-inch-Laptop-Intel-Core-i7-1355U-16GB-RAM-1TB-SSD-Natural-Silver/5098188130?classType=REGULAR&athbdg=L2000&from=/search,$699.00,4.2,216
headphones,Acer Chromebook 315 15.6 inch Laptop Intel Processor N4500 4GB RAM 64GB eMMC Pure Silver,https://www.walmart.com/sp/track?bt=1&eventST=click&plmt=sp-search-middle~desktop~&pos=1&tax=1085632_1071204_5186082_4126170_5681475&rdf=1&rd=https%3A%2F%2Fwww.walmart.com%2Fip%2FAcer-Chromebook-315-15-6-inch-Laptop-Intel-Processor-N4500-4GB-RAM-64GB-eMMC-Pure-Silver%2F3193557250%3FclassType%3DVARIANT%26athbdg%3DL1102%26adsRedirect%3Dtrue&adUid=775f2344-69a1-46f2-90a2-57c02f3f0eae&mloc=sp-search-middle&pltfm=desktop&pgId=laptop&pt=search&spQs=KhmMUJ7LZFwOTYtKUcpHBA8hEP3gwCceFo0b2cpQOyFZsq6946ZpvNiNyz4U3SdUySjoXGrLre4gnfS4cz4PkEXQw5AirDNMVM6cnzJk6WA-OrAvkR2QiZVBzsi4zJww1grGHdNx-9S083_kIsuHokGCJYXJQb_4zxGV0xryZPk0T2Pu_qYxrYnMFMoYiaP45Om9MEI1QvgsvGY15Cz3Kpg5sqKuRm1s9GUds2VM0ccgMnbG-OppiTZ3yjotQIBPUnF8xRsoRHv_37Ul5QrxYmCDgIzlW38Eak-HO6vevfo&storeId=3081&couponState=na&bkt=ace1_default%7Cace2_default%7Cace3_default%7Ccoldstart_on%7Csearch_default&classType=VARIANT&athbdg=L1102,$139.00,4.4,3857
headphones,ASUS Chromebook Plus CX34 14 inch Touch Laptop with Google AI Intel Core i3-1215U 8GB RAM 128GB UFS Gray,https://www.walmart.com/sp/track?bt=1&eventST=click&plmt=sp-search-middle~desktop~&pos=2&tax=1085632_1071204_5186082_4126170_5681475&rdf=1&rd=https%3A%2F%2Fwww.walmart.com%2Fip%2FASUS-Chromebook-Plus-CX34-14-inch-Touch-Laptop-with-Google-AI-Intel-Core-i3-1215U-8GB-RAM-128GB-UFS-Gray%2F5098188355%3FclassType%3DREGULAR%26athbdg%3DL1300%26adsRedirect%3Dtrue&adUid=775f2344-69a1-46f2-90a2-57c02f3f0eae&mloc=sp-search-middle&pltfm=desktop&pgId=laptop&pt=search&spQs=HU2G_1p-1zcDHRrB49pHGYH-P_qh9iiJU4nteXE1_y1gJa0A2XyT8t3wKZ8luJ_BNDYayBs32fOBtH4jLUcGPzn6o4cWENCG5csREOcSOCdeG8IJ9uJKMm8dI-T6Ti4jbbQ3MyZbziHEi-TB5gQCDL5e_DE69AQwix_ghsU0id2NRgQJzYoP6E7hhqpgKnwkzaYMyT9EyjIpGo_ZSgWaWhY0FNE2CneeVJIISH22b2rfFA-PE1RJSg3wUgXXZ_EmZOVKVN7iZqSiPWzY2i5thOqeUkuzemiGjAkJEVPvpWU&storeId=3081&couponState=na&bkt=ace1_default%7Cace2_default%7Cace3_default%7Ccoldstart_on%7Csearch_default&classType=REGULAR&athbdg=L1300,$329.00,4.5,71
headphones,HP Chromebook x360 14 inch FHD IPS Touch 2-in-1 Laptop Intel Processor N100 4GB RAM 64GB eMMC Sky Blue,https://www.walmart.com/sp/track?bt=1&eventST=click&plmt=sp-search-middle~desktop~&pos=3&tax=1085632_1071204_5186082_4126170_5681475&rdf=1&rd=https%3A%2F%2Fwww.walmart.com%2Fip%2FHP-Chromebook-X360-14-inch-FHD-IPS-Touch-2-in-1-Laptop-Intel-Processor-N100-4GB-RAM-64GB-eMMC-Sky-Blue%2F5123764557%3FclassType%3DREGULAR%26athbdg%3DL1102%26adsRedirect%3Dtrue&adUid=775f2344-69a1-46f2-90a2-57c02f3f0eae&mloc=sp-search-middle&pltfm=desktop&pgId=laptop&pt=search&spQs=9J0Na0lqq3LXzC4SMNSY7CzcW1Ey4xZNTLTEW8CTin6KrEFkQxOlrB6nXmpL3WwDKwhC0PwHUjpNG2TR1E_iUjn6o4cWENCG5csREOcSOCeQ4eqGPBNLxdGyWV1SnCtw3Qj_a6g5U4WnCQRPqL1wPA4vUhvacPmsKP7zmKBzsHKUsf7zpgnCK36NpWXh9azgyns0CyoRJPkJNdPQeNwysjdlExP4MQThgq7cAs-u7-3bvxMmAAh3bi-1De1rHI-A&storeId=3081&couponState=na&bkt=ace1_default%7Cace2_default%7Cace3_default%7Ccoldstart_on%7Csearch_default&classType=REGULAR&athbdg=L1102,$199.00,4.5,539
headphones,Lenovo IdeaPad Slim 3 15.6 inch FHD Touch Windows Laptop AMD Ryzen 7-7730U 16GB RAM 512GB SSD Abyss Blue,https://www.walmart.com/sp/track?bt=1&eventST=click&plmt=sp-search-middle~desktop~&pos=4&tax=1085632_1071204_5186082_4126170_5681475&rdf=1&rd=https%3A%2F%2Fwww.walmart.com%2Fip%2FLenovo-Ideapad-Slim-3-15-6-inch-FHD-IPS-Touch-Laptop-AMD-Ryzen-7-7730U-16GB-RAM-512GB-SSD-Abyss-Blue%2F5098188190%3FclassType%3DREGULAR%26athbdg%3DL1102%26adsRedirect%3Dtrue&adUid=775f2344-69a1-46f2-90a2-57c02f3f0eae&mloc=sp-search-middle&pltfm=desktop&pgId=laptop&pt=search&spQs=XkWjrDz8ODLO495J71dgaR8NUYi4zqxwDfuj33WgKWhggWzDgIMdhkkiVDcYbWvXh4SMnhzwDSqJsm4P8ZDwiD7eZjZCKkLBfMkhuS4_VpuTyMsG_KzgR9nTp8rjai6FzENKgnIxf3_JRCAkaSuZReALCJsODx9vA68jCM2FiCqBvZZj4sKvEAx1viqbfmLoJDemNBHZGQ16aUYc3PhOmXaqxpJCmlU6WH7lsUGUVnVxZLBu6uFISO-lPV1eUOhYrFStnDFmE4yvL64KqG5JvtjoH7Fkas0-NjJ6XSfDXVk&storeId=3081&couponState=na&bkt=ace1_default%7Cace2_default%7Cace3_default%7Ccoldstart_on%7Csearch_default&classType=REGULAR&athbdg=L1102,$429.00,4.6,137
headphones,"ASUS ROG Strix G17 (2023) 17.3 QHD 240Hz Gaming Laptop, AMD Ryzen 9-7845HX, NVIDIA GeForce RTX 4060, 16GB DDR5 RAM, 1TB SSD, Windows 11, G713PV-WS94",https://www.walmart.com/ip/ASUS-ROG-Strix-G17-17-3-inch-WQHD-240Hz-Gaming-Laptop-AMD-Ryzen-9-7845HX-NVIDIA-GeForce-RTX-4060-16GB-DDR5-1TB-SSD-Eclipse-Gray-2023/2103957626?classType=REGULAR&from=/search,"$1,389.99",4.5,299
headphones,"KUU 15.6in 1080p FHD Laptop, Intel Celeron, 16GB RAM 512GB SSD, Windows 11 Pro",https://www.walmart.com/ip/15-6-KUU-Laptop-Intel-Celeron-N5095-16GB-RAM-512GB-SSD-Win-11-Pro-Backlit-Keyboard-Wifi-Bluetooth/1057434650?classType=REGULAR&from=/search,$295.00,3.2,354
headphones,"HP Stream 14 Laptop, Intel Celeron N4000, 4GB SDRAM, 32GB eMMC, Office 365 1-yr, Brilliant Black",https://www.walmart.com/ip/HP-Stream-14-Laptop-Intel-Celeron-N4000-4GB-SDRAM-32GB-eMMC-Office-365-1-yr-Brilliant-Black/470907822?classType=VARIANT&from=/search,$236.00,3.6,697
headphones,HP Pavilion 16 inch Laptop AMD Ryzen 7-8840U AI PC 8GB RAM 512GB SSD Meteor Silver,https://www.walmart.com/ip/HP-Pavilion-16-inch-Laptop-AMD-Ryzen-7-8840U-8GB-RAM-512GB-SSD-Meteor-Silver/5144705567?classType=REGULAR&from=/search,$649.00,4.2,22
headphones,"Acer Nitro V - 15.6"" - Intel Core i9-13900H - GeForce RTX 4060 Laptop GPU - 16 GB DDR5 - 512 GB PCIe SSD - Windows 11 Home 64-bit - Gaming Laptop (ANV15-51-98N0 )",https://www.walmart.com/ip/Acer-Nitro-V-15-6-144-Hz-IPS-Intel-Core-i9-13900H-GeForce-RTX-4060-Laptop-GPU-16-GB-DDR5-512-PCIe-SSD-Windows-11-Home-64-bit-Gaming-ANV15-51-98N0/5609511391?classType=REGULAR&from=/search,$999.99,5.0,3
headphones,"HP Chromebook X360 14"" HD Touchscreen 2-in-1 Laptop, Intel Celeron N4020, 4GB RAM, 64GB eMMC, Teal, 14a-ca0130wm",https://www.walmart.com/ip/HP-Chromebook-X360-14-HD-Touchscreen-2-in-1-Laptop-Intel-Celeron-N4020-4GB-RAM-64GB-eMMC-Teal-14a-ca0130wm/518977383?classType=REGULAR&from=/search,$289.00,4.4,1305
headphones,Acer Chromebook 315 15.6 inch Laptop Intel Processor N4500 4GB RAM 64GB eMMC Pure Silver,https://www.walmart.com/sp/track?bt=1&eventST=click&plmt=sp-search-middle~desktop~&pos=1&tax=1085632_1071204_5186082_4126170_5681475&rdf=1&rd=https%3A%2F%2Fwww.walmart.com%2Fip%2FAcer-Chromebook-315-15-6-inch-Laptop-Intel-Processor-N4500-4GB-RAM-64GB-eMMC-Pure-Silver%2F3193557250%3FclassType%3DVARIANT%26athbdg%3DL1102%26adsRedirect%3Dtrue&adUid=aee74e82-7e49-4c35-a6eb-9194ef131a2e&mloc=sp-search-middle&pltfm=desktop&pgId=laptop&pt=search&spQs=KhmMUJ7LZFwOTYtKUcpHBA8hEP3gwCceFo0b2cpQOyFZsq6946ZpvNiNyz4U3SdUySjoXGrLre4gnfS4cz4PkGRGsSj6-Kwun1fVHsY6wuDSmx65OOizKAI_yuQWYkvq1grGHdNx-9S083_kIsuHomvos_axd0MjwUE74gN95W5jiGfwy2h5T7ULBWNJUAT07KGUds3yGS69iWqUxnACQyilxRPgG2f8Hs92mIEV4EdnCcq2CLbcqedix_C2YFKGb6fOI22j5pRBlbcoqeNDeP9CW0sfUJZnqA0mzTgxc4I&storeId=3081&couponState=na&bkt=ace1_default%7Cace2_default%7Cace3_default%7Ccoldstart_on%7Csearch_default&classType=VARIANT&athbdg=L1102,$139.00,4.4,3857
headphones,ASUS Chromebook Plus CX34 14 inch Touch Laptop with Google AI Intel Core i3-1215U 8GB RAM 128GB UFS Gray,https://www.walmart.com/sp/track?bt=1&eventST=click&plmt=sp-search-middle~desktop~&pos=2&tax=1085632_1071204_5186082_4126170_5681475&rdf=1&rd=https%3A%2F%2Fwww.walmart.com%2Fip%2FASUS-Chromebook-Plus-CX34-14-inch-Touch-Laptop-with-Google-AI-Intel-Core-i3-1215U-8GB-RAM-128GB-UFS-Gray%2F5098188355%3FclassType%3DREGULAR%26adsRedirect%3Dtrue&adUid=aee74e82-7e49-4c35-a6eb-9194ef131a2e&mloc=sp-search-middle&pltfm=desktop&pgId=laptop&pt=search&spQs=HU2G_1p-1zcDHRrB49pHGYH-P_qh9iiJU4nteXE1_y1gJa0A2XyT8t3wKZ8luJ_BIuB--grZihCDTDENnAqu8pel1d465qNOekM-66KkjrYbAA4w_hiDLhwi8FU2GycVPjYaYesfA7QMG9SpWpVT5tatfc31VziazThGHSS7f_0IxEubB68onHyabmE0OnAgii_Q6N2maG-DC9bVm5sL6Am4ujES3nBcldtxJkDTKRF6OnwqYSrVQCZBFN8Q7XIrVou3_w1O7zcNkYR_bljlY5J3mITg_xivqsJYeFpsNJI&storeId=3081&couponState=na&bkt=ace1_default%7Cace2_default%7Cace3_default%7Ccoldstart_on%7Csearch_default&classType=REGULAR,$329.00,4.5,71
headphones,HP Chromebook x360 14 inch FHD IPS Touch 2-in-1 Laptop Intel Processor N100 4GB RAM 64GB eMMC Sky Blue,https://www.walmart.com/sp/track?bt=1&eventST=click&plmt=sp-search-middle~desktop~&pos=3&tax=1085632_1071204_5186082_4126170_5681475&rdf=1&rd=https%3A%2F%2Fwww.walmart.com%2Fip%2FHP-Chromebook-X360-14-inch-FHD-IPS-Touch-2-in-1-Laptop-Intel-Processor-N100-4GB-RAM-64GB-eMMC-Sky-Blue%2F5123764557%3FclassType%3DREGULAR%26athbdg%3DL1102%26adsRedirect%3Dtrue&adUid=aee74e82-7e49-4c35-a6eb-9194ef131a2e&mloc=sp-search-middle&pltfm=desktop&pgId=laptop&pt=search&spQs=9J0Na0lqq3LXzC4SMNSY7CzcW1Ey4xZNTLTEW8CTin6KrEFkQxOlrB6nXmpL3WwDKwhC0PwHUjpNG2TR1E_iUpel1d465qNOekM-66KkjrYNgSGQh6-v_MJyBaOCn4ON3Qj_a6g5U4WnCQRPqL1wPCemafpbRlqNHg0Jx_ZLpr643zKiT2V-D-Gx6fkO6zjpyns0CyoRJPkJNdPQeNwysjdlExP4MQThgq7cAs-u7-3bvxMmAAh3bi-1De1rHI-A&storeId=3081&couponState=na&bkt=ace1_default%7Cace2_default%7Cace3_default%7Ccoldstart_on%7Csearch_default&classType=REGULAR&athbdg=L1102,$199.00,4.5,539
headphones,Lenovo IdeaPad Slim 3 15.6 inch FHD Touch Windows Laptop AMD Ryzen 7-7730U 16GB RAM 512GB SSD Abyss Blue,https://www.walmart.com/sp/track?bt=1&eventST=click&plmt=sp-search-middle~desktop~&pos=4&tax=1085632_1071204_5186082_4126170_5681475&rdf=1&rd=https%3A%2F%2Fwww.walmart.com%2Fip%2FLenovo-Ideapad-Slim-3-15-6-inch-FHD-IPS-Touch-Laptop-AMD-Ryzen-7-7730U-16GB-RAM-512GB-SSD-Abyss-Blue%2F5098188190%3FclassType%3DREGULAR%26athbdg%3DL1102%26adsRedirect%3Dtrue&adUid=aee74e82-7e49-4c35-a6eb-9194ef131a2e&mloc=sp-search-middle&pltfm=desktop&pgId=laptop&pt=search&spQs=XkWjrDz8ODLO495J71dgaR8NUYi4zqxwDfuj33WgKWhggWzDgIMdhkkiVDcYbWvXh4SMnhzwDSqJsm4P8ZDwiGRGsSj6-Kwun1fVHsY6wuB1UI8ueM_1KM9zt0FqeNZOzENKgnIxf3_JRCAkaSuZRaeXVSLcNwcz81R6YllDlLtqW56K-O8A7XGcixAl9ZeVDTbdwd81pTPK68HxnvwxjBPvuRp2wemmOfD_auk3Y1KXlpXC5SMKiFDMmgD104a2OYiE3NKa97Br6PAAE_hswsNTl62ubbhc8wQo7uHqEp0&storeId=3081&couponState=na&bkt=ace1_default%7Cace2_default%7Cace3_default%7Ccoldstart_on%7Csearch_default&classType=REGULAR&athbdg=L1102,$429.00,4.6,137
headphones,"HP 15.6"" FHD Notebook Intel Core i5-1235U 8GB RAM 512GB SSD Natural Silver 15-fd0999nr - Intel Core i5-1235U Deca-core - 15.6"" FHD (1920x1080) Anti-glare Display - 8GB DDR4 Memory - 512GB SSD Stora...",https://www.walmart.com/ip/HP-15-6-FHD-Notebook-Intel-Core-i5-1235U-8GB-RAM-512GB-SSD-Natural-Silver-15-fd0999nr/5499636733?classType=REGULAR&athbdg=L1600&from=/search,$349.99,4.4,30
headphones,HP Windows Desktop Intel Core i5-13400 12GB RAM 512GB SSD Dark Black,https://www.walmart.com/ip/HP-Desktop-Intel-Core-i5-13400-12GB-RAM-512GB-SSD-Dark-Black/5096127127?classType=REGULAR&athbdg=L1300&from=/search,$539.00,4.5,92
headphones,"MSI Cyborg Gaming Laptop - 15.6"" IPS FHD -13th Gen Intel Core i7-13620H - GeForce RTX 4050 - 144HZ 1080p - 16GB RAM - 512GB SSD - A13VE-218US Notebook PC",https://www.walmart.com/ip/MSI-CYBORG1513218-Cyborg-15-A13ve-218us/5037134698?classType=REGULAR&from=/search,$799.00,4.3,14
headphones,"Restored Apple MacBook Air 13.3"" Laptop (2017) MQD32LL/A Intel Core i5 - 8GB Memory, 128GB SSD - Silver (Refurbished)",https://www.walmart.com/ip/Restored-Apple-MacBook-Air-13-3-Laptop-2017-MQD32LL-A-Intel-Core-i5-8GB-Memory-128GB-SSD-Silver-Refurbished/275341764?classType=REGULAR&athbdg=L1600&from=/search,$176.37,3.8,93
headphones,"Restored Apple 13.3"" MacBook Air (Intel Core i5, Silver, 8GB RAM, 128GB SSD, Mid 2017) (Refurbished)",https://www.walmart.com/ip/Restored-Apple-13-3-MacBook-Air-Intel-Core-i5-Silver-8GB-RAM-128GB-SSD-Mid-2017-Refurbished/446815488?classType=VARIANT&athbdg=L1600&from=/search,$164.99,3.5,61
headphones,"Lenovo LOQ 15.6 FHD 144Hz Gaming Laptop, Intel Core i5-13420H, NVIDIA GeForce GTX 3050 6GB, 16GB RAM, 512GB SSD, Storm Grey, Windows 11, 82XV0094US",https://www.walmart.com/ip/Lenovo-LOQ-15-6-FHD-144Hz-Gaming-Laptop-Intel-Core-i5-13420H-NVIDIA-GeForce-GTX-3050-6GB-16GB-RAM-512GB-SSD-Storm-Grey-Windows-11-82XV0094US/3685906294?classType=REGULAR&from=/search,$848.80,4.7,22
headphones,Acer Chromebook 315 15.6 inch Laptop Intel Processor N4500 4GB RAM 64GB eMMC Pure Silver,https://www.walmart.com/sp/track?bt=1&eventST=click&plmt=sp-search-middle~desktop~&pos=1&tax=1085632_1071204_5186082_4126170_5681475&rdf=1&rd=https%3A%2F%2Fwww.walmart.com%2Fip%2FAcer-Chromebook-315-15-6-inch-Laptop-Intel-Processor-N4500-4GB-RAM-64GB-eMMC-Pure-Silver%2F3193557250%3FclassType%3DVARIANT%26athbdg%3DL1102%26adsRedirect%3Dtrue&adUid=2a55c987-e95c-43bc-8bab-bdc39715bfbf&mloc=sp-search-middle&pltfm=desktop&pgId=laptop&pt=search&spQs=KhmMUJ7LZFwOTYtKUcpHBA8hEP3gwCceFo0b2cpQOyFZsq6946ZpvNiNyz4U3SdUThZWz9XmmmrKUEPO10_ARnk0kYZVLSrD62-0Q1RmLbGFgoUJ6stmxoYwbaCyT_OAYZ4KtiBPCx4yjAN4mn2ColaGogX-ZZD7p-QTyylw69_lXrZrCTDvYjvjRlczJPLEzaYMyT9EyjIpGo_ZSgWaWhY0FNE2CneeVJIISH22b2rfFA-PE1RJSg3wUgXXZ_EmZOVKVN7iZqSiPWzY2i5thOqeUkuzemiGjAkJEVPvpWU&storeId=3081&couponState=na&bkt=ace1_default%7Cace2_default%7Cace3_default%7Ccoldstart_off%7Csearch_default&classType=VARIANT&athbdg=L1102,$139.00,4.4,3857
headphones,ASUS Chromebook Plus CX34 14 inch Touch Laptop with Google AI Intel Core i3-1215U 8GB RAM 128GB UFS Gray,https://www.walmart.com/sp/track?bt=1&eventST=click&plmt=sp-search-middle~desktop~&pos=2&tax=1085632_1071204_5186082_4126170_5681475&rdf=1&rd=https%3A%2F%2Fwww.walmart.com%2Fip%2FASUS-Chromebook-Plus-CX34-14-inch-Touch-Laptop-with-Google-AI-Intel-Core-i3-1215U-8GB-RAM-128GB-UFS-Gray%2F5098188355%3FclassType%3DREGULAR%26adsRedirect%3Dtrue&adUid=2a55c987-e95c-43bc-8bab-bdc39715bfbf&mloc=sp-search-middle&pltfm=desktop&pgId=laptop&pt=search&spQs=HU2G_1p-1zcDHRrB49pHGYH-P_qh9iiJU4nteXE1_y1gJa0A2XyT8t3wKZ8luJ_Bu--nUIPn_cd4OGlEZhjw5iRx0yKc7-iyMS8UCTqVBxbg2e4WO02Ii9J-wEDrON_S9G4o0MFp3G-3EUnCIR8W9G0LIA3kTLmAkpPMjMfSvgnRrz9Mxz1Hw7nUq4SyxoFLfonZ6ccMlO0nfiQHy97_ApRwUdSU9qPYECfxDgfwp5gBqVE9gNL48ee4bsVY9WeZkWp_6oFq82PTlPU2rak16G7PsNtvbRQ5MfQ0hp5k7Gs&storeId=3081&couponState=na&bkt=ace1_default%7Cace2_default%7Cace3_default%7Ccoldstart_off%7Csearch_default&classType=REGULAR,$329.00,4.5,71
headphones,HP Chromebook x360 14 inch FHD IPS Touch 2-in-1 Laptop Intel Processor N100 4GB RAM 64GB eMMC Sky Blue,https://www.walmart.com/sp/track?bt=1&eventST=click&plmt=sp-search-middle~desktop~&pos=3&tax=1085632_1071204_5186082_4126170_5681475&rdf=1&rd=https%3A%2F%2Fwww.walmart.com%2Fip%2FHP-Chromebook-X360-14-inch-FHD-IPS-Touch-2-in-1-Laptop-Intel-Processor-N100-4GB-RAM-64GB-eMMC-Sky-Blue%2F5123764557%3FclassType%3DREGULAR%26athbdg%3DL1102%26adsRedirect%3Dtrue&adUid=2a55c987-e95c-43bc-8bab-bdc39715bfbf&mloc=sp-search-middle&pltfm=desktop&pgId=laptop&pt=search&spQs=9J0Na0lqq3LXzC4SMNSY7CzcW1Ey4xZNTLTEW8CTin6KrEFkQxOlrB6nXmpL3WwDKwhC0PwHUjpNG2TR1E_iUnk0kYZVLSrD62-0Q1RmLbEQXFv1Lbsd3MMcG7V7_G4a3Qj_a6g5U4WnCQRPqL1wPFpwmEx0klhxfjm2sE0TpHhGEywbcx5obFaYieVuQ9Oqyns0CyoRJPkJNdPQeNwysjdlExP4MQThgq7cAs-u7-3bvxMmAAh3bi-1De1rHI-A&storeId=3081&couponState=na&bkt=ace1_default%7Cace2_default%7Cace3_default%7Ccoldstart_off%7Csearch_default&classType=REGULAR&athbdg=L1102,$199.00,4.5,539
headphones,Lenovo IdeaPad Slim 3 15.6 inch FHD Touch Windows Laptop AMD Ryzen 7-7730U 16GB RAM 512GB SSD Abyss Blue,https://www.walmart.com/sp/track?bt=1&eventST=click&plmt=sp-search-middle~desktop~&pos=4&tax=1085632_1071204_5186082_4126170_5681475&rdf=1&rd=https%3A%2F%2Fwww.walmart.com%2Fip%2FLenovo-Ideapad-Slim-3-15-6-inch-FHD-IPS-Touch-Laptop-AMD-Ryzen-7-7730U-16GB-RAM-512GB-SSD-Abyss-Blue%2F5098188190%3FclassType%3DREGULAR%26athbdg%3DL1102%26adsRedirect%3Dtrue&adUid=2a55c987-e95c-43bc-8bab-bdc39715bfbf&mloc=sp-search-middle&pltfm=desktop&pgId=laptop&pt=search&spQs=XkWjrDz8ODLO495J71dgaR8NUYi4zqxwDfuj33WgKWhggWzDgIMdhkkiVDcYbWvXh4SMnhzwDSqJsm4P8ZDwiCRx0yKc7-iyMS8UCTqVBxZZxTCo8z5SevUm4mJQr8B1zENKgnIxf3_JRCAkaSuZRQEhNOivEskjU_pbBzsHM1MVK3wh0oMD-mHd4nFqavccJDemNBHZGQ16aUYc3PhOmXaqxpJCmlU6WH7lsUGUVnVxZLBu6uFISO-lPV1eUOhYrFStnDFmE4yvL64KqG5JvtjoH7Fkas0-NjJ6XSfDXVk&storeId=3081&couponState=na&bkt=ace1_default%7Cace2_default%7Cace3_default%7Ccoldstart_off%7Csearch_default&classType=REGULAR&athbdg=L1102,$429.00,4.6,137
headphones,"HP 14"" FHD Pavilion x360 Laptop, Intel Core i5-1235U, 8GB, 256GB, Silver, Windows 11, 14-dy2050wm",https://www.walmart.com/ip/HP-14-FHD-Pavilion-x360-Laptop-Intel-Core-i5-1235U-8GB-256GB-Silver-Windows-11-14-dy2050wm/753966076?classType=REGULAR&from=/search,$478.90,4.2,267
headphones,"ASUS Vivobook 15.6” FHD Touch PC Laptop, Intel Core i5-1135G7, 8GB, 512GB, Win 11 Home, F515EA-WH52",https://www.walmart.com/ip/ASUS-Vivobook-15-6-FHD-Touch-PC-Laptop-Intel-Core-i5-1135G7-8GB-512GB-Win-11-Home-F515EA-WH52/2340855991?classType=VARIANT&from=/search,$369.00,4.5,343
headphones,"Lenovo IdeaPad Flex 5i 14"" FHD 2-in-1 Touchscreen Laptop, Intel Core i3-1115G4, 4GB RAM, 128GB SSD, Graphite Gray, Windows 11 in S Mode, 82HS00R9US",https://www.walmart.com/ip/Lenovo-Flex-5i-14-0-FHD-Touch-Core-i3-1115G4-4GB-128GB-Graphite-Grey-Windows-11-S-82HS00R9US/866819117?classType=VARIANT&from=/search,$309.00,3.7,276
headphones,"ASUS Vivobook 15 laptop, 15.6” Touch, Intel Core i7-1255U, 16GB RAM, 512GB SSD, Quiet Blue, Windows 11 Home",https://www.walmart.com/ip/ASUS-Vivobook-15-laptop-15-6-Touch-Intel-Core-i7-1255U-16GB-RAM-512GB-SSD-Quiet-Blue-Windows-11-Home/2471038977?classType=VARIANT&from=/search,$569.98,4.6,590
headphones,"HP 15.6"" Pentium 4GB/128GB Laptop-Scarlet Red",https://www.walmart.com/ip/HP-15-dw0083wm-15-6-HD-Pentium-Silver-N5000-1-1GHz-Intel-UHD-Graphics-605-4GB-RAM-128GB-SSD-Windows-10-Scarlet-red/363405465?classType=VARIANT&from=/search,$275.00,3.8,4321
headphones,"HP 15.6"" HD Business Laptop Touchscreen, Intel Core i3-1215U, 16GB RAM, 1TB SSD, Intel UHD Graphics, Wi-Fi, Bluetooth, Webcam, Media Card Reader, Numeric Keypad, Windows 11 Home, Cefesfy LaptopStand",https://www.walmart.com/ip/HP-15-6-HD-Business-Laptop-Touchscreen-Intel-Core-i3-1215U-16GB-RAM-1TB-SSD-UHD-Graphics-Wi-Fi-Bluetooth-Webcam-Media-Card-Reader-Numeric-Keypad-Wind/5310462760?classType=VARIANT&from=/search,$495.90,4.7,104
smartwatch,Acer Chromebook 315 15.6 inch Laptop Intel Processor N4500 4GB RAM 64GB eMMC Pure Silver,https://www.walmart.com/sp/track?bt=1&eventST=click&plmt=sp-search-middle~desktop~&pos=1&tax=1085632_1071204_5186082_4126170_5681475&rdf=1&rd=https%3A%2F%2Fwww.walmart.com%2Fip%2FAcer-Chromebook-315-15-6-inch-Laptop-Intel-Processor-N4500-4GB-RAM-64GB-eMMC-Pure-Silver%2F3193557250%3FclassType%3DVARIANT%26athbdg%3DL1102%26adsRedirect%3Dtrue&adUid=96f8ff7a-000f-4ca3-81ed-5f1f289c6fd3&mloc=sp-search-middle&pltfm=desktop&pgId=laptop&pt=search&spQs=KhmMUJ7LZFwOTYtKUcpHBA8hEP3gwCceFo0b2cpQOyFZsq6946ZpvNiNyz4U3SdUThZWz9XmmmrKUEPO10_ARqf9UlYDfHFVlcoc0tnLBzmFgoUJ6stmxoYwbaCyT_OAYZ4KtiBPCx4yjAN4mn2ColaGogX-ZZD7p-QTyylw69_lXrZrCTDvYjvjRlczJPLEzaYMyT9EyjIpGo_ZSgWaWhY0FNE2CneeVJIISH22b2rfFA-PE1RJSg3wUgXXZ_EmZOVKVN7iZqSiPWzY2i5thOqeUkuzemiGjAkJEVPvpWU&storeId=3081&couponState=na&bkt=ace1_default%7Cace2_default%7Cace3_default%7Ccoldstart_on%7Csearch_default&classType=VARIANT&athbdg=L1102,$139.00,4.4,3857
smartwatch,ASUS Chromebook Plus CX34 14 inch Touch Laptop with Google AI Intel Core i3-1215U 8GB RAM 128GB UFS Gray,https://www.walmart.com/sp/track?bt=1&eventST=click&plmt=sp-search-middle~desktop~&pos=2&tax=1085632_1071204_5186082_4126170_5681475&rdf=1&rd=https%3A%2F%2Fwww.walmart.com%2Fip%2FASUS-Chromebook-Plus-CX34-14-inch-Touch-Laptop-with-Google-AI-Intel-Core-i3-1215U-8GB-RAM-128GB-UFS-Gray%2F5098188355%3FclassType%3DREGULAR%26adsRedirect%3Dtrue&adUid=96f8ff7a-000f-4ca3-81ed-5f1f289c6fd3&mloc=sp-search-middle&pltfm=desktop&pgId=laptop&pt=search&spQs=HU2G_1p-1zcDHRrB49pHGYH-P_qh9iiJU4nteXE1_y1gJa0A2XyT8t3wKZ8luJ_BTAeFFA8hiGymLi7TwdciDNKyvGqAao7NRqcDVvWJF5zg2e4WO02Ii9J-wEDrON_S6rxkBuvclEdyvdmax0wrfW0LIA3kTLmAkpPMjMfSvgnRrz9Mxz1Hw7nUq4SyxoFLfonZ6ccMlO0nfiQHy97_ApRwUdSU9qPYECfxDgfwp5gBqVE9gNL48ee4bsVY9WeZkWp_6oFq82PTlPU2rak16G7PsNtvbRQ5MfQ0hp5k7Gs&storeId=3081&couponState=na&bkt=ace1_default%7Cace2_default%7Cace3_default%7Ccoldstart_on%7Csearch_default&classType=REGULAR,$329.00,4.5,71
smartwatch,HP Chromebook x360 14 inch FHD IPS Touch 2-in-1 Laptop Intel Processor N100 4GB RAM 64GB eMMC Sky Blue,https://www.walmart.com/sp/track?bt=1&eventST=click&plmt=sp-search-middle~desktop~&pos=3&tax=1085632_1071204_5186082_4126170_5681475&rdf=1&rd=https%3A%2F%2Fwww.walmart.com%2Fip%2FHP-Chromebook-X360-14-inch-FHD-IPS-Touch-2-in-1-Laptop-Intel-Processor-N100-4GB-RAM-64GB-eMMC-Sky-Blue%2F5123764557%3FclassType%3DREGULAR%26athbdg%3DL1102%26adsRedirect%3Dtrue&adUid=96f8ff7a-000f-4ca3-81ed-5f1f289c6fd3&mloc=sp-search-middle&pltfm=desktop&pgId=laptop&pt=search&spQs=9J0Na0lqq3LXzC4SMNSY7CzcW1Ey4xZNTLTEW8CTin6KrEFkQxOlrB6nXmpL3WwDKwhC0PwHUjpNG2TR1E_iUqf9UlYDfHFVlcoc0tnLBzkQXFv1Lbsd3MMcG7V7_G4a3Qj_a6g5U4WnCQRPqL1wPLCTwzQ21r4umYfVPIq7otY3Plo8uiLQATrl-NYKsj5Zyns0CyoRJPkJNdPQeNwysjdlExP4MQThgq7cAs-u7-3bvxMmAAh3bi-1De1rHI-A&storeId=3081&couponState=na&bkt=ace1_default%7Cace2_default%7Cace3_default%7Ccoldstart_on%7Csearch_default&classType=REGULAR&athbdg=L1102,$199.00,4.5,539
smartwatch,Lenovo IdeaPad Slim 3 15.6 inch FHD Touch Windows Laptop AMD Ryzen 7-7730U 16GB RAM 512GB SSD Abyss Blue,https://www.walmart.com/sp/track?bt=1&eventST=click&plmt=sp-search-middle~desktop~&pos=4&tax=1085632_1071204_5186082_4126170_5681475&rdf=1&rd=https%3A%2F%2Fwww.walmart.com%2Fip%2FLenovo-Ideapad-Slim-3-15-6-inch-FHD-IPS-Touch-Laptop-AMD-Ryzen-7-7730U-16GB-RAM-512GB-SSD-Abyss-Blue%2F5098188190%3FclassType%3DREGULAR%26athbdg%3DL1102%26adsRedirect%3Dtrue&adUid=96f8ff7a-000f-4ca3-81ed-5f1f289c6fd3&mloc=sp-search-middle&pltfm=desktop&pgId=laptop&pt=search&spQs=XkWjrDz8ODLO495J71dgaR8NUYi4zqxwDfuj33WgKWhggWzDgIMdhkkiVDcYbWvXh4SMnhzwDSqJsm4P8ZDwiNKyvGqAao7NRqcDVvWJF5xZxTCo8z5SevUm4mJQr8B1zENKgnIxf3_JRCAkaSuZRQEhNOivEskjU_pbBzsHM1MVK3wh0oMD-mHd4nFqavccJDemNBHZGQ16aUYc3PhOmXaqxpJCmlU6WH7lsUGUVnVxZLBu6uFISO-lPV1eUOhYrFStnDFmE4yvL64KqG5JvtjoH7Fkas0-NjJ6XSfDXVk&storeId=3081&couponState=na&bkt=ace1_default%7Cace2_default%7Cace3_default%7Ccoldstart_on%7Csearch_default&classType=REGULAR&athbdg=L1102,$429.00,4.6,137
smartwatch,Lenovo IdeaPad 1i 15.6 inch Windows Laptop Intel Core i5-1235U 8GB RAM 256GB SSD Abyss Blue,https://www.walmart.com/ip/Lenovo-IdeaPad-1i-15-6-Intel-Core-i5-1235U-8GB-RAM-256-GB-SSD-Abyss-Blue-Windows-11-in-S-Mode-82QD00GNUS/5698519717?classType=REGULAR&athbdg=L1102&from=/search,$299.00,4.4,59
smartwatch,Lenovo IdeaPad Slim 3 15.6 inch FHD Touch Windows Laptop AMD Ryzen 7-7730U 16GB RAM 512GB SSD Abyss Blue,https://www.walmart.com/ip/Lenovo-Ideapad-Slim-3-15-6-inch-FHD-IPS-Touch-Laptop-AMD-Ryzen-7-7730U-16GB-RAM-512GB-SSD-Abyss-Blue/5098188190?classType=REGULAR&athbdg=L1102&from=/search,$429.00,4.6,137
smartwatch,HP 15.6 inch Windows Laptop Intel Processor N200 4GB RAM 128GB UFS Scarlet Red (12-mo. Microsoft 365 included),https://www.walmart.com/ip/HP-15-6-inch-Laptop-Intel-Processor-N200-4GB-RAM-128GB-UFS-Scarlet-Red-12-mo-Microsoft-365-included/2706605807?classType=VARIANT&athbdg=L1102&from=/search,$199.00,4.2,4512
smartwatch,HP 15.6 inch Windows Laptop Intel Core i3-N305 8GB RAM 256GB SSD Natural Silver,https://www.walmart.com/ip/HP-15-6-inch-Laptop-Intel-Core-i3-N305-8GB-RAM-256GB-SSD-Natural-Silver/5098188131?classType=VARIANT&from=/search,$279.90,4.5,969
smartwatch,HP Chromebook 14 inch Laptop Intel Processor N200 4GB RAM 128GB UFS Glacier Silver,https://www.walmart.com/ip/HP-Chromebook-14-inch-Laptop-Intel-Processor-N200-4GB-RAM-128GB-UFS-Glacier-Silver/5098188136?classType=REGULAR&from=/search,$183.94,4.5,641
smartwatch,Acer Chromebook 315 15.6 inch Laptop Intel Processor N4500 4GB RAM 64GB eMMC Pure Silver,https://www.walmart.com/sp/track?bt=1&eventST=click&plmt=sp-search-middle~desktop~&pos=1&tax=1085632_1071204_5186082_4126170_5681475&rdf=1&rd=https%3A%2F%2Fwww.walmart.com%2Fip%2FAcer-Chromebook-315-15-6-inch-Laptop-Intel-Processor-N4500-4GB-RAM-64GB-eMMC-Pure-Silver%2F3193557250%3FclassType%3DVARIANT%26athbdg%3DL1102%26adsRedirect%3Dtrue&adUid=e4be4a9a-c595-446d-9bdf-73acb5b3153d&mloc=sp-search-middle&pltfm=desktop&pgId=laptop&pt=search&spQs=KhmMUJ7LZFwOTYtKUcpHBA8hEP3gwCceFo0b2cpQOyFZsq6946ZpvNiNyz4U3SdUySjoXGrLre4gnfS4cz4PkJSfUiOUkUzis9goViqHKavSmx65OOizKAI_yuQWYkvq1grGHdNx-9S083_kIsuHomvos_axd0MjwUE74gN95W5jiGfwy2h5T7ULBWNJUAT07KGUds3yGS69iWqUxnACQyilxRPgG2f8Hs92mIEV4EdnCcq2CLbcqedix_C2YFKGb6fOI22j5pRBlbcoqeNDeP9CW0sfUJZnqA0mzTgxc4I&storeId=3081&couponState=na&bkt=ace1_default%7Cace2_default%7Cace3_default%7Ccoldstart_off%7Csearch_default&classType=VARIANT&athbdg=L1102,$139.00,4.4,3857
smartwatch,ASUS Chromebook Plus CX34 14 inch Touch Laptop with Google AI Intel Core i3-1215U 8GB RAM 128GB UFS Gray,https://www.walmart.com/sp/track?bt=1&eventST=click&plmt=sp-search-middle~desktop~&pos=2&tax=1085632_1071204_5186082_4126170_5681475&rdf=1&rd=https%3A%2F%2Fwww.walmart.com%2Fip%2FASUS-Chromebook-Plus-CX34-14-inch-Touch-Laptop-with-Google-AI-Intel-Core-i3-1215U-8GB-RAM-128GB-UFS-Gray%2F5098188355%3FclassType%3DREGULAR%26adsRedirect%3Dtrue&adUid=e4be4a9a-c595-446d-9bdf-73acb5b3153d&mloc=sp-search-middle&pltfm=desktop&pgId=laptop&pt=search&spQs=HU2G_1p-1zcDHRrB49pHGYH-P_qh9iiJU4nteXE1_y1gJa0A2XyT8t3wKZ8luJ_BIuB--grZihCDTDENnAqu8rKqOWR6zaOV7gRCrivjMdEbAA4w_hiDLhwi8FU2GycVPjYaYesfA7QMG9SpWpVT5tatfc31VziazThGHSS7f_0IxEubB68onHyabmE0OnAgii_Q6N2maG-DC9bVm5sL6Am4ujES3nBcldtxJkDTKRF6OnwqYSrVQCZBFN8Q7XIrVou3_w1O7zcNkYR_bljlY5J3mITg_xivqsJYeFpsNJI&storeId=3081&couponState=na&bkt=ace1_default%7Cace2_default%7Cace3_default%7Ccoldstart_off%7Csearch_default&classType=REGULAR,$329.00,4.5,71
smartwatch,HP Chromebook x360 14 inch FHD IPS Touch 2-in-1 Laptop Intel Processor N100 4GB RAM 64GB eMMC Sky Blue,https://www.walmart.com/sp/track?bt=1&eventST=click&plmt=sp-search-middle~desktop~&pos=3&tax=1085632_1071204_5186082_4126170_5681475&rdf=1&rd=https%3A%2F%2Fwww.walmart.com%2Fip%2FHP-Chromebook-X360-14-inch-FHD-IPS-Touch-2-in-1-Laptop-Intel-Processor-N100-4GB-RAM-64GB-eMMC-Sky-Blue%2F5123764557%3FclassType%3DREGULAR%26athbdg%3DL1102%26adsRedirect%3Dtrue&adUid=e4be4a9a-c595-446d-9bdf-73acb5b3153d&mloc=sp-search-middle&pltfm=desktop&pgId=laptop&pt=search&spQs=9J0Na0lqq3LXzC4SMNSY7CzcW1Ey4xZNTLTEW8CTin6KrEFkQxOlrB6nXmpL3WwDKwhC0PwHUjpNG2TR1E_iUrKqOWR6zaOV7gRCrivjMdENgSGQh6-v_MJyBaOCn4ON3Qj_a6g5U4WnCQRPqL1wPCemafpbRlqNHg0Jx_ZLpr643zKiT2V-D-Gx6fkO6zjpyns0CyoRJPkJNdPQeNwysjdlExP4MQThgq7cAs-u7-3bvxMmAAh3bi-1De1rHI-A&storeId=3081&couponState=na&bkt=ace1_default%7Cace2_default%7Cace3_default%7Ccoldstart_off%7Csearch_default&classType=REGULAR&athbdg=L1102,$199.00,4.5,539
smartwatch,Lenovo IdeaPad Slim 3 15.6 inch FHD Touch Windows Laptop AMD Ryzen 7-7730U 16GB RAM 512GB SSD Abyss Blue,https://www.walmart.com/sp/track?bt=1&eventST=click&plmt=sp-search-middle~desktop~&pos=4&tax=1085632_1071204_5186082_4126170_5681475&rdf=1&rd=https%3A%2F%2Fwww.walmart.com%2Fip%2FLenovo-Ideapad-Slim-3-15-6-inch-FHD-IPS-Touch-Laptop-AMD-Ryzen-7-7730U-16GB-RAM-512GB-SSD-Abyss-Blue%2F5098188190%3FclassType%3DREGULAR%26athbdg%3DL1102%26adsRedirect%3Dtrue&adUid=e4be4a9a-c595-446d-9bdf-73acb5b3153d&mloc=sp-search-middle&pltfm=desktop&pgId=laptop&pt=search&spQs=XkWjrDz8ODLO495J71dgaR8NUYi4zqxwDfuj33WgKWhggWzDgIMdhkkiVDcYbWvXh4SMnhzwDSqJsm4P8ZDwiJSfUiOUkUzis9goViqHKat1UI8ueM_1KM9zt0FqeNZOzENKgnIxf3_JRCAkaSuZRaeXVSLcNwcz81R6YllDlLtqW56K-O8A7XGcixAl9ZeVDTbdwd81pTPK68HxnvwxjBPvuRp2wemmOfD_auk3Y1KXlpXC5SMKiFDMmgD104a2OYiE3NKa97Br6PAAE_hswsNTl62ubbhc8wQo7uHqEp0&storeId=3081&couponState=na&bkt=ace1_default%7Cace2_default%7Cace3_default%7Ccoldstart_off%7Csearch_default&classType=REGULAR&athbdg=L1102,$429.00,4.6,137
smartwatch,"Auusda 15.6"" Laptop Intel Alder N95, 16GB RAM, 512GB SSD, Windows 11 Pro Work Computer, Fingerprint Reader, Backlit Keyboard, Silver",https://www.walmart.com/ip/Auusda-15-6-Laptop-Intel-Alder-N95-16GB-RAM-512GB-SSD-Windows-11-Pro-Work-Computer-Fingerprint-Reader-Backlit-Keyboard-Silver/1846202250?classType=VARIANT&athbdg=L1600&from=/search,$289.99,3.8,896
smartwatch,"ASUS TUF Gaming A16 Gaming/Entertainment Laptop (AMD Ryzen 7 7735HS 8-Core, 64GB DDR5 4800MHz RAM, 2TB PCIe SSD, Radeon RX 7700S, 16.0in 165 Hz Wide UXGA (1920x1200), Wifi, Win 11 Home)",https://www.walmart.com/ip/ASUS-TUF-Gaming-A16-Gaming-Entertainment-Laptop-AMD-Ryzen-7-7735HS-8-Core-64GB-DDR5-4800MHz-RAM-2TB-PCIe-SSD-Radeon-RX-7700S-16-0in-165-Hz-Wide-UXGA/6471613525?classType=REGULAR&from=/search,"$1,979.99",N/A,N/A
smartwatch,HP Victus 15.6 inch FHD IPS 144Hz Gaming Laptop AMD Ryzen 5-8645HS NVIDIA GeForce RTX 4050 8GB DDR5 512GB SSD Mica Silver (2024),https://www.walmart.com/ip/HP-Victus-15-6-inch-FHD-144Hz-Gaming-Laptop-AMD-Ryzen-5-8645HS-NVIDIA-GeForce-RTX-4050-8GB-DDR4-512GB-SSD-Mica-Silver-2024/5395277312?classType=REGULAR&athbdg=L1600&from=/search,$651.00,4.5,412
smartwatch,"ASUS 15.6"" FHD Laptop, Intel Pentium, 4GB RAM, 128GB eMMC, Windows 11 Home in S mode with One Year of Microsoft 365 included,  L510MA-WS21",https://www.walmart.com/ip/ASUS-15-6-FHD-Laptop-Intel-Pentium-4GB-RAM-128GB-eMMC-Windows-11-Home-in-S-mode-with-One-Year-of-Microsoft-365-included-L510MA-WS21/297174175?classType=VARIANT&from=/search,$236.90,3.9,2019
smartwatch,HP 15.6 inch Intel Processor N200 4GB RAM 128GB UFS Black (12-mo. Microsoft 365 included),https://www.walmart.com/ip/HP-15-6-HD-Laptop-Intel-N200-4GB-RAM-128GB-UFS-Windows-11-Home-in-S-Mode-15-fd0079wm/5536083697?classType=VARIANT&from=/search,$191.00,4.2,160
smartwatch,HP 15.6 inch Windows Laptop Intel Core i7-1355U 16GB RAM 1TB SSD Natural Silver,https://www.walmart.com/ip/HP-15-6-inch-Laptop-Intel-Core-i7-1355U-16GB-RAM-1TB-SSD-Natural-Silver/5098188130?classType=REGULAR&athbdg=L2000&from=/search,$699.00,4.2,216
smartwatch,Acer Chromebook 315 15.6 inch Laptop Intel Processor N4500 4GB RAM 64GB eMMC Pure Silver,https://www.walmart.com/sp/track?bt=1&eventST=click&plmt=sp-search-middle~desktop~&pos=1&tax=1085632_1071204_5186082_4126170_5681475&rdf=1&rd=https%3A%2F%2Fwww.walmart.com%2Fip%2FAcer-Chromebook-315-15-6-inch-Laptop-Intel-Processor-N4500-4GB-RAM-64GB-eMMC-Pure-Silver%2F3193557250%3FclassType%3DVARIANT%26athbdg%3DL1102%26adsRedirect%3Dtrue&adUid=0efb5f19-378e-42e6-8ddc-c000a9cd58cc&mloc=sp-search-middle&pltfm=desktop&pgId=laptop&pt=search&spQs=KhmMUJ7LZFwOTYtKUcpHBA8hEP3gwCceFo0b2cpQOyFZsq6946ZpvNiNyz4U3SdUySjoXGrLre4gnfS4cz4PkMMCTEqIA-egTntajus7ShU-OrAvkR2QiZVBzsi4zJww1grGHdNx-9S083_kIsuHokGCJYXJQb_4zxGV0xryZPk0T2Pu_qYxrYnMFMoYiaP45Om9MEI1QvgsvGY15Cz3Kpg5sqKuRm1s9GUds2VM0ccgMnbG-OppiTZ3yjotQIBPUnF8xRsoRHv_37Ul5QrxYmCDgIzlW38Eak-HO6vevfo&storeId=3081&couponState=na&bkt=ace1_default%7Cace2_default%7Cace3_default%7Ccoldstart_on%7Csearch_default&classType=VARIANT&athbdg=L1102,$139.00,4.4,3857
smartwatch,ASUS Chromebook Plus CX34 14 inch Touch Laptop with Google AI Intel Core i3-1215U 8GB RAM 128GB UFS Gray,https://www.walmart.com/sp/track?bt=1&eventST=click&plmt=sp-search-middle~desktop~&pos=2&tax=1085632_1071204_5186082_4126170_5681475&rdf=1&rd=https%3A%2F%2Fwww.walmart.com%2Fip%2FASUS-Chromebook-Plus-CX34-14-inch-Touch-Laptop-with-Google-AI-Intel-Core-i3-1215U-8GB-RAM-128GB-UFS-Gray%2F5098188355%3FclassType%3DREGULAR%26athbdg%3DL1300%26adsRedirect%3Dtrue&adUid=0efb5f19-378e-42e6-8ddc-c000a9cd58cc&mloc=sp-search-middle&pltfm=desktop&pgId=laptop&pt=search&spQs=HU2G_1p-1zcDHRrB49pHGYH-P_qh9iiJU4nteXE1_y1gJa0A2XyT8t3wKZ8luJ_BIuB--grZihCDTDENnAqu8mvz0ClcWbEZhSSAVtiBSdleG8IJ9uJKMm8dI-T6Ti4jPjYaYesfA7QMG9SpWpVT5r5e_DE69AQwix_ghsU0id2NRgQJzYoP6E7hhqpgKnwkzaYMyT9EyjIpGo_ZSgWaWhY0FNE2CneeVJIISH22b2rfFA-PE1RJSg3wUgXXZ_EmZOVKVN7iZqSiPWzY2i5thOqeUkuzemiGjAkJEVPvpWU&storeId=3081&couponState=na&bkt=ace1_default%7Cace2_default%7Cace3_default%7Ccoldstart_on%7Csearch_default&classType=REGULAR&athbdg=L1300,$329.00,4.5,71
smartwatch,HP Chromebook x360 14 inch FHD IPS Touch 2-in-1 Laptop Intel Processor N100 4GB RAM 64GB eMMC Sky Blue,https://www.walmart.com/sp/track?bt=1&eventST=click&plmt=sp-search-middle~desktop~&pos=3&tax=1085632_1071204_5186082_4126170_5681475&rdf=1&rd=https%3A%2F%2Fwww.walmart.com%2Fip%2FHP-Chromebook-X360-14-inch-FHD-IPS-Touch-2-in-1-Laptop-Intel-Processor-N100-4GB-RAM-64GB-eMMC-Sky-Blue%2F5123764557%3FclassType%3DREGULAR%26athbdg%3DL1102%26adsRedirect%3Dtrue&adUid=0efb5f19-378e-42e6-8ddc-c000a9cd58cc&mloc=sp-search-middle&pltfm=desktop&pgId=laptop&pt=search&spQs=9J0Na0lqq3LXzC4SMNSY7CzcW1Ey4xZNTLTEW8CTin6KrEFkQxOlrB6nXmpL3WwDKwhC0PwHUjpNG2TR1E_iUmvz0ClcWbEZhSSAVtiBSdmQ4eqGPBNLxdGyWV1SnCtw3Qj_a6g5U4WnCQRPqL1wPFAMDQAvYsQl3Yxc1xSZsnIQlmL2XR4UlPWINUDb4EJWyns0CyoRJPkJNdPQeNwysjdlExP4MQThgq7cAs-u7-3bvxMmAAh3bi-1De1rHI-A&storeId=3081&couponState=na&bkt=ace1_default%7Cace2_default%7Cace3_default%7Ccoldstart_on%7Csearch_default&classType=REGULAR&athbdg=L1102,$199.00,4.5,539
smartwatch,Lenovo IdeaPad Slim 3 15.6 inch FHD Touch Windows Laptop AMD Ryzen 7-7730U 16GB RAM 512GB SSD Abyss Blue,https://www.walmart.com/sp/track?bt=1&eventST=click&plmt=sp-search-middle~desktop~&pos=4&tax=1085632_1071204_5186082_4126170_5681475&rdf=1&rd=https%3A%2F%2Fwww.walmart.com%2Fip%2FLenovo-Ideapad-Slim-3-15-6-inch-FHD-IPS-Touch-Laptop-AMD-Ryzen-7-7730U-16GB-RAM-512GB-SSD-Abyss-Blue%2F5098188190%3FclassType%3DREGULAR%26athbdg%3DL1102%26adsRedirect%3Dtrue&adUid=0efb5f19-378e-42e6-8ddc-c000a9cd58cc&mloc=sp-search-middle&pltfm=desktop&pgId=laptop&pt=search&spQs=XkWjrDz8ODLO495J71dgaR8NUYi4zqxwDfuj33WgKWhggWzDgIMdhkkiVDcYbWvXh4SMnhzwDSqJsm4P8ZDwiMMCTEqIA-egTntajus7ShWTyMsG_KzgR9nTp8rjai6FzENKgnIxf3_JRCAkaSuZReALCJsODx9vA68jCM2FiCqBvZZj4sKvEAx1viqbfmLoJDemNBHZGQ16aUYc3PhOmXaqxpJCmlU6WH7lsUGUVnVxZLBu6uFISO-lPV1eUOhYrFStnDFmE4yvL64KqG5JvtjoH7Fkas0-NjJ6XSfDXVk&storeId=3081&couponState=na&bkt=ace1_default%7Cace2_default%7Cace3_default%7Ccoldstart_on%7Csearch_default&classType=REGULAR&athbdg=L1102,$429.00,4.6,137
smartwatch,"ASUS ROG Strix G17 (2023) 17.3 QHD 240Hz Gaming Laptop, AMD Ryzen 9-7845HX, NVIDIA GeForce RTX 4060, 16GB DDR5 RAM, 1TB SSD, Windows 11, G713PV-WS94",https://www.walmart.com/ip/ASUS-ROG-Strix-G17-17-3-inch-WQHD-240Hz-Gaming-Laptop-AMD-Ryzen-9-7845HX-NVIDIA-GeForce-RTX-4060-16GB-DDR5-1TB-SSD-Eclipse-Gray-2023/2103957626?classType=REGULAR&from=/search,"$1,389.99",4.5,299
smartwatch,"KUU 15.6in 1080p FHD Laptop, Intel Celeron, 16GB RAM 512GB SSD, Windows 11 Pro",https://www.walmart.com/ip/15-6-KUU-Laptop-Intel-Celeron-N5095-16GB-RAM-512GB-SSD-Win-11-Pro-Backlit-Keyboard-Wifi-Bluetooth/1057434650?classType=REGULAR&from=/search,$295.00,3.2,354
smartwatch,"HP Stream 14 Laptop, Intel Celeron N4000, 4GB SDRAM, 32GB eMMC, Office 365 1-yr, Brilliant Black",https://www.walmart.com/ip/HP-Stream-14-Laptop-Intel-Celeron-N4000-4GB-SDRAM-32GB-eMMC-Office-365-1-yr-Brilliant-Black/470907822?classType=VARIANT&from=/search,$236.00,3.6,697
smartwatch,HP Pavilion 16 inch Laptop AMD Ryzen 7-8840U AI PC 8GB RAM 512GB SSD Meteor Silver,https://www.walmart.com/ip/HP-Pavilion-16-inch-Laptop-AMD-Ryzen-7-8840U-8GB-RAM-512GB-SSD-Meteor-Silver/5144705567?classType=REGULAR&from=/search,$649.00,4.2,22
smartwatch,"Acer Nitro V - 15.6"" - Intel Core i9-13900H - GeForce RTX 4060 Laptop GPU - 16 GB DDR5 - 512 GB PCIe SSD - Windows 11 Home 64-bit - Gaming Laptop (ANV15-51-98N0 )",https://www.walmart.com/ip/Acer-Nitro-V-15-6-144-Hz-IPS-Intel-Core-i9-13900H-GeForce-RTX-4060-Laptop-GPU-16-GB-DDR5-512-PCIe-SSD-Windows-11-Home-64-bit-Gaming-ANV15-51-98N0/5609511391?classType=REGULAR&from=/search,$999.99,5.0,3
smartwatch,"HP Chromebook X360 14"" HD Touchscreen 2-in-1 Laptop, Intel Celeron N4020, 4GB RAM, 64GB eMMC, Teal, 14a-ca0130wm",https://www.walmart.com/ip/HP-Chromebook-X360-14-HD-Touchscreen-2-in-1-Laptop-Intel-Celeron-N4020-4GB-RAM-64GB-eMMC-Teal-14a-ca0130wm/518977383?classType=REGULAR&from=/search,$289.00,4.4,1305
smartwatch,Acer Chromebook 315 15.6 inch Laptop Intel Processor N4500 4GB RAM 64GB eMMC Pure Silver,https://www.walmart.com/sp/track?bt=1&eventST=click&plmt=sp-search-middle~desktop~&pos=1&tax=1085632_1071204_5186082_4126170_5681475&rdf=1&rd=https%3A%2F%2Fwww.walmart.com%2Fip%2FAcer-Chromebook-315-15-6-inch-Laptop-Intel-Processor-N4500-4GB-RAM-64GB-eMMC-Pure-Silver%2F3193557250%3FclassType%3DVARIANT%26athbdg%3DL1102%26adsRedirect%3Dtrue&adUid=54e801bf-e77a-4653-b25c-13a56351a410&mloc=sp-search-middle&pltfm=desktop&pgId=laptop&pt=search&spQs=KhmMUJ7LZFwOTYtKUcpHBA8hEP3gwCceFo0b2cpQOyFZsq6946ZpvNiNyz4U3SdUThZWz9XmmmrKUEPO10_ARrNNOnfAXhcWHUlCa6JwYBq3YNB7FYh0OGCShaDkZj-6YZ4KtiBPCx4yjAN4mn2CoilMPEF0IyepRaLMuO4xQja7xFPR22hZjxn57aCBWK49zaYMyT9EyjIpGo_ZSgWaWhY0FNE2CneeVJIISH22b2rfFA-PE1RJSg3wUgXXZ_EmZOVKVN7iZqSiPWzY2i5thOqeUkuzemiGjAkJEVPvpWU&storeId=3081&couponState=na&bkt=ace1_default%7Cace2_default%7Cace3_default%7Ccoldstart_off%7Csearch_default&classType=VARIANT&athbdg=L1102,$139.00,4.4,3857
smartwatch,ASUS Chromebook Plus CX34 14 inch Touch Laptop with Google AI Intel Core i3-1215U 8GB RAM 128GB UFS Gray,https://www.walmart.com/sp/track?bt=1&eventST=click&plmt=sp-search-middle~desktop~&pos=2&tax=1085632_1071204_5186082_4126170_5681475&rdf=1&rd=https%3A%2F%2Fwww.walmart.com%2Fip%2FASUS-Chromebook-Plus-CX34-14-inch-Touch-Laptop-with-Google-AI-Intel-Core-i3-1215U-8GB-RAM-128GB-UFS-Gray%2F5098188355%3FclassType%3DREGULAR%26adsRedirect%3Dtrue&adUid=54e801bf-e77a-4653-b25c-13a56351a410&mloc=sp-search-middle&pltfm=desktop&pgId=laptop&pt=search&spQs=HU2G_1p-1zcDHRrB49pHGYH-P_qh9iiJU4nteXE1_y1gJa0A2XyT8t3wKZ8luJ_Bwu6X08QsJfDTyXxAIOuxAbNNOnfAXhcWHUlCa6JwYBobAA4w_hiDLhwi8FU2GycVjeMDXFpkSubCdSn9ucJNQAWhaxqBNAQc9PUfjAiZrHXDRS-s_LeAcDFCw3Uahud6ii_Q6N2maG-DC9bVm5sL6Am4ujES3nBcldtxJkDTKRF6OnwqYSrVQCZBFN8Q7XIrVou3_w1O7zcNkYR_bljlY5J3mITg_xivqsJYeFpsNJI&storeId=3081&couponState=na&bkt=ace1_default%7Cace2_default%7Cace3_default%7Ccoldstart_off%7Csearch_default&classType=REGULAR,$329.00,4.5,71
smartwatch,HP Chromebook x360 14 inch FHD IPS Touch 2-in-1 Laptop Intel Processor N100 4GB RAM 64GB eMMC Sky Blue,https://www.walmart.com/sp/track?bt=1&eventST=click&plmt=sp-search-middle~desktop~&pos=3&tax=1085632_1071204_5186082_4126170_5681475&rdf=1&rd=https%3A%2F%2Fwww.walmart.com%2Fip%2FHP-Chromebook-X360-14-inch-FHD-IPS-Touch-2-in-1-Laptop-Intel-Processor-N100-4GB-RAM-64GB-eMMC-Sky-Blue%2F5123764557%3FclassType%3DREGULAR%26athbdg%3DL1102%26adsRedirect%3Dtrue&adUid=54e801bf-e77a-4653-b25c-13a56351a410&mloc=sp-search-middle&pltfm=desktop&pgId=laptop&pt=search&spQs=9J0Na0lqq3LXzC4SMNSY7CzcW1Ey4xZNTLTEW8CTin6KrEFkQxOlrB6nXmpL3WwDKwhC0PwHUjpNG2TR1E_iUrNNOnfAXhcWHUlCa6JwYBoNgSGQh6-v_MJyBaOCn4ON3Qj_a6g5U4WnCQRPqL1wPCemafpbRlqNHg0Jx_ZLpr643zKiT2V-D-Gx6fkO6zjpyns0CyoRJPkJNdPQeNwysjdlExP4MQThgq7cAs-u7-3bvxMmAAh3bi-1De1rHI-A&storeId=3081&couponState=na&bkt=ace1_default%7Cace2_default%7Cace3_default%7Ccoldstart_off%7Csearch_default&classType=REGULAR&athbdg=L1102,$199.00,4.5,539
smartwatch,Lenovo IdeaPad Slim 3 15.6 inch FHD Touch Windows Laptop AMD Ryzen 7-7730U 16GB RAM 512GB SSD Abyss Blue,https://www.walmart.com/sp/track?bt=1&eventST=click&plmt=sp-search-middle~desktop~&pos=4&tax=1085632_1071204_5186082_4126170_5681475&rdf=1&rd=https%3A%2F%2Fwww.walmart.com%2Fip%2FLenovo-Ideapad-Slim-3-15-6-inch-FHD-IPS-Touch-Laptop-AMD-Ryzen-7-7730U-16GB-RAM-512GB-SSD-Abyss-Blue%2F5098188190%3FclassType%3DREGULAR%26athbdg%3DL1102%26adsRedirect%3Dtrue&adUid=54e801bf-e77a-4653-b25c-13a56351a410&mloc=sp-search-middle&pltfm=desktop&pgId=laptop&pt=search&spQs=XkWjrDz8ODLO495J71dgaR8NUYi4zqxwDfuj33WgKWhggWzDgIMdhkkiVDcYbWvXh4SMnhzwDSqJsm4P8ZDwiF5GT7RYvUBzn9nByYg2xWh1UI8ueM_1KM9zt0FqeNZOzENKgnIxf3_JRCAkaSuZRaeXVSLcNwcz81R6YllDlLtqW56K-O8A7XGcixAl9ZeVDTbdwd81pTPK68HxnvwxjBPvuRp2wemmOfD_auk3Y1KXlpXC5SMKiFDMmgD104a2OYiE3NKa97Br6PAAE_hswsNTl62ubbhc8wQo7uHqEp0&storeId=3081&couponState=na&bkt=ace1_default%7Cace2_default%7Cace3_default%7Ccoldstart_off%7Csearch_default&classType=REGULAR&athbdg=L1102,$429.00,4.6,137
smartwatch,"HP 15.6"" FHD Notebook Intel Core i5-1235U 8GB RAM 512GB SSD Natural Silver 15-fd0999nr - Intel Core i5-1235U Deca-core - 15.6"" FHD (1920x1080) Anti-glare Display - 8GB DDR4 Memory - 512GB SSD Stora...",https://www.walmart.com/ip/HP-15-6-FHD-Notebook-Intel-Core-i5-1235U-8GB-RAM-512GB-SSD-Natural-Silver-15-fd0999nr/5499636733?classType=REGULAR&athbdg=L1600&from=/search,$349.99,4.4,30
smartwatch,HP Windows Desktop Intel Core i5-13400 12GB RAM 512GB SSD Dark Black,https://www.walmart.com/ip/HP-Desktop-Intel-Core-i5-13400-12GB-RAM-512GB-SSD-Dark-Black/5096127127?classType=REGULAR&athbdg=L1300&from=/search,$539.00,4.5,92
smartwatch,"MSI Cyborg Gaming Laptop - 15.6"" IPS FHD -13th Gen Intel Core i7-13620H - GeForce RTX 4050 - 144HZ 1080p - 16GB RAM - 512GB SSD - A13VE-218US Notebook PC",https://www.walmart.com/ip/MSI-CYBORG1513218-Cyborg-15-A13ve-218us/5037134698?classType=REGULAR&from=/search,$799.00,4.3,14
smartwatch,"Restored Apple MacBook Air 13.3"" Laptop (2017) MQD32LL/A Intel Core i5 - 8GB Memory, 128GB SSD - Silver (Refurbished)",https://www.walmart.com/ip/Restored-Apple-MacBook-Air-13-3-Laptop-2017-MQD32LL-A-Intel-Core-i5-8GB-Memory-128GB-SSD-Silver-Refurbished/275341764?classType=REGULAR&athbdg=L1600&from=/search,$176.37,3.8,93
smartwatch,"Restored Apple 13.3"" MacBook Air (Intel Core i5, Silver, 8GB RAM, 128GB SSD, Mid 2017) (Refurbished)",https://www.walmart.com/ip/Restored-Apple-13-3-MacBook-Air-Intel-Core-i5-Silver-8GB-RAM-128GB-SSD-Mid-2017-Refurbished/446815488?classType=VARIANT&athbdg=L1600&from=/search,$164.99,3.5,61
smartwatch,"Lenovo LOQ 15.6 FHD 144Hz Gaming Laptop, Intel Core i5-13420H, NVIDIA GeForce GTX 3050 6GB, 16GB RAM, 512GB SSD, Storm Grey, Windows 11, 82XV0094US",https://www.walmart.com/ip/Lenovo-LOQ-15-6-FHD-144Hz-Gaming-Laptop-Intel-Core-i5-13420H-NVIDIA-GeForce-GTX-3050-6GB-16GB-RAM-512GB-SSD-Storm-Grey-Windows-11-82XV0094US/3685906294?classType=REGULAR&from=/search,$848.80,4.7,22
smartwatch,Acer Chromebook 315 15.6 inch Laptop Intel Processor N4500 4GB RAM 64GB eMMC Pure Silver,https://www.walmart.com/sp/track?bt=1&eventST=click&plmt=sp-search-middle~desktop~&pos=1&tax=1085632_1071204_5186082_4126170_5681475&rdf=1&rd=https%3A%2F%2Fwww.walmart.com%2Fip%2FAcer-Chromebook-315-15-6-inch-Laptop-Intel-Processor-N4500-4GB-RAM-64GB-eMMC-Pure-Silver%2F3193557250%3FclassType%3DVARIANT%26athbdg%3DL1102%26adsRedirect%3Dtrue&adUid=d5bc196f-291a-4112-af05-860efe32de93&mloc=sp-search-middle&pltfm=desktop&pgId=laptop&pt=search&spQs=KhmMUJ7LZFwOTYtKUcpHBA8hEP3gwCceFo0b2cpQOyFZsq6946ZpvNiNyz4U3SdUThZWz9XmmmrKUEPO10_ARnFsVyx5o3xyWzJExJrcfoSFgoUJ6stmxoYwbaCyT_OAYZ4KtiBPCx4yjAN4mn2ColaGogX-ZZD7p-QTyylw69_lXrZrCTDvYjvjRlczJPLEzaYMyT9EyjIpGo_ZSgWaWhY0FNE2CneeVJIISH22b2rfFA-PE1RJSg3wUgXXZ_EmZOVKVN7iZqSiPWzY2i5thOqeUkuzemiGjAkJEVPvpWU&storeId=3081&couponState=na&bkt=ace1_default%7Cace2_default%7Cace3_default%7Ccoldstart_on%7Csearch_default&classType=VARIANT&athbdg=L1102,$139.00,4.4,3857
smartwatch,ASUS Chromebook Plus CX34 14 inch Touch Laptop with Google AI Intel Core i3-1215U 8GB RAM 128GB UFS Gray,https://www.walmart.com/sp/track?bt=1&eventST=click&plmt=sp-search-middle~desktop~&pos=2&tax=1085632_1071204_5186082_4126170_5681475&rdf=1&rd=https%3A%2F%2Fwww.walmart.com%2Fip%2FASUS-Chromebook-Plus-CX34-14-inch-Touch-Laptop-with-Google-AI-Intel-Core-i3-1215U-8GB-RAM-128GB-UFS-Gray%2F5098188355%3FclassType%3DREGULAR%26adsRedirect%3Dtrue&adUid=d5bc196f-291a-4112-af05-860efe32de93&mloc=sp-search-middle&pltfm=desktop&pgId=laptop&pt=search&spQs=HU2G_1p-1zcDHRrB49pHGYH-P_qh9iiJU4nteXE1_y1gJa0A2XyT8t3wKZ8luJ_BTAeFFA8hiGymLi7TwdciDHJHNFue9dWBsENGQ2FYZ67g2e4WO02Ii9J-wEDrON_S6rxkBuvclEdyvdmax0wrfW0LIA3kTLmAkpPMjMfSvgnRrz9Mxz1Hw7nUq4SyxoFLfonZ6ccMlO0nfiQHy97_ApRwUdSU9qPYECfxDgfwp5gBqVE9gNL48ee4bsVY9WeZkWp_6oFq82PTlPU2rak16G7PsNtvbRQ5MfQ0hp5k7Gs&storeId=3081&couponState=na&bkt=ace1_default%7Cace2_default%7Cace3_default%7Ccoldstart_on%7Csearch_default&classType=REGULAR,$329.00,4.5,71
smartwatch,HP Chromebook x360 14 inch FHD IPS Touch 2-in-1 Laptop Intel Processor N100 4GB RAM 64GB eMMC Sky Blue,https://www.walmart.com/sp/track?bt=1&eventST=click&plmt=sp-search-middle~desktop~&pos=3&tax=1085632_1071204_5186082_4126170_5681475&rdf=1&rd=https%3A%2F%2Fwww.walmart.com%2Fip%2FHP-Chromebook-X360-14-inch-FHD-IPS-Touch-2-in-1-Laptop-Intel-Processor-N100-4GB-RAM-64GB-eMMC-Sky-Blue%2F5123764557%3FclassType%3DREGULAR%26athbdg%3DL1102%26adsRedirect%3Dtrue&adUid=d5bc196f-291a-4112-af05-860efe32de93&mloc=sp-search-middle&pltfm=desktop&pgId=laptop&pt=search&spQs=9J0Na0lqq3LXzC4SMNSY7CzcW1Ey4xZNTLTEW8CTin6KrEFkQxOlrB6nXmpL3WwDKwhC0PwHUjpNG2TR1E_iUnFsVyx5o3xyWzJExJrcfoQQXFv1Lbsd3MMcG7V7_G4a3Qj_a6g5U4WnCQRPqL1wPLCTwzQ21r4umYfVPIq7otY3Plo8uiLQATrl-NYKsj5Zyns0CyoRJPkJNdPQeNwysjdlExP4MQThgq7cAs-u7-3bvxMmAAh3bi-1De1rHI-A&storeId=3081&couponState=na&bkt=ace1_default%7Cace2_default%7Cace3_default%7Ccoldstart_on%7Csearch_default&classType=REGULAR&athbdg=L1102,$199.00,4.5,539
smartwatch,Lenovo IdeaPad Slim 3 15.6 inch FHD Touch Windows Laptop AMD Ryzen 7-7730U 16GB RAM 512GB SSD Abyss Blue,https://www.walmart.com/sp/track?bt=1&eventST=click&plmt=sp-search-middle~desktop~&pos=4&tax=1085632_1071204_5186082_4126170_5681475&rdf=1&rd=https%3A%2F%2Fwww.walmart.com%2Fip%2FLenovo-Ideapad-Slim-3-15-6-inch-FHD-IPS-Touch-Laptop-AMD-Ryzen-7-7730U-16GB-RAM-512GB-SSD-Abyss-Blue%2F5098188190%3FclassType%3DREGULAR%26athbdg%3DL1102%26adsRedirect%3Dtrue&adUid=d5bc196f-291a-4112-af05-860efe32de93&mloc=sp-search-middle&pltfm=desktop&pgId=laptop&pt=search&spQs=XkWjrDz8ODLO495J71dgaR8NUYi4zqxwDfuj33WgKWhggWzDgIMdhkkiVDcYbWvXh4SMnhzwDSqJsm4P8ZDwiHJHNFue9dWBsENGQ2FYZ65ZxTCo8z5SevUm4mJQr8B1zENKgnIxf3_JRCAkaSuZRQEhNOivEskjU_pbBzsHM1MVK3wh0oMD-mHd4nFqavccJDemNBHZGQ16aUYc3PhOmXaqxpJCmlU6WH7lsUGUVnVxZLBu6uFISO-lPV1eUOhYrFStnDFmE4yvL64KqG5JvtjoH7Fkas0-NjJ6XSfDXVk&storeId=3081&couponState=na&bkt=ace1_default%7Cace2_default%7Cace3_default%7Ccoldstart_on%7Csearch_default&classType=REGULAR&athbdg=L1102,$429.00,4.6,137
smartwatch,"HP 14"" FHD Pavilion x360 Laptop, Intel Core i5-1235U, 8GB, 256GB, Silver, Windows 11, 14-dy2050wm",https://www.walmart.com/ip/HP-14-FHD-Pavilion-x360-Laptop-Intel-Core-i5-1235U-8GB-256GB-Silver-Windows-11-14-dy2050wm/753966076?classType=REGULAR&from=/search,$478.90,4.2,267
smartwatch,"ASUS Vivobook 15.6” FHD Touch PC Laptop, Intel Core i5-1135G7, 8GB, 512GB, Win 11 Home, F515EA-WH52",https://www.walmart.com/ip/ASUS-Vivobook-15-6-FHD-Touch-PC-Laptop-Intel-Core-i5-1135G7-8GB-512GB-Win-11-Home-F515EA-WH52/2340855991?classType=VARIANT&from=/search,$369.00,4.5,343
smartwatch,"Lenovo IdeaPad Flex 5i 14"" FHD 2-in-1 Touchscreen Laptop, Intel Core i3-1115G4, 4GB RAM, 128GB SSD, Graphite Gray, Windows 11 in S Mode, 82HS00R9US",https://www.walmart.com/ip/Lenovo-Flex-5i-14-0-FHD-Touch-Core-i3-1115G4-4GB-128GB-Graphite-Grey-Windows-11-S-82HS00R9US/866819117?classType=VARIANT&from=/search,$309.00,3.7,276
smartwatch,"ASUS Vivobook 15 laptop, 15.6” Touch, Intel Core i7-1255U, 16GB RAM, 512GB SSD, Quiet Blue, Windows 11 Home",https://www.walmart.com/ip/ASUS-Vivobook-15-laptop-15-6-Touch-Intel-Core-i7-1255U-16GB-RAM-512GB-SSD-Quiet-Blue-Windows-11-Home/2471038977?classType=VARIANT&from=/search,$569.98,4.6,590
smartwatch,"HP 15.6"" Pentium 4GB/128GB Laptop-Scarlet Red",https://www.walmart.com/ip/HP-15-dw0083wm-15-6-HD-Pentium-Silver-N5000-1-1GHz-Intel-UHD-Graphics-605-4GB-RAM-128GB-SSD-Windows-10-Scarlet-red/363405465?classType=VARIANT&from=/search,$275.00,3.8,4321
smartwatch,"HP 15.6"" HD Business Laptop Touchscreen, Intel Core i3-1215U, 16GB RAM, 1TB SSD, Intel UHD Graphics, Wi-Fi, Bluetooth, Webcam, Media Card Reader, Numeric Keypad, Windows 11 Home, Cefesfy LaptopStand",https://www.walmart.com/ip/HP-15-6-HD-Business-Laptop-Touchscreen-Intel-Core-i3-1215U-16GB-RAM-1TB-SSD-UHD-Graphics-Wi-Fi-Bluetooth-Webcam-Media-Card-Reader-Numeric-Keypad-Wind/5310462760?classType=VARIANT&from=/search,$495.90,4.7,104
camera,Acer Chromebook 315 15.6 inch Laptop Intel Processor N4500 4GB RAM 64GB eMMC Pure Silver,https://www.walmart.com/sp/track?bt=1&eventST=click&plmt=sp-search-middle~desktop~&pos=1&tax=1085632_1071204_5186082_4126170_5681475&rdf=1&rd=https%3A%2F%2Fwww.walmart.com%2Fip%2FAcer-Chromebook-315-15-6-inch-Laptop-Intel-Processor-N4500-4GB-RAM-64GB-eMMC-Pure-Silver%2F3193557250%3FclassType%3DVARIANT%26athbdg%3DL1102%26adsRedirect%3Dtrue&adUid=39fe23a5-a091-4b55-b1ed-d70bdc66259d&mloc=sp-search-middle&pltfm=desktop&pgId=laptop&pt=search&spQs=KhmMUJ7LZFwOTYtKUcpHBA8hEP3gwCceFo0b2cpQOyFZsq6946ZpvNiNyz4U3SdUThZWz9XmmmrKUEPO10_ARn22xJf-YZbqb91MMkJctvj9J4Z3MgMTTU8y26dl0H5bYZ4KtiBPCx4yjAN4mn2CoqXHi2YVBY63dv6Qbz2U6WX2ofs1-v2zsHdtOAujk7iEfonZ6ccMlO0nfiQHy97_ApRwUdSU9qPYECfxDgfwp5gBqVE9gNL48ee4bsVY9WeZkWp_6oFq82PTlPU2rak16G7PsNtvbRQ5MfQ0hp5k7Gs&storeId=3081&couponState=na&bkt=ace1_default%7Cace2_default%7Cace3_default%7Ccoldstart_on%7Csearch_default&classType=VARIANT&athbdg=L1102,$139.00,4.4,3857
camera,ASUS Chromebook Plus CX34 14 inch Touch Laptop with Google AI Intel Core i3-1215U 8GB RAM 128GB UFS Gray,https://www.walmart.com/sp/track?bt=1&eventST=click&plmt=sp-search-middle~desktop~&pos=2&tax=1085632_1071204_5186082_4126170_5681475&rdf=1&rd=https%3A%2F%2Fwww.walmart.com%2Fip%2FASUS-Chromebook-Plus-CX34-14-inch-Touch-Laptop-with-Google-AI-Intel-Core-i3-1215U-8GB-RAM-128GB-UFS-Gray%2F5098188355%3FclassType%3DREGULAR%26adsRedirect%3Dtrue&adUid=39fe23a5-a091-4b55-b1ed-d70bdc66259d&mloc=sp-search-middle&pltfm=desktop&pgId=laptop&pt=search&spQs=HU2G_1p-1zcDHRrB49pHGYH-P_qh9iiJU4nteXE1_y1gJa0A2XyT8t3wKZ8luJ_B7uPicxu2erTavyhHXQi8Dn22xJf-YZbqb91MMkJctvheG8IJ9uJKMm8dI-T6Ti4jZnD6gH7mA2pA797Gqaq37QWhaxqBNAQc9PUfjAiZrHXDRS-s_LeAcDFCw3Uahud6ii_Q6N2maG-DC9bVm5sL6Am4ujES3nBcldtxJkDTKRF6OnwqYSrVQCZBFN8Q7XIrVou3_w1O7zcNkYR_bljlY5J3mITg_xivqsJYeFpsNJI&storeId=3081&couponState=na&bkt=ace1_default%7Cace2_default%7Cace3_default%7Ccoldstart_on%7Csearch_default&classType=REGULAR,$329.00,4.5,71
camera,HP Chromebook x360 14 inch FHD IPS Touch 2-in-1 Laptop Intel Processor N100 4GB RAM 64GB eMMC Sky Blue,https://www.walmart.com/sp/track?bt=1&eventST=click&plmt=sp-search-middle~desktop~&pos=3&tax=1085632_1071204_5186082_4126170_5681475&rdf=1&rd=https%3A%2F%2Fwww.walmart.com%2Fip%2FHP-Chromebook-X360-14-inch-FHD-IPS-Touch-2-in-1-Laptop-Intel-Processor-N100-4GB-RAM-64GB-eMMC-Sky-Blue%2F5123764557%3FclassType%3DREGULAR%26athbdg%3DL1102%26adsRedirect%3Dtrue&adUid=39fe23a5-a091-4b55-b1ed-d70bdc66259d&mloc=sp-search-middle&pltfm=desktop&pgId=laptop&pt=search&spQs=9J0Na0lqq3LXzC4SMNSY7CzcW1Ey4xZNTLTEW8CTin6KrEFkQxOlrB6nXmpL3WwDKwhC0PwHUjpNG2TR1E_iUn22xJf-YZbqb91MMkJctviQ4eqGPBNLxdGyWV1SnCtw3Qj_a6g5U4WnCQRPqL1wPA4vUhvacPmsKP7zmKBzsHKUsf7zpgnCK36NpWXh9azgyns0CyoRJPkJNdPQeNwysjdlExP4MQThgq7cAs-u7-3bvxMmAAh3bi-1De1rHI-A&storeId=3081&couponState=na&bkt=ace1_default%7Cace2_default%7Cace3_default%7Ccoldstart_on%7Csearch_default&classType=REGULAR&athbdg=L1102,$199.00,4.5,539
camera,Lenovo IdeaPad Slim 3 15.6 inch FHD Touch Windows Laptop AMD Ryzen 7-7730U 16GB RAM 512GB SSD Abyss Blue,https://www.walmart.com/sp/track?bt=1&eventST=click&plmt=sp-search-middle~desktop~&pos=4&tax=1085632_1071204_5186082_4126170_5681475&rdf=1&rd=https%3A%2F%2Fwww.walmart.com%2Fip%2FLenovo-Ideapad-Slim-3-15-6-inch-FHD-IPS-Touch-Laptop-AMD-Ryzen-7-7730U-16GB-RAM-512GB-SSD-Abyss-Blue%2F5098188190%3FclassType%3DREGULAR%26athbdg%3DL1102%26adsRedirect%3Dtrue&adUid=39fe23a5-a091-4b55-b1ed-d70bdc66259d&mloc=sp-search-middle&pltfm=desktop&pgId=laptop&pt=search&spQs=XkWjrDz8ODLO495J71dgaR8NUYi4zqxwDfuj33WgKWhggWzDgIMdhkkiVDcYbWvXh4SMnhzwDSqJsm4P8ZDwiIVy7cZ8vuTPcVhzu87HDSeTyMsG_KzgR9nTp8rjai6FzENKgnIxf3_JRCAkaSuZReALCJsODx9vA68jCM2FiCqBvZZj4sKvEAx1viqbfmLoJDemNBHZGQ16aUYc3PhOmXaqxpJCmlU6WH7lsUGUVnVxZLBu6uFISO-lPV1eUOhYrFStnDFmE4yvL64KqG5JvtjoH7Fkas0-NjJ6XSfDXVk&storeId=3081&couponState=na&bkt=ace1_default%7Cace2_default%7Cace3_default%7Ccoldstart_on%7Csearch_default&classType=REGULAR&athbdg=L1102,$429.00,4.6,137
camera,Lenovo IdeaPad 1i 15.6 inch Windows Laptop Intel Core i5-1235U 8GB RAM 256GB SSD Abyss Blue,https://www.walmart.com/ip/Lenovo-IdeaPad-1i-15-6-Intel-Core-i5-1235U-8GB-RAM-256-GB-SSD-Abyss-Blue-Windows-11-in-S-Mode-82QD00GNUS/5698519717?classType=REGULAR&athbdg=L1102&from=/search,$299.00,4.4,59
camera,Lenovo IdeaPad Slim 3 15.6 inch FHD Touch Windows Laptop AMD Ryzen 7-7730U 16GB RAM 512GB SSD Abyss Blue,https://www.walmart.com/ip/Lenovo-Ideapad-Slim-3-15-6-inch-FHD-IPS-Touch-Laptop-AMD-Ryzen-7-7730U-16GB-RAM-512GB-SSD-Abyss-Blue/5098188190?classType=REGULAR&athbdg=L1102&from=/search,$429.00,4.6,137
camera,HP 15.6 inch Windows Laptop Intel Processor N200 4GB RAM 128GB UFS Scarlet Red (12-mo. Microsoft 365 included),https://www.walmart.com/ip/HP-15-6-inch-Laptop-Intel-Processor-N200-4GB-RAM-128GB-UFS-Scarlet-Red-12-mo-Microsoft-365-included/2706605807?classType=VARIANT&athbdg=L1102&from=/search,$199.00,4.2,4512
camera,HP 15.6 inch Windows Laptop Intel Core i3-N305 8GB RAM 256GB SSD Natural Silver,https://www.walmart.com/ip/HP-15-6-inch-Laptop-Intel-Core-i3-N305-8GB-RAM-256GB-SSD-Natural-Silver/5098188131?classType=VARIANT&from=/search,$279.90,4.5,969
camera,HP Chromebook 14 inch Laptop Intel Processor N200 4GB RAM 128GB UFS Glacier Silver,https://www.walmart.com/ip/HP-Chromebook-14-inch-Laptop-Intel-Processor-N200-4GB-RAM-128GB-UFS-Glacier-Silver/5098188136?classType=REGULAR&from=/search,$183.94,4.5,641
camera,Acer Chromebook 315 15.6 inch Laptop Intel Processor N4500 4GB RAM 64GB eMMC Pure Silver,https://www.walmart.com/sp/track?bt=1&eventST=click&plmt=sp-search-middle~desktop~&pos=1&tax=1085632_1071204_5186082_4126170_5681475&rdf=1&rd=https%3A%2F%2Fwww.walmart.com%2Fip%2FAcer-Chromebook-315-15-6-inch-Laptop-Intel-Processor-N4500-4GB-RAM-64GB-eMMC-Pure-Silver%2F3193557250%3FclassType%3DVARIANT%26athbdg%3DL1102%26adsRedirect%3Dtrue&adUid=687530b2-160f-45c7-a9ba-bf7c05a86d17&mloc=sp-search-middle&pltfm=desktop&pgId=laptop&pt=search&spQs=KhmMUJ7LZFwOTYtKUcpHBA8hEP3gwCceFo0b2cpQOyFZsq6946ZpvNiNyz4U3SdUySjoXGrLre4gnfS4cz4PkPwhAPwvhWkuGSEg06UKpNk-OrAvkR2QiZVBzsi4zJww1grGHdNx-9S083_kIsuHokGCJYXJQb_4zxGV0xryZPk0T2Pu_qYxrYnMFMoYiaP45Om9MEI1QvgsvGY15Cz3Kpg5sqKuRm1s9GUds2VM0ccgMnbG-OppiTZ3yjotQIBPUnF8xRsoRHv_37Ul5QrxYmCDgIzlW38Eak-HO6vevfo&storeId=3081&couponState=na&bkt=ace1_default%7Cace2_default%7Cace3_default%7Ccoldstart_on%7Csearch_default&classType=VARIANT&athbdg=L1102,$139.00,4.4,3857
camera,ASUS Chromebook Plus CX34 14 inch Touch Laptop with Google AI Intel Core i3-1215U 8GB RAM 128GB UFS Gray,https://www.walmart.com/sp/track?bt=1&eventST=click&plmt=sp-search-middle~desktop~&pos=2&tax=1085632_1071204_5186082_4126170_5681475&rdf=1&rd=https%3A%2F%2Fwww.walmart.com%2Fip%2FASUS-Chromebook-Plus-CX34-14-inch-Touch-Laptop-with-Google-AI-Intel-Core-i3-1215U-8GB-RAM-128GB-UFS-Gray%2F5098188355%3FclassType%3DREGULAR%26adsRedirect%3Dtrue&adUid=687530b2-160f-45c7-a9ba-bf7c05a86d17&mloc=sp-search-middle&pltfm=desktop&pgId=laptop&pt=search&spQs=HU2G_1p-1zcDHRrB49pHGYH-P_qh9iiJU4nteXE1_y1gJa0A2XyT8t3wKZ8luJ_BIuB--grZihCDTDENnAqu8rORWQmU37QJh3StmxLaBl1eG8IJ9uJKMm8dI-T6Ti4jPjYaYesfA7QMG9SpWpVT5r5e_DE69AQwix_ghsU0id2NRgQJzYoP6E7hhqpgKnwkzaYMyT9EyjIpGo_ZSgWaWhY0FNE2CneeVJIISH22b2rfFA-PE1RJSg3wUgXXZ_EmZOVKVN7iZqSiPWzY2i5thOqeUkuzemiGjAkJEVPvpWU&storeId=3081&couponState=na&bkt=ace1_default%7Cace2_default%7Cace3_default%7Ccoldstart_on%7Csearch_default&classType=REGULAR,$329.00,4.5,71
camera,HP Chromebook x360 14 inch FHD IPS Touch 2-in-1 Laptop Intel Processor N100 4GB RAM 64GB eMMC Sky Blue,https://www.walmart.com/sp/track?bt=1&eventST=click&plmt=sp-search-middle~desktop~&pos=3&tax=1085632_1071204_5186082_4126170_5681475&rdf=1&rd=https%3A%2F%2Fwww.walmart.com%2Fip%2FHP-Chromebook-X360-14-inch-FHD-IPS-Touch-2-in-1-Laptop-Intel-Processor-N100-4GB-RAM-64GB-eMMC-Sky-Blue%2F5123764557%3FclassType%3DREGULAR%26athbdg%3DL1102%26adsRedirect%3Dtrue&adUid=687530b2-160f-45c7-a9ba-bf7c05a86d17&mloc=sp-search-middle&pltfm=desktop&pgId=laptop&pt=search&spQs=9J0Na0lqq3LXzC4SMNSY7CzcW1Ey4xZNTLTEW8CTin6KrEFkQxOlrB6nXmpL3WwDKwhC0PwHUjpNG2TR1E_iUrORWQmU37QJh3StmxLaBl2Q4eqGPBNLxdGyWV1SnCtw3Qj_a6g5U4WnCQRPqL1wPFAMDQAvYsQl3Yxc1xSZsnIQlmL2XR4UlPWINUDb4EJWyns0CyoRJPkJNdPQeNwysjdlExP4MQThgq7cAs-u7-3bvxMmAAh3bi-1De1rHI-A&storeId=3081&couponState=na&bkt=ace1_default%7Cace2_default%7Cace3_default%7Ccoldstart_on%7Csearch_default&classType=REGULAR&athbdg=L1102,$199.00,4.5,539
camera,Lenovo IdeaPad Slim 3 15.6 inch FHD Touch Windows Laptop AMD Ryzen 7-7730U 16GB RAM 512GB SSD Abyss Blue,https://www.walmart.com/sp/track?bt=1&eventST=click&plmt=sp-search-middle~desktop~&pos=4&tax=1085632_1071204_5186082_4126170_5681475&rdf=1&rd=https%3A%2F%2Fwww.walmart.com%2Fip%2FLenovo-Ideapad-Slim-3-15-6-inch-FHD-IPS-Touch-Laptop-AMD-Ryzen-7-7730U-16GB-RAM-512GB-SSD-Abyss-Blue%2F5098188190%3FclassType%3DREGULAR%26athbdg%3DL1102%26adsRedirect%3Dtrue&adUid=687530b2-160f-45c7-a9ba-bf7c05a86d17&mloc=sp-search-middle&pltfm=desktop&pgId=laptop&pt=search&spQs=XkWjrDz8ODLO495J71dgaR8NUYi4zqxwDfuj33WgKWhggWzDgIMdhkkiVDcYbWvXh4SMnhzwDSqJsm4P8ZDwiPwhAPwvhWkuGSEg06UKpNmTyMsG_KzgR9nTp8rjai6FzENKgnIxf3_JRCAkaSuZReALCJsODx9vA68jCM2FiCqBvZZj4sKvEAx1viqbfmLoJDemNBHZGQ16aUYc3PhOmXaqxpJCmlU6WH7lsUGUVnVxZLBu6uFISO-lPV1eUOhYrFStnDFmE4yvL64KqG5JvtjoH7Fkas0-NjJ6XSfDXVk&storeId=3081&couponState=na&bkt=ace1_default%7Cace2_default%7Cace3_default%7Ccoldstart_on%7Csearch_default&classType=REGULAR&athbdg=L1102,$429.00,4.6,137
camera,"Auusda 15.6"" Laptop Intel Alder N95, 16GB RAM, 512GB SSD, Windows 11 Pro Work Computer, Fingerprint Reader, Backlit Keyboard, Silver",https://www.walmart.com/ip/Auusda-15-6-Laptop-Intel-Alder-N95-16GB-RAM-512GB-SSD-Windows-11-Pro-Work-Computer-Fingerprint-Reader-Backlit-Keyboard-Silver/1846202250?classType=VARIANT&athbdg=L1600&from=/search,$289.99,3.8,896
camera,"ASUS TUF Gaming A16 Gaming/Entertainment Laptop (AMD Ryzen 7 7735HS 8-Core, 64GB DDR5 4800MHz RAM, 2TB PCIe SSD, Radeon RX 7700S, 16.0in 165 Hz Wide UXGA (1920x1200), Wifi, Win 11 Home)",https://www.walmart.com/ip/ASUS-TUF-Gaming-A16-Gaming-Entertainment-Laptop-AMD-Ryzen-7-7735HS-8-Core-64GB-DDR5-4800MHz-RAM-2TB-PCIe-SSD-Radeon-RX-7700S-16-0in-165-Hz-Wide-UXGA/6471613525?classType=REGULAR&from=/search,"$1,979.99",N/A,N/A
camera,HP Victus 15.6 inch FHD IPS 144Hz Gaming Laptop AMD Ryzen 5-8645HS NVIDIA GeForce RTX 4050 8GB DDR5 512GB SSD Mica Silver (2024),https://www.walmart.com/ip/HP-Victus-15-6-inch-FHD-144Hz-Gaming-Laptop-AMD-Ryzen-5-8645HS-NVIDIA-GeForce-RTX-4050-8GB-DDR4-512GB-SSD-Mica-Silver-2024/5395277312?classType=REGULAR&athbdg=L1600&from=/search,$651.00,4.5,412
camera,"ASUS 15.6"" FHD Laptop, Intel Pentium, 4GB RAM, 128GB eMMC, Windows 11 Home in S mode with One Year of Microsoft 365 included,  L510MA-WS21",https://www.walmart.com/ip/ASUS-15-6-FHD-Laptop-Intel-Pentium-4GB-RAM-128GB-eMMC-Windows-11-Home-in-S-mode-with-One-Year-of-Microsoft-365-included-L510MA-WS21/297174175?classType=VARIANT&from=/search,$236.90,3.9,2019
camera,HP 15.6 inch Intel Processor N200 4GB RAM 128GB UFS Black (12-mo. Microsoft 365 included),https://www.walmart.com/ip/HP-15-6-HD-Laptop-Intel-N200-4GB-RAM-128GB-UFS-Windows-11-Home-in-S-Mode-15-fd0079wm/5536083697?classType=VARIANT&from=/search,$191.00,4.2,160
camera,HP 15.6 inch Windows Laptop Intel Core i7-1355U 16GB RAM 1TB SSD Natural Silver,https://www.walmart.com/ip/HP-15-6-inch-Laptop-Intel-Core-i7-1355U-16GB-RAM-1TB-SSD-Natural-Silver/5098188130?classType=REGULAR&athbdg=L2000&from=/search,$699.00,4.2,216
camera,Acer Chromebook 315 15.6 inch Laptop Intel Processor N4500 4GB RAM 64GB eMMC Pure Silver,https://www.walmart.com/sp/track?bt=1&eventST=click&plmt=sp-search-middle~desktop~&pos=1&tax=1085632_1071204_5186082_4126170_5681475&rdf=1&rd=https%3A%2F%2Fwww.walmart.com%2Fip%2FAcer-Chromebook-315-15-6-inch-Laptop-Intel-Processor-N4500-4GB-RAM-64GB-eMMC-Pure-Silver%2F3193557250%3FclassType%3DVARIANT%26athbdg%3DL1102%26adsRedirect%3Dtrue&adUid=ae2dc9c2-11f9-4d7e-91bc-be0108c38844&mloc=sp-search-middle&pltfm=desktop&pgId=laptop&pt=search&spQs=KhmMUJ7LZFwOTYtKUcpHBA8hEP3gwCceFo0b2cpQOyFZsq6946ZpvNiNyz4U3SdUThZWz9XmmmrKUEPO10_ARmREAfenM4iY_XtvZNEx5-SFgoUJ6stmxoYwbaCyT_OAYZ4KtiBPCx4yjAN4mn2ColaGogX-ZZD7p-QTyylw69_lXrZrCTDvYjvjRlczJPLEzaYMyT9EyjIpGo_ZSgWaWhY0FNE2CneeVJIISH22b2rfFA-PE1RJSg3wUgXXZ_EmZOVKVN7iZqSiPWzY2i5thOqeUkuzemiGjAkJEVPvpWU&storeId=3081&couponState=na&bkt=ace1_default%7Cace2_default%7Cace3_default%7Ccoldstart_off%7Csearch_default&classType=VARIANT&athbdg=L1102,$139.00,4.4,3857
camera,ASUS Chromebook Plus CX34 14 inch Touch Laptop with Google AI Intel Core i3-1215U 8GB RAM 128GB UFS Gray,https://www.walmart.com/sp/track?bt=1&eventST=click&plmt=sp-search-middle~desktop~&pos=2&tax=1085632_1071204_5186082_4126170_5681475&rdf=1&rd=https%3A%2F%2Fwww.walmart.com%2Fip%2FASUS-Chromebook-Plus-CX34-14-inch-Touch-Laptop-with-Google-AI-Intel-Core-i3-1215U-8GB-RAM-128GB-UFS-Gray%2F5098188355%3FclassType%3DREGULAR%26athbdg%3DL1300%26adsRedirect%3Dtrue&adUid=ae2dc9c2-11f9-4d7e-91bc-be0108c38844&mloc=sp-search-middle&pltfm=desktop&pgId=laptop&pt=search&spQs=HU2G_1p-1zcDHRrB49pHGYH-P_qh9iiJU4nteXE1_y1gJa0A2XyT8t3wKZ8luJ_BTAeFFA8hiGymLi7TwdciDAcl7CA4_Z66FGSA9jcbETTg2e4WO02Ii9J-wEDrON_S6rxkBuvclEdyvdmax0wrfW0LIA3kTLmAkpPMjMfSvgnRrz9Mxz1Hw7nUq4SyxoFLfonZ6ccMlO0nfiQHy97_ApRwUdSU9qPYECfxDgfwp5gBqVE9gNL48ee4bsVY9WeZkWp_6oFq82PTlPU2rak16G7PsNtvbRQ5MfQ0hp5k7Gs&storeId=3081&couponState=na&bkt=ace1_default%7Cace2_default%7Cace3_default%7Ccoldstart_off%7Csearch_default&classType=REGULAR&athbdg=L1300,$329.00,4.5,71
camera,HP Chromebook x360 14 inch FHD IPS Touch 2-in-1 Laptop Intel Processor N100 4GB RAM 64GB eMMC Sky Blue,https://www.walmart.com/sp/track?bt=1&eventST=click&plmt=sp-search-middle~desktop~&pos=3&tax=1085632_1071204_5186082_4126170_5681475&rdf=1&rd=https%3A%2F%2Fwww.walmart.com%2Fip%2FHP-Chromebook-X360-14-inch-FHD-IPS-Touch-2-in-1-Laptop-Intel-Processor-N100-4GB-RAM-64GB-eMMC-Sky-Blue%2F5123764557%3FclassType%3DREGULAR%26athbdg%3DL1102%26adsRedirect%3Dtrue&adUid=ae2dc9c2-11f9-4d7e-91bc-be0108c38844&mloc=sp-search-middle&pltfm=desktop&pgId=laptop&pt=search&spQs=9J0Na0lqq3LXzC4SMNSY7CzcW1Ey4xZNTLTEW8CTin6KrEFkQxOlrB6nXmpL3WwDKwhC0PwHUjpNG2TR1E_iUmREAfenM4iY_XtvZNEx5-QQXFv1Lbsd3MMcG7V7_G4a3Qj_a6g5U4WnCQRPqL1wPLCTwzQ21r4umYfVPIq7otY3Plo8uiLQATrl-NYKsj5Zyns0CyoRJPkJNdPQeNwysjdlExP4MQThgq7cAs-u7-3bvxMmAAh3bi-1De1rHI-A&storeId=3081&couponState=na&bkt=ace1_default%7Cace2_default%7Cace3_default%7Ccoldstart_off%7Csearch_default&classType=REGULAR&athbdg=L1102,$199.00,4.5,539
camera,Lenovo IdeaPad Slim 3 15.6 inch FHD Touch Windows Laptop AMD Ryzen 7-7730U 16GB RAM 512GB SSD Abyss Blue,https://www.walmart.com/sp/track?bt=1&eventST=click&plmt=sp-search-middle~desktop~&pos=4&tax=1085632_1071204_5186082_4126170_5681475&rdf=1&rd=https%3A%2F%2Fwww.walmart.com%2Fip%2FLenovo-Ideapad-Slim-3-15-6-inch-FHD-IPS-Touch-Laptop-AMD-Ryzen-7-7730U-16GB-RAM-512GB-SSD-Abyss-Blue%2F5098188190%3FclassType%3DREGULAR%26athbdg%3DL1102%26adsRedirect%3Dtrue&adUid=ae2dc9c2-11f9-4d7e-91bc-be0108c38844&mloc=sp-search-middle&pltfm=desktop&pgId=laptop&pt=search&spQs=XkWjrDz8ODLO495J71dgaR8NUYi4zqxwDfuj33WgKWhggWzDgIMdhkkiVDcYbWvXh4SMnhzwDSqJsm4P8ZDwiAcl7CA4_Z66FGSA9jcbETRZxTCo8z5SevUm4mJQr8B1zENKgnIxf3_JRCAkaSuZRQEhNOivEskjU_pbBzsHM1MVK3wh0oMD-mHd4nFqavccJDemNBHZGQ16aUYc3PhOmXaqxpJCmlU6WH7lsUGUVnVxZLBu6uFISO-lPV1eUOhYrFStnDFmE4yvL64KqG5JvtjoH7Fkas0-NjJ6XSfDXVk&storeId=3081&couponState=na&bkt=ace1_default%7Cace2_default%7Cace3_default%7Ccoldstart_off%7Csearch_default&classType=REGULAR&athbdg=L1102,$429.00,4.6,137
camera,"ASUS ROG Strix G17 (2023) 17.3 QHD 240Hz Gaming Laptop, AMD Ryzen 9-7845HX, NVIDIA GeForce RTX 4060, 16GB DDR5 RAM, 1TB SSD, Windows 11, G713PV-WS94",https://www.walmart.com/ip/ASUS-ROG-Strix-G17-17-3-inch-WQHD-240Hz-Gaming-Laptop-AMD-Ryzen-9-7845HX-NVIDIA-GeForce-RTX-4060-16GB-DDR5-1TB-SSD-Eclipse-Gray-2023/2103957626?classType=REGULAR&from=/search,"$1,389.99",4.5,299
camera,"KUU 15.6in 1080p FHD Laptop, Intel Celeron, 16GB RAM 512GB SSD, Windows 11 Pro",https://www.walmart.com/ip/15-6-KUU-Laptop-Intel-Celeron-N5095-16GB-RAM-512GB-SSD-Win-11-Pro-Backlit-Keyboard-Wifi-Bluetooth/1057434650?classType=REGULAR&from=/search,$295.00,3.2,354
camera,"HP Stream 14 Laptop, Intel Celeron N4000, 4GB SDRAM, 32GB eMMC, Office 365 1-yr, Brilliant Black",https://www.walmart.com/ip/HP-Stream-14-Laptop-Intel-Celeron-N4000-4GB-SDRAM-32GB-eMMC-Office-365-1-yr-Brilliant-Black/470907822?classType=VARIANT&from=/search,$236.00,3.6,697
camera,HP Pavilion 16 inch Laptop AMD Ryzen 7-8840U AI PC 8GB RAM 512GB SSD Meteor Silver,https://www.walmart.com/ip/HP-Pavilion-16-inch-Laptop-AMD-Ryzen-7-8840U-8GB-RAM-512GB-SSD-Meteor-Silver/5144705567?classType=REGULAR&from=/search,$649.00,4.2,22
camera,"Acer Nitro V - 15.6"" - Intel Core i9-13900H - GeForce RTX 4060 Laptop GPU - 16 GB DDR5 - 512 GB PCIe SSD - Windows 11 Home 64-bit - Gaming Laptop (ANV15-51-98N0 )",https://www.walmart.com/ip/Acer-Nitro-V-15-6-144-Hz-IPS-Intel-Core-i9-13900H-GeForce-RTX-4060-Laptop-GPU-16-GB-DDR5-512-PCIe-SSD-Windows-11-Home-64-bit-Gaming-ANV15-51-98N0/5609511391?classType=REGULAR&from=/search,$999.99,5.0,3
camera,"HP Chromebook X360 14"" HD Touchscreen 2-in-1 Laptop, Intel Celeron N4020, 4GB RAM, 64GB eMMC, Teal, 14a-ca0130wm",https://www.walmart.com/ip/HP-Chromebook-X360-14-HD-Touchscreen-2-in-1-Laptop-Intel-Celeron-N4020-4GB-RAM-64GB-eMMC-Teal-14a-ca0130wm/518977383?classType=REGULAR&from=/search,$289.00,4.4,1305
camera,Acer Chromebook 315 15.6 inch Laptop Intel Processor N4500 4GB RAM 64GB eMMC Pure Silver,https://www.walmart.com/sp/track?bt=1&eventST=click&plmt=sp-search-middle~desktop~&pos=1&tax=1085632_1071204_5186082_4126170_5681475&rdf=1&rd=https%3A%2F%2Fwww.walmart.com%2Fip%2FAcer-Chromebook-315-15-6-inch-Laptop-Intel-Processor-N4500-4GB-RAM-64GB-eMMC-Pure-Silver%2F3193557250%3FclassType%3DVARIANT%26athbdg%3DL1102%26adsRedirect%3Dtrue&adUid=ed224820-7fd2-410c-8477-e7aaddb7a868&mloc=sp-search-middle&pltfm=desktop&pgId=laptop&pt=search&spQs=KhmMUJ7LZFwOTYtKUcpHBA8hEP3gwCceFo0b2cpQOyFZsq6946ZpvNiNyz4U3SdUySjoXGrLre4gnfS4cz4PkHjZgEohs1ETlo4XzUfzgPw-OrAvkR2QiZVBzsi4zJww1grGHdNx-9S083_kIsuHokGCJYXJQb_4zxGV0xryZPk0T2Pu_qYxrYnMFMoYiaP45Om9MEI1QvgsvGY15Cz3Kpg5sqKuRm1s9GUds2VM0ccgMnbG-OppiTZ3yjotQIBPUnF8xRsoRHv_37Ul5QrxYmCDgIzlW38Eak-HO6vevfo&storeId=3081&couponState=na&bkt=ace1_default%7Cace2_default%7Cace3_default%7Ccoldstart_on%7Csearch_default&classType=VARIANT&athbdg=L1102,$139.00,4.4,3857
camera,ASUS Chromebook Plus CX34 14 inch Touch Laptop with Google AI Intel Core i3-1215U 8GB RAM 128GB UFS Gray,https://www.walmart.com/sp/track?bt=1&eventST=click&plmt=sp-search-middle~desktop~&pos=2&tax=1085632_1071204_5186082_4126170_5681475&rdf=1&rd=https%3A%2F%2Fwww.walmart.com%2Fip%2FASUS-Chromebook-Plus-CX34-14-inch-Touch-Laptop-with-Google-AI-Intel-Core-i3-1215U-8GB-RAM-128GB-UFS-Gray%2F5098188355%3FclassType%3DREGULAR%26adsRedirect%3Dtrue&adUid=ed224820-7fd2-410c-8477-e7aaddb7a868&mloc=sp-search-middle&pltfm=desktop&pgId=laptop&pt=search&spQs=HU2G_1p-1zcDHRrB49pHGYH-P_qh9iiJU4nteXE1_y1gJa0A2XyT8t3wKZ8luJ_BIuB--grZihCDTDENnAqu8vZQq9TL7XUwpCJG9NPyJVVeG8IJ9uJKMm8dI-T6Ti4jPjYaYesfA7QMG9SpWpVT5r5e_DE69AQwix_ghsU0id2NRgQJzYoP6E7hhqpgKnwkzaYMyT9EyjIpGo_ZSgWaWhY0FNE2CneeVJIISH22b2rfFA-PE1RJSg3wUgXXZ_EmZOVKVN7iZqSiPWzY2i5thOqeUkuzemiGjAkJEVPvpWU&storeId=3081&couponState=na&bkt=ace1_default%7Cace2_default%7Cace3_default%7Ccoldstart_on%7Csearch_default&classType=REGULAR,$329.00,4.5,71
camera,HP Chromebook x360 14 inch FHD IPS Touch 2-in-1 Laptop Intel Processor N100 4GB RAM 64GB eMMC Sky Blue,https://www.walmart.com/sp/track?bt=1&eventST=click&plmt=sp-search-middle~desktop~&pos=3&tax=1085632_1071204_5186082_4126170_5681475&rdf=1&rd=https%3A%2F%2Fwww.walmart.com%2Fip%2FHP-Chromebook-X360-14-inch-FHD-IPS-Touch-2-in-1-Laptop-Intel-Processor-N100-4GB-RAM-64GB-eMMC-Sky-Blue%2F5123764557%3FclassType%3DREGULAR%26athbdg%3DL1102%26adsRedirect%3Dtrue&adUid=ed224820-7fd2-410c-8477-e7aaddb7a868&mloc=sp-search-middle&pltfm=desktop&pgId=laptop&pt=search&spQs=9J0Na0lqq3LXzC4SMNSY7CzcW1Ey4xZNTLTEW8CTin6KrEFkQxOlrB6nXmpL3WwDKwhC0PwHUjpNG2TR1E_iUvZQq9TL7XUwpCJG9NPyJVWQ4eqGPBNLxdGyWV1SnCtw3Qj_a6g5U4WnCQRPqL1wPFAMDQAvYsQl3Yxc1xSZsnIQlmL2XR4UlPWINUDb4EJWyns0CyoRJPkJNdPQeNwysjdlExP4MQThgq7cAs-u7-3bvxMmAAh3bi-1De1rHI-A&storeId=3081&couponState=na&bkt=ace1_default%7Cace2_default%7Cace3_default%7Ccoldstart_on%7Csearch_default&classType=REGULAR&athbdg=L1102,$199.00,4.5,539
camera,Lenovo IdeaPad Slim 3 15.6 inch FHD Touch Windows Laptop AMD Ryzen 7-7730U 16GB RAM 512GB SSD Abyss Blue,https://www.walmart.com/sp/track?bt=1&eventST=click&plmt=sp-search-middle~desktop~&pos=4&tax=1085632_1071204_5186082_4126170_5681475&rdf=1&rd=https%3A%2F%2Fwww.walmart.com%2Fip%2FLenovo-Ideapad-Slim-3-15-6-inch-FHD-IPS-Touch-Laptop-AMD-Ryzen-7-7730U-16GB-RAM-512GB-SSD-Abyss-Blue%2F5098188190%3FclassType%3DREGULAR%26athbdg%3DL1102%26adsRedirect%3Dtrue&adUid=ed224820-7fd2-410c-8477-e7aaddb7a868&mloc=sp-search-middle&pltfm=desktop&pgId=laptop&pt=search&spQs=XkWjrDz8ODLO495J71dgaR8NUYi4zqxwDfuj33WgKWhggWzDgIMdhkkiVDcYbWvXh4SMnhzwDSqJsm4P8ZDwiHjZgEohs1ETlo4XzUfzgPyTyMsG_KzgR9nTp8rjai6FzENKgnIxf3_JRCAkaSuZReALCJsODx9vA68jCM2FiCqBvZZj4sKvEAx1viqbfmLoJDemNBHZGQ16aUYc3PhOmXaqxpJCmlU6WH7lsUGUVnVxZLBu6uFISO-lPV1eUOhYrFStnDFmE4yvL64KqG5JvtjoH7Fkas0-NjJ6XSfDXVk&storeId=3081&couponState=na&bkt=ace1_default%7Cace2_default%7Cace3_default%7Ccoldstart_on%7Csearch_default&classType=REGULAR&athbdg=L1102,$429.00,4.6,137
camera,"HP 15.6"" FHD Notebook Intel Core i5-1235U 8GB RAM 512GB SSD Natural Silver 15-fd0999nr - Intel Core i5-1235U Deca-core - 15.6"" FHD (1920x1080) Anti-glare Display - 8GB DDR4 Memory - 512GB SSD Stora...",https://www.walmart.com/ip/HP-15-6-FHD-Notebook-Intel-Core-i5-1235U-8GB-RAM-512GB-SSD-Natural-Silver-15-fd0999nr/5499636733?classType=REGULAR&athbdg=L1600&from=/search,$349.99,4.4,30
camera,HP Windows Desktop Intel Core i5-13400 12GB RAM 512GB SSD Dark Black,https://www.walmart.com/ip/HP-Desktop-Intel-Core-i5-13400-12GB-RAM-512GB-SSD-Dark-Black/5096127127?classType=REGULAR&athbdg=L1300&from=/search,$539.00,4.5,92
camera,"MSI Cyborg Gaming Laptop - 15.6"" IPS FHD -13th Gen Intel Core i7-13620H - GeForce RTX 4050 - 144HZ 1080p - 16GB RAM - 512GB SSD - A13VE-218US Notebook PC",https://www.walmart.com/ip/MSI-CYBORG1513218-Cyborg-15-A13ve-218us/5037134698?classType=REGULAR&from=/search,$799.00,4.3,14
camera,"Restored Apple MacBook Air 13.3"" Laptop (2017) MQD32LL/A Intel Core i5 - 8GB Memory, 128GB SSD - Silver (Refurbished)",https://www.walmart.com/ip/Restored-Apple-MacBook-Air-13-3-Laptop-2017-MQD32LL-A-Intel-Core-i5-8GB-Memory-128GB-SSD-Silver-Refurbished/275341764?classType=REGULAR&athbdg=L1600&from=/search,$176.37,3.8,93
camera,"Restored Apple 13.3"" MacBook Air (Intel Core i5, Silver, 8GB RAM, 128GB SSD, Mid 2017) (Refurbished)",https://www.walmart.com/ip/Restored-Apple-13-3-MacBook-Air-Intel-Core-i5-Silver-8GB-RAM-128GB-SSD-Mid-2017-Refurbished/446815488?classType=VARIANT&athbdg=L1600&from=/search,$164.99,3.5,61
camera,"Lenovo LOQ 15.6 FHD 144Hz Gaming Laptop, Intel Core i5-13420H, NVIDIA GeForce GTX 3050 6GB, 16GB RAM, 512GB SSD, Storm Grey, Windows 11, 82XV0094US",https://www.walmart.com/ip/Lenovo-LOQ-15-6-FHD-144Hz-Gaming-Laptop-Intel-Core-i5-13420H-NVIDIA-GeForce-GTX-3050-6GB-16GB-RAM-512GB-SSD-Storm-Grey-Windows-11-82XV0094US/3685906294?classType=REGULAR&from=/search,$848.80,4.7,22
camera,Acer Chromebook 315 15.6 inch Laptop Intel Processor N4500 4GB RAM 64GB eMMC Pure Silver,https://www.walmart.com/sp/track?bt=1&eventST=click&plmt=sp-search-middle~desktop~&pos=1&tax=1085632_1071204_5186082_4126170_5681475&rdf=1&rd=https%3A%2F%2Fwww.walmart.com%2Fip%2FAcer-Chromebook-315-15-6-inch-Laptop-Intel-Processor-N4500-4GB-RAM-64GB-eMMC-Pure-Silver%2F3193557250%3FclassType%3DVARIANT%26athbdg%3DL1102%26adsRedirect%3Dtrue&adUid=b7adf79d-ad60-4b37-8771-61c89a74ee64&mloc=sp-search-middle&pltfm=desktop&pgId=laptop&pt=search&spQs=KhmMUJ7LZFwOTYtKUcpHBA8hEP3gwCceFo0b2cpQOyFZsq6946ZpvNiNyz4U3SdUThZWz9XmmmrKUEPO10_ARm_Qgf0YOZ8JGDw7-esCbqiFgoUJ6stmxoYwbaCyT_OAYZ4KtiBPCx4yjAN4mn2ColaGogX-ZZD7p-QTyylw69_lXrZrCTDvYjvjRlczJPLEzaYMyT9EyjIpGo_ZSgWaWhY0FNE2CneeVJIISH22b2rfFA-PE1RJSg3wUgXXZ_EmZOVKVN7iZqSiPWzY2i5thOqeUkuzemiGjAkJEVPvpWU&storeId=3081&couponState=na&bkt=ace1_default%7Cace2_default%7Cace3_default%7Ccoldstart_off%7Csearch_default&classType=VARIANT&athbdg=L1102,$139.00,4.4,3857
camera,ASUS Chromebook Plus CX34 14 inch Touch Laptop with Google AI Intel Core i3-1215U 8GB RAM 128GB UFS Gray,https://www.walmart.com/sp/track?bt=1&eventST=click&plmt=sp-search-middle~desktop~&pos=2&tax=1085632_1071204_5186082_4126170_5681475&rdf=1&rd=https%3A%2F%2Fwww.walmart.com%2Fip%2FASUS-Chromebook-Plus-CX34-14-inch-Touch-Laptop-with-Google-AI-Intel-Core-i3-1215U-8GB-RAM-128GB-UFS-Gray%2F5098188355%3FclassType%3DREGULAR%26adsRedirect%3Dtrue&adUid=b7adf79d-ad60-4b37-8771-61c89a74ee64&mloc=sp-search-middle&pltfm=desktop&pgId=laptop&pt=search&spQs=HU2G_1p-1zcDHRrB49pHGYH-P_qh9iiJU4nteXE1_y1gJa0A2XyT8t3wKZ8luJ_BTAeFFA8hiGymLi7TwdciDNtJlMewTcFpj0gzLuXDMQbg2e4WO02Ii9J-wEDrON_S6rxkBuvclEdyvdmax0wrfW0LIA3kTLmAkpPMjMfSvgnRrz9Mxz1Hw7nUq4SyxoFLfonZ6ccMlO0nfiQHy97_ApRwUdSU9qPYECfxDgfwp5gBqVE9gNL48ee4bsVY9WeZkWp_6oFq82PTlPU2rak16G7PsNtvbRQ5MfQ0hp5k7Gs&storeId=3081&couponState=na&bkt=ace1_default%7Cace2_default%7Cace3_default%7Ccoldstart_off%7Csearch_default&classType=REGULAR,$329.00,4.5,71
camera,HP Chromebook x360 14 inch FHD IPS Touch 2-in-1 Laptop Intel Processor N100 4GB RAM 64GB eMMC Sky Blue,https://www.walmart.com/sp/track?bt=1&eventST=click&plmt=sp-search-middle~desktop~&pos=3&tax=1085632_1071204_5186082_4126170_5681475&rdf=1&rd=https%3A%2F%2Fwww.walmart.com%2Fip%2FHP-Chromebook-X360-14-inch-FHD-IPS-Touch-2-in-1-Laptop-Intel-Processor-N100-4GB-RAM-64GB-eMMC-Sky-Blue%2F5123764557%3FclassType%3DREGULAR%26athbdg%3DL1102%26adsRedirect%3Dtrue&adUid=b7adf79d-ad60-4b37-8771-61c89a74ee64&mloc=sp-search-middle&pltfm=desktop&pgId=laptop&pt=search&spQs=9J0Na0lqq3LXzC4SMNSY7CzcW1Ey4xZNTLTEW8CTin6KrEFkQxOlrB6nXmpL3WwDKwhC0PwHUjpNG2TR1E_iUm_Qgf0YOZ8JGDw7-esCbqgQXFv1Lbsd3MMcG7V7_G4a3Qj_a6g5U4WnCQRPqL1wPLCTwzQ21r4umYfVPIq7otY3Plo8uiLQATrl-NYKsj5Zyns0CyoRJPkJNdPQeNwysjdlExP4MQThgq7cAs-u7-3bvxMmAAh3bi-1De1rHI-A&storeId=3081&couponState=na&bkt=ace1_default%7Cace2_default%7Cace3_default%7Ccoldstart_off%7Csearch_default&classType=REGULAR&athbdg=L1102,$199.00,4.5,539
camera,Lenovo IdeaPad Slim 3 15.6 inch FHD Touch Windows Laptop AMD Ryzen 7-7730U 16GB RAM 512GB SSD Abyss Blue,https://www.walmart.com/sp/track?bt=1&eventST=click&plmt=sp-search-middle~desktop~&pos=4&tax=1085632_1071204_5186082_4126170_5681475&rdf=1&rd=https%3A%2F%2Fwww.walmart.com%2Fip%2FLenovo-Ideapad-Slim-3-15-6-inch-FHD-IPS-Touch-Laptop-AMD-Ryzen-7-7730U-16GB-RAM-512GB-SSD-Abyss-Blue%2F5098188190%3FclassType%3DREGULAR%26athbdg%3DL1102%26adsRedirect%3Dtrue&adUid=b7adf79d-ad60-4b37-8771-61c89a74ee64&mloc=sp-search-middle&pltfm=desktop&pgId=laptop&pt=search&spQs=XkWjrDz8ODLO495J71dgaR8NUYi4zqxwDfuj33WgKWhggWzDgIMdhkkiVDcYbWvXh4SMnhzwDSqJsm4P8ZDwiNtJlMewTcFpj0gzLuXDMQZZxTCo8z5SevUm4mJQr8B1zENKgnIxf3_JRCAkaSuZRQEhNOivEskjU_pbBzsHM1MVK3wh0oMD-mHd4nFqavccJDemNBHZGQ16aUYc3PhOmXaqxpJCmlU6WH7lsUGUVnVxZLBu6uFISO-lPV1eUOhYrFStnDFmE4yvL64KqG5JvtjoH7Fkas0-NjJ6XSfDXVk&storeId=3081&couponState=na&bkt=ace1_default%7Cace2_default%7Cace3_default%7Ccoldstart_off%7Csearch_default&classType=REGULAR&athbdg=L1102,$429.00,4.6,137
camera,"HP 14"" FHD Pavilion x360 Laptop, Intel Core i5-1235U, 8GB, 256GB, Silver, Windows 11, 14-dy2050wm",https://www.walmart.com/ip/HP-14-FHD-Pavilion-x360-Laptop-Intel-Core-i5-1235U-8GB-256GB-Silver-Windows-11-14-dy2050wm/753966076?classType=REGULAR&from=/search,$478.90,4.2,267
camera,"ASUS Vivobook 15.6” FHD Touch PC Laptop, Intel Core i5-1135G7, 8GB, 512GB, Win 11 Home, F515EA-WH52",https://www.walmart.com/ip/ASUS-Vivobook-15-6-FHD-Touch-PC-Laptop-Intel-Core-i5-1135G7-8GB-512GB-Win-11-Home-F515EA-WH52/2340855991?classType=VARIANT&from=/search,$369.00,4.5,343
camera,"Lenovo IdeaPad Flex 5i 14"" FHD 2-in-1 Touchscreen Laptop, Intel Core i3-1115G4, 4GB RAM, 128GB SSD, Graphite Gray, Windows 11 in S Mode, 82HS00R9US",https://www.walmart.com/ip/Lenovo-Flex-5i-14-0-FHD-Touch-Core-i3-1115G4-4GB-128GB-Graphite-Grey-Windows-11-S-82HS00R9US/866819117?classType=VARIANT&from=/search,$309.00,3.7,276
camera,"ASUS Vivobook 15 laptop, 15.6” Touch, Intel Core i7-1255U, 16GB RAM, 512GB SSD, Quiet Blue, Windows 11 Home",https://www.walmart.com/ip/ASUS-Vivobook-15-laptop-15-6-Touch-Intel-Core-i7-1255U-16GB-RAM-512GB-SSD-Quiet-Blue-Windows-11-Home/2471038977?classType=VARIANT&from=/search,$569.98,4.6,590
camera,"HP 15.6"" Pentium 4GB/128GB Laptop-Scarlet Red",https://www.walmart.com/ip/HP-15-dw0083wm-15-6-HD-Pentium-Silver-N5000-1-1GHz-Intel-UHD-Graphics-605-4GB-RAM-128GB-SSD-Windows-10-Scarlet-red/363405465?classType=VARIANT&from=/search,$275.00,3.8,4321
camera,"HP 15.6"" HD Business Laptop Touchscreen, Intel Core i3-1215U, 16GB RAM, 1TB SSD, Intel UHD Graphics, Wi-Fi, Bluetooth, Webcam, Media Card Reader, Numeric Keypad, Windows 11 Home, Cefesfy LaptopStand",https://www.walmart.com/ip/HP-15-6-HD-Business-Laptop-Touchscreen-Intel-Core-i3-1215U-16GB-RAM-1TB-SSD-UHD-Graphics-Wi-Fi-Bluetooth-Webcam-Media-Card-Reader-Numeric-Keypad-Wind/5310462760?classType=VARIANT&from=/search,$495.90,4.7,104
speakers,Acer Chromebook 315 15.6 inch Laptop Intel Processor N4500 4GB RAM 64GB eMMC Pure Silver,https://www.walmart.com/sp/track?bt=1&eventST=click&plmt=sp-search-middle~desktop~&pos=1&tax=1085632_1071204_5186082_4126170_5681475&rdf=1&rd=https%3A%2F%2Fwww.walmart.com%2Fip%2FAcer-Chromebook-315-15-6-inch-Laptop-Intel-Processor-N4500-4GB-RAM-64GB-eMMC-Pure-Silver%2F3193557250%3FclassType%3DVARIANT%26athbdg%3DL1102%26adsRedirect%3Dtrue&adUid=596dbc06-9bad-46a7-935d-9cd29b400e39&mloc=sp-search-middle&pltfm=desktop&pgId=laptop&pt=search&spQs=KhmMUJ7LZFwOTYtKUcpHBA8hEP3gwCceFo0b2cpQOyFZsq6946ZpvNiNyz4U3SdUThZWz9XmmmrKUEPO10_ARkVNqG_dcT2dxBBdsAreVXmFgoUJ6stmxoYwbaCyT_OAYZ4KtiBPCx4yjAN4mn2ColaGogX-ZZD7p-QTyylw69_lXrZrCTDvYjvjRlczJPLEzaYMyT9EyjIpGo_ZSgWaWhY0FNE2CneeVJIISH22b2rfFA-PE1RJSg3wUgXXZ_EmZOVKVN7iZqSiPWzY2i5thOqeUkuzemiGjAkJEVPvpWU&storeId=3081&couponState=na&bkt=ace1_default%7Cace2_default%7Cace3_default%7Ccoldstart_on%7Csearch_default&classType=VARIANT&athbdg=L1102,$139.00,4.4,3857
speakers,ASUS Chromebook Plus CX34 14 inch Touch Laptop with Google AI Intel Core i3-1215U 8GB RAM 128GB UFS Gray,https://www.walmart.com/sp/track?bt=1&eventST=click&plmt=sp-search-middle~desktop~&pos=2&tax=1085632_1071204_5186082_4126170_5681475&rdf=1&rd=https%3A%2F%2Fwww.walmart.com%2Fip%2FASUS-Chromebook-Plus-CX34-14-inch-Touch-Laptop-with-Google-AI-Intel-Core-i3-1215U-8GB-RAM-128GB-UFS-Gray%2F5098188355%3FclassType%3DREGULAR%26adsRedirect%3Dtrue&adUid=596dbc06-9bad-46a7-935d-9cd29b400e39&mloc=sp-search-middle&pltfm=desktop&pgId=laptop&pt=search&spQs=HU2G_1p-1zcDHRrB49pHGYH-P_qh9iiJU4nteXE1_y1gJa0A2XyT8t3wKZ8luJ_BTAeFFA8hiGymLi7TwdciDGf-tgjuQ9PT5aMBmvs-IH7g2e4WO02Ii9J-wEDrON_S6rxkBuvclEdyvdmax0wrfW0LIA3kTLmAkpPMjMfSvgnRrz9Mxz1Hw7nUq4SyxoFLfonZ6ccMlO0nfiQHy97_ApRwUdSU9qPYECfxDgfwp5gBqVE9gNL48ee4bsVY9WeZkWp_6oFq82PTlPU2rak16G7PsNtvbRQ5MfQ0hp5k7Gs&storeId=3081&couponState=na&bkt=ace1_default%7Cace2_default%7Cace3_default%7Ccoldstart_on%7Csearch_default&classType=REGULAR,$329.00,4.5,71
speakers,HP Chromebook x360 14 inch FHD IPS Touch 2-in-1 Laptop Intel Processor N100 4GB RAM 64GB eMMC Sky Blue,https://www.walmart.com/sp/track?bt=1&eventST=click&plmt=sp-search-middle~desktop~&pos=3&tax=1085632_1071204_5186082_4126170_5681475&rdf=1&rd=https%3A%2F%2Fwww.walmart.com%2Fip%2FHP-Chromebook-X360-14-inch-FHD-IPS-Touch-2-in-1-Laptop-Intel-Processor-N100-4GB-RAM-64GB-eMMC-Sky-Blue%2F5123764557%3FclassType%3DREGULAR%26athbdg%3DL1102%26adsRedirect%3Dtrue&adUid=596dbc06-9bad-46a7-935d-9cd29b400e39&mloc=sp-search-middle&pltfm=desktop&pgId=laptop&pt=search&spQs=9J0Na0lqq3LXzC4SMNSY7CzcW1Ey4xZNTLTEW8CTin6KrEFkQxOlrB6nXmpL3WwDKwhC0PwHUjpNG2TR1E_iUkVNqG_dcT2dxBBdsAreVXkQXFv1Lbsd3MMcG7V7_G4a3Qj_a6g5U4WnCQRPqL1wPLCTwzQ21r4umYfVPIq7otY3Plo8uiLQATrl-NYKsj5Zyns0CyoRJPkJNdPQeNwysjdlExP4MQThgq7cAs-u7-3bvxMmAAh3bi-1De1rHI-A&storeId=3081&couponState=na&bkt=ace1_default%7Cace2_default%7Cace3_default%7Ccoldstart_on%7Csearch_default&classType=REGULAR&athbdg=L1102,$199.00,4.5,539
speakers,Lenovo IdeaPad Slim 3 15.6 inch FHD Touch Windows Laptop AMD Ryzen 7-7730U 16GB RAM 512GB SSD Abyss Blue,https://www.walmart.com/sp/track?bt=1&eventST=click&plmt=sp-search-middle~desktop~&pos=4&tax=1085632_1071204_5186082_4126170_5681475&rdf=1&rd=https%3A%2F%2Fwww.walmart.com%2Fip%2FLenovo-Ideapad-Slim-3-15-6-inch-FHD-IPS-Touch-Laptop-AMD-Ryzen-7-7730U-16GB-RAM-512GB-SSD-Abyss-Blue%2F5098188190%3FclassType%3DREGULAR%26athbdg%3DL1102%26adsRedirect%3Dtrue&adUid=596dbc06-9bad-46a7-935d-9cd29b400e39&mloc=sp-search-middle&pltfm=desktop&pgId=laptop&pt=search&spQs=XkWjrDz8ODLO495J71dgaR8NUYi4zqxwDfuj33WgKWhggWzDgIMdhkkiVDcYbWvXh4SMnhzwDSqJsm4P8ZDwiGf-tgjuQ9PT5aMBmvs-IH5ZxTCo8z5SevUm4mJQr8B1zENKgnIxf3_JRCAkaSuZRQEhNOivEskjU_pbBzsHM1MVK3wh0oMD-mHd4nFqavccJDemNBHZGQ16aUYc3PhOmXaqxpJCmlU6WH7lsUGUVnVxZLBu6uFISO-lPV1eUOhYrFStnDFmE4yvL64KqG5JvtjoH7Fkas0-NjJ6XSfDXVk&storeId=3081&couponState=na&bkt=ace1_default%7Cace2_default%7Cace3_default%7Ccoldstart_on%7Csearch_default&classType=REGULAR&athbdg=L1102,$429.00,4.6,137
speakers,Lenovo IdeaPad 1i 15.6 inch Windows Laptop Intel Core i5-1235U 8GB RAM 256GB SSD Abyss Blue,https://www.walmart.com/ip/Lenovo-IdeaPad-1i-15-6-Intel-Core-i5-1235U-8GB-RAM-256-GB-SSD-Abyss-Blue-Windows-11-in-S-Mode-82QD00GNUS/5698519717?classType=REGULAR&athbdg=L1102&from=/search,$299.00,4.4,59
speakers,Lenovo IdeaPad Slim 3 15.6 inch FHD Touch Windows Laptop AMD Ryzen 7-7730U 16GB RAM 512GB SSD Abyss Blue,https://www.walmart.com/ip/Lenovo-Ideapad-Slim-3-15-6-inch-FHD-IPS-Touch-Laptop-AMD-Ryzen-7-7730U-16GB-RAM-512GB-SSD-Abyss-Blue/5098188190?classType=REGULAR&athbdg=L1102&from=/search,$429.00,4.6,137
speakers,HP 15.6 inch Windows Laptop Intel Processor N200 4GB RAM 128GB UFS Scarlet Red (12-mo. Microsoft 365 included),https://www.walmart.com/ip/HP-15-6-inch-Laptop-Intel-Processor-N200-4GB-RAM-128GB-UFS-Scarlet-Red-12-mo-Microsoft-365-included/2706605807?classType=VARIANT&athbdg=L1102&from=/search,$199.00,4.2,4512
speakers,HP 15.6 inch Windows Laptop Intel Core i3-N305 8GB RAM 256GB SSD Natural Silver,https://www.walmart.com/ip/HP-15-6-inch-Laptop-Intel-Core-i3-N305-8GB-RAM-256GB-SSD-Natural-Silver/5098188131?classType=VARIANT&from=/search,$279.90,4.5,969
speakers,HP Chromebook 14 inch Laptop Intel Processor N200 4GB RAM 128GB UFS Glacier Silver,https://www.walmart.com/ip/HP-Chromebook-14-inch-Laptop-Intel-Processor-N200-4GB-RAM-128GB-UFS-Glacier-Silver/5098188136?classType=REGULAR&from=/search,$183.94,4.5,641
speakers,Acer Chromebook 315 15.6 inch Laptop Intel Processor N4500 4GB RAM 64GB eMMC Pure Silver,https://www.walmart.com/sp/track?bt=1&eventST=click&plmt=sp-search-middle~desktop~&pos=1&tax=1085632_1071204_5186082_4126170_5681475&rdf=1&rd=https%3A%2F%2Fwww.walmart.com%2Fip%2FAcer-Chromebook-315-15-6-inch-Laptop-Intel-Processor-N4500-4GB-RAM-64GB-eMMC-Pure-Silver%2F3193557250%3FclassType%3DVARIANT%26athbdg%3DL1102%26adsRedirect%3Dtrue&adUid=23218d51-7102-4e6c-8af6-0843e2266501&mloc=sp-search-middle&pltfm=desktop&pgId=laptop&pt=search&spQs=KhmMUJ7LZFwOTYtKUcpHBA8hEP3gwCceFo0b2cpQOyFZsq6946ZpvNiNyz4U3SdUThZWz9XmmmrKUEPO10_ARpIejeAv5E7ErtKZMlXPRoaFgoUJ6stmxoYwbaCyT_OAYZ4KtiBPCx4yjAN4mn2ColaGogX-ZZD7p-QTyylw69_lXrZrCTDvYjvjRlczJPLEzaYMyT9EyjIpGo_ZSgWaWhY0FNE2CneeVJIISH22b2rfFA-PE1RJSg3wUgXXZ_EmZOVKVN7iZqSiPWzY2i5thOqeUkuzemiGjAkJEVPvpWU&storeId=3081&couponState=na&bkt=ace1_default%7Cace2_default%7Cace3_default%7Ccoldstart_off%7Csearch_default&classType=VARIANT&athbdg=L1102,$139.00,4.4,3857
speakers,ASUS Chromebook Plus CX34 14 inch Touch Laptop with Google AI Intel Core i3-1215U 8GB RAM 128GB UFS Gray,https://www.walmart.com/sp/track?bt=1&eventST=click&plmt=sp-search-middle~desktop~&pos=2&tax=1085632_1071204_5186082_4126170_5681475&rdf=1&rd=https%3A%2F%2Fwww.walmart.com%2Fip%2FASUS-Chromebook-Plus-CX34-14-inch-Touch-Laptop-with-Google-AI-Intel-Core-i3-1215U-8GB-RAM-128GB-UFS-Gray%2F5098188355%3FclassType%3DREGULAR%26adsRedirect%3Dtrue&adUid=23218d51-7102-4e6c-8af6-0843e2266501&mloc=sp-search-middle&pltfm=desktop&pgId=laptop&pt=search&spQs=HU2G_1p-1zcDHRrB49pHGYH-P_qh9iiJU4nteXE1_y1gJa0A2XyT8t3wKZ8luJ_BTAeFFA8hiGymLi7TwdciDE3FYu7Lk8pNyblqBoqiI3_g2e4WO02Ii9J-wEDrON_S6rxkBuvclEdyvdmax0wrfW0LIA3kTLmAkpPMjMfSvgnRrz9Mxz1Hw7nUq4SyxoFLfonZ6ccMlO0nfiQHy97_ApRwUdSU9qPYECfxDgfwp5gBqVE9gNL48ee4bsVY9WeZkWp_6oFq82PTlPU2rak16G7PsNtvbRQ5MfQ0hp5k7Gs&storeId=3081&couponState=na&bkt=ace1_default%7Cace2_default%7Cace3_default%7Ccoldstart_off%7Csearch_default&classType=REGULAR,$329.00,4.5,71
speakers,HP Chromebook x360 14 inch FHD IPS Touch 2-in-1 Laptop Intel Processor N100 4GB RAM 64GB eMMC Sky Blue,https://www.walmart.com/sp/track?bt=1&eventST=click&plmt=sp-search-middle~desktop~&pos=3&tax=1085632_1071204_5186082_4126170_5681475&rdf=1&rd=https%3A%2F%2Fwww.walmart.com%2Fip%2FHP-Chromebook-X360-14-inch-FHD-IPS-Touch-2-in-1-Laptop-Intel-Processor-N100-4GB-RAM-64GB-eMMC-Sky-Blue%2F5123764557%3FclassType%3DREGULAR%26athbdg%3DL1102%26adsRedirect%3Dtrue&adUid=23218d51-7102-4e6c-8af6-0843e2266501&mloc=sp-search-middle&pltfm=desktop&pgId=laptop&pt=search&spQs=9J0Na0lqq3LXzC4SMNSY7CzcW1Ey4xZNTLTEW8CTin6KrEFkQxOlrB6nXmpL3WwDKwhC0PwHUjpNG2TR1E_iUpIejeAv5E7ErtKZMlXPRoYQXFv1Lbsd3MMcG7V7_G4a3Qj_a6g5U4WnCQRPqL1wPLCTwzQ21r4umYfVPIq7otY3Plo8uiLQATrl-NYKsj5Zyns0CyoRJPkJNdPQeNwysjdlExP4MQThgq7cAs-u7-3bvxMmAAh3bi-1De1rHI-A&storeId=3081&couponState=na&bkt=ace1_default%7Cace2_default%7Cace3_default%7Ccoldstart_off%7Csearch_default&classType=REGULAR&athbdg=L1102,$199.00,4.5,539
speakers,Lenovo IdeaPad Slim 3 15.6 inch FHD Touch Windows Laptop AMD Ryzen 7-7730U 16GB RAM 512GB SSD Abyss Blue,https://www.walmart.com/sp/track?bt=1&eventST=click&plmt=sp-search-middle~desktop~&pos=4&tax=1085632_1071204_5186082_4126170_5681475&rdf=1&rd=https%3A%2F%2Fwww.walmart.com%2Fip%2FLenovo-Ideapad-Slim-3-15-6-inch-FHD-IPS-Touch-Laptop-AMD-Ryzen-7-7730U-16GB-RAM-512GB-SSD-Abyss-Blue%2F5098188190%3FclassType%3DREGULAR%26athbdg%3DL1102%26adsRedirect%3Dtrue&adUid=23218d51-7102-4e6c-8af6-0843e2266501&mloc=sp-search-middle&pltfm=desktop&pgId=laptop&pt=search&spQs=XkWjrDz8ODLO495J71dgaR8NUYi4zqxwDfuj33WgKWhggWzDgIMdhkkiVDcYbWvXh4SMnhzwDSqJsm4P8ZDwiE3FYu7Lk8pNyblqBoqiI39ZxTCo8z5SevUm4mJQr8B1zENKgnIxf3_JRCAkaSuZRQEhNOivEskjU_pbBzsHM1MVK3wh0oMD-mHd4nFqavccJDemNBHZGQ16aUYc3PhOmXaqxpJCmlU6WH7lsUGUVnVxZLBu6uFISO-lPV1eUOhYrFStnDFmE4yvL64KqG5JvtjoH7Fkas0-NjJ6XSfDXVk&storeId=3081&couponState=na&bkt=ace1_default%7Cace2_default%7Cace3_default%7Ccoldstart_off%7Csearch_default&classType=REGULAR&athbdg=L1102,$429.00,4.6,137
speakers,"Auusda 15.6"" Laptop Intel Alder N95, 16GB RAM, 512GB SSD, Windows 11 Pro Work Computer, Fingerprint Reader, Backlit Keyboard, Silver",https://www.walmart.com/ip/Auusda-15-6-Laptop-Intel-Alder-N95-16GB-RAM-512GB-SSD-Windows-11-Pro-Work-Computer-Fingerprint-Reader-Backlit-Keyboard-Silver/1846202250?classType=VARIANT&athbdg=L1600&from=/search,$289.99,3.8,896
speakers,"ASUS TUF Gaming A16 Gaming/Entertainment Laptop (AMD Ryzen 7 7735HS 8-Core, 64GB DDR5 4800MHz RAM, 2TB PCIe SSD, Radeon RX 7700S, 16.0in 165 Hz Wide UXGA (1920x1200), Wifi, Win 11 Home)",https://www.walmart.com/ip/ASUS-TUF-Gaming-A16-Gaming-Entertainment-Laptop-AMD-Ryzen-7-7735HS-8-Core-64GB-DDR5-4800MHz-RAM-2TB-PCIe-SSD-Radeon-RX-7700S-16-0in-165-Hz-Wide-UXGA/6471613525?classType=REGULAR&from=/search,"$1,979.99",N/A,N/A
speakers,HP Victus 15.6 inch FHD IPS 144Hz Gaming Laptop AMD Ryzen 5-8645HS NVIDIA GeForce RTX 4050 8GB DDR5 512GB SSD Mica Silver (2024),https://www.walmart.com/ip/HP-Victus-15-6-inch-FHD-144Hz-Gaming-Laptop-AMD-Ryzen-5-8645HS-NVIDIA-GeForce-RTX-4050-8GB-DDR4-512GB-SSD-Mica-Silver-2024/5395277312?classType=REGULAR&athbdg=L1600&from=/search,$651.00,4.5,412
speakers,"ASUS 15.6"" FHD Laptop, Intel Pentium, 4GB RAM, 128GB eMMC, Windows 11 Home in S mode with One Year of Microsoft 365 included,  L510MA-WS21",https://www.walmart.com/ip/ASUS-15-6-FHD-Laptop-Intel-Pentium-4GB-RAM-128GB-eMMC-Windows-11-Home-in-S-mode-with-One-Year-of-Microsoft-365-included-L510MA-WS21/297174175?classType=VARIANT&from=/search,$236.90,3.9,2019
speakers,HP 15.6 inch Intel Processor N200 4GB RAM 128GB UFS Black (12-mo. Microsoft 365 included),https://www.walmart.com/ip/HP-15-6-HD-Laptop-Intel-N200-4GB-RAM-128GB-UFS-Windows-11-Home-in-S-Mode-15-fd0079wm/5536083697?classType=VARIANT&from=/search,$191.00,4.2,160
speakers,HP 15.6 inch Windows Laptop Intel Core i7-1355U 16GB RAM 1TB SSD Natural Silver,https://www.walmart.com/ip/HP-15-6-inch-Laptop-Intel-Core-i7-1355U-16GB-RAM-1TB-SSD-Natural-Silver/5098188130?classType=REGULAR&athbdg=L2000&from=/search,$699.00,4.2,216
speakers,Acer Chromebook 315 15.6 inch Laptop Intel Processor N4500 4GB RAM 64GB eMMC Pure Silver,https://www.walmart.com/sp/track?bt=1&eventST=click&plmt=sp-search-middle~desktop~&pos=1&tax=1085632_1071204_5186082_4126170_5681475&rdf=1&rd=https%3A%2F%2Fwww.walmart.com%2Fip%2FAcer-Chromebook-315-15-6-inch-Laptop-Intel-Processor-N4500-4GB-RAM-64GB-eMMC-Pure-Silver%2F3193557250%3FclassType%3DVARIANT%26athbdg%3DL1102%26adsRedirect%3Dtrue&adUid=2581eb0d-4627-4757-b962-ee04dc9b9744&mloc=sp-search-middle&pltfm=desktop&pgId=laptop&pt=search&spQs=KhmMUJ7LZFwOTYtKUcpHBA8hEP3gwCceFo0b2cpQOyFZsq6946ZpvNiNyz4U3SdUThZWz9XmmmrKUEPO10_ARmhPK7iyUgfxfI7nAzHcITH9J4Z3MgMTTU8y26dl0H5bYZ4KtiBPCx4yjAN4mn2CoqXHi2YVBY63dv6Qbz2U6WX2ofs1-v2zsHdtOAujk7iEfonZ6ccMlO0nfiQHy97_ApRwUdSU9qPYECfxDgfwp5gBqVE9gNL48ee4bsVY9WeZkWp_6oFq82PTlPU2rak16G7PsNtvbRQ5MfQ0hp5k7Gs&storeId=3081&couponState=na&bkt=ace1_default%7Cace2_default%7Cace3_default%7Ccoldstart_off%7Csearch_default&classType=VARIANT&athbdg=L1102,$139.00,4.4,3857
speakers,ASUS Chromebook Plus CX34 14 inch Touch Laptop with Google AI Intel Core i3-1215U 8GB RAM 128GB UFS Gray,https://www.walmart.com/sp/track?bt=1&eventST=click&plmt=sp-search-middle~desktop~&pos=2&tax=1085632_1071204_5186082_4126170_5681475&rdf=1&rd=https%3A%2F%2Fwww.walmart.com%2Fip%2FASUS-Chromebook-Plus-CX34-14-inch-Touch-Laptop-with-Google-AI-Intel-Core-i3-1215U-8GB-RAM-128GB-UFS-Gray%2F5098188355%3FclassType%3DREGULAR%26athbdg%3DL1300%26adsRedirect%3Dtrue&adUid=2581eb0d-4627-4757-b962-ee04dc9b9744&mloc=sp-search-middle&pltfm=desktop&pgId=laptop&pt=search&spQs=HU2G_1p-1zcDHRrB49pHGYH-P_qh9iiJU4nteXE1_y1gJa0A2XyT8t3wKZ8luJ_B7uPicxu2erTavyhHXQi8DmhPK7iyUgfxfI7nAzHcITFeG8IJ9uJKMm8dI-T6Ti4jZnD6gH7mA2pA797Gqaq37QWhaxqBNAQc9PUfjAiZrHXDRS-s_LeAcDFCw3Uahud6ii_Q6N2maG-DC9bVm5sL6Am4ujES3nBcldtxJkDTKRF6OnwqYSrVQCZBFN8Q7XIrVou3_w1O7zcNkYR_bljlY5J3mITg_xivqsJYeFpsNJI&storeId=3081&couponState=na&bkt=ace1_default%7Cace2_default%7Cace3_default%7Ccoldstart_off%7Csearch_default&classType=REGULAR&athbdg=L1300,$329.00,4.5,71
speakers,HP Chromebook x360 14 inch FHD IPS Touch 2-in-1 Laptop Intel Processor N100 4GB RAM 64GB eMMC Sky Blue,https://www.walmart.com/sp/track?bt=1&eventST=click&plmt=sp-search-middle~desktop~&pos=3&tax=1085632_1071204_5186082_4126170_5681475&rdf=1&rd=https%3A%2F%2Fwww.walmart.com%2Fip%2FHP-Chromebook-X360-14-inch-FHD-IPS-Touch-2-in-1-Laptop-Intel-Processor-N100-4GB-RAM-64GB-eMMC-Sky-Blue%2F5123764557%3FclassType%3DREGULAR%26athbdg%3DL1102%26adsRedirect%3Dtrue&adUid=2581eb0d-4627-4757-b962-ee04dc9b9744&mloc=sp-search-middle&pltfm=desktop&pgId=laptop&pt=search&spQs=9J0Na0lqq3LXzC4SMNSY7CzcW1Ey4xZNTLTEW8CTin6KrEFkQxOlrB6nXmpL3WwDKwhC0PwHUjpNG2TR1E_iUmhPK7iyUgfxfI7nAzHcITGQ4eqGPBNLxdGyWV1SnCtw3Qj_a6g5U4WnCQRPqL1wPA4vUhvacPmsKP7zmKBzsHKUsf7zpgnCK36NpWXh9azgyns0CyoRJPkJNdPQeNwysjdlExP4MQThgq7cAs-u7-3bvxMmAAh3bi-1De1rHI-A&storeId=3081&couponState=na&bkt=ace1_default%7Cace2_default%7Cace3_default%7Ccoldstart_off%7Csearch_default&classType=REGULAR&athbdg=L1102,$199.00,4.5,539
speakers,Lenovo IdeaPad Slim 3 15.6 inch FHD Touch Windows Laptop AMD Ryzen 7-7730U 16GB RAM 512GB SSD Abyss Blue,https://www.walmart.com/sp/track?bt=1&eventST=click&plmt=sp-search-middle~desktop~&pos=4&tax=1085632_1071204_5186082_4126170_5681475&rdf=1&rd=https%3A%2F%2Fwww.walmart.com%2Fip%2FLenovo-Ideapad-Slim-3-15-6-inch-FHD-IPS-Touch-Laptop-AMD-Ryzen-7-7730U-16GB-RAM-512GB-SSD-Abyss-Blue%2F5098188190%3FclassType%3DREGULAR%26athbdg%3DL1102%26adsRedirect%3Dtrue&adUid=2581eb0d-4627-4757-b962-ee04dc9b9744&mloc=sp-search-middle&pltfm=desktop&pgId=laptop&pt=search&spQs=XkWjrDz8ODLO495J71dgaR8NUYi4zqxwDfuj33WgKWhggWzDgIMdhkkiVDcYbWvXh4SMnhzwDSqJsm4P8ZDwiIs3mrcVqRdXV4qF1cRoZ92TyMsG_KzgR9nTp8rjai6FzENKgnIxf3_JRCAkaSuZReALCJsODx9vA68jCM2FiCqBvZZj4sKvEAx1viqbfmLoJDemNBHZGQ16aUYc3PhOmXaqxpJCmlU6WH7lsUGUVnVxZLBu6uFISO-lPV1eUOhYrFStnDFmE4yvL64KqG5JvtjoH7Fkas0-NjJ6XSfDXVk&storeId=3081&couponState=na&bkt=ace1_default%7Cace2_default%7Cace3_default%7Ccoldstart_off%7Csearch_default&classType=REGULAR&athbdg=L1102,$429.00,4.6,137
speakers,"ASUS ROG Strix G17 (2023) 17.3 QHD 240Hz Gaming Laptop, AMD Ryzen 9-7845HX, NVIDIA GeForce RTX 4060, 16GB DDR5 RAM, 1TB SSD, Windows 11, G713PV-WS94",https://www.walmart.com/ip/ASUS-ROG-Strix-G17-17-3-inch-WQHD-240Hz-Gaming-Laptop-AMD-Ryzen-9-7845HX-NVIDIA-GeForce-RTX-4060-16GB-DDR5-1TB-SSD-Eclipse-Gray-2023/2103957626?classType=REGULAR&from=/search,"$1,389.99",4.5,299
speakers,"KUU 15.6in 1080p FHD Laptop, Intel Celeron, 16GB RAM 512GB SSD, Windows 11 Pro",https://www.walmart.com/ip/15-6-KUU-Laptop-Intel-Celeron-N5095-16GB-RAM-512GB-SSD-Win-11-Pro-Backlit-Keyboard-Wifi-Bluetooth/1057434650?classType=REGULAR&from=/search,$295.00,3.2,354
speakers,"HP Stream 14 Laptop, Intel Celeron N4000, 4GB SDRAM, 32GB eMMC, Office 365 1-yr, Brilliant Black",https://www.walmart.com/ip/HP-Stream-14-Laptop-Intel-Celeron-N4000-4GB-SDRAM-32GB-eMMC-Office-365-1-yr-Brilliant-Black/470907822?classType=VARIANT&from=/search,$236.00,3.6,697
speakers,HP Pavilion 16 inch Laptop AMD Ryzen 7-8840U AI PC 8GB RAM 512GB SSD Meteor Silver,https://www.walmart.com/ip/HP-Pavilion-16-inch-Laptop-AMD-Ryzen-7-8840U-8GB-RAM-512GB-SSD-Meteor-Silver/5144705567?classType=REGULAR&from=/search,$649.00,4.2,22
speakers,"Acer Nitro V - 15.6"" - Intel Core i9-13900H - GeForce RTX 4060 Laptop GPU - 16 GB DDR5 - 512 GB PCIe SSD - Windows 11 Home 64-bit - Gaming Laptop (ANV15-51-98N0 )",https://www.walmart.com/ip/Acer-Nitro-V-15-6-144-Hz-IPS-Intel-Core-i9-13900H-GeForce-RTX-4060-Laptop-GPU-16-GB-DDR5-512-PCIe-SSD-Windows-11-Home-64-bit-Gaming-ANV15-51-98N0/5609511391?classType=REGULAR&from=/search,$999.99,5.0,3
speakers,"HP Chromebook X360 14"" HD Touchscreen 2-in-1 Laptop, Intel Celeron N4020, 4GB RAM, 64GB eMMC, Teal, 14a-ca0130wm",https://www.walmart.com/ip/HP-Chromebook-X360-14-HD-Touchscreen-2-in-1-Laptop-Intel-Celeron-N4020-4GB-RAM-64GB-eMMC-Teal-14a-ca0130wm/518977383?classType=REGULAR&from=/search,$289.00,4.4,1305
speakers,Acer Chromebook 315 15.6 inch Laptop Intel Processor N4500 4GB RAM 64GB eMMC Pure Silver,https://www.walmart.com/sp/track?bt=1&eventST=click&plmt=sp-search-middle~desktop~&pos=1&tax=1085632_1071204_5186082_4126170_5681475&rdf=1&rd=https%3A%2F%2Fwww.walmart.com%2Fip%2FAcer-Chromebook-315-15-6-inch-Laptop-Intel-Processor-N4500-4GB-RAM-64GB-eMMC-Pure-Silver%2F3193557250%3FclassType%3DVARIANT%26athbdg%3DL1102%26adsRedirect%3Dtrue&adUid=a87cb29e-dbe9-4ce9-8b45-5d7b999f903a&mloc=sp-search-middle&pltfm=desktop&pgId=laptop&pt=search&spQs=KhmMUJ7LZFwOTYtKUcpHBA8hEP3gwCceFo0b2cpQOyFZsq6946ZpvNiNyz4U3SdUThZWz9XmmmrKUEPO10_ARi-z7eOyaUkcLYdyL7-9DlqFgoUJ6stmxoYwbaCyT_OAYZ4KtiBPCx4yjAN4mn2ColaGogX-ZZD7p-QTyylw69_lXrZrCTDvYjvjRlczJPLEzaYMyT9EyjIpGo_ZSgWaWhY0FNE2CneeVJIISH22b2rfFA-PE1RJSg3wUgXXZ_EmZOVKVN7iZqSiPWzY2i5thOqeUkuzemiGjAkJEVPvpWU&storeId=3081&couponState=na&bkt=ace1_default%7Cace2_default%7Cace3_default%7Ccoldstart_on%7Csearch_default&classType=VARIANT&athbdg=L1102,$139.00,4.4,3857
speakers,ASUS Chromebook Plus CX34 14 inch Touch Laptop with Google AI Intel Core i3-1215U 8GB RAM 128GB UFS Gray,https://www.walmart.com/sp/track?bt=1&eventST=click&plmt=sp-search-middle~desktop~&pos=2&tax=1085632_1071204_5186082_4126170_5681475&rdf=1&rd=https%3A%2F%2Fwww.walmart.com%2Fip%2FASUS-Chromebook-Plus-CX34-14-inch-Touch-Laptop-with-Google-AI-Intel-Core-i3-1215U-8GB-RAM-128GB-UFS-Gray%2F5098188355%3FclassType%3DREGULAR%26adsRedirect%3Dtrue&adUid=a87cb29e-dbe9-4ce9-8b45-5d7b999f903a&mloc=sp-search-middle&pltfm=desktop&pgId=laptop&pt=search&spQs=HU2G_1p-1zcDHRrB49pHGYH-P_qh9iiJU4nteXE1_y1gJa0A2XyT8t3wKZ8luJ_BTAeFFA8hiGymLi7TwdciDA6KP0PW1wWeZiXgLJB_mSrg2e4WO02Ii9J-wEDrON_S6rxkBuvclEdyvdmax0wrfW0LIA3kTLmAkpPMjMfSvgnRrz9Mxz1Hw7nUq4SyxoFLfonZ6ccMlO0nfiQHy97_ApRwUdSU9qPYECfxDgfwp5gBqVE9gNL48ee4bsVY9WeZkWp_6oFq82PTlPU2rak16G7PsNtvbRQ5MfQ0hp5k7Gs&storeId=3081&couponState=na&bkt=ace1_default%7Cace2_default%7Cace3_default%7Ccoldstart_on%7Csearch_default&classType=REGULAR,$329.00,4.5,71
speakers,HP Chromebook x360 14 inch FHD IPS Touch 2-in-1 Laptop Intel Processor N100 4GB RAM 64GB eMMC Sky Blue,https://www.walmart.com/sp/track?bt=1&eventST=click&plmt=sp-search-middle~desktop~&pos=3&tax=1085632_1071204_5186082_4126170_5681475&rdf=1&rd=https%3A%2F%2Fwww.walmart.com%2Fip%2FHP-Chromebook-X360-14-inch-FHD-IPS-Touch-2-in-1-Laptop-Intel-Processor-N100-4GB-RAM-64GB-eMMC-Sky-Blue%2F5123764557%3FclassType%3DREGULAR%26athbdg%3DL1102%26adsRedirect%3Dtrue&adUid=a87cb29e-dbe9-4ce9-8b45-5d7b999f903a&mloc=sp-search-middle&pltfm=desktop&pgId=laptop&pt=search&spQs=9J0Na0lqq3LXzC4SMNSY7CzcW1Ey4xZNTLTEW8CTin6KrEFkQxOlrB6nXmpL3WwDKwhC0PwHUjpNG2TR1E_iUi-z7eOyaUkcLYdyL7-9DloQXFv1Lbsd3MMcG7V7_G4a3Qj_a6g5U4WnCQRPqL1wPLCTwzQ21r4umYfVPIq7otY3Plo8uiLQATrl-NYKsj5Zyns0CyoRJPkJNdPQeNwysjdlExP4MQThgq7cAs-u7-3bvxMmAAh3bi-1De1rHI-A&storeId=3081&couponState=na&bkt=ace1_default%7Cace2_default%7Cace3_default%7Ccoldstart_on%7Csearch_default&classType=REGULAR&athbdg=L1102,$199.00,4.5,539
speakers,Lenovo IdeaPad Slim 3 15.6 inch FHD Touch Windows Laptop AMD Ryzen 7-7730U 16GB RAM 512GB SSD Abyss Blue,https://www.walmart.com/sp/track?bt=1&eventST=click&plmt=sp-search-middle~desktop~&pos=4&tax=1085632_1071204_5186082_4126170_5681475&rdf=1&rd=https%3A%2F%2Fwww.walmart.com%2Fip%2FLenovo-Ideapad-Slim-3-15-6-inch-FHD-IPS-Touch-Laptop-AMD-Ryzen-7-7730U-16GB-RAM-512GB-SSD-Abyss-Blue%2F5098188190%3FclassType%3DREGULAR%26athbdg%3DL1102%26adsRedirect%3Dtrue&adUid=a87cb29e-dbe9-4ce9-8b45-5d7b999f903a&mloc=sp-search-middle&pltfm=desktop&pgId=laptop&pt=search&spQs=XkWjrDz8ODLO495J71dgaR8NUYi4zqxwDfuj33WgKWhggWzDgIMdhkkiVDcYbWvXh4SMnhzwDSqJsm4P8ZDwiA6KP0PW1wWeZiXgLJB_mSpZxTCo8z5SevUm4mJQr8B1zENKgnIxf3_JRCAkaSuZRQEhNOivEskjU_pbBzsHM1MVK3wh0oMD-mHd4nFqavccJDemNBHZGQ16aUYc3PhOmXaqxpJCmlU6WH7lsUGUVnVxZLBu6uFISO-lPV1eUOhYrFStnDFmE4yvL64KqG5JvtjoH7Fkas0-NjJ6XSfDXVk&storeId=3081&couponState=na&bkt=ace1_default%7Cace2_default%7Cace3_default%7Ccoldstart_on%7Csearch_default&classType=REGULAR&athbdg=L1102,$429.00,4.6,137
speakers,"HP 15.6"" FHD Notebook Intel Core i5-1235U 8GB RAM 512GB SSD Natural Silver 15-fd0999nr - Intel Core i5-1235U Deca-core - 15.6"" FHD (1920x1080) Anti-glare Display - 8GB DDR4 Memory - 512GB SSD Stora...",https://www.walmart.com/ip/HP-15-6-FHD-Notebook-Intel-Core-i5-1235U-8GB-RAM-512GB-SSD-Natural-Silver-15-fd0999nr/5499636733?classType=REGULAR&athbdg=L1600&from=/search,$349.99,4.4,30
speakers,HP Windows Desktop Intel Core i5-13400 12GB RAM 512GB SSD Dark Black,https://www.walmart.com/ip/HP-Desktop-Intel-Core-i5-13400-12GB-RAM-512GB-SSD-Dark-Black/5096127127?classType=REGULAR&athbdg=L1300&from=/search,$539.00,4.5,92
speakers,"MSI Cyborg Gaming Laptop - 15.6"" IPS FHD -13th Gen Intel Core i7-13620H - GeForce RTX 4050 - 144HZ 1080p - 16GB RAM - 512GB SSD - A13VE-218US Notebook PC",https://www.walmart.com/ip/MSI-CYBORG1513218-Cyborg-15-A13ve-218us/5037134698?classType=REGULAR&from=/search,$799.00,4.3,14
speakers,"Restored Apple MacBook Air 13.3"" Laptop (2017) MQD32LL/A Intel Core i5 - 8GB Memory, 128GB SSD - Silver (Refurbished)",https://www.walmart.com/ip/Restored-Apple-MacBook-Air-13-3-Laptop-2017-MQD32LL-A-Intel-Core-i5-8GB-Memory-128GB-SSD-Silver-Refurbished/275341764?classType=REGULAR&athbdg=L1600&from=/search,$176.37,3.8,93
speakers,"Restored Apple 13.3"" MacBook Air (Intel Core i5, Silver, 8GB RAM, 128GB SSD, Mid 2017) (Refurbished)",https://www.walmart.com/ip/Restored-Apple-13-3-MacBook-Air-Intel-Core-i5-Silver-8GB-RAM-128GB-SSD-Mid-2017-Refurbished/446815488?classType=VARIANT&athbdg=L1600&from=/search,$164.99,3.5,61
speakers,"Lenovo LOQ 15.6 FHD 144Hz Gaming Laptop, Intel Core i5-13420H, NVIDIA GeForce GTX 3050 6GB, 16GB RAM, 512GB SSD, Storm Grey, Windows 11, 82XV0094US",https://www.walmart.com/ip/Lenovo-LOQ-15-6-FHD-144Hz-Gaming-Laptop-Intel-Core-i5-13420H-NVIDIA-GeForce-GTX-3050-6GB-16GB-RAM-512GB-SSD-Storm-Grey-Windows-11-82XV0094US/3685906294?classType=REGULAR&from=/search,$848.80,4.7,22
speakers,Acer Chromebook 315 15.6 inch Laptop Intel Processor N4500 4GB RAM 64GB eMMC Pure Silver,https://www.walmart.com/sp/track?bt=1&eventST=click&plmt=sp-search-middle~desktop~&pos=1&tax=1085632_1071204_5186082_4126170_5681475&rdf=1&rd=https%3A%2F%2Fwww.walmart.com%2Fip%2FAcer-Chromebook-315-15-6-inch-Laptop-Intel-Processor-N4500-4GB-RAM-64GB-eMMC-Pure-Silver%2F3193557250%3FclassType%3DVARIANT%26athbdg%3DL1102%26adsRedirect%3Dtrue&adUid=de1def70-6fe5-4f4a-b504-9140f9b92cc0&mloc=sp-search-middle&pltfm=desktop&pgId=laptop&pt=search&spQs=KhmMUJ7LZFwOTYtKUcpHBA8hEP3gwCceFo0b2cpQOyFZsq6946ZpvNiNyz4U3SdUThZWz9XmmmrKUEPO10_ARp9IwlAyhV8m0FJIrKCyYxK3YNB7FYh0OGCShaDkZj-6YZ4KtiBPCx4yjAN4mn2CoilMPEF0IyepRaLMuO4xQja7xFPR22hZjxn57aCBWK49zaYMyT9EyjIpGo_ZSgWaWhY0FNE2CneeVJIISH22b2rfFA-PE1RJSg3wUgXXZ_EmZOVKVN7iZqSiPWzY2i5thOqeUkuzemiGjAkJEVPvpWU&storeId=3081&couponState=na&bkt=ace1_default%7Cace2_default%7Cace3_default%7Ccoldstart_off%7Csearch_default&classType=VARIANT&athbdg=L1102,$139.00,4.4,3857
speakers,ASUS Chromebook Plus CX34 14 inch Touch Laptop with Google AI Intel Core i3-1215U 8GB RAM 128GB UFS Gray,https://www.walmart.com/sp/track?bt=1&eventST=click&plmt=sp-search-middle~desktop~&pos=2&tax=1085632_1071204_5186082_4126170_5681475&rdf=1&rd=https%3A%2F%2Fwww.walmart.com%2Fip%2FASUS-Chromebook-Plus-CX34-14-inch-Touch-Laptop-with-Google-AI-Intel-Core-i3-1215U-8GB-RAM-128GB-UFS-Gray%2F5098188355%3FclassType%3DREGULAR%26adsRedirect%3Dtrue&adUid=de1def70-6fe5-4f4a-b504-9140f9b92cc0&mloc=sp-search-middle&pltfm=desktop&pgId=laptop&pt=search&spQs=HU2G_1p-1zcDHRrB49pHGYH-P_qh9iiJU4nteXE1_y1gJa0A2XyT8t3wKZ8luJ_B7uPicxu2erTavyhHXQi8Dp9IwlAyhV8m0FJIrKCyYxIbAA4w_hiDLhwi8FU2GycVZnD6gH7mA2pA797Gqaq37QWhaxqBNAQc9PUfjAiZrHXDRS-s_LeAcDFCw3Uahud6ii_Q6N2maG-DC9bVm5sL6Am4ujES3nBcldtxJkDTKRF6OnwqYSrVQCZBFN8Q7XIrVou3_w1O7zcNkYR_bljlY5J3mITg_xivqsJYeFpsNJI&storeId=3081&couponState=na&bkt=ace1_default%7Cace2_default%7Cace3_default%7Ccoldstart_off%7Csearch_default&classType=REGULAR,$329.00,4.5,71
speakers,HP Chromebook x360 14 inch FHD IPS Touch 2-in-1 Laptop Intel Processor N100 4GB RAM 64GB eMMC Sky Blue,https://www.walmart.com/sp/track?bt=1&eventST=click&plmt=sp-search-middle~desktop~&pos=3&tax=1085632_1071204_5186082_4126170_5681475&rdf=1&rd=https%3A%2F%2Fwww.walmart.com%2Fip%2FHP-Chromebook-X360-14-inch-FHD-IPS-Touch-2-in-1-Laptop-Intel-Processor-N100-4GB-RAM-64GB-eMMC-Sky-Blue%2F5123764557%3FclassType%3DREGULAR%26athbdg%3DL1102%26adsRedirect%3Dtrue&adUid=de1def70-6fe5-4f4a-b504-9140f9b92cc0&mloc=sp-search-middle&pltfm=desktop&pgId=laptop&pt=search&spQs=9J0Na0lqq3LXzC4SMNSY7CzcW1Ey4xZNTLTEW8CTin6KrEFkQxOlrB6nXmpL3WwDKwhC0PwHUjpNG2TR1E_iUp9IwlAyhV8m0FJIrKCyYxINgSGQh6-v_MJyBaOCn4ON3Qj_a6g5U4WnCQRPqL1wPPqIbhI68VYXLN0wZTT6nfRW2DtX5hSIWHfb_vojV4gJejp8KmEq1UAmQRTfEO1yK1aLt_8NTu83DZGEf25Y5WOSd5iE4P8Yr6rCWHhabDSS&storeId=3081&couponState=na&bkt=ace1_default%7Cace2_default%7Cace3_default%7Ccoldstart_off%7Csearch_default&classType=REGULAR&athbdg=L1102,$199.00,4.5,539
speakers,Lenovo IdeaPad Slim 3 15.6 inch FHD Touch Windows Laptop AMD Ryzen 7-7730U 16GB RAM 512GB SSD Abyss Blue,https://www.walmart.com/sp/track?bt=1&eventST=click&plmt=sp-search-middle~desktop~&pos=4&tax=1085632_1071204_5186082_4126170_5681475&rdf=1&rd=https%3A%2F%2Fwww.walmart.com%2Fip%2FLenovo-Ideapad-Slim-3-15-6-inch-FHD-IPS-Touch-Laptop-AMD-Ryzen-7-7730U-16GB-RAM-512GB-SSD-Abyss-Blue%2F5098188190%3FclassType%3DREGULAR%26athbdg%3DL1102%26adsRedirect%3Dtrue&adUid=de1def70-6fe5-4f4a-b504-9140f9b92cc0&mloc=sp-search-middle&pltfm=desktop&pgId=laptop&pt=search&spQs=XkWjrDz8ODLO495J71dgaR8NUYi4zqxwDfuj33WgKWhggWzDgIMdhkkiVDcYbWvXh4SMnhzwDSqJsm4P8ZDwiKuucu2a4mofrr4MR_qyXOh1UI8ueM_1KM9zt0FqeNZOzENKgnIxf3_JRCAkaSuZRaeXVSLcNwcz81R6YllDlLtqW56K-O8A7XGcixAl9ZeVDTbdwd81pTPK68HxnvwxjBPvuRp2wemmOfD_auk3Y1KXlpXC5SMKiFDMmgD104a2OYiE3NKa97Br6PAAE_hswsNTl62ubbhc8wQo7uHqEp0&storeId=3081&couponState=na&bkt=ace1_default%7Cace2_default%7Cace3_default%7Ccoldstart_off%7Csearch_default&classType=REGULAR&athbdg=L1102,$429.00,4.6,137
speakers,"HP 14"" FHD Pavilion x360 Laptop, Intel Core i5-1235U, 8GB, 256GB, Silver, Windows 11, 14-dy2050wm",https://www.walmart.com/ip/HP-14-FHD-Pavilion-x360-Laptop-Intel-Core-i5-1235U-8GB-256GB-Silver-Windows-11-14-dy2050wm/753966076?classType=REGULAR&from=/search,$478.90,4.2,267
speakers,"ASUS Vivobook 15.6” FHD Touch PC Laptop, Intel Core i5-1135G7, 8GB, 512GB, Win 11 Home, F515EA-WH52",https://www.walmart.com/ip/ASUS-Vivobook-15-6-FHD-Touch-PC-Laptop-Intel-Core-i5-1135G7-8GB-512GB-Win-11-Home-F515EA-WH52/2340855991?classType=VARIANT&from=/search,$369.00,4.5,343
speakers,"Lenovo IdeaPad Flex 5i 14"" FHD 2-in-1 Touchscreen Laptop, Intel Core i3-1115G4, 4GB RAM, 128GB SSD, Graphite Gray, Windows 11 in S Mode, 82HS00R9US",https://www.walmart.com/ip/Lenovo-Flex-5i-14-0-FHD-Touch-Core-i3-1115G4-4GB-128GB-Graphite-Grey-Windows-11-S-82HS00R9US/866819117?classType=VARIANT&from=/search,$309.00,3.7,276
speakers,"ASUS Vivobook 15 laptop, 15.6” Touch, Intel Core i7-1255U, 16GB RAM, 512GB SSD, Quiet Blue, Windows 11 Home",https://www.walmart.com/ip/ASUS-Vivobook-15-laptop-15-6-Touch-Intel-Core-i7-1255U-16GB-RAM-512GB-SSD-Quiet-Blue-Windows-11-Home/2471038977?classType=VARIANT&from=/search,$569.98,4.6,590
speakers,"HP 15.6"" Pentium 4GB/128GB Laptop-Scarlet Red",https://www.walmart.com/ip/HP-15-dw0083wm-15-6-HD-Pentium-Silver-N5000-1-1GHz-Intel-UHD-Graphics-605-4GB-RAM-128GB-SSD-Windows-10-Scarlet-red/363405465?classType=VARIANT&from=/search,$275.00,3.8,4321
speakers,"HP 15.6"" HD Business Laptop Touchscreen, Intel Core i3-1215U, 16GB RAM, 1TB SSD, Intel UHD Graphics, Wi-Fi, Bluetooth, Webcam, Media Card Reader, Numeric Keypad, Windows 11 Home, Cefesfy LaptopStand",https://www.walmart.com/ip/HP-15-6-HD-Business-Laptop-Touchscreen-Intel-Core-i3-1215U-16GB-RAM-1TB-SSD-UHD-Graphics-Wi-Fi-Bluetooth-Webcam-Media-Card-Reader-Numeric-Keypad-Wind/5310462760?classType=VARIANT&from=/search,$495.90,4.7,104
keyboard,Acer Chromebook 315 15.6 inch Laptop Intel Processor N4500 4GB RAM 64GB eMMC Pure Silver,https://www.walmart.com/sp/track?bt=1&eventST=click&plmt=sp-search-middle~desktop~&pos=1&tax=1085632_1071204_5186082_4126170_5681475&rdf=1&rd=https%3A%2F%2Fwww.walmart.com%2Fip%2FAcer-Chromebook-315-15-6-inch-Laptop-Intel-Processor-N4500-4GB-RAM-64GB-eMMC-Pure-Silver%2F3193557250%3FclassType%3DVARIANT%26athbdg%3DL1102%26adsRedirect%3Dtrue&adUid=db1dfad1-e56c-4215-84ff-3ad314ece2eb&mloc=sp-search-middle&pltfm=desktop&pgId=laptop&pt=search&spQs=KhmMUJ7LZFwOTYtKUcpHBA8hEP3gwCceFo0b2cpQOyFZsq6946ZpvNiNyz4U3SdUThZWz9XmmmrKUEPO10_ARtogJldAMqiTYxMQOfs74H-3YNB7FYh0OGCShaDkZj-6YZ4KtiBPCx4yjAN4mn2CoilMPEF0IyepRaLMuO4xQja7xFPR22hZjxn57aCBWK49zaYMyT9EyjIpGo_ZSgWaWhY0FNE2CneeVJIISH22b2rfFA-PE1RJSg3wUgXXZ_EmZOVKVN7iZqSiPWzY2i5thOqeUkuzemiGjAkJEVPvpWU&storeId=3081&couponState=na&bkt=ace1_default%7Cace2_default%7Cace3_default%7Ccoldstart_on%7Csearch_default&classType=VARIANT&athbdg=L1102,$139.00,4.4,3857
keyboard,ASUS Chromebook Plus CX34 14 inch Touch Laptop with Google AI Intel Core i3-1215U 8GB RAM 128GB UFS Gray,https://www.walmart.com/sp/track?bt=1&eventST=click&plmt=sp-search-middle~desktop~&pos=2&tax=1085632_1071204_5186082_4126170_5681475&rdf=1&rd=https%3A%2F%2Fwww.walmart.com%2Fip%2FASUS-Chromebook-Plus-CX34-14-inch-Touch-Laptop-with-Google-AI-Intel-Core-i3-1215U-8GB-RAM-128GB-UFS-Gray%2F5098188355%3FclassType%3DREGULAR%26adsRedirect%3Dtrue&adUid=db1dfad1-e56c-4215-84ff-3ad314ece2eb&mloc=sp-search-middle&pltfm=desktop&pgId=laptop&pt=search&spQs=HU2G_1p-1zcDHRrB49pHGYH-P_qh9iiJU4nteXE1_y1gJa0A2XyT8t3wKZ8luJ_Bwu6X08QsJfDTyXxAIOuxAdogJldAMqiTYxMQOfs74H8bAA4w_hiDLhwi8FU2GycVjeMDXFpkSubCdSn9ucJNQAWhaxqBNAQc9PUfjAiZrHXDRS-s_LeAcDFCw3Uahud6ii_Q6N2maG-DC9bVm5sL6Am4ujES3nBcldtxJkDTKRF6OnwqYSrVQCZBFN8Q7XIrVou3_w1O7zcNkYR_bljlY5J3mITg_xivqsJYeFpsNJI&storeId=3081&couponState=na&bkt=ace1_default%7Cace2_default%7Cace3_default%7Ccoldstart_on%7Csearch_default&classType=REGULAR,$329.00,4.5,71
keyboard,HP Chromebook x360 14 inch FHD IPS Touch 2-in-1 Laptop Intel Processor N100 4GB RAM 64GB eMMC Sky Blue,https://www.walmart.com/sp/track?bt=1&eventST=click&plmt=sp-search-middle~desktop~&pos=3&tax=1085632_1071204_5186082_4126170_5681475&rdf=1&rd=https%3A%2F%2Fwww.walmart.com%2Fip%2FHP-Chromebook-X360-14-inch-FHD-IPS-Touch-2-in-1-Laptop-Intel-Processor-N100-4GB-RAM-64GB-eMMC-Sky-Blue%2F5123764557%3FclassType%3DREGULAR%26athbdg%3DL1102%26adsRedirect%3Dtrue&adUid=db1dfad1-e56c-4215-84ff-3ad314ece2eb&mloc=sp-search-middle&pltfm=desktop&pgId=laptop&pt=search&spQs=9J0Na0lqq3LXzC4SMNSY7CzcW1Ey4xZNTLTEW8CTin6KrEFkQxOlrB6nXmpL3WwDKwhC0PwHUjpNG2TR1E_iUtogJldAMqiTYxMQOfs74H8NgSGQh6-v_MJyBaOCn4ON3Qj_a6g5U4WnCQRPqL1wPCemafpbRlqNHg0Jx_ZLpr643zKiT2V-D-Gx6fkO6zjpyns0CyoRJPkJNdPQeNwysjdlExP4MQThgq7cAs-u7-3bvxMmAAh3bi-1De1rHI-A&storeId=3081&couponState=na&bkt=ace1_default%7Cace2_default%7Cace3_default%7Ccoldstart_on%7Csearch_default&classType=REGULAR&athbdg=L1102,$199.00,4.5,539
keyboard,Lenovo IdeaPad Slim 3 15.6 inch FHD Touch Windows Laptop AMD Ryzen 7-7730U 16GB RAM 512GB SSD Abyss Blue,https://www.walmart.com/sp/track?bt=1&eventST=click&plmt=sp-search-middle~desktop~&pos=4&tax=1085632_1071204_5186082_4126170_5681475&rdf=1&rd=https%3A%2F%2Fwww.walmart.com%2Fip%2FLenovo-Ideapad-Slim-3-15-6-inch-FHD-IPS-Touch-Laptop-AMD-Ryzen-7-7730U-16GB-RAM-512GB-SSD-Abyss-Blue%2F5098188190%3FclassType%3DREGULAR%26athbdg%3DL1102%26adsRedirect%3Dtrue&adUid=db1dfad1-e56c-4215-84ff-3ad314ece2eb&mloc=sp-search-middle&pltfm=desktop&pgId=laptop&pt=search&spQs=XkWjrDz8ODLO495J71dgaR8NUYi4zqxwDfuj33WgKWhggWzDgIMdhkkiVDcYbWvXh4SMnhzwDSqJsm4P8ZDwiLEAFYzHIdCsT44F7hWGCot1UI8ueM_1KM9zt0FqeNZOzENKgnIxf3_JRCAkaSuZRaeXVSLcNwcz81R6YllDlLtqW56K-O8A7XGcixAl9ZeVDTbdwd81pTPK68HxnvwxjBPvuRp2wemmOfD_auk3Y1KXlpXC5SMKiFDMmgD104a2OYiE3NKa97Br6PAAE_hswsNTl62ubbhc8wQo7uHqEp0&storeId=3081&couponState=na&bkt=ace1_default%7Cace2_default%7Cace3_default%7Ccoldstart_on%7Csearch_default&classType=REGULAR&athbdg=L1102,$429.00,4.6,137
keyboard,Lenovo IdeaPad 1i 15.6 inch Windows Laptop Intel Core i5-1235U 8GB RAM 256GB SSD Abyss Blue,https://www.walmart.com/ip/Lenovo-IdeaPad-1i-15-6-Intel-Core-i5-1235U-8GB-RAM-256-GB-SSD-Abyss-Blue-Windows-11-in-S-Mode-82QD00GNUS/5698519717?classType=REGULAR&athbdg=L1102&from=/search,$299.00,4.4,59
keyboard,Lenovo IdeaPad Slim 3 15.6 inch FHD Touch Windows Laptop AMD Ryzen 7-7730U 16GB RAM 512GB SSD Abyss Blue,https://www.walmart.com/ip/Lenovo-Ideapad-Slim-3-15-6-inch-FHD-IPS-Touch-Laptop-AMD-Ryzen-7-7730U-16GB-RAM-512GB-SSD-Abyss-Blue/5098188190?classType=REGULAR&athbdg=L1102&from=/search,$429.00,4.6,137
keyboard,HP 15.6 inch Windows Laptop Intel Processor N200 4GB RAM 128GB UFS Scarlet Red (12-mo. Microsoft 365 included),https://www.walmart.com/ip/HP-15-6-inch-Laptop-Intel-Processor-N200-4GB-RAM-128GB-UFS-Scarlet-Red-12-mo-Microsoft-365-included/2706605807?classType=VARIANT&athbdg=L1102&from=/search,$199.00,4.2,4512
keyboard,HP 15.6 inch Windows Laptop Intel Core i3-N305 8GB RAM 256GB SSD Natural Silver,https://www.walmart.com/ip/HP-15-6-inch-Laptop-Intel-Core-i3-N305-8GB-RAM-256GB-SSD-Natural-Silver/5098188131?classType=VARIANT&from=/search,$279.90,4.5,969
keyboard,HP Chromebook 14 inch Laptop Intel Processor N200 4GB RAM 128GB UFS Glacier Silver,https://www.walmart.com/ip/HP-Chromebook-14-inch-Laptop-Intel-Processor-N200-4GB-RAM-128GB-UFS-Glacier-Silver/5098188136?classType=REGULAR&from=/search,$183.94,4.5,641
